obs_id,pred_proba
911395,0.28787547
911396,0.2553325
911397,0.2445289
911398,0.22835082
911403,0.27734816
911404,0.21102351
911405,0.19878395
911406,0.18860655
911407,0.18892898
911408,0.14736722
911409,0.14736722
911410,0.14028831
911411,0.12825254
911412,0.12383306
911413,0.12306618
911414,0.1086428
911415,0.07753539
911416,0.105524905
911417,0.10618203
911419,0.07578472
911420,0.101436906
911421,0.105918296
911422,0.08859416
911423,0.0808298
911424,0.04921506
911425,0.10490317
911426,0.0569577
911427,0.08426647
911430,0.16049999
911431,0.12851849
911432,0.12398704
911433,0.11429912
911434,0.14284465
911435,0.07767609
911436,0.15506577
911437,0.09422877
911438,0.11899194
911439,0.09996906
911440,0.072036274
911441,0.074348964
911442,0.06513395
911443,0.068067215
911444,0.063697375
911445,0.101791665
911446,0.065745726
911447,0.048301514
911452,0.059286863
911453,0.06017244
911454,0.09429673
911455,0.058671743
911456,0.07179883
911457,0.05950336
911476,0.068085365
911477,0.070686415
911478,0.059243992
911479,0.092680156
911480,0.08448515
911494,0.06343959
911495,0.08567091
911496,0.055248845
911497,0.054732107
911498,0.052352685
911499,0.043925036
911502,0.050436545
911503,0.054025397
911504,0.04269097
911505,0.04843374
911506,0.043776132
911512,0.05471865
911513,0.04157157
911514,0.07920243
911515,0.04680798
911516,0.06813095
911517,0.039727736
911525,0.040069718
911526,0.06613098
911527,0.039727736
911538,0.090872884
911539,0.073993266
911540,0.073993266
911541,0.073517
911542,0.073517
911543,0.070878945
911544,0.070878945
911555,0.08195167
911690,0.20290011
911691,0.17233437
911692,0.16153982
911693,0.09359049
911791,0.2248611
911792,0.18116432
911793,0.1713443
911794,0.15331517
911803,0.15968795
911804,0.1443343
911805,0.13369906
911806,0.12603234
911807,0.10870012
911808,0.102278456
912344,0.23508802
912345,0.19761501
912346,0.18932721
912347,0.17524353
912348,0.16753943
912352,0.20436196
912353,0.14888845
912354,0.1366078
912355,0.11954081
912356,0.1163044
912357,0.11485844
912358,0.107580364
912359,0.0953324
912362,0.1123834
912363,0.092983685
912364,0.092983685
912365,0.092983685
912366,0.079656094
912367,0.078555785
912368,0.078555785
912369,0.078354664
912370,0.078354664
912375,0.08518347
912376,0.07311074
912377,0.07311074
912378,0.072159104
912379,0.0665058
912380,0.0665058
912384,0.06338212
912465,0.011171382
912466,0.16246103
912467,0.12773411
912468,0.12322642
912471,0.14858945
912472,0.11125554
912473,0.10692362
912474,0.10175163
912477,0.12171599
912478,0.07579289
912479,0.073966414
912480,0.073966414
912481,0.11307503
912482,0.084263444
912483,0.08317724
912484,0.08433815
912485,0.06254957
912486,0.06254957
912487,0.0548348
912488,0.0548348
912489,0.08680181
912490,0.07395785
912491,0.07395785
912492,0.07110788
912493,0.070020236
912494,0.07579818
912566,0.16137859
912567,0.13411878
912568,0.12780187
912569,0.11425519
912570,0.105874255
912571,0.10297035
912572,0.0832765
912573,0.08066876
912582,0.062998444
912583,0.068247154
912584,0.067913264
912752,0.1875757
912756,0.24317107
912757,0.18534915
912758,0.17149878
912759,0.16304854
912760,0.15587501
912761,0.1445452
912762,0.17141972
912763,0.12156148
912764,0.11827777
912765,0.117056906
912766,0.10903569
912767,0.09663995
912768,0.094744794
912769,0.09426237
912770,0.1052113
912771,0.09051167
912772,0.07468103
912773,0.07205709
912774,0.071067
912775,0.070883565
912776,0.070883565
912778,0.06734658
912817,0.25673482
912818,0.12291453
912819,0.20676263
912820,0.18779187
912821,0.18260284
912822,0.17502311
912830,0.15697944
912831,0.12910202
912924,0.020165665
913151,0.31549776
913153,0.30973774
913154,0.26022255
913155,0.24347427
913156,0.23506708
913157,0.22458221
913162,0.23068012
913163,0.19996881
913164,0.16131508
913165,0.1577795
913166,0.1577795
913167,0.14844169
913168,0.12695403
913169,0.12645127
913170,0.120804496
913311,0.3325486
913312,0.27580425
913313,0.2650843
913314,0.24805902
913315,0.29365122
913316,0.21829498
913317,0.20513222
913318,0.19585285
913319,0.16366121
913320,0.1670083
913321,0.15767248
913322,0.15741295
913323,0.1400195
913324,0.13033998
913325,0.17839387
913326,0.14907905
913327,0.14907905
913328,0.12695801
913329,0.122947186
913330,0.122947186
913331,0.109006815
913332,0.109006815
913333,0.10141235
913334,0.11214198
913397,0.2446421
913398,0.19033976
913399,0.18245232
913400,0.16877356
913401,0.2549902
913402,0.15335213
913408,0.1736963
913409,0.13524717
913410,0.119504966
913411,0.11626947
913412,0.115668766
913413,0.10747283
913414,0.09523578
913422,0.10254312
913423,0.08850541
913424,0.087967634
913425,0.087967634
913426,0.07256434
913427,0.06967285
913428,0.068713084
913429,0.068713084
913520,0.22557434
913521,0.18917753
913532,0.3104071
913533,0.24082132
913534,0.21652594
913535,0.20680949
913536,0.1555374
913537,0.1480835
913538,0.1257669
913539,0.11614388
913540,0.115283266
913541,0.10970867
913542,0.097778164
913543,0.10149218
913544,0.10006633
913553,0.14886808
913554,0.13624951
913555,0.11172314
913556,0.10794953
913564,0.09818616
913565,0.08185585
913822,0.018730676
913823,0.21354692
913824,0.1728119
913825,0.16550232
913826,0.15174635
913827,0.14434089
913828,0.13989902
913829,0.12363598
913830,0.11659925
913831,0.10276962
913832,0.099935725
913833,0.099181764
913834,0.0910129
913835,0.081875704
913843,0.06507126
913863,0.016176563
914051,0.18865454
914052,0.16456674
914053,0.1578576
914054,0.14527647
914055,0.13813533
914056,0.13172473
914057,0.12253447
914063,0.11361586
914064,0.101354375
914065,0.098344564
914066,0.097601295
914067,0.08942146
914068,0.08127097
914069,0.024496786
914242,0.021305759
914315,0.0727743
914316,0.061352078
914359,0.022818834
914530,0.20493753
914531,0.1667554
914534,0.28064677
914535,0.22741017
914536,0.21040297
914537,0.22128077
914538,0.17800064
914539,0.19032612
914540,0.16011223
914541,0.16369857
914542,0.15576519
914543,0.14654584
914544,0.12939271
914551,0.09843172
914552,0.105013564
914860,0.23814565
914861,0.197081
914862,0.18844402
914863,0.17132436
914864,0.16288103
914865,0.15571351
914866,0.14438124
914885,0.18058023
914886,0.121176906
914887,0.1187823
914888,0.11790482
914889,0.10983273
914890,0.09735628
914891,0.09544856
914892,0.09496292
914915,0.11253537
914916,0.09063667
914917,0.077616714
914918,0.07654224
914919,0.07654224
914920,0.07634584
914921,0.07634584
914922,0.07386948
914923,0.0727429
914937,0.08337073
914938,0.07236888
914939,0.070085965
914940,0.070085965
914941,0.068407394
914942,0.06768296
914943,0.067527086
914944,0.067527086
914945,0.067439966
914946,0.066787876
914947,0.066787876
914948,0.066787876
914959,0.07035038
914988,0.14870833
915002,0.12798825
915003,0.12760244
915068,0.19911048
915069,0.10225318
915076,0.11345082
915080,0.10086201
915129,0.38500717
915151,0.40255803
915171,0.37109816
915172,0.22621144
915173,0.2613214
915174,0.24329096
915175,0.18595575
915176,0.20404889
915177,0.18412429
915178,0.16571346
915179,0.13332446
915180,0.121947266
915181,0.108261965
915182,0.10029089
915183,0.07996484
915198,0.18798916
915199,0.12508035
915200,0.068582565
915201,0.114611395
915202,0.10093027
915216,0.098057725
915217,0.07794076
915230,0.09616362
915231,0.07610344
915232,0.07610344
915233,0.07596761
915234,0.07563392
915235,0.07563392
915236,0.07563392
915237,0.07563392
915248,0.085187465
915249,0.06895784
915250,0.06895784
915251,0.06895784
915252,0.06895784
915253,0.06848704
915254,0.067777984
915255,0.06774189
915272,0.0786439
915273,0.06531187
915274,0.06489428
915275,0.064707085
915276,0.062911116
915277,0.062911116
915278,0.062911116
915279,0.062911116
915286,0.06462293
915706,0.16399518
915716,0.1358876
915717,0.12902147
915718,0.1198093
915772,0.19544676
915773,0.16175565
915774,0.15516569
915789,0.18803278
915790,0.1333751
915817,0.17983721
915834,0.26984066
915848,0.25892207
915849,0.1270138
915850,0.12367237
915851,0.12276371
915852,0.1162187
915853,0.10366266
915854,0.10252669
915855,0.102009095
915856,0.102009095
915857,0.102009095
915858,0.08740506
915859,0.086207755
915860,0.086207755
915861,0.08598886
915862,0.08598886
915863,0.08299854
915864,0.08174502
915865,0.11312874
915866,0.11087056
915867,0.10786723
915868,0.07905072
915873,0.08860227
915874,0.0769234
915875,0.07824466
915876,0.07824466
915885,0.0884592
915886,0.07824466
915897,0.0884592
916054,0.19284701
916068,0.13699795
916069,0.11256976
916070,0.10260916
916071,0.09682818
916081,0.10167321
916082,0.08629356
916083,0.08118517
916084,0.12485197
916085,0.06834534
916086,0.0863362
916087,0.05913388
916088,0.06436428
916092,0.13611887
916093,0.11229169
916094,0.107334614
916095,0.10490572
916096,0.099100955
916097,0.0944152
916098,0.08978724
916099,0.07509668
916299,0.3765682
916305,0.24119972
916306,0.17497973
916307,0.16422807
916308,0.15606861
916309,0.14914742
916310,0.1388879
916311,0.2718005
916312,0.11668111
916316,0.20601092
916317,0.113144144
916318,0.15915217
916319,0.14233711
916324,0.16955997
916325,0.14016317
916326,0.14016317
916327,0.14016317
916328,0.11915594
916335,0.13061495
916336,0.11151718
916337,0.11124183
916338,0.12397544
916339,0.10747658
916340,0.105896056
916341,0.105896056
916342,0.11524756
916343,0.09981806
916344,0.09981806
916345,0.08843792
916409,0.024422396
916542,0.21353513
916543,0.16061835
916544,0.15252343
916545,0.13783108
916546,0.17385916
916547,0.12623812
916548,0.117141254
916549,0.11246761
916550,0.099073134
916551,0.09612382
916552,0.095395565
916553,0.08849576
916554,0.10631874
916555,0.081788
916556,0.079013996
916557,0.079013996
916558,0.079013996
916559,0.06776866
916560,0.06682064
916561,0.06682064
916562,0.0837736
916563,0.06656332
916564,0.06447896
916565,0.063835725
916566,0.063835725
916567,0.063720286
916568,0.063436694
916569,0.122248076
916570,0.077842034
916571,0.063436694
916572,0.13101473
916573,0.063436694
916574,0.063436694
916585,0.07559842
916586,0.06158055
916587,0.061156806
916598,0.124904156
916599,0.12038063
916600,0.10445069
916601,0.060196206
916602,0.060196206
916603,0.060089894
916608,0.06944642
916609,0.14873447
916610,0.07263467
916611,0.101466715
916612,0.10556304
916613,0.115006424
916614,0.06482835
916615,0.057452172
916616,0.08976939
916617,0.054365087
916618,0.1253933
916624,0.11126492
916808,0.016951546
917436,0.26584652
917437,0.22610822
917438,0.18279245
917439,0.19683109
917440,0.18815808
917441,0.14743413
917442,0.15134925
917443,0.1760474
917444,0.15442316
917445,0.14576861
917446,0.14435028
917447,0.13599491
917448,0.119988896
917449,0.088453785
917455,0.03463978
917521,0.028916022
917734,0.018109847
918792,0.22935376
918793,0.17934911
918794,0.1705019
918795,0.15754645
918796,0.26093322
918797,0.2798157
918798,0.13231778
918799,0.22850244
918800,0.11102606
918801,0.07882279
918802,0.10695747
918803,0.09916881
918804,0.087784275
918805,0.08591517
918806,0.085473455
918807,0.085473455
918808,0.085473455
918816,0.11706283
918817,0.0755298
918818,0.07410243
918823,0.107770726
918824,0.08694069
918826,0.09695717
918827,0.27035466
918828,0.2299713
918829,0.22052443
918830,0.19790143
918831,0.18630691
918832,0.180226
918833,0.16938923
918834,0.16005403
918835,0.12751032
918836,0.10764193
918970,0.13641277
918971,0.11267349
918972,0.1077016
918982,0.110652134
918983,0.09430089
918984,0.09025217
918997,0.093396574
918998,0.080494404
918999,0.06592592
919000,0.063893385
919001,0.063893385
919008,0.06055324
919009,0.05832495
919010,0.057690706
919038,0.061381415
919039,0.088542834
919343,0.2629584
919344,0.15181802
919345,0.19113426
919346,0.18440323
919347,0.13505791
919348,0.19947428
919349,0.17165117
919361,0.12821448
919863,0.1930736
919864,0.16424632
919865,0.13411286
919874,0.10575281
919959,0.015129528
920131,0.13117711
920132,0.11406055
920149,0.114098914
920150,0.101782605
920151,0.0982656
920152,0.093815945
920162,0.08552511
920163,0.08352984
920205,0.17519899
920206,0.1379694
920207,0.22919624
920208,0.12570646
920209,0.10830486
920210,0.11277215
920214,0.24713849
920215,0.09980518
920216,0.08776961
920217,0.13129246
920218,0.17879602
920219,0.13891162
920220,0.12633002
920227,0.14770317
920228,0.1832854
920229,0.10878668
920230,0.18740144
920231,0.123284765
920236,0.13091786
920392,0.13158149
920393,0.24181883
920400,0.23963453
920401,0.20850031
920402,0.19933416
920403,0.15310678
920404,0.17987832
920428,0.25565007
920445,0.25832537
920446,0.24861425
920447,0.16991884
920448,0.13969935
920449,0.13366291
920450,0.12479965
920451,0.11837399
920452,0.10435866
920453,0.10254355
920462,0.12788787
920463,0.09661487
920464,0.08802236
920465,0.08539897
920466,0.07752947
920467,0.07755084
920468,0.07776002
920472,0.07964417
920473,0.06375137
920474,0.06263238
920475,0.062895894
920476,0.062320333
920477,0.058914218
920478,0.057951607
920484,0.11009904
920532,0.017158493
920731,0.21286902
920732,0.09923731
920733,0.22289567
920734,0.22114564
920735,0.20070219
920736,0.14040026
920737,0.071574025
920738,0.12266193
920739,0.060376704
920740,0.10193083
920749,0.09078957
920750,0.10018627
920751,0.08455671
920869,0.10896481
920870,0.09123028
920881,0.028928999
920920,0.19950387
920921,0.24261893
920922,0.14952652
920929,0.20399557
920930,0.17311226
920931,0.1668376
920932,0.14464454
920933,0.01630839
921011,0.28514972
921012,0.23739374
921013,0.2256772
921014,0.20810027
921028,0.20392361
921029,0.18972939
921030,0.1778971
921031,0.16760868
921032,0.13377352
921033,0.13074748
921034,0.13074748
921044,0.13838418
921045,0.12023892
921046,0.11615267
921047,0.10684855
921048,0.10100616
921077,0.12211803
921078,0.13990922
921079,0.1328436
921327,0.021955222
921506,0.12372453
921507,0.106927685
921508,0.10374502
921509,0.09467578
921510,0.09047262
921511,0.08740373
921512,0.08254343
921540,0.21832176
921541,0.18982181
921542,0.1773434
921543,0.19397245
921544,0.25523767
921545,0.2395794
921546,0.18536814
921547,0.13907972
921548,0.117505185
921549,0.13903187
921550,0.13757972
921551,0.14232105
921552,0.055049226
921553,0.1159583
921554,0.052560903
921555,0.11142437
921731,0.025891906
921739,0.1360537
921740,0.1518723
921741,0.12001815
921742,0.11105692
921743,0.10594779
921744,0.10145509
921747,0.102332406
921748,0.08204512
921749,0.06721652
921750,0.06514696
921754,0.07332036
921755,0.06175112
921756,0.055489294
921757,0.054751832
921760,0.055981223
921761,0.054666325
921762,0.054666325
921763,0.046085708
921769,0.041751936
921770,0.046836644
921782,0.013718319
922020,0.3444912
922021,0.260582
922022,0.24178927
922023,0.25304738
922024,0.23894577
922025,0.22934808
922026,0.17061992
922027,0.20539163
922030,0.17731941
922031,0.13153483
922032,0.13057703
922033,0.12545764
922034,0.112029806
922035,0.19564968
922036,0.11025921
922037,0.11025921
922038,0.11025921
922039,0.09480921
922040,0.09352086
922041,0.11497711
922042,0.09328529
922043,0.11549958
922044,0.09061445
922045,0.0897355
922046,0.0897355
922047,0.089577705
922048,0.14349514
922049,0.1551855
922050,0.07312587
922051,0.055595174
922052,0.08918999
922053,0.08918999
922054,0.08918999
922059,0.112783626
922063,0.1028383
922064,0.08430468
922065,0.05185121
922066,0.084720336
922067,0.06525276
922068,0.107952036
922069,0.0626212
922070,0.13921638
922071,0.081633635
922072,0.1356523
922073,0.09682363
922074,0.0905186
922075,0.0905186
922076,0.09682363
922312,0.20163462
922323,0.20782407
922324,0.31683213
922325,0.25471175
922326,0.1337828
922327,0.12877084
922328,0.119122736
922329,0.24470897
922330,0.09966439
922331,0.09690688
922332,0.096173316
922333,0.088371195
922334,0.079055384
922335,0.07803062
922336,0.075656034
922342,0.12855048
922343,0.1078721
922344,0.09329647
922345,0.092026584
922346,0.092026584
922347,0.0917944
922348,0.0917944
922349,0.12749471
922350,0.122403994
922351,0.122403994
922352,0.085223146
922405,0.3380925
922406,0.18162718
922407,0.17361495
922408,0.32886243
922409,0.12533456
922410,0.14307639
922411,0.2621065
922412,0.16284636
922413,0.14672443
922414,0.21741991
922415,0.1278004
922416,0.10646255
922417,0.12037107
922418,0.17546424
922419,0.08687523
922420,0.073407024
922421,0.13601921
922422,0.111097194
922423,0.0905519
922424,0.07385865
922425,0.06210854
922426,0.07366859
922427,0.1292646
922432,0.115652695
922433,0.10999811
922434,0.05929487
922435,0.097863175
922436,0.0839231
922437,0.08625686
922438,0.0741425
922439,0.105855115
922440,0.08340626
922441,0.08097649
922442,0.058444187
922443,0.13359559
922444,0.10512182
922445,0.07148263
922446,0.08011971
922447,0.101858065
922448,0.05500493
922449,0.06727152
922450,0.09599923
922584,0.013329362
922709,0.031011524
924199,0.2182088
924208,0.34046194
924209,0.26227838
924210,0.22432847
924211,0.13533196
924212,0.14617622
924213,0.12139629
924214,0.1121501
924215,0.11407824
924216,0.110737145
924217,0.16098496
924218,0.0874722
924219,0.120118156
924220,0.09685645
924221,0.09322898
924222,0.10853207
924223,0.105742835
924224,0.075555846
924225,0.1200376
924226,0.11455981
924227,0.06692734
924228,0.07881466
924229,0.07638149
924230,0.09271475
924231,0.10589789
924232,0.10619127
924233,0.08786358
924234,0.10179723
924235,0.075228885
924236,0.09016784
924237,0.07758221
924238,0.070919126
924239,0.095696636
924240,0.10115587
924241,0.100047275
924242,0.06089321
924243,0.08483512
924255,0.09901945
924266,0.07355688
924267,0.06120097
924268,0.060807955
924269,0.06063178
924300,0.09640844
924301,0.090020485
924302,0.090020485
924303,0.09148074
924304,0.097468056
924305,0.0916219
924387,0.19376543
924388,0.15938587
924389,0.15180174
924390,0.13630523
924391,0.12598388
924392,0.12157768
924393,0.11239893
924394,0.10618791
924396,0.078609586
924401,0.07377935
924406,0.06667239
924416,0.13933004
924427,0.13539489
924428,0.13026604
924429,0.16312715
924430,0.15760386
924431,0.15018271
924532,0.01810486
924564,0.21864298
924565,0.18128088
924566,0.17368832
924573,0.20910184
924574,0.15399425
924575,0.14714904
924576,0.13633938
924577,0.12966427
924590,0.14500555
924596,0.15697621
924597,0.12644877
924598,0.12118192
924599,0.10815516
924600,0.107717596
924601,0.10717693
924602,0.10717693
924603,0.10717693
924604,0.08038154
924605,0.07737692
924610,0.100906506
924611,0.08887837
924612,0.08887837
924613,0.103177786
924614,0.08212381
924796,0.26339635
924797,0.22126779
924798,0.15002234
924799,0.17914973
924800,0.12772079
924801,0.122855976
924808,0.17240007
924809,0.15656309
924810,0.13004884
924811,0.12630665
924817,0.112145975
924818,0.11751206
924942,0.021852484
924987,0.21872291
924988,0.18169545
924989,0.17072415
924990,0.15859398
924991,0.14943811
924992,0.16886328
924993,0.13222395
924994,0.1494723
924995,0.15144438
924996,0.17539515
924997,0.10633372
924998,0.10252466
924999,0.09081156
925000,0.107319266
925001,0.08652799
925002,0.085501
925003,0.09850361
925004,0.11092764
925005,0.08044633
925140,0.2475967
925141,0.16134393
925151,0.07473208
925152,0.12060322
925173,0.028105818
925252,0.020119889
925285,0.14267497
925286,0.12621795
925287,0.1205919
925288,0.1097272
925289,0.10432506
925290,0.110269375
925291,0.09258221
925292,0.09799716
925321,0.022197142
925339,0.22018182
925340,0.17308243
925341,0.16495629
925342,0.15365703
925343,0.12957686
925346,0.15598454
925347,0.114452645
925348,0.10987294
925349,0.09675377
925350,0.0938663
925355,0.11357973
925356,0.08583022
925357,0.07633544
925358,0.075248905
925359,0.085261345
925360,0.08535241
925361,0.10163265
925362,0.102820106
925363,0.06392301
925364,0.11026551
925365,0.123410344
925366,0.0748182
925371,0.12225078
925372,0.07773697
925373,0.11573495
925374,0.058775567
925375,0.08816551
925376,0.06313734
925616,0.023613768
925619,0.18296972
925620,0.23830545
925621,0.15217774
925622,0.2128963
925623,0.108853616
925624,0.11939529
925625,0.07866493
925626,0.10398968
925627,0.09150074
925628,0.077183984
925629,0.062273286
925630,0.15055944
925631,0.10761244
925632,0.01139749
925669,0.017405275
925709,0.2790007
925710,0.22977807
925711,0.10428987
925713,0.09470536
925714,0.088690504
925715,0.08613802
925716,0.07939307
925717,0.07604366
925718,0.056021404
925760,0.3058559
925761,0.24822941
925762,0.2375946
925763,0.21907665
925764,0.20578161
925765,0.19620521
925766,0.18406081
925767,0.1749249
925768,0.1402634
925769,0.13627331
925770,0.13580821
925779,0.13748838
925780,0.114027314
925781,0.11260466
925782,0.10993634
925783,0.10993634
925784,0.10993634
925798,0.08227761
925921,0.2404736
925922,0.20754416
925923,0.19692044
925924,0.17492941
925925,0.16814618
925932,0.08619015
925933,0.08463762
925939,0.16066048
925940,0.17814611
925941,0.16870683
925942,0.15504341
925951,0.13580245
925952,0.14309226
925993,0.01412926
925994,0.19809116
925995,0.18232766
925996,0.17269003
925997,0.16042832
925998,0.15165196
926174,0.30252194
926175,0.1994283
926176,0.28139976
926177,0.22204503
926178,0.21184099
926180,0.24686816
926181,0.14770992
926182,0.1898019
926183,0.17357792
926184,0.16952235
926185,0.13026574
926186,0.12260686
926187,0.08703561
926188,0.12184192
926189,0.14012416
926190,0.12836416
926191,0.11855964
926192,0.12331056
926193,0.112263106
926194,0.08487959
926195,0.10445779
926196,0.07642774
926197,0.06396769
926198,0.07907578
926199,0.09971727
926200,0.12730373
926201,0.12981132
926202,0.09774302
926203,0.09548203
926204,0.08709798
926205,0.098439224
926206,0.056705073
926207,0.06782906
926208,0.084661864
926209,0.06978708
926210,0.11418471
926650,0.091483094
926651,0.05488498
926696,0.17288852
926697,0.25815192
926698,0.2513655
926699,0.21636058
926700,0.20594889
926706,0.249677
926707,0.18498941
926708,0.16660114
926709,0.13431214
926710,0.14484015
926722,0.1825455
926723,0.1311553
926741,0.13268082
926742,0.07484861
926764,0.09759649
926765,0.10182588
926766,0.095963255
926884,0.20582624
926887,0.23090051
926888,0.1593298
926889,0.14546546
926890,0.17340708
926891,0.16461053
926896,0.12275791
926897,0.13335149
926903,0.11450755
927011,0.07629061
927012,0.06326384
927101,0.10685693
927102,0.100758344
927103,0.09463964
927360,0.017291326
927427,0.19594991
927428,0.15977085
927429,0.15121765
927430,0.14095837
927431,0.1326601
927432,0.12620538
927437,0.16970052
927438,0.16571838
927439,0.13804096
927440,0.09362927
927441,0.09291797
927442,0.106558844
927443,0.07750918
927444,0.07650277
927445,0.09996472
927446,0.09996472
927447,0.07493384
927453,0.05673496
927454,0.060638893
927455,0.07065655
927473,0.023843713
927488,0.2045814
927489,0.16976637
927490,0.16224456
927502,0.14000724
927503,0.12971197
927504,0.12139294
927521,0.107647546
929213,0.23768817
929214,0.20308602
929215,0.18273854
929216,0.1613378
929217,0.15300415
929218,0.14687605
929219,0.13770773
929220,0.124009416
929221,0.103546545
929222,0.023682633
930073,0.21315204
930074,0.16237955
930075,0.15355128
930076,0.14277984
930786,0.026096381
931064,0.021914113
931243,0.18178101
931244,0.1684735
931245,0.13976586
931246,0.14626396
931247,0.14145204
931248,0.12737794
931263,0.03607124
931302,0.019605381
931322,0.25533944
931323,0.215892
931324,0.14739135
931332,0.11775042
931333,0.15551277
931334,0.14579827
931335,0.17412657
931336,0.10670618
931337,0.12791248
931338,0.12621115
931339,0.09192346
931340,0.08594116
931341,0.108881995
931342,0.08056974
931417,0.026259428
932006,0.30310008
932007,0.22371215
932008,0.21386224
932009,0.19391082
932010,0.16974127
932011,0.17841512
932542,0.027357655
932798,0.199114
932799,0.17282279
932800,0.16202933
932801,0.14916037
932929,0.28911486
932930,0.14915726
932931,0.12666547
932932,0.17291038
932933,0.16268525
932934,0.15720645
932935,0.15372756
932936,0.1324148
932937,0.113911964
932938,0.12770548
932939,0.2090277
932940,0.24871312
932941,0.16618569
932942,0.15128261
932943,0.20404649
932944,0.13413829
932945,0.13063583
932946,0.106530815
933323,0.019802632
933360,0.14881913
933361,0.119837396
933795,0.03370582
934110,0.026316207
934224,0.14769968
934225,0.118515946
934226,0.18556882
934227,0.11115803
934228,0.14872392
934238,0.110297054
934239,0.07638945
934240,0.19482669
934241,0.07601468
934242,0.15220836
934248,0.15387514
934249,0.096087344
934250,0.145686
934251,0.060379263
934252,0.1294212
934436,0.27436516
934437,0.23436928
934438,0.22212492
934439,0.1346823
934440,0.21317282
934441,0.19561848
934442,0.29837844
934443,0.10040241
934444,0.10869531
934445,0.1429371
934446,0.14258558
934447,0.20860273
934448,0.19004871
934449,0.12483725
934450,0.10958277
934452,0.012987961
934453,0.35234416
934454,0.27376622
934455,0.32798183
934456,0.22814474
934457,0.21443708
934458,0.20424467
934459,0.19980414
934460,0.28383908
934461,0.18160011
934462,0.17807712
934463,0.17807712
934464,0.17642632
934465,0.14943282
934466,0.1488562
934467,0.21889403
934468,0.14679062
934469,0.21889403
934470,0.1955869
934471,0.19322142
934472,0.19322142
934473,0.19175787
934474,0.19175787
934475,0.1247631
934476,0.12359788
934477,0.12359788
934478,0.123388596
934479,0.062625185
934480,0.062625185
934481,0.114911504
934482,0.12307132
934483,0.12307132
934484,0.12307132
934485,0.07581238
934486,0.12307132
934487,0.1835724
934488,0.18173715
934489,0.18204097
934490,0.12013993
934491,0.11987
934492,0.11690926
934493,0.20960306
934494,0.1767828
934495,0.17692855
934496,0.17692855
934497,0.17692855
934498,0.17692855
934499,0.17692855
934500,0.17692855
934501,0.17692855
934502,0.17692855
934503,0.17076862
934504,0.16967347
934505,0.16967347
934506,0.16967347
934507,0.16886282
934508,0.16886282
934509,0.16886282
934510,0.1627608
934511,0.16366449
934512,0.16366449
934513,0.16348504
934514,0.16391599
934515,0.16391599
934516,0.16391599
934517,0.16380988
934518,0.1597439
934519,0.1555039
934520,0.1555039
934521,0.1555039
934522,0.1555039
934523,0.1555039
934524,0.15758966
934525,0.15758966
934526,0.15758966
934527,0.15758966
934528,0.15758966
934529,0.15715958
934530,0.15715958
934531,0.15677382
934532,0.1530734
934533,0.1530734
934534,0.15262689
934535,0.15262689
934536,0.14932922
934537,0.14864574
934538,0.14864574
934550,0.03971995
934658,0.2573623
934659,0.20618579
934660,0.2707056
934665,0.13445874
934666,0.26018798
934667,0.25004885
934668,0.18978062
934669,0.12956055
934670,0.14595525
934671,0.17965698
934675,0.16063176
934680,0.14290962
934763,0.31624594
934764,0.2737221
934765,0.26077196
934766,0.13042375
934767,0.28703824
934768,0.1951502
934769,0.18156512
934770,0.1672191
934771,0.13971816
934773,0.14358516
934774,0.10540985
934775,0.13474931
934776,0.11206991
934777,0.11085303
934778,0.106866255
934845,0.025611047
934942,0.2755575
934943,0.23791817
934944,0.22130594
934945,0.20802838
934946,0.21073829
934983,0.048071213
935022,0.41401616
935023,0.31269512
935024,0.30182222
935025,0.17808893
935026,0.2835056
935027,0.18727504
935028,0.25178853
935029,0.24133351
935030,0.20962225
935031,0.20345825
935055,0.25635245
935056,0.1635355
935057,0.19394884
935058,0.20574395
935059,0.1166763
935060,0.17109156
935061,0.1406601
935062,0.1505798
935164,0.1816918
935165,0.16439407
935166,0.2467859
935167,0.14287774
935168,0.17774154
935169,0.1283746
935170,0.19505227
935171,0.20125848
935172,0.12467116
935173,0.0966424
935174,0.14473282
935175,0.07277145
935176,0.07599299
935177,0.078250624
935178,0.063958995
935179,0.07710058
935180,0.07461446
935181,0.066525914
935182,0.09356914
935183,0.06559405
935184,0.10039209
935185,0.06328833
935186,0.06358891
935187,0.05214087
935188,0.06295396
935189,0.052045397
935190,0.13120928
935191,0.13120928
935192,0.06256007
935193,0.06270655
935194,0.051810894
935195,0.06270655
935196,0.05120436
935197,0.057101067
935198,0.09624913
935199,0.0668672
935200,0.09556785
935201,0.06075522
935202,0.092597514
935203,0.05666841
935204,0.088698246
935205,0.056503505
935206,0.07769071
935207,0.05627985
935208,0.050354786
935209,0.05627985
935210,0.09428315
935211,0.07769071
935212,0.05627985
935221,0.09508029
935222,0.08587752
935223,0.06280592
935224,0.08921465
935225,0.07312713
935226,0.09008125
935227,0.08021441
935228,0.08438515
935229,0.051706105
935230,0.06864341
935231,0.046238966
935238,0.029841317
935240,0.021006102
935268,0.039804097
935526,0.22056761
935527,0.2065267
935528,0.19311203
935548,0.35898754
935549,0.2857734
935550,0.35138845
935551,0.33893895
935556,0.39669985
935557,0.22614509
935558,0.21263774
935559,0.20368353
935560,0.16445936
935561,0.15737794
935562,0.15737794
935563,0.15139078
935564,0.20613354
935565,0.08150837
935566,0.20447241
935567,0.14125311
935568,0.14125311
935569,0.07012701
935570,0.06889277
935571,0.17501608
935572,0.06871454
935573,0.06871454
935574,0.16574892
935580,0.10592356
935581,0.06903278
935582,0.06828989
935593,0.06895732
935740,0.1684176
935741,0.13606106
935748,0.33820465
935749,0.22265689
935750,0.17330758
935751,0.19659749
935752,0.25105572
935753,0.27607945
935754,0.22717574
935755,0.13731427
935756,0.2010047
935757,0.1856288
935758,0.0662424
935759,0.06537192
935760,0.12352511
935943,0.02228001
935948,0.34527865
935949,0.2929061
935950,0.267691
935951,0.2551147
935952,0.0973164
935953,0.09466151
935954,0.08731293
935955,0.12394191
935956,0.07353471
936221,0.33799654
936222,0.28330714
936223,0.23852251
936224,0.19488889
936225,0.18628162
936226,0.1793586
936227,0.25283748
936228,0.090601444
936229,0.20633152
936230,0.076457955
936274,0.16782306
936275,0.18528649
936276,0.13517815
936277,0.12340698
936278,0.11637521
936285,0.120498024
936286,0.11051124
936287,0.09959929
936342,0.3364149
936343,0.16163163
936344,0.24313281
936345,0.22331409
936346,0.21378477
936347,0.20431264
936365,0.2534419
936366,0.18297155
936367,0.15335703
936368,0.14905904
936369,0.14905904
936370,0.14032124
936371,0.12453722
936383,0.15525587
936384,0.12239479
936385,0.12239479
936386,0.119689524
936387,0.10246267
936400,0.14081046
936401,0.107894674
936402,0.106741
936403,0.102620706
936404,0.06354463
936418,0.13236165
936419,0.0969736
936420,0.10100719
936421,0.101125486
936422,0.10549839
936423,0.062209696
936438,0.06996455
936439,0.09638876
936440,0.06951688
936441,0.101125486
936442,0.10549839
936458,0.12387231
936459,0.104019515
936460,0.06613475
936461,0.05969872
936462,0.09127257
936480,0.104446344
936481,0.075601086
936482,0.14858045
936483,0.08278287
936484,0.086945914
936572,0.023052864
936588,0.40275273
936589,0.3341528
936590,0.19591615
936591,0.29186684
936592,0.27960566
936593,0.26446968
936604,0.3029368
936605,0.25941148
936606,0.16093026
936607,0.22070453
936608,0.22070453
936609,0.079426184
936610,0.07377909
936611,0.19036223
936619,0.16821256
936620,0.17621972
936621,0.17621972
936847,0.032064456
936860,0.025428325
936975,0.027686022
937014,0.29645082
937015,0.25117365
937016,0.23081593
937021,0.12236458
937022,0.18695359
937023,0.14522408
937024,0.19759732
937025,0.18081498
937087,0.026722036
937206,0.21452138
937207,0.1661148
937208,0.16520633
937221,0.1865342
937222,0.14084119
937223,0.12361609
937224,0.115127906
937225,0.10114828
937226,0.08959147
937227,0.08733136
937245,0.10078312
937246,0.077660345
937247,0.070634075
937248,0.06716028
937249,0.06811425
937250,0.06893037
937297,0.0775276
937298,0.059881825
937299,0.06007653
937300,0.060159486
937301,0.059492458
937308,0.061550368
937309,0.053138584
937310,0.054344915
937311,0.054173544
937511,0.10253006
937512,0.13586555
937513,0.12898298
937595,0.3452771
937596,0.1857308
937597,0.17748125
937598,0.26321673
937599,0.256624
937600,0.2749489
937601,0.24300547
937602,0.23686194
937603,0.12789175
937614,0.15476012
937615,0.17880546
937996,0.2517284
937997,0.23311459
937998,0.16288458
937999,0.20298956
938005,0.18075743
938065,0.27709854
938066,0.23501688
938067,0.22425401
938068,0.20063691
938069,0.27536124
938070,0.26823753
938071,0.26035312
938076,0.1611197
938077,0.13714865
938078,0.13405807
938079,0.13308471
938080,0.19866386
938081,0.1762701
938082,0.17459111
938109,0.1212528
938113,0.103252284
938114,0.09551941
938122,0.08722749
938123,0.15756683
938124,0.1441191
938142,0.23213686
938143,0.118994825
938153,0.14326055
938154,0.106649786
938155,0.09885972
938156,0.096281156
938157,0.090742394
938158,0.08816614
938159,0.07741342
938160,0.07522011
938161,0.07463713
938166,0.07749924
938176,0.119202174
938177,0.10307099
938178,0.10447793
938179,0.10447793
938180,0.10447793
938181,0.055730473
938186,0.10253409
938187,0.09209989
938188,0.09186753
938189,0.08561604
938190,0.08071339
938191,0.079187095
938192,0.07489381
938193,0.073920816
938255,0.19383338
938256,0.16754553
938258,0.16473107
938259,0.14550084
938260,0.13881099
938261,0.13245416
938363,0.16056803
938364,0.1878051
938365,0.20546184
938409,0.31560576
938414,0.24797972
938415,0.24843992
938416,0.2433821
938417,0.22714573
938418,0.21936016
938455,0.36139214
938456,0.17899616
938457,0.17004895
938458,0.17433263
938459,0.15582897
938460,0.15151612
938461,0.15217242
938462,0.14377783
938463,0.118637905
938464,0.1159084
938465,0.11453203
938466,0.10576026
938468,0.047331832
938792,0.016384725
938795,0.43095377
938796,0.33585948
938797,0.32332495
938798,0.30186096
938799,0.2946875
938800,0.28426662
938801,0.27409413
938803,0.32936704
938804,0.22479434
938805,0.22023281
938806,0.21757555
938807,0.20790264
938808,0.12616439
938809,0.12201262
938810,0.18490039
938811,0.06729141
938812,0.18490039
938813,0.16055106
938814,0.15852581
938815,0.15852581
938816,0.1581551
938817,0.1581551
938818,0.15368114
938819,0.15194297
938820,0.15194297
938821,0.15220433
938822,0.1515907
938826,0.13422969
938827,0.106409706
938828,0.11560996
938829,0.06786257
938830,0.102060825
938831,0.094308406
938832,0.112841815
938833,0.10660503
938834,0.067398705
938835,0.09815046
938836,0.06959054
938837,0.10258291
938838,0.099396065
938839,0.09695711
938840,0.09487751
938976,0.029677244
939273,0.32957888
939274,0.33403933
939275,0.26146695
939276,0.26323533
939277,0.21330713
939278,0.21703514
939279,0.25465173
939280,0.2423448
939281,0.12373057
939282,0.10980008
939283,0.16082828
939284,0.0970775
939285,0.14494085
939286,0.09227156
939287,0.14156123
939288,0.14226994
939289,0.091800444
939290,0.14453636
939291,0.07361937
939292,0.15322696
939293,0.14185648
939294,0.13438901
939295,0.14692532
939296,0.09127075
939297,0.09242465
939298,0.09226261
939299,0.12697025
939300,0.12999938
939301,0.13629271
939302,0.0947108
939303,0.08592088
939304,0.12999938
939305,0.11850668
939306,0.0853537
939307,0.13751121
939308,0.08058373
939309,0.12678961
939310,0.13621671
939311,0.08555228
939312,0.10320267
939313,0.123620264
939314,0.1252523
939315,0.12661326
939316,0.08625475
939317,0.123891704
939318,0.123891704
939319,0.1386892
939320,0.13703375
939321,0.08625475
939322,0.08625475
939323,0.12209406
939324,0.12246921
939325,0.1215212
939326,0.08376782
939327,0.08256537
939328,0.08256537
939329,0.11880183
939330,0.08256537
939331,0.11911324
939332,0.11911324
939333,0.11911324
939334,0.10173723
939335,0.14077002
939336,0.12049407
939337,0.13332643
939338,0.12548307
939339,0.10441093
939369,0.030888503
939492,0.3500839
939493,0.26228046
939494,0.38976505
939495,0.22500965
939496,0.24002662
939497,0.13222061
939498,0.12235049
939499,0.20681171
939500,0.14264208
939501,0.11074519
939502,0.15874098
939503,0.15364161
939504,0.117379725
939505,0.10478068
939506,0.12649181
939507,0.14911452
939514,0.09111576
939515,0.12151232
939516,0.08835846
939517,0.08253421
939518,0.12280444
939519,0.12280444
939520,0.066593416
939521,0.08501112
939522,0.065674484
939523,0.09840885
939524,0.12050412
939525,0.0741944
939526,0.12050412
939527,0.12050412
939528,0.12141154
939529,0.09505048
939530,0.12918168
939531,0.07398572
939532,0.12627546
939533,0.11100113
939534,0.10472666
939535,0.07825057
939536,0.12430744
939537,0.11181957
939538,0.09628589
939539,0.11593887
939540,0.08577315
939541,0.10945853
939542,0.12544431
939543,0.10124307
939544,0.11550873
939545,0.11239355
939546,0.086186655
939547,0.11356302
939548,0.11572969
939561,0.1306259
939562,0.054609876
939563,0.054609876
939564,0.05270803
939565,0.05270803
939566,0.05270803
939567,0.05270803
939650,0.20519827
939651,0.18077919
939652,0.17066212
939653,0.15483186
939654,0.14763346
939655,0.123105936
939656,0.13190751
939657,0.113636926
939731,0.15687694
939732,0.12831335
939785,0.29136735
939786,0.24445263
939787,0.21605223
939788,0.18964176
939789,0.18050852
939790,0.17341775
939791,0.16154954
939792,0.13836163
939793,0.12184069
939794,0.11855048
939795,0.10472246
939796,0.3549949
939797,0.3562658
939801,0.3839508
939802,0.26952016
939803,0.263204
939804,0.25481793
939805,0.24533822
939806,0.23541874
939829,0.18286708
939830,0.14925672
939831,0.08821273
939832,0.08358877
939833,0.07838693
939834,0.07805929
939835,0.078342386
939836,0.078342386
939837,0.07882758
939838,0.067532904
939848,0.10397481
939849,0.1589195
939850,0.14559327
939851,0.14031015
939871,0.3231157
939872,0.26105642
939873,0.25022867
939874,0.23055342
939875,0.24110982
939893,0.33293232
939894,0.2610166
939895,0.24225101
939896,0.20919994
939897,0.2040988
939898,0.14083992
939899,0.13395421
939900,0.12238456
939901,0.17489365
939913,0.1407763
939914,0.11399318
939915,0.11399318
939916,0.09940529
939917,0.09806125
939936,0.11836117
939937,0.097815484
939938,0.09639593
939939,0.09333084
939947,0.11410797
939948,0.09337164
939949,0.06426572
939950,0.0839016
939951,0.089792006
939968,0.1026059
939969,0.0801635
939970,0.08683633
939971,0.09582644
939972,0.09244154
939973,0.087360084
940037,0.31788698
940038,0.24207003
940039,0.22886597
940040,0.1207064
940041,0.19808896
940042,0.18878546
940049,0.22117123
940050,0.1554975
940051,0.12926266
940052,0.12555857
940053,0.10661279
940054,0.1310729
940055,0.1197177
940056,0.11823359
940057,0.10829366
940064,0.12140773
940065,0.09504325
940066,0.08284081
940067,0.081700414
940068,0.081700414
940074,0.10294692
940075,0.08149195
940076,0.07868772
940077,0.07761578
940078,0.07761578
940079,0.077477485
940080,0.0771377
940119,0.09585354
940120,0.07736788
940121,0.07736788
940122,0.07736788
940123,0.0776097
940124,0.0776097
940133,0.08778409
940134,0.08104226
940135,0.070765704
940136,0.070556864
940137,0.10850462
940138,0.10830943
940139,0.10672675
940140,0.095121555
940141,0.10490879
940142,0.11256944
940143,0.06953888
940144,0.079757825
940161,0.107145205
940162,0.08712231
940163,0.08712231
940164,0.08230145
940165,0.08230145
940166,0.10164619
940167,0.10080131
940168,0.11219132
940169,0.08089331
940175,0.09277784
940176,0.076045156
940177,0.076045156
940178,0.076045156
940179,0.07439543
940180,0.07366576
940188,0.09301242
940189,0.072738945
940190,0.072738945
940191,0.072738945
940192,0.07306976
940204,0.077141695
940205,0.06422665
940420,0.20428482
940421,0.18024364
940422,0.18686436
940423,0.10089655
940424,0.10124958
940425,0.14910819
940426,0.08567939
940433,0.023781164
940545,0.3281812
940549,0.26606098
940550,0.18726212
940551,0.16857311
940552,0.15826774
940553,0.14717975
940554,0.13511947
940555,0.12766483
940556,0.108134195
940557,0.10050864
940558,0.09967855
940559,0.09569144
940560,0.08346548
940561,0.08238867
940562,0.059733406
940563,0.08192029
940564,0.10887647
940565,0.072520025
940566,0.0706359
940567,0.0706359
940568,0.0704535
940569,0.093799785
940570,0.06788
940571,0.06670506
940572,0.06670506
940573,0.066644356
940574,0.06747766
940575,0.06700805
940580,0.08657579
940581,0.062483486
940582,0.087464206
940583,0.069563255
940584,0.108147666
940585,0.08535163
940586,0.15327606
940587,0.05995253
940588,0.086763516
940589,0.059384845
940590,0.08381066
940591,0.084052615
940592,0.08313639
940593,0.08313639
940594,0.08387985
940595,0.08387985
940596,0.08387985
940597,0.08387985
940598,0.08387985
940599,0.08387985
940600,0.08387985
940606,0.10870197
940607,0.081335366
940608,0.08994935
940609,0.06344408
940610,0.08681397
940611,0.08997003
940612,0.06374711
940613,0.084042095
940614,0.08879087
940615,0.094854265
940616,0.096498124
940617,0.08135425
940618,0.0926266
940619,0.052832402
940620,0.084042095
940621,0.06756458
940622,0.07937018
940623,0.08029755
940624,0.0772026
940626,0.16903266
940627,0.07968286
940628,0.05483521
940629,0.08420796
940630,0.0772026
940631,0.0916425
940632,0.053530067
940633,0.05483521
940634,0.081168756
940635,0.081168756
940636,0.063889906
940637,0.07923241
940638,0.09076427
940639,0.063889906
940640,0.07923241
940641,0.0848525
940645,0.09580784
940646,0.07787369
940647,0.08196782
940648,0.0774477
940865,0.2927505
940866,0.24119917
940867,0.23080821
940868,0.20496115
940869,0.19496155
940870,0.17345133
940871,0.17261761
940872,0.21336858
940873,0.1321306
940874,0.12888148
940875,0.12794016
940876,0.15457813
940877,0.19923271
940878,0.0856021
940879,0.104861945
940880,0.06479114
940881,0.07454819
940882,0.08930338
940883,0.061709095
940884,0.071967036
940885,0.08868638
940886,0.07423737
940887,0.05751033
940888,0.056685984
940889,0.065473974
940890,0.06535578
940891,0.065548345
940892,0.065548345
940893,0.065548345
940894,0.065275826
940895,0.065275826
940896,0.1398576
940897,0.113560684
940898,0.113560684
940899,0.113560684
940900,0.11048016
940901,0.13444424
940902,0.10914247
940903,0.108680785
940904,0.1091265
940906,0.13802274
940907,0.11372095
940908,0.113821894
940909,0.113821894
940910,0.113821894
940911,0.1383902
940912,0.11403227
940913,0.11403227
940914,0.11403227
940915,0.11403227
940917,0.13278548
940918,0.11045215
940919,0.11045215
940920,0.11045215
940921,0.10993944
940945,0.10383317
940946,0.0815264
940947,0.10971043
940948,0.1244783
940949,0.098246194
940956,0.09797449
940957,0.108706124
940958,0.1244783
940959,0.113291934
940960,0.05993736
940967,0.14381859
940968,0.10500306
940969,0.10330002
940970,0.103932194
940972,0.102040984
940973,0.0865203
940974,0.10104086
940975,0.10104086
940976,0.0865203
940977,0.09882037
940978,0.09882037
940979,0.0985319
940980,0.05890874
940981,0.0982733
940987,0.09658821
940998,0.09658821
941298,0.28507173
941299,0.28152683
941300,0.23200439
941301,0.20738892
941302,0.19062726
941303,0.17887668
941304,0.16382658
941305,0.11278069
941306,0.097688556
941307,0.13886048
941308,0.12413933
941309,0.11507125
941310,0.10230548
941335,0.039681852
941483,0.26611188
941484,0.21147446
941485,0.27015394
941486,0.24284415
941487,0.17121859
941488,0.16182187
941489,0.15012415
941491,0.1338618
941492,0.11128345
941493,0.108030766
941494,0.10722303
941495,0.10099965
941496,0.08956025
941497,0.088618346
941689,0.2428491
941690,0.21052103
941691,0.2016639
941692,0.17590673
941693,0.16702683
941694,0.16004394
941695,0.14305842
941696,0.13347097
941697,0.10828826
941698,0.105319805
941699,0.10457511
941700,0.08398396
941701,0.069071114
941706,0.31183866
941707,0.2460966
941708,0.2357231
941709,0.21474522
941710,0.20439097
941711,0.25240353
941712,0.181502
941713,0.17305884
941714,0.14476445
941715,0.18069978
941716,0.13022535
941717,0.12501015
941718,0.114185944
941732,0.13591531
941733,0.1098977
941734,0.1098977
941735,0.1098977
941736,0.12062528
941737,0.11198966
941738,0.091153495
941739,0.090923294
941740,0.09088907
941741,0.08558745
941742,0.084298424
941743,0.08183836
941744,0.0816932
941745,0.077421986
941760,0.12312765
941761,0.10285635
941762,0.101806976
941763,0.101581074
941764,0.101581074
941768,0.0718278
941769,0.06338721
941888,0.10048609
941889,0.08142336
942152,0.0250593
942153,0.23229301
942154,0.1892792
942155,0.18111072
942156,0.15746091
942157,0.14958853
942158,0.14426209
942159,0.1340656
942160,0.12172469
942161,0.29166922
942162,0.23424627
942163,0.22467496
942164,0.22812125
942165,0.10050612
942166,0.14545916
942167,0.17568551
942168,0.18128815
942169,0.11947999
942170,0.096733995
942172,0.025967408
942247,0.37268364
942248,0.16076033
942249,0.11557506
942250,0.16003399
942251,0.19990218
942252,0.18929084
942253,0.17602444
942254,0.16102247
942259,0.18293606
942260,0.14116865
942261,0.09863352
942262,0.14005041
942263,0.114498034
942278,0.15960403
942279,0.08271653
942280,0.110966444
942281,0.11004374
942282,0.10580334
942297,0.12472891
942298,0.051344335
942299,0.09835113
942300,0.09736226
942301,0.059371635
942313,0.11455688
942314,0.09880477
942315,0.06526079
942316,0.091158375
942317,0.048701577
942325,0.11981324
942326,0.09712076
942327,0.09576291
942328,0.050161596
942329,0.10139989
942341,0.123301215
942342,0.09429376
942343,0.091812484
942344,0.094758004
942345,0.049901668
942346,0.092607684
942353,0.1288961
942354,0.06902195
942355,0.09147477
942356,0.060038526
942357,0.09203521
942361,0.121007085
942362,0.09927395
942363,0.05207186
942364,0.10195021
942372,0.11933072
942373,0.1519943
942374,0.05015795
942375,0.09879418
942390,0.090495616
942391,0.082809776
942392,0.10117389
942393,0.091556184
942394,0.092429176
942395,0.04988399
942418,0.120709136
942419,0.083338045
942420,0.051537674
942421,0.103850335
942422,0.10129612
942423,0.09708782
942444,0.120391764
942445,0.08412891
942446,0.09221386
942447,0.07414612
942448,0.14331968
942449,0.057963856
942480,0.17610599
942481,0.06495157
942482,0.09371165
942483,0.09221386
942509,0.11512181
942510,0.04829687
942511,0.14279516
942512,0.075848386
942538,0.09963429
942539,0.090461075
942540,0.09673204
942541,0.09347273
942542,0.09895509
942548,0.11157134
942549,0.07310042
942550,0.09347273
942551,0.06688907
942553,0.025513237
942620,0.31692186
942621,0.2989812
942622,0.24578011
942623,0.22815396
942624,0.21445934
942625,0.20519666
942626,0.22495377
942627,0.18372445
942628,0.14746559
942629,0.14359644
942630,0.14359644
942631,0.1488876
942632,0.1228725
942633,0.06589656
942634,0.06406911
942635,0.063338205
942636,0.117008016
942637,0.046407074
943661,0.27889583
943662,0.24078128
943663,0.22940572
943664,0.20719887
943665,0.19711716
943666,0.18806261
943667,0.17700505
943668,0.16828886
943669,0.13949965
943670,0.13580622
943671,0.18669307
943672,0.14202546
943673,0.12659426
943674,0.1241925
943675,0.123580605
943676,0.14832136
943677,0.123580605
943678,0.107024975
943679,0.055663034
943680,0.05606546
943681,0.05591842
943682,0.05591842
943683,0.09669184
943684,0.1078716
943685,0.09525299
943686,0.09404239
943687,0.09081837
943688,0.09081837
943689,0.07923704
943725,0.030198442
944179,0.3136141
944180,0.36064574
944181,0.22740144
944182,0.15718727
944183,0.2469871
944184,0.11144305
944185,0.103593856
944186,0.26531687
944187,0.0870052
944188,0.16683275
944189,0.15240403
944190,0.1306522
944191,0.123080105
944192,0.1734125
944193,0.067525685
944194,0.14250185
944195,0.15102644
944196,0.057785563
944197,0.08950188
944198,0.12607574
944199,0.10039176
944200,0.099882014
944201,0.11628358
944202,0.052677352
944216,0.12362641
944217,0.1087223
944218,0.103807636
944219,0.09869048
944220,0.0907352
944228,0.09596762
944229,0.089595184
944292,0.023470206
944347,0.38024023
944348,0.2917333
944359,0.29147503
944360,0.18359727
944361,0.19030295
944362,0.22679049
944363,0.26383618
944364,0.22768705
944365,0.20043196
944366,0.19514553
944367,0.07539514
944381,0.16795371
944382,0.12731178
944383,0.114458315
944384,0.1278558
944385,0.10570916
944407,0.10026581
944408,0.09730125
944409,0.090255186
944410,0.10116465
944431,0.12384175
944432,0.09383417
944433,0.08365529
944434,0.14475895
944435,0.10357351
944450,0.056133684
944451,0.10023828
944452,0.0655782
944453,0.08188103
944454,0.08794879
944482,0.08706102
944483,0.09887047
944484,0.080842376
944485,0.090772256
944486,0.07612877
944588,0.021856375
944589,0.28825906
944590,0.22427586
944591,0.28581825
944592,0.19905525
944593,0.18927519
944594,0.17965603
944595,0.20281261
944596,0.21721452
944597,0.13068675
944598,0.12719215
944599,0.13102381
944600,0.12383642
944601,0.10983186
944602,0.10397402
944603,0.09933217
944604,0.12069723
944605,0.09933217
944606,0.08570739
944607,0.08252689
944608,0.08252689
944609,0.08231651
944610,0.0912174
944611,0.13373604
944612,0.112156786
944613,0.112156786
944614,0.11010594
944615,0.10639589
944616,0.08455494
944617,0.09397425
944855,0.2585496
944856,0.17497867
944860,0.1719411
944861,0.14534907
944862,0.11900411
944863,0.12128632
944864,0.10624167
945052,0.018253217
945076,0.1519118
945097,0.17012775
945098,0.1705685
945103,0.14921767
945104,0.15288894
945459,0.02163009
945485,0.3260032
945486,0.26422197
945487,0.2538319
945488,0.23329467
945489,0.23610955
945490,0.11146739
945491,0.2129036
945492,0.20336264
945493,0.1628905
945494,0.15869197
945495,0.15869197
945496,0.14990619
945497,0.13316338
945498,0.14419404
945499,0.088009514
945502,0.09428122
945503,0.08776767
945504,0.07248335
945505,0.0699308
945506,0.06896775
945551,0.22638059
945554,0.18355566
945555,0.18139876
945556,0.12222573
945557,0.11122494
945566,0.079179
945578,0.37696716
945579,0.29584312
945580,0.2841631
945581,0.25969678
945582,0.2635153
945583,0.23471466
945584,0.22763099
945585,0.1842173
945586,0.15320513
945587,0.10013026
945588,0.1481472
945598,0.14739609
945599,0.08575015
945600,0.084646545
945601,0.084210746
945602,0.09899087
945603,0.09899087
945604,0.08560124
945605,0.08442635
945606,0.1220683
945607,0.08421156
945608,0.12177053
945618,0.08377422
945619,0.06716452
945620,0.06716452
945621,0.06704349
945622,0.10740063
945623,0.099159144
945624,0.13121478
945625,0.11703274
945626,0.065885715
945636,0.15742494
945637,0.065885715
945638,0.077722475
945639,0.11677745
945640,0.09705746
945641,0.063475035
945642,0.0737361
945643,0.077599585
945658,0.05627659
945690,0.26725578
945691,0.11508024
945692,0.25026926
945693,0.22735201
945694,0.21449345
945695,0.20400909
945696,0.19728097
945697,0.18705086
945698,0.15517414
945699,0.13480274
945700,0.15085618
945704,0.09100754
945705,0.07162092
945706,0.11739178
945707,0.06893296
945708,0.11462463
945709,0.088234246
945710,0.046922263
945711,0.10157593
945900,0.015358879
946079,0.26912564
946080,0.21370545
946081,0.20474905
946082,0.12534164
946083,0.11803965
946084,0.11415865
946088,0.19584814
946089,0.17706673
946090,0.12536938
946091,0.12199705
946092,0.12109893
946093,0.08011399
946094,0.07388824
946095,0.072403505
946096,0.07202579
946097,0.102634646
946103,0.12017678
946104,0.085941136
946105,0.08098679
946106,0.07988456
946107,0.07968032
946108,0.07968032
946123,0.07975415
946130,0.121346645
946131,0.09885205
946132,0.03702756
946179,0.26157027
946180,0.23110086
946181,0.21257663
946182,0.20080696
946183,0.11636785
946184,0.12008624
946185,0.15415211
946186,0.14013305
946187,0.08073616
946188,0.113441356
946350,0.029678443
946861,0.1331055
946862,0.21332821
946863,0.1316158
946864,0.18836065
946865,0.21394166
946866,0.1427659
946867,0.1955444
946868,0.11492792
946869,0.124431774
946870,0.13340132
946871,0.11766163
946872,0.10932548
946873,0.062590696
946874,0.11508598
946989,0.014476043
947005,0.23377965
947006,0.27249286
947007,0.17167036
947008,0.15681708
947009,0.10760704
947010,0.09611526
947011,0.17099349
947012,0.19905362
947013,0.17776144
947014,0.17304163
947015,0.1718414
947016,0.16229512
947076,0.11554671
947082,0.097562745
947083,0.0941237
947084,0.08762499
947099,0.15394151
947159,0.14141686
947160,0.10964743
947161,0.10610473
947162,0.09806652
947176,0.12895475
947177,0.089848064
947178,0.0846447
947179,0.08272229
947180,0.06931188
947181,0.06718246
947182,0.0666573
947183,0.06318803
947184,0.056029737
947199,0.0640769
947207,0.06343927
947208,0.054857742
947209,0.054857742
947210,0.048774183
947211,0.048774183
947212,0.048774183
947213,0.04864528
947214,0.04518866
947226,0.044838335
947227,0.041353405
947228,0.041353405
947274,0.0683111
947275,0.05796349
947583,0.21317334
947584,0.17128564
947590,0.15083024
947591,0.08843101
947592,0.14369161
947614,0.022463722
947826,0.12862277
947827,0.104067676
947828,0.10078472
947833,0.10271509
947834,0.08821674
947835,0.08618546
947836,0.08117528
947837,0.077166155
947843,0.06470217
947844,0.06594176
947845,0.06542562
947846,0.06070904
947854,0.10195864
947868,0.10160246
947927,0.037739612
947930,0.022704946
948220,0.2858107
948221,0.23139456
948222,0.22145872
948235,0.2357682
948236,0.18105479
948237,0.16924034
948238,0.15280898
948239,0.14507423
948240,0.11964517
948254,0.13127302
948255,0.13924518
948256,0.107386254
948257,0.1263891
948258,0.09310178
948259,0.088792875
948260,0.08825352
948503,0.02328688
948767,0.110477015
948768,0.09164657
948769,0.120801546
948962,0.011693479
949521,0.18642741
949522,0.15573096
949523,0.17850152
949524,0.16159551
949525,0.15611441
949526,0.15118425
949527,0.13033505
949671,0.0137363495
950514,0.010928753
950981,0.22998913
950982,0.18736477
950983,0.17779171
950990,0.078046165
950991,0.1269129
951113,0.062519416
951114,0.052262664
951300,0.014763314
951932,0.12730795
951933,0.11356991
951934,0.10809998
951935,0.09971761
951936,0.09024331
951937,0.06652177
951938,0.06257643
951939,0.078682125
951940,0.05357855
951941,0.067373306
951942,0.06925423
951943,0.063514344
951944,0.05822155
951952,0.050125293
952076,0.122568235
952077,0.14904864
952078,0.13804632
952087,0.105694085
952204,0.300544
952205,0.24404086
952206,0.23209609
952207,0.20746395
952208,0.19017984
952209,0.17845075
952210,0.15921085
952211,0.1512099
952214,0.14084283
952215,0.117756635
952216,0.1168857
952217,0.10875441
952218,0.09552341
952219,0.08171723
952230,0.13834246
952231,0.13812615
952232,0.08877395
952257,0.024254944
952282,0.11436706
952283,0.09541324
952284,0.097172655
952285,0.08604494
952286,0.08177891
952287,0.07949556
952288,0.07484243
952293,0.06425196
952298,0.13509886
952299,0.10608807
952300,0.10242671
952304,0.12152821
952305,0.08728987
952306,0.084984615
952307,0.08003814
952308,0.076716185
952309,0.06705588
952310,0.13955033
952311,0.06462505
952312,0.10211503
952313,0.10365754
952314,0.091155596
952318,0.06293854
952319,0.05336804
952320,0.0531735
952321,0.047267396
952322,0.047267396
952323,0.047267396
952324,0.047142275
952325,0.04378754
952326,0.04225717
952327,0.04137166
952328,0.04137166
952329,0.04129505
952330,0.040146403
952331,0.06864142
952332,0.07222891
952333,0.06588704
952334,0.06891666
952335,0.061937757
952336,0.042067308
952337,0.038066953
952354,0.09054043
952360,0.074659236
952361,0.07322018
952759,0.2858307
952760,0.16449828
952761,0.15700988
952762,0.14465551
952763,0.13617404
952774,0.14420605
952775,0.12128842
952776,0.11614926
952777,0.10207241
952789,0.0997037
952790,0.0971647
952791,0.08787572
952792,0.0768624
952793,0.07586373
952794,0.07228904
953118,0.016264455
953562,0.19202116
953563,0.15695266
953566,0.16877973
953567,0.135525
953568,0.12749906
953569,0.124494486
953570,0.11509617
953571,0.109212935
953575,0.08377834
953576,0.091418006
953608,0.118925646
953609,0.09067608
953610,0.088002056
953621,0.09484152
953622,0.07624508
953623,0.07284539
953624,0.06855256
953625,0.06194712
953626,0.05187237
953640,0.059917945
953641,0.06029258
953642,0.054814782
953660,0.041488223
953661,0.11585971
953813,0.03863841
953882,0.14707872
953883,0.11821212
953884,0.10540614
953909,0.20874286
953910,0.1637121
953911,0.15698647
953925,0.15934584
953926,0.13679768
953927,0.13168995
953928,0.121853426
953929,0.11579985
953930,0.10176046
953946,0.0923991
953947,0.09820398
953948,0.08860798
953949,0.07815268
953950,0.07732056
954028,0.065509364
954032,0.072936505
954117,0.27641916
954118,0.18150547
954119,0.15185237
954120,0.13845815
954121,0.13028476
954122,0.12579842
954123,0.11672891
954124,0.11869327
954125,0.10393702
954126,0.10150681
954127,0.10074232
954128,0.09259755
954129,0.08328199
954130,0.31400824
954131,0.24778996
954132,0.23822233
954133,0.21538481
954134,0.2036967
954135,0.19351958
954136,0.15310661
954137,0.14361851
954138,0.119493075
954139,0.13265716
954148,0.20142716
954149,0.11210586
954150,0.094200365
954151,0.11224325
954152,0.11068495
954153,0.110028684
954154,0.110028684
954155,0.09301988
954156,0.08981415
954167,0.067237064
954290,0.20208247
954291,0.15528053
954292,0.1485793
954293,0.14457771
954294,0.18802993
954295,0.14142872
954296,0.12150989
954310,0.14072002
954311,0.09575137
954312,0.07758484
954313,0.09489665
954314,0.06530749
954315,0.06048408
954316,0.04969285
954327,0.16744715
954328,0.10612624
954329,0.042329744
954330,0.09098391
954331,0.08341665
954339,0.03772373
954340,0.07555391
954341,0.06473318
954342,0.061828893
954563,0.1523885
954564,0.11686161
954565,0.10866972
954566,0.10053871
954567,0.095218934
954568,0.09194918
954950,0.15110639
954951,0.1244065
954952,0.11873472
954953,0.14679712
954954,0.13764518
954955,0.13244127
954956,0.12255689
954957,0.11737091
954958,0.103163265
954959,0.09899285
954960,0.09824522
954961,0.08939456
954967,0.06154443
954968,0.06277296
954969,0.060092844
955235,0.20146419
955236,0.16425513
955237,0.15640049
955238,0.14343622
955239,0.13423401
955240,0.12929751
955241,0.11961523
955242,0.11401794
955243,0.100459695
955244,0.09810189
955255,0.08902776
955256,0.08968104
955257,0.08063281
955303,0.14741114
955304,0.12156399
955305,0.11471264
955306,0.10389455
955307,0.098243676
955331,0.082555875
955343,0.06874286
955344,0.07197675
955401,0.08843318
955402,0.07921017
955403,0.074355215
955537,0.015660068
955845,0.16387907
955846,0.13562253
955850,0.122486666
955851,0.11363938
955852,0.10752207
955853,0.1036585
956137,0.015412341
956198,0.31401893
956199,0.2599417
956200,0.24324863
956201,0.22223262
956202,0.19348241
956203,0.17434782
956204,0.1595385
956205,0.15311852
956206,0.14510402
956207,0.13252601
956208,0.11726462
956209,0.109211594
956210,0.110320345
956211,0.10992239
956212,0.091988124
956216,0.11340704
956217,0.09210991
956218,0.07699639
956219,0.07278171
956220,0.06950348
956221,0.069323786
956222,0.069323786
956223,0.0662693
956224,0.065250464
956225,0.065250464
956226,0.0646024
956227,0.061114375
956241,0.021267641
956797,0.23504032
956798,0.18152286
956799,0.18733144
956800,0.18893419
956801,0.20358738
956819,0.1947989
956820,0.13267018
956821,0.097488485
956822,0.14902364
956823,0.1105015
957708,0.26277655
957709,0.11286749
957710,0.22499721
957711,0.09764599
957712,0.18947037
957713,0.18618847
957714,0.16077244
957715,0.077884324
957716,0.09293817
957717,0.11152297
957991,0.18075247
957992,0.15610999
957993,0.15364921
957994,0.12527186
957995,0.11815827
957996,0.11042753
957997,0.10275542
957998,0.09632905
957999,0.08467324
958000,0.080576956
958001,0.07872841
958002,0.07220721
958003,0.06655146
958004,0.06531607
958005,0.06330185
958006,0.063680895
958007,0.063680895
958008,0.055178575
958009,0.05498405
958010,0.053874247
958011,0.053571418
958012,0.053571418
958016,0.12050009
958017,0.10535153
958018,0.04826309
958019,0.04761827
958020,0.04579993
958021,0.10685377
958022,0.040868953
958023,0.040423494
958024,0.04032768
958025,0.04032768
958026,0.044169206
958798,0.10912666
958799,0.084180176
958800,0.13962348
958801,0.12535457
958830,0.02916522
959749,0.1330812
959750,0.12919682
959751,0.12868933
959789,0.033568013
959797,0.17906065
959798,0.14631899
959939,0.1875919
959940,0.11178076
959941,0.1050709
959948,0.08501707
960021,0.24668111
960022,0.201863
960023,0.1383468
960024,0.17137715
960025,0.20870505
960026,0.20044503
960036,0.15296471
960037,0.11460751
960184,0.02381964
960204,0.025375267
961614,0.18067883
961615,0.14968456
961621,0.14415237
961622,0.12701532
961623,0.12116425
961624,0.14452536
961625,0.13504232
961793,0.17190422
961794,0.20113637
961795,0.13618234
961796,0.15209968
961797,0.118011504
961798,0.11339154
962248,0.02292442
962270,0.025100566
911545,0.3493355
911546,0.22717212
911547,0.282898
911556,0.272421
911557,0.13162407
911558,0.17269196
911559,0.14437516
911560,0.1380555
911561,0.1132433
911562,0.10783032
911563,0.12496359
911564,0.105570965
911565,0.0979067
911566,0.09640009
911567,0.09640009
911568,0.09582732
911569,0.11329456
911570,0.0743932
911575,0.12866028
911576,0.084590055
911577,0.08437489
911578,0.083173215
911579,0.07905913
911580,0.07761723
911581,0.09527614
911582,0.07658708
911583,0.079485945
911584,0.079485945
911585,0.077438906
911586,0.094577596
911587,0.09011037
911588,0.094577596
911589,0.09460318
911590,0.07738219
911591,0.10249396
911592,0.098580025
911603,0.05315828
911604,0.04283876
911605,0.042756032
911606,0.042693444
911607,0.09524809
911608,0.061978877
911609,0.05541688
911610,0.07675823
911618,0.05234695
911619,0.04276203
911620,0.04276203
911621,0.04276203
911622,0.04276203
911623,0.04276203
911624,0.044044413
911625,0.044044413
911630,0.05046693
911631,0.043751806
911632,0.04309676
911633,0.04309676
911634,0.04309676
911635,0.04309676
911636,0.04309676
911637,0.04309676
911654,0.049716566
911655,0.042850543
911656,0.042850543
912036,0.17892538
912047,0.28814486
912048,0.1993682
912049,0.18368573
912050,0.17564727
912051,0.19876614
912052,0.16042593
912053,0.14052063
912054,0.12841196
912095,0.056518495
912096,0.042431526
912097,0.038695503
912098,0.093207136
912099,0.107451655
912100,0.107451655
912101,0.107451655
912102,0.12960294
912103,0.09085996
912128,0.06694753
912129,0.051039554
912130,0.050943956
912131,0.050610233
912132,0.048379213
912133,0.047888365
912134,0.047888365
912135,0.047800288
912136,0.048425913
912137,0.1220378
912138,0.118643664
912139,0.1124288
912140,0.10409384
912141,0.09974721
912142,0.047937524
912143,0.047792826
912144,0.09855173
912145,0.047792826
912146,0.030965941
912147,0.030950764
912148,0.03089025
912149,0.030844469
912150,0.030844469
912151,0.029177407
912152,0.048098482
912153,0.029378276
912154,0.029378276
912155,0.029378276
912156,0.029378276
912157,0.029378276
912158,0.048098482
912159,0.048098482
912160,0.046047643
912161,0.028102066
912185,0.087540604
912186,0.071696624
912187,0.06899617
912188,0.068872295
912189,0.06883095
912190,0.06883095
912585,0.2207325
912586,0.18350394
912587,0.15617974
912588,0.19708285
912589,0.18755329
912590,0.18115689
912591,0.1718121
912592,0.16066466
912593,0.09763305
912594,0.12732497
912595,0.09463077
912782,0.17483814
912802,0.27466714
912803,0.16817822
912804,0.1537925
912805,0.14388078
912806,0.13702346
912807,0.1298995
912810,0.14976545
912811,0.1374375
912812,0.105531864
912813,0.13314617
912814,0.1025828
912815,0.118196085
912816,0.09245044
912823,0.11187892
912824,0.13865855
912825,0.13865855
912826,0.04816975
912827,0.04816975
912828,0.04816975
912829,0.048042364
912832,0.05728103
912833,0.04681062
912834,0.046076175
912842,0.05450741
912843,0.04747457
912844,0.045794293
912845,0.04569564
912850,0.050619766
912851,0.044089243
912852,0.043985143
912853,0.043985143
912854,0.043985143
912855,0.043985143
912876,0.09631014
912877,0.07595693
912878,0.07003959
912879,0.06580812
912880,0.06215797
912911,0.013045546
913013,0.11423429
913014,0.093811385
913015,0.08722276
913016,0.07970668
913017,0.07432445
913031,0.080055945
913032,0.06804198
913033,0.06526079
913034,0.057161186
913044,0.05455408
913045,0.0549719
913046,0.050207485
913123,0.10186223
913124,0.08423524
913125,0.07944135
913126,0.07219069
913127,0.067278884
913128,0.0649614
913129,0.06161957
913130,0.07082504
913131,0.05282304
913132,0.05119798
913133,0.050790954
913134,0.04600093
913135,0.044269692
913136,0.04140695
913137,0.040865775
913143,0.0415923
913515,0.10366565
913516,0.08501104
913517,0.08017686
913518,0.08999493
913519,0.0687238
913522,0.15819359
913523,0.12629198
913524,0.0648907
913525,0.09580039
913526,0.055530917
913527,0.12780465
913545,0.056874435
913546,0.04746918
913547,0.046926018
913548,0.046316188
913557,0.045018625
913558,0.046021823
913559,0.03942977
913635,0.0142784435
913836,0.16040458
913837,0.13181056
913838,0.12574942
913839,0.115820445
913840,0.10611614
913841,0.102582775
913842,0.095190674
913844,0.09410605
913845,0.0802202
913846,0.07782154
913899,0.19000933
913900,0.14065145
913901,0.18051472
913902,0.122816674
913903,0.112601295
913904,0.108878225
913905,0.100977905
913906,0.0983768
913907,0.08683535
913908,0.120850325
913909,0.042419195
913910,0.08051797
913911,0.12742738
913912,0.13612723
913913,0.07655605
913914,0.076003835
913915,0.09787223
913916,0.06919089
913917,0.06919089
913918,0.06919089
913919,0.06901194
913920,0.06901194
913921,0.06774018
913922,0.067066744
913926,0.083961636
913927,0.06694587
913928,0.0669672
913929,0.0669672
913930,0.0669672
913931,0.0669672
913932,0.0669672
913933,0.0669672
913934,0.0669672
913941,0.07983102
913942,0.06337889
913943,0.06337889
913944,0.063213125
913945,0.062420975
913946,0.06230289
913947,0.060985137
913949,0.0731816
913950,0.06053815
913951,0.06029954
913952,0.06029954
913953,0.06029954
913954,0.06029954
913972,0.07236947
913973,0.06029954
913974,0.06029954
913975,0.06029954
913976,0.06015878
913977,0.06015878
913978,0.05976582
913979,0.05976582
913980,0.05769537
914070,0.082600616
914071,0.06556708
914072,0.06969024
914073,0.056501016
914074,0.1114971
914075,0.14570065
914076,0.10741525
914077,0.1015854
914078,0.087279364
914079,0.08475747
914080,0.086057425
914214,0.040498063
914215,0.03720474
914216,0.100461505
914217,0.115756914
914218,0.10920735
914219,0.102638535
914220,0.098235145
914221,0.1520992
914222,0.14419737
914223,0.11443592
914224,0.10650733
914225,0.19514737
914226,0.19663171
914227,0.17428893
914228,0.15053517
914229,0.077507645
914230,0.07479664
914231,0.07421669
914232,0.069574304
914233,0.06531071
914234,0.10529906
914249,0.11373638
914250,0.095506534
914251,0.089552134
914252,0.08260878
914253,0.076487385
914258,0.06781835
914259,0.06786766
914409,0.12195935
914410,0.09794409
914424,0.10056958
914425,0.08493398
914426,0.07843941
914427,0.07525564
914428,0.06960448
914429,0.067109555
914430,0.058398195
914440,0.014794287
914475,0.09031562
914476,0.20095512
914477,0.18254067
914478,0.050097067
914481,0.033388484
914519,0.13231918
914520,0.10714533
914521,0.10061652
914522,0.09205298
914523,0.084000334
914524,0.080731824
914525,0.07371663
914526,0.17556429
914527,0.12762296
914528,0.058339488
914529,0.03267962
914532,0.31659982
914533,0.24606799
914545,0.26451543
914546,0.21143915
914547,0.20248741
914548,0.19513448
914549,0.18697922
914550,0.17642796
914553,0.14648083
914554,0.13512772
914555,0.13512772
914556,0.12991096
914792,0.12970541
914793,0.1106122
914828,0.30548558
914829,0.23437744
914830,0.2201494
914831,0.20220248
914832,0.19327603
914833,0.18617953
914834,0.17751855
914835,0.1661969
914836,0.13934802
914837,0.13564162
914838,0.13524382
914839,0.1298643
914845,0.15564185
914846,0.12021637
914847,0.11857041
914867,0.14415552
914868,0.11444766
914869,0.09949805
914870,0.09949805
914871,0.0986531
914872,0.09840602
914893,0.11986603
914894,0.0933563
914895,0.108289704
914896,0.10662131
914897,0.044181578
914898,0.044195987
914899,0.044195987
914900,0.10582342
914901,0.044016022
914902,0.043912083
914903,0.043912083
914904,0.043912083
914905,0.043912083
914906,0.0915709
914907,0.043912083
914924,0.08699268
914925,0.06433596
914926,0.041008018
914927,0.039573036
914928,0.062016662
914929,0.059955217
914949,0.05881932
914971,0.14412826
914972,0.114736445
914973,0.14533286
914974,0.09617558
914975,0.092526816
914976,0.088167004
915056,0.02077059
915331,0.22329766
915332,0.25474456
915333,0.17807244
915334,0.16986176
915335,0.16230798
915336,0.2075767
915337,0.13744588
915338,0.13138294
915339,0.111779705
915340,0.14258489
915341,0.10816067
915342,0.10182548
915343,0.11168209
915344,0.07736975
915345,0.07790261
915346,0.0917957
915347,0.09960281
915348,0.08857772
915349,0.08802936
915350,0.069095194
915351,0.06972253
915352,0.06972253
915353,0.06827073
915354,0.11207858
915355,0.067791075
915356,0.08166307
915357,0.068535954
915358,0.068535954
915359,0.06787404
915360,0.06787404
915361,0.079608075
915362,0.06781862
915363,0.09568151
915364,0.11249628
915365,0.06781862
915366,0.13564347
915367,0.111918256
915368,0.07935025
915369,0.09235664
915370,0.109965704
915371,0.073049545
915372,0.035117544
915373,0.1002971
915374,0.06272875
915375,0.08260296
915376,0.1154956
915377,0.11849804
915378,0.03411289
915379,0.09441985
915667,0.13927963
915668,0.07787643
915675,0.11396381
915695,0.23001075
915699,0.21477892
915700,0.17032915
915701,0.15769367
915702,0.14955437
915703,0.1433049
915707,0.15308237
915708,0.12733582
915709,0.109846875
915710,0.107084475
915724,0.027212862
915738,0.22570553
915739,0.16779612
915740,0.15829334
915741,0.14460617
915742,0.13272044
915743,0.1274498
915744,0.12065534
915745,0.11523416
915746,0.09676162
915747,0.093804814
915748,0.0930923
915749,0.08865672
915750,0.10289172
915751,0.07869267
915752,0.07869267
915753,0.07869267
915754,0.100718215
915755,0.06880247
915756,0.067143776
915757,0.067143776
915758,0.067166716
915759,0.090455085
915760,0.08723733
915761,0.05706438
915762,0.06684705
915763,0.072552785
915764,0.061346896
915775,0.0636478
915776,0.0667478
915777,0.072416365
915778,0.061346896
915779,0.05697877
915780,0.086090736
915781,0.05073778
915782,0.05073778
915783,0.05073778
915791,0.062894955
915792,0.050874814
915818,0.06956118
915819,0.056437664
915820,0.056437664
915821,0.05672433
915822,0.05677792
915823,0.05677792
915835,0.090858854
915836,0.07354757
915837,0.05677792
915838,0.057137843
915839,0.057137843
915840,0.057137843
915841,0.054652072
915842,0.054652072
915843,0.054293
915844,0.054293
915845,0.053488955
915846,0.053488955
915869,0.08290089
915870,0.06807965
915871,0.06807965
915872,0.06807965
915877,0.08199393
915878,0.06891541
915879,0.06891541
915880,0.06891541
915881,0.07027518
915882,0.06100436
915887,0.07137475
915888,0.06100436
915889,0.07636045
916146,0.108734675
916147,0.10218294
916157,0.09096146
916256,0.18153542
916257,0.13651179
916258,0.17704675
916259,0.11697828
916260,0.109462544
916261,0.10504272
916262,0.09938994
916263,0.09482118
916264,0.08365812
916265,0.08149402
916266,0.10675728
916267,0.07651235
916268,0.06920921
916269,0.0678116
916270,0.0678116
916271,0.09662749
916272,0.08280562
916273,0.05633002
916274,0.06842574
916275,0.055452902
916276,0.08332513
916277,0.07120289
916278,0.078848325
916279,0.06601402
916280,0.069799185
916281,0.06357359
916282,0.053413875
916283,0.07959482
916284,0.067337446
916285,0.053413875
916286,0.06591592
916287,0.053647745
916288,0.097631685
916289,0.064953364
916290,0.06874454
916291,0.055251446
916292,0.10893449
916293,0.06839023
916294,0.05500903
916295,0.0665962
916296,0.052583404
916297,0.062341645
916298,0.06060707
916300,0.1015032
916301,0.0715371
916302,0.06060707
916303,0.064564615
916304,0.05072706
916313,0.14396812
916314,0.056035586
916315,0.05627978
916320,0.06233957
916470,0.015150601
916528,0.2038038
916529,0.15408337
916530,0.1435655
916531,0.13320209
916532,0.13853629
916533,0.12005577
916534,0.08394183
916535,0.10635582
916537,0.11597179
916538,0.09271098
916539,0.09226926
916575,0.1265092
916576,0.09916298
916577,0.0953098
916578,0.21756427
916579,0.22258833
916580,0.12107527
916581,0.19731344
916582,0.19207191
916583,0.14700559
916584,0.093049
916588,0.17275596
916589,0.14602123
916590,0.072388105
916591,0.055529743
916592,0.057266846
916593,0.09325446
916594,0.13190258
916604,0.040513854
916605,0.036262292
916606,0.05957898
916607,0.104159296
916676,0.12612192
916677,0.11979939
916678,0.11362862
916679,0.098882966
916680,0.08459338
916681,0.11384693
916682,0.07828008
916683,0.068520024
916684,0.05951273
916685,0.057498433
916686,0.055869162
916687,0.05215786
916688,0.049444932
916689,0.07071982
916690,0.053755548
916691,0.053755548
916692,0.053016722
916693,0.048956703
916694,0.06277502
916695,0.046193082
916696,0.047104284
916697,0.047104284
916698,0.07939169
916699,0.060641196
916700,0.060641196
916701,0.04827108
916702,0.04827108
916703,0.06677375
916704,0.048294876
916705,0.08769441
916706,0.048600536
916707,0.04845387
916708,0.048311412
916709,0.047751103
916710,0.047751103
916711,0.04539102
916712,0.04790548
916713,0.06581928
916714,0.051871758
916715,0.052069474
916716,0.050631106
916717,0.050631106
916718,0.05067925
916719,0.05067925
916720,0.04566853
916721,0.04566853
916722,0.04566853
916723,0.04566853
916724,0.04566853
916725,0.04566853
916726,0.035035133
916727,0.031034984
916728,0.060586262
916729,0.031034984
916730,0.060494676
916731,0.044392504
916732,0.060494676
916733,0.06028898
916734,0.054296784
916735,0.043677155
916736,0.043677155
916737,0.043427777
916738,0.043427777
916739,0.043427777
916740,0.043511577
916741,0.04204512
916742,0.041054655
916743,0.041054655
916744,0.041054655
916745,0.041054655
916746,0.041054655
916747,0.041054655
916748,0.053686015
916749,0.0442258
916750,0.0442258
916751,0.0442258
916752,0.044088904
916753,0.043670267
916754,0.04368114
916755,0.04368114
916756,0.04416156
916757,0.04416156
916758,0.04416156
916759,0.04416156
916760,0.04054739
916761,0.04054739
916762,0.040518336
916763,0.04024539
916764,0.04024539
916765,0.04024539
916766,0.040126044
916767,0.040126044
916768,0.039441835
916769,0.039441835
916770,0.03898018
916771,0.03898018
916772,0.038639016
916773,0.03754322
916774,0.04944054
916775,0.042387366
917007,0.013105646
917091,0.0942857
917092,0.079921156
917093,0.07339953
917094,0.068647906
917112,0.112623446
917113,0.094814606
917114,0.08889914
917115,0.08017915
917116,0.074902676
917117,0.07167519
917118,0.06793941
917119,0.06624017
917120,0.057520945
917121,0.055793405
917122,0.055351976
917123,0.051995583
917124,0.055385932
917125,0.049361784
917126,0.04889015
917127,0.04858026
917128,0.04858026
917129,0.042946875
917130,0.042946875
917131,0.04211525
917132,0.04211525
917137,0.07400843
917139,0.25892243
917140,0.069854155
917141,0.06455495
917142,0.060620483
917143,0.12298298
917144,0.046663236
917145,0.07119628
917146,0.10155426
917147,0.076391764
917168,0.25218263
917169,0.12118573
917179,0.19564697
917180,0.21547215
917181,0.12745053
917182,0.1871715
917183,0.08566092
917184,0.127971
917185,0.081968285
917193,0.11320919
917194,0.03940331
917300,0.08991415
917301,0.058001414
917302,0.07048614
917303,0.0659097
917304,0.06094347
917394,0.12825125
917395,0.10190654
917396,0.1463054
917397,0.15619317
917398,0.14492998
917399,0.17310874
917400,0.076222524
917401,0.07011546
917402,0.061662856
917403,0.059783008
917404,0.059311997
917405,0.054201897
917406,0.050072953
917407,0.049041424
917408,0.065024175
917409,0.047442593
917425,0.09718342
917426,0.044406638
917427,0.07046175
917428,0.04510035
917431,0.044036463
917432,0.043021023
917456,0.13829027
917457,0.1059292
917458,0.09827177
917477,0.117968716
917478,0.084920175
917479,0.19348198
917480,0.097850494
917522,0.12622544
917523,0.08666186
917524,0.08479498
917525,0.08414456
917526,0.08134482
917527,0.0740316
917528,0.073720686
917529,0.073720686
917530,0.073720686
917531,0.073720686
917532,0.066034354
917533,0.04814347
917534,0.04626691
917535,0.04614431
917536,0.06586299
917537,0.062947735
917538,0.061976578
917539,0.061976578
917540,0.041073665
917751,0.17091489
917752,0.1359705
917753,0.12580502
917754,0.11629144
917755,0.10938297
917756,0.10461267
917757,0.1224413
917758,0.103579596
917759,0.09085854
917760,0.08852617
917761,0.08784988
917849,0.1252486
917850,0.10279019
917869,0.09323219
918156,0.17914744
918157,0.14648388
918161,0.18535165
918162,0.1271558
918163,0.11968946
918164,0.11452767
918165,0.09748934
918166,0.089199215
918173,0.12365563
918174,0.076001726
918175,0.1621066
918176,0.081972286
918177,0.08570721
918189,0.088181995
918190,0.08460412
918191,0.097262606
918192,0.07023631
918193,0.12177412
918194,0.05834384
918219,0.07270419
918220,0.07296113
918223,0.068845
918224,0.071940966
918225,0.06024495
918226,0.07319693
918227,0.06317383
918228,0.078230634
918229,0.078230634
918230,0.05374673
918231,0.04857907
918261,0.13140748
918262,0.112569876
918263,0.13392138
918264,0.09405038
918265,0.08700654
918778,0.096215494
918779,0.083175
918780,0.07729167
918781,0.07217799
918884,0.0824365
918885,0.07255723
918886,0.065848395
919048,0.15899816
919049,0.11493355
919050,0.10753865
919051,0.0982074
919052,0.0896696
919053,0.08590505
919054,0.07952295
919055,0.07742694
919066,0.093492955
919067,0.06589581
919068,0.06538001
919069,0.061397042
919070,0.05684149
919071,0.05608713
919072,0.05608713
919083,0.07287042
919084,0.05608713
919085,0.05011352
919086,0.05011352
919087,0.06350442
919097,0.16991578
919098,0.0841334
919099,0.0726828
919100,0.05904748
919101,0.050506897
919110,0.08005208
919111,0.0504306
919112,0.074796915
919113,0.06926248
919114,0.10525975
919115,0.09745029
919116,0.09802349
919117,0.068427496
919118,0.074796915
919119,0.07453155
919120,0.06909268
919121,0.093226746
919122,0.09576089
919141,0.06378656
919142,0.0795977
919143,0.10927862
919144,0.06341562
919145,0.058686584
919146,0.06801064
919152,0.08046686
919153,0.052082267
919154,0.060435772
919155,0.07001707
919156,0.092893675
919157,0.12930575
919166,0.12612699
919167,0.052161198
919168,0.10164862
919169,0.06705778
919170,0.121877246
919171,0.055908553
919172,0.098626114
919174,0.122176655
919175,0.05064508
919350,0.10775993
919351,0.06562162
919453,0.1570653
919454,0.11656245
919455,0.11151697
919456,0.10041896
919457,0.0684904
919458,0.09158492
919459,0.1194331
919460,0.08497709
919461,0.1074756
919462,0.07292211
919463,0.09434464
919464,0.067390114
919465,0.09043193
919466,0.060389556
919467,0.0606449
919468,0.077089906
919469,0.08864657
919470,0.05402177
919471,0.052699238
919472,0.052699238
919473,0.07437086
919474,0.058746517
919475,0.05776795
919476,0.057160415
919477,0.057160415
919478,0.11785763
919479,0.087594494
919480,0.057074666
919481,0.05748992
919482,0.05748992
919483,0.108375356
919484,0.08092815
919485,0.08000496
919486,0.07490535
919487,0.07260459
919488,0.09007616
919489,0.06841102
919490,0.06789519
919491,0.06449674
919492,0.106022954
919493,0.051313758
919494,0.058463372
919495,0.06249796
919496,0.059188634
919497,0.059188634
919498,0.08928389
919499,0.13279262
919500,0.107180305
919501,0.08125303
919502,0.07234679
919504,0.35611108
919505,0.2708171
919506,0.13877271
919507,0.13963611
919508,0.21091954
919512,0.13336861
919513,0.09965144
919514,0.09724186
919515,0.13351789
919516,0.15252842
919517,0.08299077
919524,0.09225089
919525,0.07281104
919526,0.072504856
919527,0.072504856
919528,0.15787949
919532,0.06624825
919533,0.08570136
919534,0.074720085
919535,0.09958624
919536,0.12800166
919537,0.12837867
919538,0.11960517
919543,0.05356759
919544,0.04755282
919545,0.046917018
919546,0.04395316
919547,0.04395316
919548,0.039437994
919549,0.0390075
919550,0.038914908
919551,0.041175067
919960,0.13727812
919961,0.097154744
919962,0.14382187
919963,0.19019143
919964,0.12295946
919965,0.18859446
919966,0.20673329
919967,0.056826286
919968,0.09209711
919969,0.15281034
919970,0.072156794
919971,0.051887427
919972,0.049472068
919973,0.048897546
919974,0.048897546
919975,0.048897546
919976,0.048897546
919977,0.0434984
919978,0.0434984
919979,0.041759703
919980,0.041648526
919981,0.041648526
919982,0.04075378
919983,0.04033702
919984,0.04033702
919985,0.088969424
919986,0.03610609
919987,0.0807216
919988,0.10535463
919989,0.066231176
919990,0.10765936
919991,0.040275436
919995,0.050218727
919996,0.040275436
919997,0.040275436
919998,0.040275436
919999,0.04027748
920000,0.039014418
920001,0.038938776
920002,0.03809511
920003,0.03809511
920004,0.063135885
920005,0.11157213
920006,0.0378288
920007,0.0378288
920008,0.0378288
920009,0.0378288
920010,0.037507396
920011,0.037507396
920012,0.037507396
920013,0.035750043
920014,0.035750043
920015,0.03551049
920016,0.03551049
920017,0.03424971
920018,0.0346751
920019,0.0346751
920020,0.0346751
920032,0.24084732
920038,0.21905734
920039,0.1648674
920040,0.1439014
920041,0.1001735
920042,0.20890336
920043,0.06259089
920112,0.2256191
920113,0.16416185
920114,0.16531506
920115,0.11397524
920116,0.14201058
920251,0.19350228
920252,0.15520512
920253,0.13357759
920254,0.12045149
920312,0.06980813
920313,0.19710666
920314,0.23059712
920324,0.12562044
920325,0.17202464
920326,0.16778155
920327,0.15862963
920328,0.10811982
920381,0.10299006
920382,0.12460329
920388,0.04591
920405,0.1607986
920406,0.17396125
920407,0.22050866
920408,0.17958358
920409,0.15179595
920410,0.120086186
920411,0.16669631
920429,0.28045568
920430,0.09623395
920431,0.090862006
920432,0.08371037
920433,0.07870665
920434,0.113479055
920435,0.10531421
920436,0.09182529
920437,0.14233758
920438,0.08385041
920439,0.13133973
920454,0.07271255
920542,0.082864344
920543,0.20548671
920544,0.12206684
920545,0.10200395
920546,0.2324945
920547,0.17506628
920548,0.13151452
920549,0.065409176
920550,0.044380687
920551,0.0837293
920553,0.069371805
920554,0.12392156
920555,0.072298676
920556,0.103080794
920557,0.06729666
920558,0.11023234
920566,0.098295055
920567,0.061665736
920568,0.090851985
920569,0.1264615
920570,0.07615631
920571,0.032234725
920579,0.10962754
920580,0.06351317
920588,0.11053133
920595,0.07637864
920596,0.116947934
920597,0.0935493
920598,0.031883735
920605,0.09529087
920606,0.12624858
920607,0.110703334
920608,0.14365041
920609,0.089210406
920610,0.102454506
920611,0.09393004
920612,0.12386887
920613,0.104077764
920614,0.104791395
920615,0.099354945
920621,0.047391377
920622,0.09292155
920623,0.04493021
920624,0.04493021
920625,0.04493021
920626,0.07263677
920627,0.035459403
920659,0.1003845
920660,0.14764614
920667,0.14159432
920668,0.11175238
920669,0.10148672
920670,0.09850835
920671,0.09307239
920676,0.1320505
920677,0.07825365
920678,0.076217726
920679,0.046927154
920680,0.043426804
920681,0.090273045
920692,0.11844836
920693,0.109234
920694,0.05180062
920888,0.1143393
920889,0.111996144
920890,0.09933677
920891,0.114041805
920892,0.09890243
920902,0.15740335
920934,0.19969845
920935,0.14570399
920936,0.1352823
920937,0.12271897
920938,0.1141826
920939,0.060166955
920940,0.106141426
920941,0.055731595
920942,0.085093886
920943,0.13161343
920944,0.061309233
920945,0.08072574
920946,0.07074352
920947,0.05498016
920948,0.05498016
920949,0.05498016
920950,0.054672956
920951,0.09032524
920952,0.047470193
920953,0.047774103
920954,0.04764771
920955,0.07911853
920956,0.061651755
920957,0.061034877
920958,0.061034877
920959,0.06090028
920960,0.061686255
920961,0.061686255
920962,0.061686255
920963,0.061686255
920964,0.061476775
920965,0.061476775
920966,0.061476775
920967,0.061476775
920968,0.061476775
920969,0.046811733
920970,0.046719767
920971,0.04602334
920972,0.04603756
920973,0.04449617
920974,0.03981034
920975,0.039812602
920976,0.05577631
920977,0.05577631
920978,0.03867901
920979,0.056412503
920980,0.057552133
920981,0.057552133
920982,0.057552133
920983,0.057552133
920984,0.055278484
921015,0.13689968
921016,0.11404344
921017,0.07272571
921018,0.114792176
921035,0.20552203
921036,0.1339523
921037,0.1364005
921038,0.07185154
921333,0.21914853
921334,0.06859502
921335,0.11393425
921336,0.12119203
921337,0.113861814
921338,0.117547475
921339,0.06167985
921340,0.060200505
921341,0.052875206
921342,0.051248625
921343,0.050841216
921344,0.047734972
921345,0.04414547
921346,0.04355182
921347,0.05984505
921348,0.1361037
921349,0.14159635
921350,0.12010348
921351,0.1163435
921352,0.110365376
921353,0.11904376
921354,0.10483229
921355,0.11600949
921356,0.09427928
921357,0.1069923
921358,0.102905735
921359,0.04852588
921365,0.04078095
921366,0.034193773
921367,0.033818506
921368,0.033737797
921369,0.033737797
921370,0.033737797
921371,0.033737797
921435,0.08691541
921436,0.08425103
921437,0.0762621
921438,0.07126295
921515,0.11804364
921516,0.08841372
921517,0.10852684
921518,0.076707214
921519,0.07109225
921520,0.069446295
921521,0.06467352
921522,0.06240631
921523,0.054828268
921524,0.053144976
921525,0.052723333
921526,0.049190335
921527,0.04513928
921528,0.042098425
921529,0.049906258
921530,0.04207529
921531,0.04207529
921532,0.033600327
921533,0.076067805
921534,0.06746685
921535,0.055311263
921536,0.08042579
921537,0.061410993
921538,0.051565338
921556,0.21444258
921557,0.26497212
921558,0.20173159
921559,0.15292765
921560,0.15650786
921561,0.1842267
921562,0.103216335
921563,0.10155771
921564,0.124852136
921570,0.23596254
921571,0.14854951
921572,0.08713619
921573,0.081895836
921758,0.09170977
921759,0.0788663
921764,0.06915258
921765,0.06556711
921766,0.060514018
921771,0.16812314
921772,0.1216683
921773,0.10981515
921774,0.2038821
921775,0.1326673
921776,0.15041137
921777,0.108898066
921778,0.18020317
921779,0.14595555
921780,0.15069737
921781,0.13851713
921783,0.11408363
921784,0.07901986
921785,0.08593582
921786,0.12485916
921787,0.078521885
921788,0.053596847
921789,0.04781647
921790,0.04781647
921791,0.04781647
921792,0.04768997
921796,0.060345538
921797,0.046140388
921798,0.045489933
921800,0.059085302
921801,0.047632974
921802,0.047648456
921803,0.047648456
921804,0.047648456
921805,0.047648456
921813,0.059710603
921814,0.047648456
921815,0.047648456
921816,0.047648456
921817,0.047648456
921818,0.059710603
921819,0.047904447
921820,0.047881372
921821,0.047789395
921822,0.0477198
921823,0.060001314
921824,0.048734646
921825,0.04854016
921826,0.04854016
921827,0.04854016
921844,0.14606169
921845,0.028370785
921846,0.028370785
921847,0.028370785
921848,0.108812384
921849,0.04509682
921850,0.04509682
921851,0.1003075
921858,0.03290264
921859,0.028195288
921889,0.08207078
921900,0.33666557
921901,0.25387692
921902,0.093517356
921903,0.08782732
921904,0.20394139
921913,0.17397836
921914,0.078709126
921915,0.069297716
921916,0.06747774
921917,0.09827986
921918,0.09443751
921919,0.084479876
921920,0.078394115
921921,0.078394115
921922,0.12393118
921923,0.078394115
921933,0.06443511
921934,0.049955107
921935,0.050921146
921936,0.053962097
921937,0.0546971
921938,0.054997347
921939,0.053174295
921940,0.047244735
921941,0.04717121
921942,0.04823387
921943,0.04823387
921944,0.04823387
921945,0.0469756
921946,0.046812885
921947,0.046289638
921948,0.046289638
921949,0.046289638
921950,0.045946077
921956,0.121430956
921957,0.1326077
921958,0.028500378
921959,0.02844452
921960,0.02743659
921961,0.027254106
921962,0.027047228
921963,0.060197346
921964,0.040952742
921965,0.04038238
921966,0.04038238
921967,0.04038238
921971,0.063314825
921992,0.07310825
921993,0.090073116
921994,0.08475702
921995,0.07742707
921996,0.08219159
921997,0.06880493
921998,0.06527918
921999,0.067277
922000,0.05413548
922001,0.052268237
922002,0.05185317
922003,0.04648681
922004,0.044575486
922080,0.14838777
922081,0.11234097
922082,0.09447538
922083,0.0927986
922084,0.08714808
922092,0.11922195
922093,0.09016475
922094,0.087815
922095,0.06862996
922096,0.0676785
922097,0.06663058
922098,0.061007675
922099,0.05829302
922100,0.057520572
922101,0.057520572
922102,0.057520572
922103,0.057520572
922104,0.05255338
922105,0.05255338
922106,0.05255338
922107,0.052415047
922122,0.039577402
922123,0.03451299
922124,0.034020606
922125,0.034020606
922126,0.033957124
922127,0.14597823
922128,0.034572396
922129,0.034572396
922130,0.14597823
922131,0.14473554
922132,0.14473554
922133,0.034572396
922134,0.061874893
922135,0.061874893
922136,0.061874893
922137,0.06075905
922138,0.06040115
922139,0.060286645
922140,0.05770629
922141,0.057334345
922142,0.056912497
922143,0.05532007
922144,0.05532007
922145,0.05532007
922146,0.05532007
922147,0.13351722
922148,0.05532007
922237,0.20688215
922238,0.22577678
922239,0.13734473
922240,0.11568726
922241,0.108810276
922242,0.11611195
922243,0.0973147
922244,0.09101833
922245,0.09117128
922246,0.07745022
922298,0.24102716
922299,0.14640728
922300,0.165316
922301,0.14508681
922302,0.11550794
922303,0.1220296
922304,0.114260234
922313,0.14140677
922314,0.090857066
922315,0.09000222
922337,0.045166027
922338,0.033312615
922339,0.030527182
922340,0.035019338
922353,0.14472976
922354,0.077560544
922355,0.1267919
922359,0.069580324
922360,0.060257897
922361,0.060257897
922362,0.060100567
922363,0.060100567
922364,0.025748152
922365,0.09523074
922366,0.056694247
922382,0.058480855
922558,0.13454776
922559,0.10548304
922560,0.09961149
922561,0.0917246
922562,0.08369803
922563,0.080440246
922564,0.07758282
922565,0.06044292
922566,0.06362097
922567,0.052341674
922568,0.062241584
922569,0.05737875
922570,0.054901913
922571,0.053776544
922572,0.05139964
922573,0.044419073
922574,0.044419073
922575,0.041713655
922576,0.04067949
922577,0.046806414
922578,0.04181101
922579,0.04181101
922580,0.040108383
922581,0.040092707
922582,0.039474744
922583,0.038942534
922585,0.12587059
922586,0.08907935
922587,0.10532104
922588,0.07691101
922589,0.06810302
922590,0.0563323
922591,0.045788564
922592,0.060243912
922593,0.052913625
922634,0.045623403
922635,0.03931346
922636,0.03621789
922637,0.03339296
922638,0.03299868
922639,0.032678016
922678,0.034175795
922679,0.032467376
922680,0.027731758
922681,0.027731758
922682,0.027186384
922683,0.027242286
922889,0.07334562
922890,0.06369669
922891,0.05950491
922892,0.05478801
922893,0.051466223
922908,0.063513905
922909,0.049510427
922910,0.04849597
922911,0.04206252
922912,0.041659012
922913,0.04132452
922931,0.19662142
922932,0.15253635
922933,0.14979586
922934,0.14927953
922935,0.14725126
922936,0.072632246
922937,0.032592278
922938,0.06741583
922939,0.032592278
922940,0.032655694
922953,0.14917491
922954,0.1296244
922967,0.14092262
922968,0.12776478
922969,0.12619866
922970,0.118850835
922971,0.118850835
922972,0.10634263
923037,0.02632868
923038,0.32693505
923039,0.31460038
923040,0.21625626
923041,0.19613194
923042,0.187978
923043,0.18103237
923044,0.17350626
923045,0.16562383
923046,0.1330016
923047,0.05018405
923048,0.14198455
923049,0.13252294
923050,0.031276003
923051,0.10993279
923052,0.10993279
923053,0.10993279
923054,0.038462885
923055,0.027184146
923056,0.027184146
923057,0.0394373
923058,0.03933205
923059,0.03933205
923060,0.038486876
923061,0.052853968
923062,0.043402094
923063,0.043321896
923064,0.043336038
923065,0.037999395
923066,0.04340925
923067,0.032306813
923068,0.057372395
923069,0.047977548
923070,0.047977548
923071,0.047977548
923072,0.047977548
923073,0.057372395
923074,0.04653666
923075,0.046511322
923076,0.04642185
923077,0.044892434
923078,0.04355602
923079,0.043399606
923103,0.1050037
923104,0.043790147
923162,0.21773264
923163,0.28808838
923164,0.17837611
923165,0.09668432
923166,0.11945206
923167,0.07915725
923168,0.2647167
923169,0.20454566
923170,0.1282307
923171,0.06837107
923172,0.1437854
923173,0.13209942
923174,0.07776193
923298,0.026412457
923515,0.0082493005
923520,0.054506768
923521,0.07250848
923526,0.047268745
923527,0.041785736
923528,0.039293136
923529,0.03827235
923530,0.03620966
923531,0.03511054
923532,0.0301724
923533,0.029362597
923601,0.007213209
923602,0.037845206
923603,0.06877104
923604,0.062415
923617,0.14537631
923618,0.12100189
923619,0.11307099
923620,0.104806736
923621,0.09673921
923622,0.087536626
924335,0.18511689
924336,0.15377966
924337,0.19370241
924338,0.15257363
924339,0.15633832
924340,0.18862198
924341,0.20131335
924342,0.18969885
924343,0.14550012
924344,0.043749504
924345,0.13236046
924346,0.15505205
924347,0.15488668
924348,0.068009675
924349,0.17004198
924350,0.113619186
924351,0.1161751
924352,0.12076156
924524,0.024044937
924557,0.23065884
924558,0.15104665
924559,0.117430985
924560,0.19272286
924561,0.13060692
924562,0.16298059
924563,0.11177493
924759,0.2968752
924760,0.15116277
924761,0.12527423
924762,0.17015551
924763,0.1270207
924764,0.16855861
924771,0.15985018
925215,0.18999133
925216,0.13289213
925217,0.14461133
925218,0.11322666
925219,0.29012266
925220,0.1133031
925221,0.18640879
925222,0.15609029
925223,0.14031413
925233,0.070673026
925377,0.16361247
925378,0.21565543
925379,0.060495857
925380,0.055714767
925381,0.19918102
925382,0.107773386
925383,0.09931495
925384,0.09130047
925385,0.053927295
925386,0.09859427
925387,0.0802607
925388,0.07593696
925389,0.07047237
925390,0.069813795
925391,0.069813795
925392,0.069813795
925393,0.07077312
925394,0.06395994
925395,0.063257754
925396,0.063257754
925397,0.06309311
925398,0.06309311
925399,0.059530117
925400,0.058378965
925401,0.058378965
925402,0.026450483
925403,0.05561503
925612,0.021085367
925735,0.052195422
925736,0.045909386
925737,0.043192003
925747,0.045479108
925748,0.040317893
925749,0.03912973
925750,0.036547817
925751,0.035620913
925752,0.0308401
925753,0.03001755
925754,0.029773625
925771,0.11599757
925772,0.10943459
925773,0.024432912
926012,0.07502445
926013,0.050560758
926014,0.04657484
926015,0.04439552
926016,0.042149995
926494,0.06740465
926495,0.053737007
926496,0.12184153
926497,0.10805634
926498,0.102937676
926499,0.098991126
926692,0.15823254
926693,0.12933326
926694,0.12138668
926695,0.10926453
926701,0.1406447
926702,0.10070405
926703,0.0952599
926704,0.09184988
926705,0.08100536
926711,0.101964004
926712,0.078294866
926713,0.07334305
926714,0.06146669
926715,0.06935541
926716,0.07386988
926717,0.06935541
926718,0.06935541
926724,0.03292624
926725,0.027177626
926726,0.027177626
926727,0.027104173
926728,0.027104173
926729,0.026514502
926730,0.026170144
926743,0.07757049
926744,0.097680934
926745,0.06518545
926746,0.093030065
926747,0.09974399
926748,0.028061066
926749,0.031163463
926750,0.0279937
926751,0.0279937
926752,0.0279937
926753,0.0279937
926754,0.02626805
926755,0.025532503
926767,0.049884368
926768,0.025468126
926769,0.0885167
926770,0.09167927
927228,0.20108996
927229,0.153281
927234,0.08479169
927235,0.17015631
927236,0.047925815
927237,0.17487909
927238,0.16099814
927239,0.15838934
927240,0.04402423
927244,0.15534621
927245,0.13559705
927246,0.109028235
927247,0.11223503
927248,0.10926771
927249,0.0292097
927250,0.07630157
927251,0.109400086
927256,0.10078933
927257,0.08024943
927258,0.077195056
927259,0.0987765
927260,0.060937136
927261,0.042870995
927262,0.042027585
927263,0.042027585
927287,0.046266455
927288,0.038829125
927289,0.038829125
927361,0.08224467
927362,0.073693536
927363,0.06805582
927364,0.06366185
927378,0.124973185
927379,0.09526738
927380,0.0888163
927381,0.0822916
927382,0.077226415
927391,0.09277712
927392,0.070779435
927393,0.069097914
927394,0.061033968
927395,0.092151634
927396,0.058705583
927397,0.052963868
927398,0.048617937
927407,0.052295573
927408,0.045548275
927409,0.045548275
927410,0.045548275
927411,0.079607114
927412,0.038920384
927413,0.038163614
927414,0.038061626
927415,0.038061626
927417,0.2244804
927418,0.20168507
927420,0.05884814
927421,0.047398545
927422,0.04450368
927423,0.042973403
927424,0.040668063
927425,0.039827198
927426,0.034502044
927433,0.09130902
927434,0.07948183
927435,0.02997598
927436,0.02719696
927448,0.070979185
927449,0.18618418
927450,0.065389924
927451,0.065389924
927452,0.056326024
927474,0.4718655
927480,0.08432695
927481,0.058101106
927482,0.05415845
927483,0.050872773
927484,0.049134754
927485,0.04651495
927486,0.04555893
927487,0.039498933
927491,0.12935497
927492,0.03814481
927493,0.08761063
927494,0.07324806
927495,0.07147553
927496,0.07122104
927497,0.03104333
927498,0.07121561
927499,0.027841603
927500,0.060962517
927501,0.027841603
927505,0.104833424
927506,0.07639715
927507,0.0797935
927508,0.072916016
927509,0.07062589
927510,0.054626063
927511,0.054643683
927512,0.06680373
927513,0.05262712
927514,0.052544035
927515,0.052544035
927516,0.052716214
927517,0.052789576
927518,0.053434
927519,0.053147927
927520,0.053116977
927522,0.07305266
927523,0.09919333
927524,0.057786237
927525,0.05692197
927526,0.05358849
927527,0.025674984
927528,0.06443579
927529,0.05263649
927530,0.055050883
927531,0.048625093
927532,0.06443579
927533,0.114595115
927534,0.048112266
927535,0.087251455
927536,0.07534354
927537,0.07216198
927538,0.06801991
927609,0.010626506
927610,0.1802137
927611,0.19669
927612,0.16209751
927613,0.14773238
927614,0.13362427
927615,0.12585412
927616,0.115605384
927617,0.15533948
927618,0.091161296
927619,0.0844112
927620,0.07783396
927621,0.060476758
927622,0.0743983
927623,0.11941237
927624,0.0722287
927625,0.04653427
927626,0.121076964
927630,0.05578631
927631,0.074469134
927632,0.09910812
927633,0.10843702
927805,0.13500446
927806,0.093588345
927807,0.08774625
927808,0.07956508
927809,0.0740322
927810,0.07110061
927811,0.068211384
927812,0.06895394
927813,0.057529878
927818,0.070007816
927819,0.05429116
927820,0.050918903
927821,0.048267134
927822,0.04762082
927823,0.0466523
927824,0.0466523
927825,0.047140144
927826,0.04224822
927827,0.04224822
927828,0.04224822
927829,0.04168512
927830,0.041939892
927831,0.040628746
927832,0.04005273
927833,0.041197583
927834,0.044759758
927835,0.04543317
927836,0.047730356
927837,0.04983143
927838,0.043210167
927839,0.04322252
927840,0.04362681
927841,0.04362681
927849,0.07183265
927850,0.05806671
927851,0.058275998
927852,0.05847534
927853,0.0584439
927854,0.058349285
927855,0.055511925
927856,0.055511925
927857,0.055350196
927858,0.053798992
927859,0.05423915
927860,0.050595053
927861,0.05005863
927862,0.039154865
927863,0.053174518
927872,0.05986618
927873,0.10165179
927874,0.050896987
927881,0.05668901
927943,0.13597578
927944,0.04966247
927947,0.05934204
927948,0.044417616
927949,0.041774865
927950,0.04054558
927951,0.03836526
927952,0.03757014
927953,0.032536544
927954,0.031665362
927959,0.049210574
927960,0.03624932
927961,0.03433388
927962,0.0338675
927963,0.0338675
927964,0.0338675
927965,0.0338675
927966,0.030512312
927967,0.10154482
927968,0.030512312
927969,0.06546843
927970,0.06546843
927971,0.062390327
927972,0.10973123
927973,0.061427195
927974,0.028097425
927988,0.027438764
928202,0.07247386
928203,0.06354951
928204,0.05971889
928205,0.0555094
928208,0.060754824
928209,0.049528144
928210,0.0468884
928211,0.045868207
928212,0.039515644
928222,0.04160822
928223,0.03637627
928224,0.03378212
928225,0.032180954
928226,0.03203973
928233,0.035303496
928234,0.03203973
928235,0.03203973
928236,0.028202241
928237,0.028202241
928238,0.027647879
928239,0.02757319
928273,0.025991945
928334,0.05851347
928356,0.04620741
928357,0.045066938
928358,0.04216831
928359,0.04010575
928377,0.00987218
928432,0.009254035
928479,0.07424099
928480,0.13315852
928481,0.1241255
928482,0.11689722
928488,0.04533712
928489,0.03698523
928490,0.03524605
928491,0.034513257
928492,0.029876506
928493,0.0783829
928494,0.074771225
928495,0.026237672
928510,0.07896879
928511,0.066694096
928512,0.065998554
928513,0.044149682
928514,0.024496961
928515,0.021452446
928516,0.021452446
928526,0.03717645
928527,0.05125325
928528,0.05125325
929084,0.13304183
929085,0.11011016
929086,0.103098676
929087,0.09570966
929088,0.08954007
929089,0.08541976
929090,0.0839314
929091,0.08203641
929098,0.088676855
929099,0.07112875
929100,0.07057504
929101,0.06439834
929102,0.059264954
929103,0.058480423
929104,0.058480423
929114,0.06653091
929115,0.058480423
929116,0.051914822
929117,0.051914822
929118,0.051914822
929119,0.051778067
929120,0.051778067
929124,0.051075425
929125,0.047894385
929126,0.047894385
929127,0.0475607
929138,0.01143439
929315,0.101961516
929316,0.07600613
929317,0.105341785
929318,0.053302057
929319,0.049169622
929320,0.047486875
929321,0.06048709
929322,0.04371354
929323,0.040855195
929324,0.039871383
929325,0.03955065
929326,0.036019173
929327,0.033015165
929342,0.04117411
929343,0.032497812
929344,0.09156171
929345,0.032497812
929346,0.08790174
929347,0.04955273
929348,0.09250354
929349,0.06393104
929357,0.10251343
929358,0.085701
929359,0.054330375
929360,0.07264716
929361,0.078478366
929362,0.028272249
929363,0.07396393
929364,0.046874985
929365,0.090927005
929366,0.06124561
929367,0.06362672
929368,0.028272249
929369,0.046874985
929370,0.028272249
929371,0.076296575
929372,0.079829335
929373,0.047324233
929374,0.07245914
929375,0.0634017
929376,0.061948806
929377,0.054318566
929378,0.028004412
929379,0.047133654
929380,0.07216557
929381,0.06200701
929382,0.034688365
929383,0.091751814
929384,0.04599006
929385,0.06346117
929386,0.052686658
929387,0.044533994
929388,0.0647584
929389,0.027498113
929390,0.052221674
929392,0.063967474
929393,0.043949373
929394,0.042509127
929395,0.042509127
929396,0.042473927
929397,0.042473927
929398,0.051528424
929399,0.042231113
929400,0.042231113
929401,0.04399976
929402,0.059409097
929403,0.07442803
929404,0.0406094
929405,0.13973176
929406,0.06474047
929407,0.09377744
929408,0.048547704
929409,0.07124577
929410,0.04286222
929411,0.060548604
929412,0.059400804
929415,0.065853514
929416,0.05492364
929417,0.046867117
929418,0.03969215
929419,0.056558438
929487,0.08936526
929488,0.042979453
929489,0.045248106
929512,0.18980749
929513,0.13887268
929514,0.124752566
929515,0.1134811
929516,0.104272455
929517,0.09984081
929533,0.12611054
929534,0.09102107
929535,0.08002918
929536,0.07795097
929537,0.0773486
929538,0.07271978
929539,0.06697056
929545,0.082795404
929546,0.06609119
929547,0.06609119
929548,0.06609119
929549,0.058975693
929550,0.058975693
929557,0.07381268
929558,0.058821496
929559,0.058821496
929560,0.05627918
929561,0.04114327
929566,0.06829365
929567,0.055398148
929568,0.055416
929569,0.055416
929570,0.055389635
929571,0.06302402
929572,0.0641483
929573,0.055037964
929574,0.055439267
929575,0.055430043
929576,0.055430043
929577,0.05537225
929578,0.054299895
929579,0.054270566
929580,0.053534452
929581,0.05175568
929582,0.05073187
929583,0.050583318
929584,0.048772868
929681,0.013443096
929695,0.035254143
929702,0.028581074
929743,0.08645512
929744,0.11823635
929768,0.13673678
929769,0.100821525
929770,0.092079625
929771,0.08811521
929772,0.08158357
929782,0.09744258
929783,0.069763914
929784,0.06764414
929785,0.06711563
929786,0.061706945
929787,0.056775063
929795,0.060887173
929796,0.049356528
929797,0.070905365
929798,0.056021526
929799,0.043854743
929800,0.04987659
929801,0.04987659
929802,0.049744926
929803,0.049744926
929804,0.04665549
929815,0.045487687
929816,0.04183562
929817,0.041501887
930106,0.11802505
930107,0.14354804
930108,0.14263988
930109,0.13254966
930145,0.1520389
930146,0.11630073
930147,0.11000275
930148,0.11404928
930149,0.09279835
930150,0.09081242
930151,0.0901204
930179,0.0916197
930180,0.07855149
930181,0.08446808
930182,0.08446808
930183,0.07313041
930191,0.14115638
930192,0.056718096
930193,0.083091766
930194,0.06329834
930195,0.102232784
930196,0.06018397
930286,0.30960092
930287,0.09550182
930288,0.08903643
930289,0.08309269
930290,0.07798239
930291,0.07529773
930305,0.26653695
930306,0.06971915
930307,0.04412466
930308,0.082068205
930309,0.074518755
930310,0.06976925
930311,0.061806794
930312,0.07274354
930313,0.0693051
930314,0.066946514
930315,0.092224695
930316,0.06922715
930317,0.058878757
930318,0.058878757
930319,0.0587248
930320,0.05857247
930321,0.05639555
930322,0.054357357
930323,0.061260205
930324,0.05263161
930325,0.049325436
930326,0.049262073
930327,0.0446449
930328,0.047966663
930357,0.22680272
930358,0.15869471
930359,0.14821905
930360,0.13768019
930361,0.12968771
930362,0.12400846
930368,0.29629013
930369,0.11209749
930370,0.09912326
930371,0.09661511
930372,0.095883526
930373,0.090530045
930374,0.081414066
930382,0.10111274
930383,0.16760087
930384,0.07030455
930385,0.062435515
930386,0.098726414
930387,0.06735719
930408,0.07897501
930409,0.07052949
930410,0.05548253
930411,0.06014629
930412,0.070512675
930413,0.052507903
930567,0.073992655
930568,0.048698008
930569,0.052491095
930570,0.02616139
930787,0.24315469
930788,0.12628706
930789,0.11776702
930790,0.10940688
930791,0.06869286
930792,0.10187119
930793,0.08783819
930794,0.08557517
930795,0.07518654
930796,0.07292646
930797,0.07222177
930798,0.18877555
930799,0.06204757
930800,0.06521955
930801,0.04939453
930961,0.14204471
930962,0.11532529
930963,0.10885347
930975,0.11382064
930976,0.09149175
930977,0.08798581
930978,0.08146292
930979,0.07934988
930980,0.06965942
930981,0.06754259
930994,0.0709836
930995,0.061292052
930996,0.058020007
930997,0.05725095
930998,0.05518913
930999,0.05484161
931000,0.05484161
931001,0.047443498
931011,0.038260154
931570,0.047586497
931571,0.029071962
931774,0.1197802
931775,0.10627142
931776,0.098805025
931777,0.09029122
931778,0.08327529
931779,0.079270355
931780,0.07229412
931781,0.059289094
932543,0.04358207
932544,0.047686387
932710,0.17111309
932711,0.13498604
932712,0.12552887
932727,0.13783745
932728,0.107028164
932729,0.101725504
932730,0.09613092
932731,0.092727125
932732,0.081290394
932758,0.08881798
932759,0.07828548
932760,0.073497854
932761,0.05007174
932762,0.06561837
932763,0.07069136
932764,0.030716708
932772,0.1217574
932773,0.027201226
932774,0.0406148
932828,0.32695255
932829,0.14693458
932830,0.13648996
932831,0.12461731
932832,0.11658666
932833,0.11086923
932834,0.10483048
932841,0.12615007
932842,0.08877884
932843,0.086197875
932844,0.085537694
932845,0.080345206
932857,0.08492592
932858,0.07208847
932859,0.07208847
932860,0.07208847
932861,0.07208847
932862,0.06184888
932881,0.06291238
932882,0.060036905
932883,0.059880108
932884,0.059880108
932885,0.057621393
933362,0.1770525
933363,0.14241369
933370,0.16024253
933371,0.12181079
933372,0.113937505
933373,0.10831704
933374,0.10240129
933375,0.09879971
933387,0.09971255
933388,0.08404797
933389,0.08340277
933390,0.07751033
933391,0.06988313
933392,0.06896836
933408,0.06375065
933409,0.06632141
933456,0.023352878
934303,0.13987386
934304,0.11186592
934317,0.118073255
934318,0.096002355
934319,0.0897862
934320,0.0856815
934321,0.08088985
934322,0.07745344
934343,0.064709164
934344,0.06526823
934345,0.064757004
934346,0.060103253
934412,0.020538576
934539,0.13527496
934540,0.10796069
934541,0.18646581
934551,0.11856186
934552,0.08244732
934553,0.078922465
934554,0.07447804
934555,0.07274297
934564,0.08306699
934565,0.06167962
934566,0.06119464
934567,0.057504833
934568,0.054529782
934569,0.053804353
934570,0.053804353
934576,0.068340816
934577,0.054863285
934578,0.049784455
934579,0.049784455
934580,0.049784455
934584,0.0774844
934585,0.062055994
934586,0.06032584
934587,0.059487883
934588,0.057468053
934589,0.05736342
934590,0.057381872
934591,0.057381872
934592,0.057556774
934593,0.057556774
934594,0.047646377
934595,0.047646377
934596,0.047646377
934597,0.057556774
934598,0.057556774
934599,0.057466373
934600,0.056682963
934606,0.067281745
934607,0.14534849
934608,0.11007266
934609,0.05168238
934610,0.051531192
934611,0.050412618
934622,0.05227478
934623,0.0499029
934624,0.050052375
934625,0.050052375
934626,0.050052375
934634,0.0211485
934863,0.13899957
934864,0.11812212
934865,0.10415045
934866,0.0947841
934867,0.08943819
934868,0.08460046
934869,0.07986401
934883,0.068110555
935244,0.06708205
935245,0.05726709
935583,0.14796473
935584,0.1448628
935585,0.13454248
935586,0.12622616
935594,0.15366706
935595,0.11392159
935596,0.10773674
935597,0.105087645
935598,0.21376163
935599,0.16727029
935610,0.111294754
935611,0.08704429
935612,0.07878218
935623,0.08741404
935624,0.073816575
935625,0.073816575
935626,0.073816575
935627,0.06535281
935637,0.076618366
935638,0.06536772
935639,0.065197974
935640,0.06448129
935641,0.0628559
935642,0.06188606
935659,0.06972306
935660,0.061070908
935661,0.05726664
935662,0.05726664
935663,0.05194021
935672,0.056365944
935673,0.052426886
935674,0.052042715
935898,0.020490417
936059,0.16050035
936060,0.12930796
936061,0.12049444
936062,0.10906056
936063,0.1019157
936064,0.09683888
936065,0.09148571
936066,0.120277554
936067,0.08066493
936068,0.078274466
936069,0.0776698
936070,0.07273525
936071,0.06688156
936072,0.06600328
936074,0.06373668
936075,0.0641044
936076,0.0641044
936077,0.04608641
936078,0.04608641
936079,0.04608641
936080,0.045964263
936081,0.0586069
936082,0.044233926
936083,0.055334065
936084,0.055334065
936085,0.055233095
936086,0.05262555
936087,0.052752882
936088,0.051466465
936089,0.050911635
936090,0.050792273
936091,0.050792273
936097,0.060687844
936098,0.0634562
936099,0.0634562
936100,0.0634562
936463,0.16564396
936464,0.1587471
936465,0.14796643
936466,0.13744263
936485,0.16988505
936486,0.13355663
936487,0.11753131
936488,0.11227307
936489,0.09928079
936490,0.09675523
936491,0.096022695
936502,0.120625444
936503,0.08752625
936504,0.08640196
936505,0.067837395
936506,0.08069343
936507,0.08640196
936518,0.072260596
936519,0.071962945
936520,0.07127046
936521,0.07108655
936522,0.07108655
936525,0.07874447
936526,0.065803416
936527,0.066813365
936570,0.13495393
936571,0.1303111
936573,0.1185381
936574,0.09794464
936575,0.104423046
936576,0.08966442
936577,0.084938675
936578,0.08046309
936579,0.07072092
936580,0.068236716
936623,0.11267526
936624,0.09439564
936630,0.08893072
936631,0.08174746
936748,0.12662078
936749,0.050676372
936750,0.04774102
936751,0.19982427
936752,0.089462005
936753,0.08566525
936754,0.03897766
936755,0.037916824
936756,0.032621745
936757,0.03174835
936759,0.06099368
936760,0.061317064
936838,0.098691866
936839,0.10551893
936840,0.10021098
936841,0.09155874
936842,0.08686481
936843,0.081089325
936844,0.07511635
936845,0.071238905
936846,0.062027164
936848,0.1495189
936849,0.11704814
936850,0.10991405
936851,0.10304591
936852,0.0942978
936853,0.109965615
936854,0.08427993
936855,0.08210034
936856,0.07231526
936857,0.07044525
936858,0.06989649
936859,0.06570508
936861,0.072014
936862,0.06242255
936863,0.06242255
936864,0.06242255
936865,0.06242255
936866,0.056784216
936868,0.05743127
936869,0.051223557
936870,0.051088527
936871,0.051088527
936872,0.049070857
936873,0.04830275
936874,0.04830275
937139,0.04018794
937140,0.038781628
937514,0.017380347
937562,0.011181041
937665,0.020579264
937673,0.022180723
937691,0.12153724
937692,0.09890516
937693,0.08827353
937694,0.08141508
937719,0.023350308
937742,0.02310395
938194,0.08762186
938195,0.07203455
938196,0.0673054
938208,0.077926345
938209,0.057863504
938210,0.05455156
938211,0.051658627
938212,0.050471652
938215,0.05404408
938216,0.042068884
938217,0.041731242
938218,0.03768082
938224,0.040571123
938225,0.034074064
938226,0.034074064
938227,0.034074064
938228,0.034074064
938230,0.033684768
938231,0.030230602
938232,0.030230602
938233,0.030149154
938235,0.033470746
938236,0.028436644
938237,0.027306072
938284,0.37295794
938285,0.26354098
938286,0.24061067
938287,0.22343838
938288,0.21410154
938289,0.19573197
938290,0.17428222
938291,0.16797377
938292,0.13799052
938293,0.13453314
938294,0.1237257
938295,0.115666315
938296,0.097035356
938297,0.13274445
938298,0.13651802
938299,0.03708507
938300,0.09197914
938307,0.09563973
938308,0.06985408
938309,0.06918038
938327,0.15608704
938328,0.06900145
938329,0.06690418
938330,0.06587627
938331,0.06587627
938332,0.065012194
938337,0.16450855
938338,0.05544747
938339,0.05028122
938340,0.049738493
938709,0.17776673
938710,0.11423902
938711,0.10679965
938712,0.09651259
938713,0.10384215
938718,0.07821796
938719,0.0783808
938720,0.07634106
938721,0.066991314
938722,0.06494991
938723,0.06444099
938724,0.058741998
938725,0.054033436
938726,0.05292487
938727,0.05292487
938729,0.04820086
938730,0.037662607
938731,0.03336174
938732,0.03336174
938733,0.03336174
938734,0.033272147
938735,0.033272147
938736,0.032552775
938737,0.032217063
938738,0.032217063
938739,0.032156836
938748,0.087544546
938749,0.06860504
938750,0.068481825
938751,0.068330765
938752,0.068330765
938753,0.065989725
938754,0.06339001
938755,0.06262106
938756,0.06262106
938757,0.06262106
938758,0.060737986
938759,0.060705405
938760,0.061250858
938761,0.05913888
938762,0.060122248
938763,0.060163565
938764,0.029940234
938765,0.029940234
938766,0.05806948
938767,0.05806948
938768,0.11666484
938769,0.05848582
938770,0.05848582
938771,0.05850227
938772,0.05740714
938773,0.05740714
938922,0.17516297
938923,0.24754184
938924,0.23649852
938925,0.25428596
938926,0.18114759
938927,0.16829757
938928,0.14885691
938929,0.13607445
938931,0.13227136
938932,0.14397539
938933,0.102862865
938934,0.09068841
938935,0.07957641
938936,0.07372531
938942,0.037149675
938943,0.033202093
938944,0.033202093
938945,0.028575817
938946,0.028575817
938956,0.02692403
938957,0.027938675
938958,0.027938675
939231,0.1572816
939232,0.13295394
939233,0.12666869
939234,0.11010671
939235,0.10317199
939236,0.09476993
939237,0.090762205
939245,0.08711893
939246,0.069845356
939247,0.06801093
939248,0.06750709
939249,0.06367765
939250,0.057175
939340,0.15950291
939341,0.1028527
939342,0.09745818
939343,0.08866162
939344,0.093919
939345,0.09030751
939346,0.085641965
939347,0.07354641
939348,0.06470896
939349,0.063148
939350,0.13130687
939351,0.07578407
939352,0.055668253
939353,0.054528087
939354,0.054673698
939355,0.054673698
939356,0.054673698
939357,0.049403083
939358,0.049403083
939359,0.049403083
939360,0.04869426
939361,0.04869426
939362,0.04791035
939363,0.04742402
939364,0.04742402
939365,0.047336757
939366,0.047336757
939367,0.047336757
939368,0.047336757
939370,0.057945855
939371,0.04602184
939372,0.046177346
939373,0.0456406
939374,0.0456406
939375,0.052733514
939376,0.052535105
939377,0.04578848
939378,0.05267884
939379,0.052578155
939380,0.052677266
939381,0.052677266
939382,0.052677266
939383,0.052727252
939384,0.051353976
939385,0.051353976
939386,0.05655657
939387,0.04570966
939388,0.045370195
939389,0.045370195
939390,0.045370195
939391,0.04305779
939392,0.042897876
939393,0.042897876
939394,0.042897876
939395,0.040975887
939396,0.040975887
939397,0.040975887
939398,0.040975887
939399,0.040975887
939400,0.040975887
939401,0.040975887
939402,0.040511288
939403,0.040511288
939404,0.05854084
939405,0.048462715
939406,0.04723253
939407,0.04623992
939408,0.04623992
939409,0.04623992
939410,0.04623992
939411,0.04623992
939412,0.04623992
939413,0.04623992
939414,0.04623992
939415,0.04623992
939453,0.10761482
939473,0.057273798
939474,0.05524958
939475,0.051095333
939476,0.048618287
939486,0.039719976
939637,0.04743152
939658,0.038127903
939659,0.036606405
939723,0.08388726
939724,0.13841428
939725,0.10023609
939726,0.09293783
939727,0.08743517
939728,0.08516952
939729,0.080404
939730,0.07854259
939733,0.086895846
939734,0.06733323
939735,0.06680696
939736,0.06281356
939737,0.05958122
939738,0.05879277
939739,0.05879277
939740,0.0701124
939741,0.05751085
939742,0.024791975
939743,0.104020245
939744,0.06014122
939745,0.10768701
939746,0.09996717
939747,0.057256833
939748,0.08413529
939771,0.17780454
939772,0.0433124
939773,0.037808258
939774,0.035451006
939775,0.03191463
939776,0.031038709
939777,0.029387135
939778,0.02864775
939779,0.027566135
939780,0.027910775
939781,0.02768348
939782,0.02495158
939783,0.023055457
939784,0.022725036
939839,0.058156442
939840,0.06440679
939841,0.060527835
939852,0.061449956
939853,0.04571616
939854,0.04344875
939855,0.041119006
939856,0.040163945
939858,0.038415898
939859,0.033669677
939860,0.033397097
939861,0.031008566
939876,0.0310733
939877,0.029345911
939878,0.029059676
939879,0.028871661
939880,0.028871661
939902,0.020616092
939903,0.024150776
939918,0.019567363
940125,0.099543795
940126,0.055157248
940145,0.08903834
940146,0.07158082
940147,0.062004194
940148,0.06014071
940149,0.056969225
940150,0.055233542
940151,0.04831411
940152,0.04648881
940153,0.0461174
940154,0.04184326
940206,0.0986393
940207,0.07614769
940208,0.07130511
940209,0.06595892
940210,0.061944555
940211,0.06102422
940212,0.057809014
940213,0.05643858
940221,0.06219113
940222,0.04801752
940223,0.047929768
940224,0.043685492
940225,0.120648816
940226,0.089420505
940227,0.08888068
940228,0.04083577
940229,0.04083577
940230,0.036917176
940231,0.036917176
940232,0.036917176
940233,0.058056615
940234,0.036818396
940235,0.03513872
940236,0.034580763
940237,0.034580763
940238,0.034112193
940239,0.03193015
940253,0.35463235
940254,0.271577
940255,0.2542265
940256,0.22234593
940257,0.21383412
940258,0.1712883
940259,0.19926926
940260,0.17346826
940261,0.12551525
940262,0.13623023
940271,0.17259721
940272,0.12804815
940273,0.11835517
940274,0.11173333
940275,0.108004995
940276,0.108004995
940277,0.10434158
940278,0.10385777
940279,0.09187637
940280,0.09101399
940281,0.086740024
940282,0.08637764
940283,0.081300415
940284,0.07923885
940285,0.076207876
940286,0.1102622
940290,0.091979995
940291,0.07764827
940292,0.077726066
940293,0.07192454
940294,0.070195824
940295,0.066289455
940300,0.07763104
940301,0.10522538
940302,0.10382334
940303,0.10359095
940304,0.06363519
940305,0.06168341
940306,0.05935345
940307,0.056026258
940308,0.054586995
940338,0.25993425
940339,0.34965897
940340,0.33135545
940341,0.10720472
940342,0.10016777
940343,0.095493585
940344,0.09020735
940345,0.08814075
940346,0.12301521
940347,0.074924804
940348,0.118621096
940349,0.10731403
940350,0.19655165
940351,0.111420766
940352,0.11170977
940353,0.11170977
940354,0.05979416
940355,0.08903908
940356,0.09865961
940361,0.06936692
940362,0.05098098
940363,0.08881369
940364,0.09075156
940365,0.08987141
940366,0.04910424
940367,0.053189624
940368,0.053206805
940369,0.08974127
940370,0.053206805
940371,0.053206805
940372,0.053206805
940373,0.053206805
940374,0.114251174
940375,0.08974127
940376,0.17114347
940377,0.053206805
940385,0.04805845
940386,0.038791984
940387,0.03849774
940388,0.038137507
940389,0.038137507
940390,0.038024355
940391,0.03625606
940392,0.10777664
940393,0.03625606
940394,0.09269781
940395,0.10232698
940396,0.059387587
940397,0.059870582
940398,0.059320953
940399,0.16088577
940400,0.04470136
940401,0.08808401
940427,0.23744185
940428,0.19994906
940429,0.1732035
940430,0.15585154
940431,0.06470078
940432,0.18286368
940482,0.17548148
940483,0.13449322
940484,0.12442234
940489,0.1082343
940490,0.09250525
940491,0.10307346
940492,0.09741281
940493,0.09138165
940494,0.071033575
940497,0.06535808
940498,0.07000719
940499,0.06460564
940686,0.07566764
940687,0.10052782
940701,0.25586835
940717,0.21859421
940718,0.17393461
940719,0.16071573
940720,0.15353677
940721,0.14677843
940744,0.10433792
940745,0.14064114
940746,0.12789482
940747,0.12429391
940748,0.12338136
940764,0.07357902
940765,0.063143335
940766,0.06231086
940767,0.058276024
940768,0.057910256
940799,0.3736531
940800,0.23512608
940801,0.20412034
940802,0.18191418
940803,0.16890197
940811,0.15128174
940812,0.2672713
940813,0.2102473
940814,0.23562977
940815,0.11448471
940816,0.17264797
940817,0.15348344
940818,0.12975128
940819,0.12656169
940820,0.11472426
941003,0.32385373
941004,0.28282803
941005,0.16525346
941006,0.24589254
941007,0.1408868
941008,0.23333313
941009,0.23076127
941059,0.218195
941060,0.18306907
941061,0.16331068
941062,0.14765088
941063,0.14275676
941064,0.12924504
941065,0.1323152
941435,0.085319996
941436,0.11423481
941437,0.067434676
941438,0.09728411
941439,0.056815587
941440,0.08692614
941441,0.14545305
941442,0.048186183
941447,0.06311609
941508,0.10130608
941509,0.18316917
941510,0.16881378
941517,0.20683531
941518,0.2496221
941519,0.17871028
941520,0.17109552
941521,0.16359311
941522,0.13709572
941523,0.13376936
941524,0.13376936
941525,0.1277524
941526,0.115188666
941527,0.11375335
941528,0.10668576
941529,0.11375335
941530,0.10668576
941531,0.09546768
941532,0.16134857
941533,0.10062177
941534,0.100370295
941535,0.100370295
941536,0.09720822
941537,0.09591023
941538,0.09591023
941539,0.11953139
941540,0.09577226
941541,0.09577226
941542,0.093592696
941543,0.09282409
941544,0.09282409
941545,0.09282409
941546,0.09282409
941547,0.092252046
941548,0.092252046
941549,0.0920429
941550,0.090721205
941551,0.09039324
941552,0.090227336
941553,0.0872267
941571,0.06426012
941572,0.058383197
941573,0.056449316
941574,0.056449316
941575,0.03520167
941576,0.03520167
941577,0.03520167
941578,0.03520167
941579,0.060304396
941601,0.1812966
941602,0.13493146
941603,0.12066308
941604,0.111181304
941605,0.105932206
941606,0.10210521
941614,0.07753193
941615,0.15773965
942000,0.121612266
942001,0.09658164
942002,0.29039034
942003,0.2729805
942004,0.12042258
942019,0.08455465
942020,0.07112392
942021,0.06932303
942022,0.06095969
942023,0.059099928
942024,0.05863397
942025,0.05209174
942026,0.046717547
942038,0.04083886
942039,0.045491487
942396,0.15403882
942397,0.12739687
942398,0.11905644
942399,0.10921244
942400,0.10205877
942401,0.09697559
942402,0.09161565
942403,0.07102122
942424,0.11001848
942425,0.085652426
942426,0.08499601
942427,0.07059018
942428,0.07062589
942429,0.106477655
942430,0.061166823
942431,0.061166823
942432,0.106477655
942450,0.07544601
942451,0.063953556
942452,0.063953556
942453,0.06378723
942454,0.06378723
942455,0.060270276
942456,0.05933781
942457,0.05747889
942458,0.057364617
942459,0.05489747
942513,0.16318953
942514,0.13237707
942515,0.12426562
942516,0.115555
942517,0.108259305
942518,0.104028314
942519,0.10225198
942520,0.099832796
942521,0.08904461
942522,0.086796135
942523,0.08613177
942524,0.07769702
942525,0.071447335
942526,0.07126594
942527,0.07060057
942528,0.07016321
942529,0.07007506
942530,0.060024794
942531,0.060024794
942532,0.05888281
942562,0.18398024
942563,0.14311765
942564,0.13436429
942565,0.12435427
942566,0.11723187
942567,0.11294714
942568,0.10581924
942569,0.100301825
942570,0.088556685
942571,0.07769144
942572,0.07709093
942573,0.071903944
942574,0.06732624
942576,0.06669465
942577,0.08717071
942578,0.08695143
942579,0.16043855
942580,0.14162654
942581,0.13951474
942582,0.050015885
942583,0.04988387
942584,0.13839793
942585,0.04860507
942586,0.14008926
942587,0.13539763
942588,0.052682515
942589,0.044223223
942590,0.044223223
942591,0.04408982
942592,0.039132968
942638,0.36929774
942639,0.07816824
942640,0.07143397
942641,0.060799357
942642,0.057172544
942643,0.055396274
942646,0.055984862
942647,0.050563868
942648,0.043298896
942649,0.04234423
942650,0.044748258
942651,0.038707905
942652,0.0366633
942653,0.036231857
942654,0.03320908
942655,0.036353514
942656,0.036353514
942822,0.06930991
942823,0.059941206
942824,0.055690214
942825,0.050671037
942826,0.082653254
942827,0.07945639
942828,0.07806306
942829,0.04056162
942834,0.057643298
942835,0.06274002
942836,0.062247243
942837,0.055786863
942922,0.1419507
942923,0.08159146
942924,0.075753964
942925,0.06997141
942940,0.08632556
942941,0.06376217
942942,0.06041199
942960,0.080191225
942961,0.05451494
942962,0.052848667
942963,0.052429244
942964,0.047418926
942971,0.054999355
942972,0.044336952
942973,0.044336952
942974,0.044336952
942975,0.044336952
942978,0.04717014
942979,0.039630156
942980,0.039630156
942981,0.03952441
942982,0.03952441
942995,0.046051577
942996,0.038206894
942997,0.038206894
942998,0.038135912
942999,0.036567453
943000,0.036567453
943017,0.03833208
943018,0.033100694
943019,0.027130643
943020,0.027130643
943028,0.029507041
943029,0.026120862
943286,0.07054887
943287,0.20110574
943288,0.19614631
943289,0.17343967
943290,0.15775886
943291,0.14707828
943292,0.1653869
943293,0.11950911
943294,0.09228342
943295,0.08694143
943296,0.08631419
943297,0.07816819
943298,0.070745714
943299,0.066758014
943300,0.06567222
943301,0.06567222
943302,0.06294772
943303,0.05274426
943304,0.05274426
943491,0.08935844
943492,0.07456099
943493,0.06765512
943534,0.14782192
943548,0.13100217
943549,0.11673227
943550,0.107991345
943551,0.10290159
943552,0.098468326
943737,0.18892369
943738,0.14539452
943739,0.13463432
943740,0.12230884
943753,0.1584548
943754,0.110337965
943755,0.10432475
943756,0.09939912
943757,0.0748083
943758,0.07308853
943759,0.0726196
943760,0.06917999
943761,0.06129728
943762,0.060831927
943763,0.06373013
943784,0.08443667
943785,0.06491858
943786,0.05113907
943787,0.05113907
943788,0.049299493
943789,0.04871481
943796,0.060059078
943797,0.046332683
943798,0.044335622
943799,0.09562792
943800,0.04354834
943810,0.054223854
943811,0.04328859
943812,0.04338792
943813,0.04224704
943814,0.042392407
943815,0.042856254
943816,0.042856254
943817,0.08886588
943818,0.042856254
943819,0.042299125
943820,0.04258588
943821,0.04262609
943822,0.042990576
943842,0.051303357
943843,0.04232866
943844,0.10422452
943845,0.104060516
943846,0.042244107
943847,0.042244107
943848,0.042502142
943849,0.042502142
943850,0.043819975
943851,0.04535671
943852,0.047831185
943867,0.053266242
943868,0.040337104
943869,0.040068097
943870,0.040068097
943871,0.039152537
943872,0.039518014
943873,0.038963605
943874,0.038507324
943875,0.038507324
943876,0.03882751
943877,0.038463157
943988,0.13840933
943989,0.105878524
943990,0.09641195
943991,0.089542165
943992,0.08407156
943995,0.086336054
943996,0.074205734
943997,0.07088881
943998,0.061905432
943999,0.06002761
944000,0.059554793
944063,0.1343994
944064,0.10776596
944065,0.10006423
944066,0.09304131
944067,0.08832323
944068,0.08535116
944069,0.08096475
944074,0.08398093
944075,0.072097525
944517,0.055656098
944518,0.0508747
944621,0.013240148
944681,0.14539137
944682,0.108290486
944683,0.10087224
944691,0.12550095
944692,0.08911605
944693,0.086380646
944694,0.08194606
944695,0.07989472
944696,0.07035239
944697,0.068226896
944708,0.08446662
944709,0.057929054
944710,0.053198595
944711,0.052489888
944712,0.09893902
944713,0.052489888
944714,0.052489888
944721,0.054611348
944722,0.046655968
944723,0.046655968
944724,0.046865806
944725,0.046865806
944726,0.045662776
944727,0.04172994
944731,0.04809472
944732,0.032896683
944733,0.03078991
944734,0.029199919
944735,0.026628451
944736,0.026831958
944737,0.08595086
944741,0.028024856
944742,0.026602764
944946,0.23095034
944947,0.1550128
944948,0.21897319
944949,0.1568389
944950,0.15133087
944951,0.13321161
944952,0.16811164
944956,0.114330225
944957,0.10534841
945011,0.16144222
945012,0.13775326
945013,0.12850605
945014,0.12273329
945168,0.1404553
945169,0.13599919
945170,0.07333407
945192,0.06598388
945193,0.065616965
945313,0.092329584
945314,0.0766793
945315,0.071698576
945316,0.0641425
945317,0.060581803
945318,0.0769743
945328,0.056415565
945329,0.052248236
945330,0.04475266
945331,0.043569114
945332,0.043219976
945354,0.035265207
945355,0.035239916
945424,0.092915356
945432,0.101181775
945433,0.08783213
945434,0.081126995
945435,0.07612753
945436,0.07375851
945437,0.06999802
945440,0.06719629
945441,0.05707105
945442,0.055589
945443,0.0551491
945444,0.046384078
945445,0.033711072
945507,0.0093118865
945719,0.10658675
945720,0.08889849
945721,0.082261145
945722,0.07631451
945723,0.0715885
945724,0.06910747
945725,0.065496095
945726,0.06315896
945727,0.054187622
945728,0.052776262
945734,0.057661127
945735,0.044293463
945736,0.040242158
945737,0.03969882
945738,0.039179053
945739,0.039179053
945740,0.03603155
945766,0.11221087
945767,0.09328949
945768,0.08739711
945780,0.08776205
945781,0.0721641
945782,0.069909096
945783,0.06625881
945784,0.06389632
945796,0.05723351
945797,0.05252968
945798,0.052112654
945799,0.04387381
945800,0.039312284
945807,0.035234
945808,0.040252704
946189,0.06705308
946190,0.06847425
946198,0.058068667
946199,0.05632732
946200,0.053610966
946201,0.051831882
946501,0.089842975
946502,0.08462137
946503,0.06342396
946504,0.05860918
946505,0.055170804
946506,0.05404085
946507,0.051173534
946508,0.049320508
946509,0.056903016
946510,0.04279847
946511,0.042455237
946512,0.03641863
946513,0.03449457
946514,0.034026083
946515,0.034026083
946516,0.034026083
946523,0.042040184
946524,0.030655682
946525,0.030655682
946526,0.030655682
946527,0.030178448
946528,0.030178448
946537,0.035283282
946538,0.029140273
946539,0.029140273
946540,0.029085625
946541,0.029095262
946542,0.027413474
946543,0.027413474
946544,0.02711053
946557,0.02794612
946558,0.02419926
946559,0.02419926
946560,0.02419926
946561,0.02419926
946562,0.02419926
946563,0.023937931
946569,0.024840966
946570,0.02363946
946639,0.0640209
946640,0.109294005
946641,0.03421821
946642,0.13176341
946643,0.102900326
946644,0.05672357
946645,0.053963177
946646,0.051545378
946647,0.050158598
946648,0.047486927
946649,0.04427883
946651,0.051791765
946652,0.03921806
946653,0.038902372
946654,0.035338275
946655,0.03366592
946656,0.033518407
946657,0.033518407
946658,0.041588843
946659,0.033518407
946660,0.030756192
946661,0.030756192
946662,0.030756192
946663,0.03084758
946664,0.03084758
946665,0.03026578
946673,0.036276244
946674,0.029952923
946675,0.029896801
946676,0.0299067
946677,0.030045254
946678,0.030139493
946679,0.032607768
946680,0.026870916
946681,0.026870916
946682,0.026870916
946683,0.026870916
946684,0.026870916
946685,0.026870916
946686,0.026363356
946687,0.029998442
946688,0.026296942
946689,0.024878107
946690,0.024408381
946691,0.024334934
946692,0.023631196
946693,0.023631196
946694,0.023819579
946695,0.023631196
946696,0.010407208
947269,0.058234926
947270,0.049381938
947271,0.044172175
947354,0.07773777
947355,0.073515214
947361,0.07218529
947362,0.06466588
947363,0.060783703
947364,0.058861755
947365,0.05575373
947366,0.05279307
947367,0.045066435
947370,0.040167663
947371,0.043523494
947372,0.036932345
947685,0.08261896
947686,0.06922869
947687,0.06453608
947688,0.06157763
947689,0.05786939
947690,0.056034088
947691,0.05306695
947692,0.05076969
947707,0.05555791
947708,0.042832203
947709,0.042488705
947710,0.036462568
947711,0.03342286
947712,0.032968428
947713,0.032968428
947731,0.099442855
947732,0.03430848
947733,0.030707456
947734,0.030707456
947735,0.030707456
947736,0.070126206
947737,0.030624764
947747,0.0340886
947748,0.0294353
947749,0.0294353
947750,0.029034352
947751,0.027167983
947752,0.027167983
947851,0.05690802
947852,0.06016014
947855,0.061408196
947856,0.054858223
947857,0.052232854
947858,0.10088109
947859,0.04864263
947860,0.04625455
947861,0.039294384
947869,0.034273557
947870,0.03807958
947995,0.012752174
948038,0.064679936
948039,0.062271066
948040,0.057229754
948041,0.055208746
948090,0.04897557
948091,0.04650723
948092,0.04003442
948146,0.075315
948147,0.068064585
948148,0.063653626
948155,0.06037366
948156,0.053969555
948157,0.052064892
948158,0.04929696
948159,0.10195519
948160,0.040028434
948167,0.03724183
948168,0.03865689
948169,0.032423083
948170,0.029126137
948213,0.090815306
948214,0.074556485
948215,0.06576975
948216,0.0645303
948217,0.06065574
948218,0.05852971
948223,0.06839035
948224,0.053439423
948225,0.04578122
948226,0.04457174
948227,0.044214938
948228,0.037545484
948229,0.032451265
948241,0.038461402
948242,0.032009605
948243,0.13785186
948244,0.12507537
948245,0.028642718
948246,0.11921074
948247,0.028642718
948248,0.02856542
948261,0.033011124
948262,0.026276983
948263,0.06369334
948264,0.025855972
948286,0.18974856
948287,0.14448404
948288,0.06273987
948302,0.0740138
948303,0.054835692
948304,0.053091183
948305,0.050327133
948306,0.04852879
948307,0.04154342
948308,0.03718465
948321,0.04784695
948322,0.03128476
948323,0.028663859
948324,0.028060345
948325,0.028060345
948326,0.028060345
948327,0.028060345
948328,0.02492902
948329,0.02492902
948330,0.02492902
948331,0.02486149
948332,0.02486149
948333,0.024285162
948346,0.028063979
948347,0.023895279
948348,0.10179904
948349,0.02225971
948350,0.02225971
948351,0.019981567
948352,0.047915526
948353,0.019711245
948408,0.057623114
948409,0.0563618
948410,0.06421465
948411,0.049172774
948412,0.046174806
948413,0.04453228
948414,0.042147
948415,0.09353747
948416,0.034720168
948417,0.043555696
948418,0.030687582
948419,0.026003102
948420,0.023813797
948421,0.023486843
948422,0.023486843
948423,0.023486843
948427,0.03101079
948428,0.02081186
948429,0.02081186
948430,0.02081186
948431,0.020755244
948432,0.020755244
948433,0.01945375
948434,0.019061858
948470,0.05194162
948471,0.04770833
948472,0.04356938
948478,0.043700926
948583,0.053875756
948584,0.05046003
948585,0.047642548
948586,0.04639127
948587,0.043636452
948588,0.04245293
948596,0.04370539
948597,0.038474396
948598,0.07848961
948599,0.031898536
948600,0.03163983
948601,0.02674575
949256,0.06282655
949257,0.059457704
949258,0.05523945
949259,0.05237301
949260,0.057624616
949261,0.047616072
949262,0.045073405
949263,0.042900786
949264,0.036694285
949265,0.03587978
949266,0.038069345
949267,0.030708762
949268,0.027629413
949269,0.027319284
949370,0.062008183
949371,0.051059548
949378,0.06376397
949379,0.045917697
949380,0.043109186
949381,0.04157096
949382,0.03933776
949383,0.037896197
949390,0.045264907
949391,0.03152669
949392,0.031270895
949393,0.026750255
949394,0.024499629
949395,0.02416349
949401,0.031549003
949402,0.02416349
949403,0.02416349
949404,0.021413133
949405,0.021413133
949406,0.021413133
949413,0.026599152
949414,0.021354917
949415,0.020254843
949416,0.01984714
949434,0.010599518
949450,0.056702577
949451,0.05140779
949452,0.047731657
949453,0.059107337
949454,0.043651797
949455,0.042247184
949456,0.039979175
949457,0.03851505
949458,0.032921214
949459,0.03204007
949460,0.041141562
949461,0.028316684
949462,0.025790526
949463,0.025437135
949464,0.025099214
949465,0.026699623
949466,0.024936168
949467,0.021670906
949468,0.021670906
949536,0.023204414
949537,0.025120055
949591,0.05407423
949592,0.04762786
949593,0.04432971
949594,0.04317621
949595,0.040528256
949596,0.039078366
949597,0.036973905
949604,0.037574712
949605,0.0795579
949606,0.028781641
949704,0.05677755
949705,0.049507063
949706,0.0455112
949707,0.044328384
949708,0.041612845
949709,0.04012577
949710,0.037967134
949711,0.035803452
949718,0.031307623
949719,0.029555561
949747,0.009827545
950043,0.21041867
950044,0.12627241
950057,0.12263186
950058,0.10758358
950059,0.10221114
950060,0.09864694
950061,0.09320411
950063,0.08062968
950138,0.05726937
950139,0.26082122
950140,0.04706996
950144,0.049651626
950145,0.043532904
950146,0.041703895
950147,0.03946385
950317,0.24398914
950318,0.19454616
950319,0.16616407
950320,0.15013131
950321,0.046634044
950322,0.1271558
950323,0.04272172
950324,0.04051875
950325,0.034644384
950326,0.085986756
950327,0.033445764
950328,0.02814417
950329,0.025166152
950330,0.024882965
950428,0.022763552
950599,0.1006648
950600,0.08665291
950601,0.08129069
950602,0.07527669
950603,0.07158621
950604,0.06543515
950754,0.060754977
950774,0.06638323
950775,0.052077662
950776,0.05073326
950777,0.047644917
950778,0.045952618
950779,0.04349472
950795,0.044458527
950796,0.034839198
950797,0.085166566
950798,0.033634074
951122,0.046148106
951123,0.046400566
951124,0.041744478
951125,0.041294392
951251,0.03943078
951267,0.03297855
951268,0.030899612
951428,0.04869508
951429,0.049270604
951430,0.046448916
951450,0.059672784
951451,0.04100034
951452,0.03988533
951453,0.03773912
951454,0.036353923
951455,0.03075218
951456,0.029927297
951471,0.15970452
951472,0.025415182
951473,0.024057936
951474,0.02372771
951475,0.13078687
951476,0.113142334
951477,0.02372771
951492,0.06546622
951493,0.021354847
951494,0.056530215
951495,0.021296786
951496,0.021296786
951497,0.020800343
951498,0.020465232
951567,0.059304614
951568,0.05283393
951569,0.05033362
951570,0.05033362
951571,0.04838866
951572,0.047865335
951584,0.05258996
951585,0.04775276
951586,0.04775276
951587,0.04775276
951588,0.04775276
951748,0.15327187
951749,0.12508701
951750,0.11789138
951764,0.11641787
951765,0.09924873
951766,0.09547678
951767,0.0884524
951768,0.0862106
951769,0.07521969
951776,0.06453725
951777,0.07269808
951887,0.14598334
951888,0.04153405
951889,0.039511554
951890,0.038733162
951891,0.036415733
951892,0.035420798
951893,0.044804163
951894,0.03230773
951895,0.0722447
951896,0.026847158
951897,0.036236864
951898,0.02294436
951899,0.021716122
951900,0.021255689
951901,0.021213114
951902,0.021213114
951903,0.021213114
951904,0.019166732
951905,0.028331798
951906,0.02191218
951907,0.021852637
951908,0.021852637
951909,0.020906765
951910,0.020569978
951911,0.020569978
951912,0.020287262
951993,0.040990017
951994,0.037650917
952029,0.10895162
952030,0.034664918
952031,0.032956734
952032,0.031724118
952033,0.030003335
952100,0.0548431
952101,0.04451515
952102,0.041813448
952103,0.040601842
952104,0.038177047
952105,0.10103177
952106,0.04882001
952107,0.033716384
952108,0.028798621
952109,0.028024623
952110,0.027796429
952111,0.023918102
952112,0.022638947
952115,0.030466039
952116,0.021840228
952117,0.021840228
952118,0.060615443
952119,0.054907456
952120,0.054907456
952121,0.054907456
952122,0.019834258
952129,0.065609045
952130,0.053892188
952131,0.0532117
952132,0.0532117
952133,0.05311438
952134,0.05313154
952135,0.05313154
952151,0.06537925
952152,0.06309576
952153,0.05725094
952154,0.07099799
952155,0.052955106
952156,0.095701404
952157,0.095701404
952158,0.095701404
952159,0.069467485
952160,0.05194804
952174,0.06327448
952175,0.05365759
952176,0.052566055
952177,0.0620389
952212,0.02192872
952416,0.14763926
952417,0.12425523
952418,0.11568884
952419,0.1058913
952420,0.09675706
952422,0.10375404
952423,0.0879349
952424,0.08422806
952425,0.073989734
952426,0.07176284
952427,0.0712046
952428,0.06445656
952441,0.05140914
952442,0.057529207
952696,0.18633924
952703,0.16908602
952704,0.11735736
952705,0.1062906
952706,0.09990904
952707,0.09687756
952708,0.091522455
952721,0.26384312
952722,0.077654995
952723,0.07563337
952724,0.15230292
952725,0.07015693
952735,0.21160059
952736,0.06292562
952737,0.06292562
952738,0.06292562
952739,0.06355517
952749,0.06985552
952750,0.058266535
952751,0.058266535
952752,0.058114078
952753,0.058268666
952754,0.056510143
952764,0.0653302
952765,0.055579465
952766,0.055785052
952767,0.055152476
952768,0.055152476
952778,0.1328242
952779,0.054560196
952780,0.05443277
952781,0.05443277
952782,0.05443277
952795,0.062710196
952796,0.053827226
952797,0.053624935
952798,0.052117247
952799,0.052089036
952806,0.056942526
952807,0.050355345
952808,0.047771756
952901,0.058107946
952902,0.050601605
952903,0.12189331
952927,0.054367855
952928,0.043078776
952929,0.041541588
952930,0.039309904
952931,0.037276015
952932,0.09345057
952933,0.031002618
952934,0.030750945
952935,0.026001513
952936,0.023244794
952937,0.022982717
953124,0.1842498
953125,0.15414217
953126,0.13941881
953127,0.1288205
953128,0.11883599
953129,0.049272437
953130,0.107136235
953131,0.10456663
953132,0.09237339
953139,0.101742625
953140,0.08415644
953141,0.07820247
953142,0.072459765
953143,0.07215494
953144,0.07215494
953145,0.07215494
953146,0.07215494
953147,0.0646201
953153,0.07273816
953154,0.0646201
953155,0.064452164
953156,0.064452164
953157,0.06298575
953158,0.062014036
953159,0.062014036
953160,0.06189135
953161,0.058039136
953162,0.058039136
953163,0.052323855
953164,0.05176028
953165,0.051639043
953166,0.051639043
953167,0.051639043
953263,0.16607033
953264,0.13196205
953265,0.11768861
953266,0.107742324
953267,0.099205494
953268,0.09496636
953274,0.096334346
953275,0.086479336
953276,0.07599007
953277,0.07369611
953278,0.07312402
953279,0.06577715
953280,0.059381675
953281,0.0585957
953282,0.056488346
953627,0.19136979
953628,0.15629314
953643,0.18967715
953644,0.13444826
953645,0.12587526
953646,0.11875827
953647,0.11201043
953648,0.10676517
953662,0.11911562
953663,0.09103541
953664,0.09034185
953665,0.08412224
953666,0.07568922
953682,0.08899345
953683,0.07430116
953684,0.07430116
953685,0.07430116
953686,0.06621246
953710,0.07959249
953711,0.06827725
953712,0.0681005
953713,0.0681005
953714,0.057835467
953747,0.060937744
953748,0.056715105
953749,0.055964
953750,0.052460086
953912,0.16340265
953913,0.12700532
953914,0.11893768
953931,0.13439776
953932,0.10492876
953933,0.100472346
953934,0.09311825
953935,0.09055651
953936,0.07961581
953937,0.07723371
953938,0.07663643
953951,0.07268834
953952,0.063151315
953953,0.06231875
953954,0.060086045
953955,0.05970964
954254,0.15719062
954255,0.053536534
954262,0.0631513
954263,0.048833728
954264,0.045855433
954265,0.044223744
954272,0.05264004
954273,0.040666826
954274,0.034771774
954275,0.08805532
954276,0.0335689
954277,0.028285483
954278,0.02576203
954297,0.029990971
954298,0.025071464
954299,0.024908595
954300,0.024908595
954301,0.021646865
954302,0.021646865
954569,0.044293817
954577,0.056708142
954578,0.044451013
954579,0.043497283
954580,0.04090694
954581,0.039650712
954582,0.03751663
954583,0.036505144
954584,0.12231129
954585,0.12124407
954586,0.030517299
954587,0.02579223
954588,0.023833785
954589,0.023565229
954605,0.02809797
954651,0.25096864
954652,0.12509437
954653,0.117898494
954654,0.10910767
954655,0.09990226
954656,0.096108116
954657,0.10554325
954658,0.08658156
954659,0.076080926
954660,0.0737961
954661,0.0732233
954662,0.067008436
954663,0.07154435
954664,0.06273708
954665,0.06273708
954666,0.06273708
954667,0.06273708
954668,0.054096587
954669,0.05402185
954670,0.05363798
954671,0.053496946
954672,0.053496946
954736,0.033003718
954737,0.03382668
954738,0.09596712
954739,0.031464502
954745,0.034613397
954746,0.028755141
954747,0.07034405
954748,0.026343448
954749,0.022609465
954750,0.02199804
954757,0.021375377
954793,0.0459294
954794,0.040471863
954795,0.03800579
954796,0.03762949
954797,0.035375662
954798,0.03428323
954799,0.03242828
954800,0.031698953
954804,0.035628643
954815,0.033988424
954816,0.026473707
954817,0.02277561
954818,0.021556208
954834,0.024974031
954835,0.020047562
954836,0.019916661
954837,0.019916661
954838,0.049131535
954839,0.017547159
954840,0.017198546
954855,0.016775938
954970,0.15163891
954971,0.11957564
954972,0.11230717
954973,0.10321391
954974,0.09445302
954975,0.036557633
954976,0.08412965
954982,0.09275744
954983,0.07182736
954984,0.06966064
954985,0.069117546
954986,0.06364174
954987,0.06001993
954988,0.05922603
954994,0.055524714
954995,0.05673857
954996,0.05673857
954997,0.049778927
955012,0.05130052
955013,0.045761686
955014,0.04295409
955015,0.04049258
955016,0.0899845
955017,0.037339654
955029,0.03485817
955030,0.034194928
955031,0.029290268
955045,0.0498315
955046,0.0479804
955050,0.044483114
955051,0.044014316
955052,0.041787222
955364,0.060838703
955386,0.12680233
955387,0.10596475
955388,0.096900366
955389,0.08846495
955390,0.08464165
955391,0.07723236
955392,0.072332054
955394,0.057204776
955395,0.061061136
955419,0.17973956
955420,0.1261514
955421,0.1179582
955422,0.107532285
955423,0.13343497
955424,0.09831611
955425,0.09662679
955426,0.09432671
955427,0.08407795
955428,0.0819436
955429,0.08131308
955430,0.073863894
955431,0.08289947
955432,0.067138545
955433,0.067138545
955434,0.067138545
955435,0.067138545
955436,0.059662495
955437,0.059662495
955438,0.07081118
955439,0.059506617
955440,0.059506617
955441,0.057713017
955442,0.056763727
955443,0.056763727
955444,0.0566603
955445,0.06829777
955446,0.05870191
955447,0.05870191
955448,0.058073845
955449,0.05793872
955450,0.05793872
955451,0.05793872
955452,0.066866845
955453,0.05793872
955454,0.05793872
955455,0.05666717
955456,0.056331933
955457,0.05622468
955458,0.05439072
955459,0.052991115
955705,0.16103807
955706,0.12484605
955723,0.15223277
955724,0.10643865
955725,0.09965367
955726,0.09532477
955727,0.09368151
955728,0.09144444
955729,0.081480674
955762,0.0996702
955763,0.07784039
955764,0.070684865
955765,0.06688203
955766,0.06600375
955767,0.06600375
955768,0.06600375
955769,0.06600375
955778,0.07131299
955779,0.05878194
955780,0.05878194
955781,0.058628216
955782,0.058628216
955783,0.05685949
955795,0.06653558
955796,0.055923402
955797,0.05582142
955798,0.055839404
955799,0.055839404
955800,0.055839404
955801,0.05561478
955802,0.055485044
955808,0.064572476
955809,0.054866266
955810,0.054866266
955811,0.054866266
955812,0.054866266
955813,0.053182013
955814,0.052866235
955819,0.058391508
955820,0.05094067
955821,0.049625184
955822,0.049479704
955823,0.048084646
955870,0.15633239
955871,0.12213983
955872,0.109186985
955873,0.10141098
955874,0.1164005
955875,0.095854655
955876,0.09420321
955877,0.091954954
955878,0.08194058
955879,0.07984321
955880,0.079227455
955881,0.07195436
955882,0.06626132
955883,0.070489615
955884,0.064776264
955885,0.064372495
955886,0.064372495
955887,0.05506931
955888,0.05506931
955889,0.054287635
955890,0.054287635
956302,0.15757509
956303,0.1259668
956304,0.11428794
956305,0.10619196
956306,0.09942096
956307,0.09517359
956308,0.09353267
956309,0.091298796
956310,0.08134947
956329,0.09347909
956330,0.07865425
956331,0.07096848
956332,0.06534795
956333,0.06448841
956334,0.06448841
956335,0.06448841
956336,0.06448841
956354,0.05531601
956355,0.019812005
956356,0.019419271
956357,0.019366369
956358,0.019366369
956370,0.021262635
956383,0.06455168
956384,0.05226839
956385,0.04713987
956386,0.04646063
956387,0.043620426
956405,0.0586851
956406,0.03980614
956407,0.038917556
956408,0.033709757
956409,0.077957965
956410,0.03204819
956411,0.02723299
956412,0.024942787
956428,0.03335861
956429,0.025201313
956430,0.018359397
956431,0.018359397
956432,0.016403925
956433,0.016403925
956434,0.016403925
956454,0.021577258
956455,0.0163591
956456,0.015774814
956457,0.0154558895
956458,0.0154558895
956459,0.015209433
956460,0.014218729
956461,0.014218729
956599,0.039084155
956600,0.040569313
956601,0.1490921
956608,0.040488172
956609,0.034877717
956668,0.03833025
956669,0.15493459
956670,0.031300608
956671,0.03166857
956672,0.1447504
956772,0.04001273
956773,0.036455885
956774,0.03358966
956775,0.03296595
956776,0.03127961
956777,0.032013845
956778,0.086184576
956779,0.025058541
956802,0.03903775
956803,0.03346212
956804,0.030519491
956824,0.03314783
956882,0.046185296
956890,0.053214487
956891,0.03574189
956904,0.04967465
956905,0.033141788
956906,0.030204387
956907,0.028563607
956908,0.027918695
956909,0.024145743
956910,0.023493772
956917,0.032976884
956918,0.020566367
956919,0.018825963
956920,0.096917495
956921,0.018566178
956922,0.018566178
956923,0.018566178
956924,0.018438065
956925,0.016047614
956926,0.015728308
956927,0.088593595
956928,0.096686475
957109,0.03944966
957110,0.03728471
957111,0.034355644
957112,0.033954263
957113,0.031853054
957120,0.106087394
957121,0.02787266
957122,0.027242906
957123,0.02355907
957124,0.022926118
957125,0.022738468
957126,0.019243337
957134,0.021727242
957135,0.017334258
957136,0.017163118
957137,0.017050719
957138,0.017050719
957139,0.01473852
957140,0.01473852
957146,0.013974036
957240,0.047743168
957241,0.10177621
957242,0.09493063
957249,0.11981406
957250,0.08108766
957251,0.078577414
957252,0.07415085
957253,0.07227929
957254,0.06358366
957255,0.061649103
957256,0.061164346
957273,0.07104559
957274,0.050493307
957275,0.049818743
957276,0.049818743
957277,0.04975326
957278,0.04975326
957279,0.044313267
957280,0.044313267
957281,0.044313267
957282,0.044195607
957283,0.044195607
957297,0.048707638
957298,0.039094124
957299,0.039094124
957300,0.03905749
957301,0.039070297
957302,0.037783623
957303,0.037783623
957304,0.037783623
957305,0.037783623
957306,0.037783623
957307,0.037783623
957308,0.037783623
957309,0.037783623
957310,0.037783623
957311,0.037381217
957312,0.037360664
957313,0.037647996
957314,0.03506447
957315,0.0344092
957327,0.034406587
957328,0.032493863
957329,0.033324458
957359,0.033421565
957694,0.101900235
957695,0.08133109
957696,0.07738434
957697,0.040784337
957698,0.03206393
957699,0.0280752
957700,0.026576985
957701,0.025852518
957702,0.052569743
957703,0.021747746
957704,0.022793913
957705,0.056157947
957706,0.016876103
957707,0.016632736
957729,0.0063107302
957877,0.045361716
957878,0.0371307
957880,0.048557024
957881,0.034733675
957882,0.032647412
957883,0.029800862
957884,0.028181363
957885,0.027544836
957894,0.032968756
957895,0.023177754
957896,0.022988092
957897,0.019632326
957898,0.018577999
957899,0.01832158
957912,0.05440171
957913,0.04569477
957914,0.04569477
957915,0.040849987
957916,0.07911237
957917,0.040849987
957918,0.0160006
957931,0.047433488
957932,0.038777374
957933,0.03816393
957934,0.03816393
957935,0.037648696
957936,0.03524869
958087,0.029525692
958088,0.06732862
958089,0.027626416
958090,0.027291972
958091,0.055096656
958092,0.086753145
958093,0.019551603
958094,0.019106159
958095,0.01650391
958096,0.016054874
958097,0.015922552
958098,0.01373024
958099,0.01770879
958100,0.012710908
958101,0.012710908
958102,0.012710908
958103,0.012710908
958104,0.011537157
958105,0.052547485
958106,0.04488633
958107,0.046593804
958108,0.046593804
958109,0.044972062
958110,0.044265132
958111,0.044265132
958416,0.13490568
958417,0.11671592
958418,0.10959966
958419,0.100700706
958420,0.092131205
958426,0.092458405
958427,0.082322665
958428,0.07949336
958429,0.06955121
958430,0.06744816
958431,0.06692107
958432,0.061016068
958565,0.17142178
958566,0.13106993
958567,0.12328458
958570,0.14220951
958571,0.10343825
958572,0.09937468
958574,0.11726811
958575,0.092716895
958576,0.08177923
958577,0.0796855
958578,0.07907088
958579,0.073923916
958580,0.06847206
958582,0.093200736
958583,0.07868451
958584,0.10159221
958585,0.067692585
958586,0.059825704
958587,0.059825704
958588,0.059825704
958589,0.13698891
958591,0.16140594
958592,0.06631301
958593,0.08110443
958594,0.06554835
958936,0.15398408
958937,0.13159414
958938,0.12074116
958939,0.1125506
958940,0.107244685
959051,0.09638983
959052,0.12262369
959053,0.10905885
959054,0.21425897
959055,0.17186275
959056,0.15393719
959057,0.14656508
959058,0.13873199
959115,0.2663561
959116,0.1955106
959117,0.17671916
959123,0.15643129
959124,0.11010409
959125,0.10553391
959126,0.13917945
959127,0.13553989
959128,0.12265121
959129,0.08166783
959130,0.11872722
959131,0.11042526
959143,0.083971284
959144,0.06735928
959145,0.06721621
959146,0.06721621
959147,0.067917265
959157,0.07483314
959158,0.06315195
959159,0.06255007
959160,0.06238715
959161,0.056736194
959169,0.06428207
959170,0.05422686
959171,0.05422686
959172,0.053375643
959173,0.05085107
959174,0.049909495
959175,0.048145697
959176,0.047624864
959177,0.047490034
959178,0.04708089
959179,0.04681831
959180,0.046944346
959181,0.046944346
959250,0.039242074
959251,0.033289537
959252,0.030560557
959253,0.02999135
959254,0.02845269
959255,0.026236875
959263,0.082126774
959264,0.023735333
959265,0.020363297
959279,0.044182062
959280,0.034563478
959281,0.032214068
959282,0.031371627
959283,0.04441211
959284,0.02671015
959285,0.025254244
959286,0.024682147
959287,0.032287996
959296,0.030796656
959297,0.0207763
959298,0.01774499
959299,0.01623939
959300,0.016014699
959301,0.016014699
959321,0.10878512
959322,0.016014699
959323,0.014305362
959324,0.014305362
959325,0.014305362
959326,0.014266188
959327,0.014266188
959336,0.07386148
959337,0.061840694
959338,0.061840694
959339,0.061728626
959340,0.061748385
959341,0.061748385
959342,0.061748385
959347,0.07103821
959348,0.06094816
959349,0.06094816
959350,0.06094816
959351,0.06094816
959352,0.06094816
959353,0.06094816
959354,0.059614737
959376,0.061738975
959377,0.058582153
959378,0.05667591
959949,0.09302457
959950,0.075128615
959951,0.11654693
959956,0.08833619
959957,0.059788078
959958,0.057126462
959959,0.052759018
959960,0.051443696
959961,0.044500906
959962,0.04332371
959963,0.04297645
959965,0.049739268
959966,0.03569726
959967,0.03521303
959968,0.03521303
959969,0.03521303
959970,0.03521303
959971,0.031310476
959972,0.03929705
959973,0.031310476
959974,0.031226214
959975,0.031226214
959976,0.030333607
959977,0.029899001
959978,0.029899001
959979,0.035131123
959980,0.028450508
959981,0.028450508
959982,0.028450508
959983,0.028450508
959984,0.028450508
959985,0.028450508
959986,0.028450508
959987,0.028450508
959988,0.14136189
959989,0.10956202
959990,0.0887611
959991,0.119787835
959992,0.014990472
959993,0.028169138
959994,0.11040522
960005,0.066748016
960006,0.054451622
960007,0.054451622
960008,0.054451622
960009,0.054451622
960011,0.066633545
960012,0.1137144
960013,0.05443212
960014,0.05443212
960015,0.13113071
960016,0.1355801
960017,0.051443417
960018,0.051443417
960019,0.05067931
960027,0.061002776
960028,0.05067931
960029,0.05067931
960030,0.05067931
960031,0.05067931
960032,0.05067931
960038,0.06066075
960039,0.050392058
960040,0.050392058
960041,0.051406525
960042,0.04342491
960515,0.15342703
960516,0.13154545
960517,0.12389794
960518,0.11349436
960519,0.10378046
960528,0.10779269
960529,0.09224007
960530,0.08836933
960531,0.07767031
960532,0.07534165
960533,0.07475782
960534,0.06718875
960541,0.054464858
960911,0.14336856
960912,0.12002197
960913,0.112495676
960914,0.11682228
960915,0.098267086
960918,0.11132756
960919,0.088916816
960920,0.085576765
960921,0.07494908
960922,0.07303543
960923,0.07252629
960943,0.07531261
960944,0.06301885
960945,0.06218791
960946,0.061601672
960947,0.061216388
960964,0.06552915
960965,0.05242583
960966,0.05242583
960967,0.05142051
960968,0.05142051
961307,0.15832014
961308,0.12904528
961309,0.12103108
961315,0.1431438
961316,0.10138415
961317,0.0971354
961318,0.09176749
961319,0.08833071
961332,0.09700236
961333,0.07503119
961334,0.07444958
961335,0.070020154
961336,0.06572311
961348,0.07713701
961349,0.064859
961350,0.064859
961351,0.064859
961352,0.058106054
961362,0.06788055
961363,0.058106054
961364,0.057953987
961365,0.057953987
961366,0.05520831
961367,0.05433546
961385,0.053982496
961386,0.050774608
961696,0.23077956
961697,0.27718085
961698,0.1798628
961711,0.12638733
961712,0.097004905
961713,0.09260376
961714,0.087462015
961715,0.08417154
961742,0.086439736
961743,0.0714924
961744,0.070936106
961745,0.06712904
961746,0.0629974
961752,0.0691841
961753,0.0615169
961754,0.06113211
961755,0.06113211
961762,0.048581965
961763,0.052993305
961764,0.0519777
961765,0.0519777
961781,0.016716283
962463,0.12598014
962464,0.11916676
962465,0.10729764
962466,0.0981317
962472,0.08987985
962473,0.08590255
962474,0.07952057
962475,0.07378048
962542,0.0820017
962543,0.0689744
962544,0.05953848
962669,0.1642308
962670,0.23021775
962671,0.19929592
962699,0.1617454
962700,0.11773818
962701,0.11251465
962702,0.107499704
962703,0.1024413
962704,0.091058575
962705,0.13650902
962706,0.13610293
962707,0.120442264
962708,0.099229716
962709,0.07342702
962710,0.09393125
962711,0.103705764
962712,0.08829831
962713,0.075811274
962714,0.075811274
962723,0.07560417
962724,0.059362434
962725,0.059379112
962726,0.057864822
962735,0.06327082
962736,0.055957574
962737,0.053827103
962738,0.05079883
962745,0.058973063
962754,0.05163971
962755,0.0114868125
962771,0.013774568
962772,0.011458768
911353,0.6496292
911354,0.6455415
911355,0.29114777
911356,0.27885643
911357,0.36807516
911358,0.4076388
911359,0.37064114
911360,0.13835329
911361,0.19334291
911362,0.18837352
911363,0.18743993
911364,0.14579968
911365,0.12148982
911847,0.57176065
911848,0.42655984
911849,0.37351
911850,0.34623918
911851,0.32366326
911852,0.21558967
911853,0.42755347
911854,0.46560252
911871,0.5378467
911872,0.46778595
911873,0.30821952
911874,0.47902006
911875,0.41731548
911876,0.3799778
912055,0.65490323
912056,0.6022034
912057,0.50122225
912058,0.50932103
912059,0.54751056
912060,0.34372142
912061,0.44006366
912062,0.50807893
912063,0.35670555
912104,0.46904
912105,0.19201785
912106,0.18623912
912107,0.17023666
912108,0.16810487
912109,0.33496195
912110,0.16937134
912111,0.16937134
912112,0.27393106
912113,0.4022646
912114,0.14717452
912162,0.17729364
912163,0.14682573
912164,0.14086723
912165,0.13887209
912166,0.1647616
912167,0.17424065
912168,0.25259414
912257,0.69749963
912258,0.4803091
912259,0.4653688
912291,0.386475
912292,0.3745469
912512,0.72650534
912517,0.5942261
912518,0.4638865
912519,0.58479476
912520,0.54217345
912521,0.45444208
912522,0.3921323
912525,0.39943445
912526,0.46611124
912527,0.31836706
912528,0.3619207
912529,0.3394959
912530,0.3077578
912596,0.72695106
912611,0.6647959
912612,0.58299017
912613,0.4424919
912614,0.41756737
912615,0.5186414
912616,0.49106777
912617,0.43919185
912618,0.4225154
912619,0.31567714
912620,0.3158083
912621,0.4037226
912622,0.42726874
912623,0.36061776
912624,0.27176186
912633,0.29277503
912634,0.23982461
912635,0.20911098
912636,0.20911098
912637,0.21253684
912638,0.21143404
912639,0.2086513
912640,0.20911008
912641,0.2370565
912656,0.24525963
912657,0.20386319
912658,0.2043419
912659,0.17235859
912660,0.2043419
912661,0.2070822
912662,0.20166288
912663,0.2686855
912664,0.2070822
912665,0.4510907
912666,0.20771018
912677,0.34040388
912678,0.2929768
912679,0.19131035
912680,0.19955263
912681,0.16521285
912682,0.25842243
912683,0.25783092
912684,0.18844825
912685,0.19856216
912686,0.22373468
912687,0.19590677
912688,0.19945562
912689,0.19856216
912690,0.19590677
912700,0.27216402
912701,0.22212991
912702,0.2438479
912703,0.22092763
912704,0.24002658
912705,0.22106834
912706,0.404818
912707,0.18663597
912708,0.4218013
912709,0.18179747
912718,0.3043688
912719,0.25512967
912720,0.2539936
912738,0.21194105
912905,0.66564214
912906,0.56545776
912907,0.6680188
912908,0.5616875
912910,0.46069232
912912,0.7143166
912913,0.5685661
912914,0.58955455
912915,0.53781915
912916,0.5355542
912917,0.40639573
912918,0.45710135
912919,0.45023966
912920,0.46782455
912922,0.49308336
912923,0.44776955
912940,0.8256885
912941,0.6921509
912942,0.6862432
912943,0.5087027
912944,0.50113815
912945,0.64237213
912946,0.5201117
912947,0.511089
912948,0.4033507
912949,0.39348063
912953,0.4735906
912954,0.43015018
912955,0.2717149
912956,0.39630017
912957,0.42295113
912963,0.3013743
912964,0.20388547
912965,0.30037838
912966,0.33859324
912967,0.28138286
912969,0.35286966
912970,0.2999471
912971,0.32748827
912972,0.4163167
912973,0.23298636
912975,0.3170638
912976,0.39336348
912977,0.39336348
912978,0.20872846
912979,0.33095014
912980,0.27182132
912981,0.26356125
912982,0.2602931
912986,0.32991335
912987,0.28537288
912995,0.34164864
912996,0.13176304
912997,0.22173874
912998,0.22043495
912999,0.21426849
913018,0.2049669
913230,0.5985944
913231,0.6010355
913232,0.57989186
913233,0.5436302
913234,0.44733194
913235,0.50250447
913258,0.47089458
913259,0.37557012
913260,0.31866825
913261,0.3106306
913262,0.30645487
913263,0.2886164
913264,0.43902165
913265,0.30233967
913266,0.2622904
913267,0.39022037
913268,0.2595996
913269,0.23030882
913270,0.43205371
913271,0.48235846
913272,0.3422481
913273,0.2298161
913274,0.2238528
913275,0.30081674
913284,0.35237908
913285,0.23855907
913286,0.123827636
913287,0.30704424
913288,0.2994748
913289,0.22237067
913290,0.27522337
913291,0.32789788
913292,0.27328303
913293,0.22206564
913294,0.28147218
913302,0.33977914
913303,0.31183866
913304,0.4607977
913305,0.2959934
913306,0.2914147
913570,0.5978021
913571,0.4643199
913572,0.47316575
913573,0.6064426
913636,0.72936934
913657,0.6441885
913658,0.5934489
913659,0.6801753
913660,0.5732488
913661,0.55905885
913662,0.5578224
913663,0.4785108
913664,0.53059566
913665,0.37413797
913685,0.33768934
913686,0.33368564
913687,0.4304037
913688,0.3521587
913689,0.5500824
913701,0.3479799
913702,0.31445917
913703,0.32431433
913704,0.24581419
913705,0.33449095
913736,0.4974313
913737,0.5673702
913741,0.42493105
913742,0.39583254
913893,0.14050604
913955,0.80349946
913956,0.42753005
913957,0.5201435
913958,0.4797958
913959,0.6129637
913960,0.47184852
913961,0.32353187
913962,0.36049473
913963,0.38971153
913964,0.48858136
913965,0.29981914
913966,0.33988073
913981,0.28883678
913982,0.23379944
913983,0.23379944
913984,0.23379944
913985,0.23379944
913986,0.20991828
913987,0.20991828
913988,0.31580433
913989,0.21088023
913990,0.21658441
913991,0.31268606
913992,0.20681426
913993,0.22888838
913994,0.22854732
913995,0.22969423
913996,0.47984675
914000,0.25756788
914001,0.21879885
914002,0.21216284
914003,0.1964755
914004,0.1972858
914005,0.1972858
914006,0.1972858
914007,0.19689015
914008,0.31657612
914009,0.43523645
914010,0.4861823
914011,0.30995288
914012,0.19554429
914013,0.20346665
914014,0.17794213
914015,0.19711404
914016,0.19642559
914017,0.23291953
914018,0.3685199
914288,0.560634
914289,0.3175084
914290,0.51724255
914298,0.5703572
914299,0.45764413
914300,0.4326992
914301,0.4220248
914302,0.40603554
914317,0.42771882
914318,0.3386857
914319,0.33431575
914320,0.31968033
914321,0.30351087
914335,0.3532339
914336,0.2927138
914337,0.2927138
914338,0.2930009
914348,0.3189081
914349,0.26094514
914350,0.26099125
914351,0.26045507
914352,0.26704642
914360,0.3111979
914361,0.25427687
914362,0.25427687
914363,0.2541751
914364,0.25465828
914365,0.25465828
914366,0.2552716
914372,0.31023884
914373,0.26149526
914374,0.26718178
914375,0.25876594
914376,0.2906931
914377,0.3731238
914378,0.22385354
914379,0.2943303
914380,0.27198276
914381,0.33356073
914382,0.3798104
914383,0.25372612
914384,0.27182692
914385,0.2654506
914386,0.24522589
914387,0.30522746
914388,0.23354298
914389,0.13096698
914390,0.19673853
914391,0.19673853
914392,0.22681996
914393,0.29660076
914395,0.28394115
914396,0.21407923
914397,0.24766566
914398,0.18002975
914557,0.74302155
914558,0.66009206
914559,0.64295876
914560,0.47115734
914561,0.5849842
914562,0.70444727
914563,0.5389937
914564,0.53727186
914565,0.40486184
914566,0.4189271
914567,0.3640945
914568,0.40093756
914625,0.7236891
914626,0.19419959
914627,0.23712234
914656,0.53873193
914657,0.41357532
914658,0.37854135
914659,0.36410913
914660,0.33052036
914661,0.31728327
914662,0.65606093
914663,0.5911856
914664,0.24555679
914665,0.24913587
914666,0.2397093
914667,0.22819175
914668,0.21757914
914669,0.45186076
914742,0.7240859
914743,0.58108
914744,0.428978
914745,0.4749053
914746,0.45047235
914747,0.4339203
914748,0.4317166
914749,0.4156242
914757,0.61674404
914758,0.38702497
914759,0.36129802
914760,0.32756212
914761,0.31516412
914762,0.24411301
914763,0.20175251
914764,0.3028679
914765,0.3028679
914766,0.26590264
914767,0.26590264
914768,0.26590264
914769,0.26535994
914770,0.26535994
914771,0.2142913
914772,0.24953292
914848,0.6240885
914849,0.45673656
914850,0.48354197
914851,0.46455547
914852,0.41256914
914853,0.37001398
914873,0.43570477
914874,0.3711996
914875,0.33671176
914876,0.271424
915057,0.59125185
915059,0.6171979
915060,0.29648525
915061,0.23355874
915062,0.21469182
915063,0.20320556
915064,0.20004056
915065,0.1892199
915066,0.33827388
915067,0.15175982
915070,0.40650368
915071,0.343586
915072,0.35289407
915073,0.3496674
915074,0.2568364
915077,0.31432816
915078,0.30316836
915079,0.29677844
915081,0.6392803
915082,0.55763745
915083,0.48909745
915084,0.5181948
915085,0.43634114
915086,0.41518444
915087,0.4187496
915088,0.38988224
915089,0.33164957
915090,0.4128864
915391,0.7551714
915412,0.73567003
915413,0.47165087
915414,0.50186247
915415,0.6778706
915416,0.40177497
915417,0.3978274
915418,0.38214874
915419,0.32298884
915420,0.31643105
915421,0.31221268
915422,0.29483008
915423,0.3919793
915424,0.27123874
915425,0.27123874
915445,0.3279529
915446,0.27123874
915447,0.24349694
915448,0.49775115
915449,0.24349694
915450,0.24298494
915451,0.25865877
915452,0.2391275
915453,0.23698829
915454,0.23698829
915474,0.49084088
915475,0.30588892
915476,0.30588892
915477,0.22631729
915478,0.22631729
915479,0.22631729
915480,0.51951545
915481,0.22631729
915482,0.41910848
915483,0.3313926
915484,0.22587979
915485,0.35392553
915486,0.22049229
915496,0.3430525
915497,0.24649304
915498,0.24288121
915499,0.24144384
915500,0.2359801
915501,0.2784515
915550,0.70120287
915551,0.5972025
915552,0.550176
915553,0.52366483
915554,0.43864745
915555,0.42089072
915556,0.41870427
915557,0.40199953
915558,0.34257218
915559,0.3914231
915560,0.32988623
915573,0.34849223
915574,0.36395985
915575,0.3605707
915576,0.3358528
915577,0.3343634
915578,0.35671082
915579,0.28947246
915580,0.3095105
915581,0.28826323
915609,0.7145162
915610,0.56410503
915611,0.5541567
915612,0.54548573
915613,0.52517843
915614,0.4842251
915615,0.507445
915616,0.49096856
915617,0.39304963
915618,0.4336278
915619,0.40990904
915620,0.35258642
915621,0.3280528
915622,0.3605218
915623,0.27526543
915624,0.32696775
915625,0.33034396
915626,0.3137171
915627,0.23545368
915632,0.2840961
915633,0.27606457
915634,0.24102023
915737,0.09923339
915890,0.6470367
915891,0.5175268
915892,0.49507242
915893,0.46036398
915898,0.5586354
915899,0.4483978
915900,0.47424206
915901,0.40296587
915902,0.34236914
915903,0.33561295
915904,0.3312628
915905,0.31997895
915906,0.29616413
915907,0.29521787
915908,0.29521787
915909,0.29521787
915910,0.29521787
915911,0.26591843
915912,0.26591843
915913,0.26591843
915915,0.4859691
915916,0.34495172
915917,0.34146062
915918,0.3390556
915919,0.3390556
915920,0.33862248
915921,0.33891672
915922,0.33891672
915923,0.40378574
915924,0.23380074
915925,0.33891672
915926,0.33891672
915927,0.33891672
915928,0.27794442
915929,0.32779264
915930,0.23335315
915931,0.3728468
915932,0.23596647
915933,0.2705435
915934,0.23512053
915935,0.33731645
915938,0.39768356
915939,0.4004335
915940,0.27609417
915941,0.27609417
915942,0.26235268
915943,0.33684996
915944,0.33409286
915945,0.2072786
915946,0.3572375
915947,0.32505912
915948,0.32505912
915949,0.32353145
915950,0.27287823
915951,0.30432466
915958,0.29922956
915959,0.32049242
915960,0.26254717
915961,0.32049242
915962,0.4741996
915963,0.30559865
915964,0.31814393
915965,0.33192673
915972,0.40493697
915973,0.3245266
915974,0.34738427
915975,0.26007244
916115,0.59750986
916116,0.5875774
916117,0.5075316
916118,0.40947792
916119,0.4208597
916120,0.5266477
916121,0.44550097
916122,0.42515114
916123,0.3670389
916124,0.4073708
916125,0.35259786
916126,0.43232226
916127,0.4164865
916128,0.25153717
916129,0.35470122
916130,0.32569033
916131,0.35523802
916132,0.2627254
916133,0.26177412
916137,0.16853893
916350,0.7261867
916351,0.64654183
916352,0.59484065
916353,0.48603278
916354,0.57461935
916355,0.41635984
916356,0.4589433
916357,0.5730418
916358,0.4508775
916359,0.501018
916360,0.4585684
916361,0.34484562
916362,0.3187805
916363,0.45971143
916364,0.45145267
916365,0.3938148
916366,0.5078025
916367,0.37192014
916368,0.40414312
916442,0.69741654
916443,0.6425572
916444,0.4765373
916445,0.44796544
916452,0.5010922
916453,0.5614841
916454,0.47977617
916455,0.4390202
916456,0.32862678
916457,0.28477207
916473,0.2120361
916475,0.15806183
916515,0.26981992
916516,0.20372006
916517,0.21427302
916522,0.19247453
916782,0.055420734
916821,0.63726795
916822,0.3480418
916823,0.2604538
916824,0.2391623
916825,0.49174008
916834,0.550838
916835,0.466512
916836,0.35810235
916837,0.2642728
916838,0.27532652
916839,0.33702502
916840,0.35894674
916841,0.28017536
916842,0.25853196
916843,0.24590966
916844,0.32729948
916845,0.25278825
916846,0.29505798
916847,0.30300987
916855,0.28754386
916856,0.22913794
916857,0.21863972
916858,0.20682968
916859,0.2996136
916869,0.36795464
916870,0.29920802
916871,0.2600531
916872,0.2992796
916873,0.20853862
916874,0.2992796
916875,0.26655737
916889,0.2704973
916890,0.25216162
916901,0.14743605
916902,0.11090597
916903,0.12191258
916904,0.11251921
916905,0.1343327
916906,0.12121582
916907,0.26981953
916908,0.13896513
916909,0.17404631
916910,0.27095264
916911,0.27095264
916912,0.26819977
916913,0.24243456
916914,0.2953383
916915,0.24362098
916916,0.23946398
916917,0.27095264
917133,0.054935034
917459,0.5423566
917460,0.375709
917461,0.32892317
917462,0.33387727
917463,0.3020337
917481,0.5892181
917482,0.58496857
917483,0.5443366
917484,0.506539
917485,0.3439621
917486,0.49537337
917487,0.41193923
917488,0.28379932
917489,0.46224344
917490,0.27522904
917491,0.46224344
917492,0.27522904
917493,0.43192318
917494,0.2404193
917495,0.25256023
917496,0.1806558
917497,0.15273353
917498,0.18845856
917499,0.24649246
917500,0.24759735
917501,0.20835829
917502,0.24723738
917503,0.1667513
917504,0.16255969
917505,0.20322326
917506,0.15722872
917507,0.14931768
917541,0.44253862
917542,0.29976085
917543,0.40415308
917544,0.29993427
917545,0.4241513
917546,0.27183926
917547,0.4018709
917548,0.38491288
917549,0.30098042
917550,0.39882165
917551,0.30273145
917552,0.39906174
917553,0.41980076
917554,0.41980076
917555,0.30390283
917556,0.41980076
917557,0.3823215
917558,0.41980076
917559,0.26127848
917560,0.3135597
917561,0.26504144
917562,0.25369078
917563,0.4129251
917564,0.4129251
917565,0.23797631
917566,0.3918526
917567,0.27385017
917568,0.29150534
917569,0.39378455
917570,0.38639006
917571,0.2807986
917572,0.2680836
917573,0.38686803
917574,0.28255334
917575,0.27227652
917576,0.29986653
917577,0.32219544
917578,0.26106933
917579,0.3149894
917580,0.33586574
917581,0.2738816
917584,0.15775025
917585,0.2513167
917586,0.2513167
917587,0.28947616
917588,0.2509036
917589,0.25035608
917590,0.274679
917591,0.30316412
917592,0.25035608
917593,0.5102083
917594,0.3440479
917595,0.27470934
917596,0.26235732
917597,0.3725418
917598,0.31338206
917599,0.35489175
917600,0.26184627
917601,0.3708967
917602,0.30738905
917603,0.3523712
917604,0.2947875
917605,0.2384942
917606,0.35613787
917607,0.189006
917608,0.3435471
917609,0.2150611
917611,0.3973815
917612,0.49064538
917613,0.38216147
917614,0.37650663
917615,0.30518678
917616,0.22311243
917617,0.3760706
917618,0.3046048
917623,0.20587005
917624,0.30209303
917625,0.2930652
917626,0.36865607
917627,0.3340243
917628,0.32687512
917629,0.32964182
917630,0.2941984
917631,0.41344935
917632,0.43614903
917639,0.3372924
917640,0.17865069
917641,0.2004518
917642,0.29524845
917643,0.18195026
917644,0.17993204
917645,0.29111877
917646,0.3097585
917647,0.28464967
917648,0.17979498
917649,0.286099
917650,0.1730069
917651,0.31307796
917660,0.31100506
917661,0.28760317
917662,0.286099
917663,0.286099
917664,0.286099
917665,0.286099
917666,0.17412665
917667,0.2788117
917710,0.23181257
917766,0.47877958
917772,0.5436395
917773,0.4925107
917774,0.46613634
917775,0.38350967
917776,0.42192507
917777,0.37083524
917778,0.26364765
917779,0.2200108
917780,0.29352263
917781,0.3499451
917782,0.15783487
917783,0.18234363
917789,0.26541033
917790,0.21665387
917791,0.28719082
917792,0.29246593
917793,0.25827757
917794,0.25827757
917795,0.25827757
917796,0.2583931
917819,0.30963963
917820,0.25421053
917821,0.24634533
917822,0.2505131
917823,0.28259662
917824,0.35113814
917825,0.21015485
917826,0.17744179
917827,0.2182576
917828,0.23008443
917829,0.2535361
917830,0.23517755
917851,0.26974365
917852,0.23099735
917853,0.21104427
917898,0.26065287
918045,0.51045585
918046,0.2841022
918047,0.27166733
918048,0.20350918
918049,0.5561267
918050,0.21089964
918051,0.3771492
918052,0.27468085
918053,0.21983527
918054,0.13297096
918055,0.15570031
918056,0.21046445
918057,0.19313154
918058,0.19767937
918059,0.19767937
918060,0.12527454
918061,0.12258454
918062,0.10976868
918063,0.15329328
918064,0.12359695
918065,0.09066238
918066,0.17790197
918067,0.17414747
918068,0.10461921
918069,0.106546976
918070,0.098477006
918071,0.16682106
918072,0.16196814
918073,0.17174271
918074,0.112734534
918075,0.17174271
918076,0.16196814
918077,0.12258598
918078,0.12710902
918079,0.1502489
918080,0.10419238
918081,0.15348098
918082,0.112687655
918083,0.12267611
918084,0.1940999
918085,0.15876941
918086,0.1387072
918087,0.16852997
918088,0.0999145
918089,0.1034886
918090,0.12025487
918091,0.10323657
918092,0.08705928
918093,0.089441225
918094,0.08198816
918095,0.101279214
918096,0.09608803
918097,0.1208229
918098,0.086318456
918099,0.12665097
918100,0.21524161
918101,0.21524161
918102,0.21524161
918103,0.21524161
918104,0.21524161
918105,0.11964404
918106,0.25061738
918107,0.16344681
918108,0.10298583
918109,0.09575936
918110,0.101362824
918111,0.2048926
918112,0.12238634
918113,0.107483394
918114,0.12856092
918115,0.079688765
918116,0.19700685
918117,0.19700685
918118,0.23092857
918119,0.19700685
918120,0.27785707
918121,0.19649428
918122,0.19649428
918123,0.19603445
918126,0.12097572
918127,0.10284538
918128,0.12787254
918129,0.12846796
918138,0.18610266
918139,0.075643495
918140,0.06716567
918141,0.067050315
918142,0.0845366
918143,0.08417055
918148,0.14329544
918149,0.12289644
918150,0.1286319
918151,0.13390309
918152,0.13390309
918153,0.21269877
918154,0.10049661
918195,0.4935312
918196,0.4169317
918197,0.38255325
918198,0.27973172
918199,0.18402143
918494,0.068453416
918520,0.70381
918521,0.5907001
918522,0.5519633
918523,0.24154785
918524,0.26057222
918525,0.4327456
918526,0.4261941
918527,0.33156163
918528,0.34103987
918529,0.37144795
918530,0.26703885
918531,0.095827244
918532,0.4543208
918533,0.39125875
918534,0.40444145
918535,0.42011562
918536,0.28689465
918537,0.3016749
918538,0.40124238
918539,0.3030638
918540,0.30268207
918541,0.31040102
918542,0.25644556
918543,0.2633175
918544,0.20189306
918545,0.2955993
918548,0.24036925
918551,0.28441396
918552,0.30994162
918553,0.23834911
918554,0.30077207
918555,0.25742087
918556,0.11128331
918557,0.13479371
918558,0.13238071
918559,0.08956473
918560,0.08965003
918561,0.0866529
918563,0.15997906
918564,0.12488315
918565,0.13607897
918566,0.11149731
918567,0.12537381
918568,0.111039855
918569,0.085675806
918570,0.15249163
918571,0.10508403
918572,0.07908915
918573,0.1133146
918574,0.14598532
918575,0.11332636
918576,0.10093123
918577,0.1657032
918578,0.105047874
918579,0.097206205
918580,0.121657036
918581,0.10184304
918582,0.093563594
918587,0.08615272
918588,0.08990052
918589,0.13811907
918590,0.10957778
918591,0.12979499
918592,0.11534953
918593,0.13744035
918594,0.1229009
918613,0.41380635
918614,0.3409766
918615,0.27897567
918616,0.29470512
918617,0.2542678
918618,0.2584925
918619,0.19282538
918620,0.17596659
918621,0.17509697
918622,0.20728348
918623,0.19914585
918633,0.25230563
918634,0.19694577
918635,0.22909358
918636,0.21763664
918637,0.19471593
918638,0.22464474
918639,0.14753957
918640,0.16557278
918641,0.19358253
918642,0.16584338
918643,0.14719006
918644,0.100336246
918645,0.24737474
918646,0.29602665
918647,0.2958234
918648,0.2958945
918649,0.2958945
918650,0.27708158
918651,0.12714753
918652,0.14505346
918653,0.141762
918654,0.15202235
918655,0.11364775
918664,0.3190481
918665,0.12099483
918666,0.21485485
918667,0.12170324
918668,0.14206989
918669,0.13176322
918670,0.16396277
918671,0.22873197
918672,0.25667477
918673,0.25667477
918674,0.25667477
918675,0.24432558
918676,0.14014193
918677,0.11931435
918678,0.17341708
918679,0.25667477
918680,0.24561968
918681,0.12464362
918682,0.19995278
918688,0.30396482
918689,0.2708896
918690,0.24999696
918691,0.2095157
918692,0.20741162
918693,0.30218005
918694,0.24775507
918695,0.29782084
918696,0.13075432
918697,0.19812594
918698,0.24664098
918705,0.3013942
918706,0.22402321
918707,0.23199973
918708,0.1839616
918709,0.22880125
918839,0.50385344
918840,0.31840017
918841,0.37580523
918842,0.4420883
918843,0.35838205
918844,0.3957587
918845,0.28588295
918846,0.5281638
918847,0.2721416
918848,0.33648542
918849,0.26017407
918850,0.13589816
918872,0.27289626
918873,0.20180771
918874,0.15958051
918875,0.23293997
918876,0.27629572
918877,0.30374566
918878,0.3165725
918887,0.37801328
918888,0.31254932
918889,0.31254932
918890,0.30839062
918891,0.30611026
918898,0.33649287
918899,0.2817594
918900,0.28182846
918901,0.28182846
918902,0.28182846
918903,0.28182846
918905,0.2530859
918906,0.1526663
918907,0.1526663
918908,0.28088343
918909,0.14823857
918910,0.14792317
918911,0.28078228
918912,0.2806801
918918,0.187861
918919,0.14733794
918920,0.14733794
918921,0.1469503
918922,0.1464242
918928,0.17847613
918929,0.06622279
918930,0.09469683
918931,0.08737996
918932,0.10312796
918933,0.06614441
918934,0.06301138
918935,0.13352123
918936,0.13352123
918937,0.17362607
918938,0.11109729
918939,0.071967006
918942,0.12848103
918943,0.10222
918944,0.14784077
918945,0.14517958
918946,0.09473393
919176,0.8587132
919177,0.6494879
919178,0.6275333
919179,0.5392818
919180,0.5393261
919181,0.5375929
919182,0.22120205
919183,0.4334214
919184,0.45322308
919185,0.65325415
919186,0.3883199
919187,0.36854574
919188,0.34324807
919189,0.32193947
919190,0.3749974
919191,0.4300411
919192,0.35242558
919193,0.29579028
919194,0.24221839
919195,0.4035882
919196,0.30844137
919197,0.49566174
919198,0.35779408
919199,0.4385242
919200,0.34814957
919201,0.3070921
919202,0.34588662
919203,0.23701829
919204,0.33072317
919205,0.30651107
919206,0.33072317
919207,0.30651107
919208,0.30879596
919209,0.2882078
919210,0.2882078
919211,0.44665247
919212,0.2881051
919213,0.31578052
919214,0.30183455
919215,0.25382444
919216,0.364894
919217,0.36544186
919218,0.35478136
919219,0.23811026
919220,0.31180495
919221,0.28882283
919222,0.2866697
919223,0.3060169
919224,0.2866697
919225,0.28644297
919226,0.23266913
919227,0.29534945
919228,0.37912676
919229,0.29534945
919230,0.307262
919231,0.29884583
919232,0.28140843
919233,0.2761562
919234,0.3142863
919235,0.3142863
919236,0.2727722
919237,0.3359003
919238,0.3307641
919239,0.27580553
919240,0.42713282
919241,0.28647572
919242,0.40984806
919243,0.4106187
919244,0.4112745
919245,0.2256591
919246,0.30358532
919247,0.26707694
919248,0.28313407
919249,0.26294276
919250,0.26294276
919251,0.26873478
919252,0.31110886
919253,0.28037462
919254,0.28626743
919255,0.2898643
919256,0.304265
919257,0.35110065
919258,0.2898643
919259,0.29726124
919260,0.35159817
919261,0.21811499
919262,0.2784625
919263,0.3362257
919264,0.2321
919265,0.2855132
919266,0.31696266
919267,0.3223408
919268,0.45190468
919269,0.295375
919270,0.2949763
919271,0.29528716
919272,0.2802286
919273,0.32728183
919274,0.234731
919275,0.31691042
919276,0.234731
919277,0.26171902
919278,0.26090255
919279,0.24567407
919280,0.27801868
919281,0.27514535
919282,0.2337015
919283,0.25377518
919284,0.22836395
919285,0.27720195
919286,0.23072954
919287,0.26538792
919288,0.22172937
919289,0.22310716
919290,0.25377518
919291,0.32262543
919292,0.22310716
919293,0.25545335
919294,0.2783888
919295,0.21217774
919296,0.2783888
919297,0.21217774
919298,0.18762587
919299,0.29169413
919300,0.2077109
919301,0.1835555
919302,0.2764916
919303,0.27241737
919304,0.220953
919305,0.2764916
919306,0.21010056
919307,0.25142077
919308,0.28602022
919309,0.25142077
919310,0.220953
919311,0.21010056
919312,0.2788077
919313,0.25243497
919314,0.30365357
919315,0.19833435
919818,0.05064775
920045,0.5172381
920046,0.37037453
920047,0.41877535
920048,0.44838044
920049,0.42199096
920050,0.4815159
920051,0.29825157
920052,0.4469733
920053,0.27233964
920054,0.23642944
920055,0.2621453
920056,0.29427722
920057,0.20862384
920058,0.3654539
920059,0.18256347
920060,0.14886726
920061,0.36552426
920062,0.1843738
920063,0.132165
920064,0.3320095
920065,0.30615973
920066,0.20168592
920067,0.5214577
920068,0.39199927
920069,0.2907104
920070,0.27242738
920071,0.277547
920072,0.19255477
920073,0.2697572
920074,0.22301665
920075,0.19639875
920076,0.22597817
920077,0.16569805
920078,0.19676098
920091,0.45386034
920092,0.2996593
920093,0.29276657
920094,0.37927654
920095,0.39156404
920096,0.4392197
920097,0.394151
920098,0.23962632
920099,0.23826447
920100,0.27888778
920101,0.28241432
920102,0.25924453
920103,0.3818351
920104,0.27368248
920105,0.36444402
920106,0.3663905
920117,0.2729518
920118,0.2473891
920119,0.37811404
920120,0.2717055
920121,0.23921025
920122,0.34894243
920133,0.40631786
920134,0.34248096
920343,0.47379476
920344,0.27661058
920345,0.3985146
920346,0.2690791
920347,0.52273005
920348,0.30000025
920349,0.34920186
920350,0.16483144
920351,0.31081703
920357,0.39278838
920358,0.21300334
920359,0.21320973
920360,0.14956729
920361,0.18060164
920362,0.104158476
920363,0.23068888
920364,0.15949269
920721,0.47969857
920722,0.33931094
920723,0.5452197
920724,0.43872327
920725,0.45731172
920726,0.47332075
920741,0.4731343
920742,0.37857038
920743,0.2511439
921181,0.6702417
921182,0.5473644
921183,0.66556174
921184,0.61563426
921194,0.43974835
921195,0.3874842
921196,0.41692227
921197,0.3268565
921198,0.2969578
921199,0.30790198
921200,0.4108448
921201,0.22663
921202,0.28644815
921203,0.33651322
921204,0.36249068
921205,0.17509967
921206,0.20676202
921207,0.15677853
921208,0.30080414
921209,0.3281519
921210,0.30817503
921211,0.15937968
921212,0.36483282
921213,0.3879605
921214,0.3740723
921215,0.34115115
921216,0.25493386
921217,0.31248268
921218,0.38459283
921219,0.31248268
921220,0.3188893
921221,0.39752865
921222,0.32257023
921223,0.16413826
921224,0.2913258
921226,0.24153534
921227,0.3168452
921228,0.25149482
921229,0.18428043
921230,0.22689074
921231,0.2487338
921232,0.21932915
921240,0.4240626
921241,0.32413393
921242,0.14540029
921243,0.37839273
921244,0.30292183
921245,0.14540029
921246,0.2670491
921256,0.45969856
921257,0.38005415
921258,0.34589636
921259,0.35303897
921260,0.29432812
921261,0.2964527
921262,0.433347
921263,0.30193633
921264,0.254911
921265,0.36424288
921266,0.29217237
921267,0.39148012
921268,0.3446002
921269,0.31874478
921270,0.30580127
921271,0.33136615
921272,0.3241784
921273,0.27617934
921274,0.36292958
921275,0.36685774
921276,0.356842
921277,0.24361937
921278,0.3430979
921279,0.37569007
921280,0.28008866
921281,0.21141323
921282,0.44229072
921283,0.3665159
921284,0.27753225
921297,0.33495572
921298,0.26262662
921299,0.41334113
921300,0.2947292
921301,0.30759165
921310,0.31203687
921311,0.31411517
921312,0.39357042
921328,0.4711889
921329,0.30290177
921330,0.28756574
921331,0.48639864
921376,0.5877655
921385,0.38516954
921386,0.19255683
921387,0.2686335
921388,0.20450374
921389,0.36574927
921390,0.26328593
921391,0.12353428
921392,0.14954035
921393,0.15708613
921394,0.13675542
921395,0.1494503
921599,0.7485454
921600,0.5547173
921601,0.25176668
921602,0.49656245
921603,0.51522493
921611,0.6149294
921612,0.23713844
921613,0.15436396
921614,0.13477936
921615,0.14182138
921616,0.14182138
921617,0.17980663
921618,0.15675598
921619,0.13386275
921620,0.19055659
921621,0.096482635
921622,0.31472602
921623,0.14310808
921624,0.32478192
921625,0.19502874
921626,0.21018404
921627,0.24286895
921628,0.23542137
921629,0.2707433
921630,0.25709584
921631,0.21723837
921632,0.32310492
921633,0.30872747
921634,0.27036175
921635,0.31240594
921636,0.21723837
921637,0.33025485
921638,0.34284753
921639,0.2349191
921640,0.27960482
921647,0.57510805
921648,0.32335076
921649,0.49093497
921650,0.2510175
921651,0.40462235
921652,0.32356682
921653,0.39003706
921654,0.45205894
921655,0.08759775
921656,0.08315121
921657,0.08893759
921658,0.061758924
921659,0.37806723
921666,0.38960388
921667,0.40952367
921668,0.3983549
921669,0.25564197
921670,0.3915268
921671,0.31332
921672,0.37553886
921673,0.31229636
921674,0.37669143
921675,0.28363916
921676,0.269252
921677,0.37669143
921678,0.2981975
921679,0.37586603
921680,0.32866266
921687,0.37989146
921688,0.40510952
921689,0.39271915
921690,0.37266278
921691,0.48432446
921692,0.43185478
921693,0.34923637
921694,0.43120933
921695,0.29884106
921696,0.37266278
921697,0.4629659
921708,0.31857386
921709,0.28116408
921710,0.2392538
921711,0.2502091
921712,0.27992108
921713,0.27992108
921714,0.35351208
921715,0.27992108
921716,0.310394
921717,0.30022845
921718,0.32759956
921719,0.24050105
921720,0.28935522
921721,0.105613776
921722,0.105613776
921725,0.11230242
921726,0.10473442
921828,0.45579043
921829,0.3512981
921830,0.33230925
921831,0.30587
921832,0.28504604
921833,0.2724278
921834,0.26854813
921835,0.25089216
921836,0.21095893
921837,0.20611286
921838,0.20611286
921839,0.19659725
921840,0.1205026
922165,0.42632
922166,0.22503471
922167,0.2699889
922168,0.1916488
922169,0.31891325
922170,0.16640727
922181,0.27355453
922182,0.24718076
922183,0.11623908
922184,0.11539542
922185,0.20426948
922186,0.16899171
922187,0.12545334
922188,0.123497814
922189,0.17929628
922190,0.15256666
922191,0.15159982
922192,0.10216099
922193,0.13274945
922194,0.1028689
922195,0.108118676
922196,0.099395104
922197,0.120088466
922198,0.12296194
922199,0.117696576
922200,0.09408113
922201,0.11544771
922367,0.5055189
922368,0.4705339
922369,0.41145077
922370,0.3407819
922371,0.44412962
922372,0.42900047
922373,0.2755516
922374,0.4273908
922375,0.2151947
922376,0.22018698
922377,0.16348165
922378,0.15138888
922379,0.18907696
922383,0.21275215
922384,0.1973857
922385,0.26082677
922386,0.24112107
922387,0.26608983
922388,0.22248651
922389,0.22972368
922390,0.20807254
922391,0.22790983
922392,0.14983377
922393,0.11718986
922394,0.17042272
922395,0.17711994
922396,0.24823596
922397,0.21234304
922398,0.20170811
922399,0.10796239
922400,0.10885592
922401,0.20008625
922402,0.15718791
922403,0.2292073
922404,0.24027771
922717,0.640401
922718,0.46783432
922719,0.41968364
922720,0.40085465
922721,0.4043645
922722,0.21574861
922723,0.34077406
922724,0.35136014
922766,0.25038904
922767,0.19842
922773,0.17863907
922774,0.208659
922775,0.18554616
922792,0.299424
922793,0.41432336
922794,0.27506307
922795,0.25418055
922796,0.3495467
922848,0.5489502
922849,0.461181
922850,0.22499903
922859,0.40972608
922860,0.3785922
922861,0.2659732
922862,0.3138893
922863,0.27833316
922894,0.5491395
922895,0.3720453
922896,0.4733792
922897,0.33774045
922914,0.33175215
922915,0.39759594
922916,0.30276817
922917,0.3416165
923080,0.05760142
923095,0.39242533
923096,0.3014791
923097,0.29949516
923098,0.19426343
923099,0.27128452
923100,0.1828965
923312,0.34212187
923313,0.26954293
923314,0.20175356
923315,0.19067389
923316,0.1072616
923317,0.2461795
923319,0.18395136
923320,0.17931211
923321,0.1287023
923322,0.11178923
923323,0.20156248
923324,0.106172934
923325,0.07122389
923333,0.40113097
923334,0.4411329
923335,0.3673018
923336,0.4829243
923337,0.45318854
923338,0.26662534
923339,0.22626783
923340,0.20847507
923341,0.23002148
923342,0.22755232
923343,0.27128375
923344,0.20063555
923345,0.14537668
923346,0.25442842
923347,0.17736942
923348,0.241425
923349,0.23081674
923350,0.1474097
923351,0.20328091
923352,0.1474097
923353,0.25267455
923354,0.35533452
923355,0.1741153
923356,0.17344071
923357,0.2110097
923358,0.21091238
923359,0.20038114
923360,0.12685898
923361,0.1590646
923362,0.18516538
923363,0.16957502
923364,0.17335689
923369,0.26840085
923370,0.18483573
923371,0.14882135
923372,0.20195639
923373,0.14800757
923380,0.26678285
923381,0.15986226
923382,0.21406925
923383,0.449577
923389,0.3131685
923390,0.26787856
923391,0.2823037
923392,0.28468084
923393,0.254405
923398,0.2774795
923399,0.24744336
923400,0.28159046
923401,0.18499711
923402,0.22826438
923403,0.23972818
923410,0.30562067
923411,0.2869995
923412,0.21473747
923413,0.29662234
923414,0.35788673
923415,0.22664681
923416,0.20701629
923417,0.22932325
923418,0.25281313
923425,0.34688285
923426,0.2188358
923427,0.24736181
923428,0.28179714
923429,0.21036696
923430,0.20788494
923431,0.24727003
923432,0.26447535
923438,0.27211252
923439,0.19198515
923440,0.26175573
923441,0.22851156
923442,0.25338438
923443,0.22009021
923444,0.22016785
923445,0.2609491
923446,0.21961147
923453,0.28793955
923454,0.22742765
923455,0.22728886
923456,0.19544582
923457,0.26038733
923467,0.2574071
923468,0.22733724
923469,0.22728886
923470,0.22699319
923471,0.22586748
923472,0.22586748
923473,0.246285
923474,0.29658002
923475,0.21772762
923476,0.26928136
923477,0.21842648
923478,0.2713289
923680,0.7305597
923681,0.5677253
923682,0.62542295
923683,0.52667326
923684,0.5052327
923685,0.4883079
923686,0.4981245
923687,0.51001334
923688,0.41477832
923689,0.13528469
923690,0.21006131
923691,0.13228744
923692,0.12796856
923693,0.23144409
923694,0.3615432
923747,0.6672536
923748,0.5873663
923749,0.33014807
923750,0.3403448
923751,0.23626846
923752,0.2866851
923759,0.44389138
923760,0.34246397
923761,0.39039803
923762,0.4036595
923763,0.3346731
923764,0.3264834
923772,0.16278055
923773,0.13228908
923774,0.12334374
923775,0.12097894
923776,0.13103548
923777,0.28560376
923778,0.11782866
923779,0.120792724
923780,0.1002914
923781,0.11179144
923782,0.12056528
923783,0.2536458
923784,0.26287553
923785,0.25354826
923786,0.10897491
923787,0.24384159
923788,0.2063398
923789,0.28267077
923790,0.10967935
923795,0.30720076
923796,0.27921814
923797,0.27949724
923798,0.27949724
923799,0.27899405
923800,0.27289945
923801,0.24617673
923802,0.2703566
923831,0.50893956
923832,0.22178398
923833,0.17321692
923834,0.19972615
923859,0.028155427
923865,0.31630087
923877,0.57257015
923878,0.504489
923879,0.47798085
923880,0.45240757
923890,0.4811976
923891,0.4358065
923892,0.4196743
923893,0.35994223
923894,0.35841528
923895,0.6437629
923896,0.35182473
923897,0.45485002
923898,0.3292581
923899,0.35983586
923900,0.3234702
923941,0.6062532
923942,0.61055213
923943,0.20719774
923944,0.45883688
923945,0.39846402
923946,0.43184143
923947,0.38032535
923951,0.440088
924021,0.809457
924024,0.68032384
924025,0.56477934
924026,0.56488454
924027,0.5014418
924028,0.66059136
924029,0.47121215
924030,0.6290828
924031,0.4959443
924032,0.4437004
924033,0.3651208
924034,0.4897718
924035,0.41079584
924036,0.385222
924041,0.34119594
924042,0.28632265
924043,0.54628444
924044,0.25902405
924045,0.24841695
924046,0.24841695
924047,0.2584905
924048,0.24361603
924049,0.27398038
924050,0.4514072
924051,0.27185443
924052,0.27147195
924053,0.2475559
924054,0.26977748
924055,0.22291522
924056,0.25813887
924057,0.5043036
924058,0.45788744
924059,0.35014486
924060,0.4701008
924061,0.43958545
924062,0.42833647
924067,0.27742544
924068,0.24475856
924069,0.36276987
924070,0.25116387
924071,0.22627208
924072,0.24684405
924073,0.23574011
924117,0.38928407
924118,0.47883567
924119,0.41616297
924120,0.4378613
924121,0.40341398
924122,0.50828445
924123,0.55498666
924124,0.3336059
924125,0.41989854
924126,0.40079597
924127,0.38123327
924128,0.40485233
924129,0.31130004
924130,0.3990892
924131,0.24581298
924132,0.2639327
924133,0.3655237
924143,0.36235636
924144,0.32864988
924145,0.40744025
924146,0.43689865
924147,0.31901518
924148,0.42844793
924149,0.31601062
924150,0.45816323
924151,0.4489111
924152,0.5096773
924153,0.47548202
924154,0.30581132
924155,0.4717426
924156,0.53706676
924157,0.30798852
924158,0.5024784
924159,0.43762907
924160,0.35344172
924161,0.38180977
924162,0.4959343
924163,0.51484805
924164,0.50104004
924165,0.4060877
924166,0.4762424
924167,0.5154298
924168,0.49965513
924169,0.49800965
924170,0.34023625
924171,0.36455858
924172,0.49787593
924173,0.3433673
924174,0.38501057
924175,0.510425
924176,0.46537
924180,0.31837827
924181,0.43647024
924182,0.37119803
924183,0.45683655
924184,0.3330838
924185,0.29868266
924186,0.38182846
924187,0.3656622
924188,0.3844379
924189,0.38565746
924190,0.35118762
924191,0.38083056
924192,0.32070404
924193,0.28426382
924194,0.43489292
924200,0.26984763
924201,0.3262603
924202,0.3014456
924203,0.312186
924204,0.31881014
924270,0.5910357
924271,0.48796406
924272,0.4641537
924273,0.43651125
924274,0.41420674
924275,0.6450077
924276,0.39759594
924277,0.37968352
924278,0.32248056
924279,0.31999862
924280,0.312926
924281,0.29521555
924282,0.27642575
924283,0.35666892
924284,0.27360272
924285,0.26924187
924286,0.26924187
924287,0.24815242
924288,0.31127527
924289,0.24854144
924306,0.2720618
924307,0.43907133
924308,0.23962472
924309,0.23661603
924310,0.23661603
924311,0.2343271
924312,0.22262965
924458,0.65414286
924459,0.67235935
924460,0.7519236
924461,0.6212444
924462,0.63415784
924463,0.64936876
924464,0.51676106
924465,0.44000942
924466,0.5854768
924467,0.3752891
924468,0.29676202
924473,0.4063994
924474,0.5929086
924475,0.4404481
924476,0.4404481
924477,0.45022035
924478,0.34422874
924479,0.36842486
924480,0.35127416
924481,0.40167993
924482,0.232094
924483,0.36962843
924484,0.3570465
924485,0.48908854
924508,0.6201977
924509,0.6280933
924510,0.5957879
924512,0.58708924
924625,0.8405372
924632,0.5330446
924633,0.48911119
924634,0.51444316
924635,0.4770688
924636,0.4613549
924637,0.46817538
924638,0.43869036
924639,0.39163256
924640,0.29123607
924641,0.2803983
924642,0.3577403
924643,0.34402165
924644,0.20591299
924645,0.21924399
924646,0.3066147
924650,0.37326398
924651,0.32520574
924652,0.27878252
924653,0.24232598
924654,0.2382791
924655,0.27822357
924656,0.19528693
924657,0.22855075
924658,0.2729926
924659,0.23669486
924660,0.25332904
924661,0.26507118
924662,0.25926334
924663,0.32540384
924664,0.23321016
924666,0.50289536
924667,0.27225843
924668,0.31845826
924669,0.090132736
924670,0.1469891
924671,0.19268289
924672,0.12384187
924673,0.08974475
924674,0.12055761
924675,0.15065464
924676,0.14683026
924677,0.13418876
924678,0.14695571
924679,0.13418876
924680,0.09264392
924688,0.467716
924689,0.29719612
924690,0.408845
924691,0.35305476
924692,0.3977793
924693,0.5112858
924694,0.28806666
924695,0.37581638
924708,0.388109
924709,0.35085425
924710,0.28476524
924711,0.37664884
924712,0.3593038
924713,0.33857906
924714,0.2969276
924715,0.34360197
924721,0.5389638
924722,0.20672981
924723,0.37283465
924724,0.44985408
924725,0.3519245
924726,0.34803286
924727,0.35613316
924728,0.43825623
924729,0.3733499
924730,0.31384912
924731,0.39227876
924732,0.314921
924733,0.5130376
924734,0.3519245
924741,0.17504236
924742,0.11751857
924743,0.15753719
924744,0.08067328
924745,0.08094457
924746,0.15107962
924747,0.1336713
924748,0.15428926
924749,0.08052718
924750,0.07942561
924751,0.38015363
924752,0.12251935
924831,0.11596252
925244,0.2812514
925249,0.24453662
925250,0.21879335
925251,0.2551709
925293,0.5424131
925294,0.2574835
925295,0.46699148
925296,0.32128403
925297,0.3905416
925298,0.27067614
925299,0.3182556
925300,0.37219152
925301,0.22557303
925302,0.30040354
925303,0.24567355
925304,0.12611377
925305,0.2835092
925306,0.2562824
925307,0.09112016
925308,0.17331722
925309,0.08959468
925310,0.11456126
925311,0.15983437
925312,0.23513032
925313,0.2181024
925314,0.1745711
925315,0.17989816
925316,0.22520198
925317,0.25407654
925318,0.21615058
925322,0.5598953
925323,0.43991864
925324,0.42029715
925325,0.39499554
925326,0.18520415
925327,0.23179284
925328,0.16897996
925329,0.29769242
925330,0.2703154
925331,0.33718
925332,0.28916207
925333,0.24462277
925334,0.2597507
925335,0.20402959
925336,0.3516419
925337,0.22695935
925344,0.23409913
925345,0.22212215
925351,0.279216
925352,0.21670295
925353,0.25969443
925354,0.25930086
925404,0.47625315
925405,0.32543856
925406,0.34853342
925407,0.28875506
925408,0.30983546
925409,0.6984628
925410,0.5388148
925411,0.58895636
925412,0.53272736
925413,0.5039367
925414,0.47275966
925416,0.58586144
925417,0.41754916
925418,0.5125445
925419,0.36365396
925420,0.3343397
925421,0.3387176
925422,0.32204118
925423,0.30136755
925424,0.30546182
925425,0.38849983
925426,0.40534055
925427,0.35664162
925428,0.2829682
925429,0.31905407
925430,0.3027264
925431,0.35838845
925432,0.23317774
925433,0.27775136
925434,0.23806514
925435,0.36863202
925436,0.32242224
925437,0.27736366
925438,0.35121638
925439,0.29832372
925440,0.48891282
925441,0.35386053
925442,0.27884373
925443,0.32958
925444,0.36863202
925445,0.2889418
925446,0.36662576
925447,0.27518377
925448,0.28075573
925449,0.39256537
925450,0.27661765
925451,0.29216686
925452,0.27804133
925453,0.2362344
925454,0.27145278
925455,0.32113725
925456,0.27804133
925457,0.29727957
925458,0.45648313
925459,0.28792238
925460,0.23178397
925461,0.26512006
925462,0.26512006
925463,0.33727637
925464,0.30371666
925465,0.27824143
925466,0.27042127
925467,0.33022857
925468,0.35000193
925469,0.44873282
925470,0.33807108
925471,0.34025055
925472,0.2681014
925473,0.2279414
925474,0.26286364
925475,0.2741243
925476,0.29091763
925477,0.25952917
925478,0.26344988
925479,0.29923093
925480,0.29923093
925481,0.43077517
925482,0.44790995
925483,0.3133169
925484,0.31432804
925485,0.31563306
925486,0.28040552
925487,0.30036947
925488,0.20773238
925489,0.2628846
925490,0.34141064
925491,0.2628846
925492,0.32205084
925493,0.41126418
925494,0.22319746
925495,0.2628846
925496,0.2066512
925497,0.21743916
925498,0.20618734
925499,0.31555748
925500,0.24965703
925501,0.25103587
925502,0.28252208
925503,0.2538877
925504,0.30931345
925505,0.27224913
925506,0.20825057
925507,0.1989328
925508,0.23408645
925509,0.30159387
925510,0.31185755
925511,0.24049881
925512,0.23650782
925513,0.3014988
925514,0.2884791
925515,0.31017238
925516,0.3803686
925517,0.2099672
925518,0.27550712
925519,0.35061228
925520,0.2122111
925521,0.24221733
925522,0.21556082
925523,0.22371532
925524,0.21556082
925525,0.17633057
925526,0.21556082
925527,0.21556082
925528,0.22371532
925529,0.21556082
925530,0.21732798
925531,0.17633057
925532,0.17633057
925533,0.20390204
925534,0.21083929
925535,0.17227957
925536,0.21325524
925537,0.17435132
925538,0.17435132
925539,0.20760345
925540,0.22134712
925541,0.21325524
925542,0.27591103
925543,0.21500865
925544,0.21486329
925545,0.21325524
925546,0.24133442
925547,0.2748605
925548,0.3417567
925549,0.22972393
925550,0.21485567
925551,0.21792442
925552,0.24116847
925553,0.21246345
925554,0.15992266
925555,0.24255306
925556,0.26593712
925557,0.32374558
925558,0.2181045
925559,0.23647776
925560,0.3499736
925561,0.26073468
925562,0.36667925
925563,0.21260764
925564,0.17323877
925565,0.31654894
925566,0.26499453
925567,0.34895706
925568,0.28713706
925569,0.23712023
925570,0.19737878
925571,0.19737878
925572,0.21260764
925573,0.38297972
925574,0.21889506
925575,0.25221395
925576,0.19737878
925577,0.20817517
925578,0.17719577
925579,0.19737878
925580,0.19737878
925581,0.1681689
925582,0.25221395
925583,0.23710532
925584,0.19737878
925585,0.2527324
925586,0.30736214
925587,0.21077305
925588,0.28713706
925589,0.15992266
925590,0.19737878
925591,0.30672663
925730,0.639142
925731,0.5384372
925732,0.46455207
925733,0.4145765
925734,0.40481776
925738,0.4757504
925739,0.45405713
925740,0.37582043
925741,0.4104805
925742,0.32050765
925743,0.25669175
925744,0.28242508
925745,0.23056215
925746,0.2835181
925755,0.3379504
925756,0.27740625
925757,0.35068733
925758,0.2897856
925759,0.24906397
925774,0.37720066
925775,0.3154252
925776,0.32280046
925777,0.30590758
925778,0.30218515
925785,0.35373962
925786,0.2422787
925787,0.27065143
925788,0.27938884
925789,0.28003934
925790,0.29668835
925791,0.35846087
925792,0.23589598
925793,0.3566101
925794,0.25728497
925795,0.34306037
925796,0.2766105
925797,0.1933683
925799,0.3122182
925800,0.16079417
925801,0.22345807
925987,0.5855689
925988,0.503711
925989,0.501531
925990,0.45245296
925991,0.43464136
925992,0.39815727
926021,0.69403
926022,0.4586147
926023,0.52912503
926024,0.49280024
926028,0.48155195
926029,0.344967
926030,0.2147678
926031,0.23036705
926032,0.29642686
926033,0.21828735
926034,0.39607623
926035,0.24224947
926036,0.36922634
926037,0.24302566
926038,0.41111663
926039,0.35409954
926040,0.30834016
926041,0.25145996
926042,0.3404124
926043,0.2594006
926044,0.3366394
926048,0.31580094
926049,0.25308755
926050,0.2155485
926051,0.2520908
926052,0.25172645
926053,0.21280682
926054,0.20871815
926055,0.11451877
926056,0.2140155
926057,0.14595991
926058,0.32977366
926059,0.12880069
926060,0.12973425
926061,0.19216904
926062,0.21419035
926063,0.113920674
926064,0.21149501
926065,0.14814377
926066,0.19091566
926067,0.19759293
926068,0.20218155
926069,0.18404377
926070,0.14560686
926071,0.15668887
926076,0.27144474
926077,0.23685277
926078,0.23685277
926079,0.28153053
926080,0.23685277
926433,0.7798851
926434,0.69743913
926450,0.38878554
926451,0.45562527
926452,0.30556962
926453,0.34106025
926454,0.61408025
926455,0.53036684
926456,0.24108487
926457,0.5247151
926458,0.19334872
926459,0.14326647
926485,0.0768347
926565,0.2027715
926570,0.13899928
926719,0.35569444
926720,0.30587485
926835,0.6008538
926836,0.35611573
926837,0.5576441
926838,0.45216507
926839,0.4209497
926840,0.29040158
926841,0.3387676
926842,0.2667755
926843,0.39699927
926844,0.3495775
926845,0.28014165
926846,0.3146685
926847,0.36078107
926848,0.33398634
926849,0.42303687
926850,0.27853996
926851,0.23449735
926852,0.2915178
926853,0.3128303
926854,0.2238552
926855,0.26752323
926856,0.15493429
926857,0.23663098
926859,0.14653863
926860,0.14365211
926861,0.12074611
926877,0.28995505
926878,0.27025017
926879,0.20209403
926880,0.20308045
926881,0.20102277
926882,0.18506278
926883,0.15722276
927140,0.46774134
927141,0.2538623
927142,0.2688911
927143,0.23851818
927149,0.29778585
927150,0.20820338
927151,0.16401523
927152,0.1589583
927153,0.18083945
927154,0.17025524
927155,0.17054985
927156,0.15721287
927157,0.15038718
927158,0.13435513
927159,0.13435513
927160,0.11106774
927161,0.09249598
927162,0.08405493
927163,0.09682891
927164,0.08405493
927165,0.12894972
927166,0.07858458
927167,0.21278976
927168,0.14821224
927169,0.13986105
927170,0.14646076
927171,0.15129659
927172,0.09384244
927173,0.11639076
927174,0.089832865
927175,0.083419204
927176,0.07575614
927183,0.14648803
927184,0.08698724
927185,0.10492448
927186,0.08329131
927194,0.13762033
927206,0.1324913
927221,0.08603929
927357,0.12386984
927359,0.23162298
927634,0.7676808
927635,0.53861463
927636,0.51866746
927637,0.46528107
927638,0.53048426
927639,0.629951
927640,0.4801326
927641,0.33381867
927642,0.5498662
927643,0.40208665
927644,0.44588712
927645,0.40725535
927646,0.3956894
927647,0.4325613
927648,0.3352289
927649,0.39460337
927650,0.33420834
927651,0.2654992
927652,0.4533379
927653,0.29641047
927654,0.3427042
927660,0.28553578
927661,0.10424496
927674,0.1566614
927675,0.12241997
927690,0.6513222
927691,0.24646704
927692,0.51221377
927693,0.22043034
927694,0.57013744
927701,0.62657684
927702,0.42196175
927703,0.5672285
927704,0.5765196
927705,0.3626455
927715,0.48040107
927716,0.32819766
927717,0.25805694
927718,0.25535518
927719,0.3879764
927720,0.29509535
927721,0.40778664
927722,0.27397305
927723,0.30456287
927730,0.31605414
927731,0.32708648
927732,0.2626384
927792,0.21509834
928335,0.28359902
928336,0.23515645
928337,0.17842482
928360,0.2755025
928361,0.33799744
928362,0.3117082
928382,0.30894116
928388,0.5746347
928389,0.45685914
928390,0.39880532
928391,0.4065297
928392,0.52647376
928393,0.3151699
928394,0.41140375
928395,0.44017524
928396,0.29715055
928397,0.32543433
928398,0.37638578
928399,0.3787882
928400,0.2898862
928401,0.3098915
928637,0.629584
928638,0.5870594
928639,0.562877
928640,0.48461825
928641,0.4526036
928642,0.60130674
928646,0.53487825
928647,0.57638365
928648,0.40320635
928649,0.4347321
928650,0.40900877
928651,0.4498883
928854,0.34958366
928855,0.61362135
928856,0.50960594
928857,0.16074929
928863,0.20456344
928864,0.1886418
928865,0.20058078
928866,0.13401508
928867,0.1127919
928868,0.16939615
928869,0.15860789
928870,0.16454136
928871,0.2321342
928872,0.22112167
928873,0.15074927
928874,0.1494035
928875,0.15729718
928876,0.086646594
928877,0.11866136
928878,0.10363494
928879,0.089864895
928880,0.11905782
928881,0.075702906
928882,0.084281825
928883,0.091604024
928884,0.11378054
928885,0.11381495
928886,0.08404893
928887,0.083975665
928888,0.12477216
928889,0.08212343
928890,0.11259155
928891,0.11935887
928892,0.11935887
928893,0.093406364
928894,0.09025838
928900,0.14087664
928901,0.12152302
928902,0.19761768
928903,0.17388096
928904,0.12837861
929010,0.07098588
929434,0.73306066
929435,0.49174228
929436,0.54396695
929437,0.5308791
929438,0.4946217
929446,0.60680777
929447,0.42910275
929448,0.5057807
929449,0.3524058
929450,0.3664185
929451,0.4305298
929452,0.3424332
929453,0.33346397
929454,0.31841508
929455,0.31555188
929456,0.475215
929457,0.39389458
929458,0.34249216
929459,0.47025427
929460,0.28514653
929461,0.30904585
929462,0.37572736
929463,0.2872822
929464,0.2845344
929465,0.34909788
929466,0.29324093
929467,0.26848474
929468,0.21431938
929469,0.23824646
929470,0.2629708
929709,0.6889737
929710,0.66785324
929719,0.47016153
929720,0.4312451
929721,0.39614585
929722,0.35214853
929723,0.29131806
929724,0.3886656
929725,0.1829649
929726,0.26597813
929727,0.33487862
929728,0.39449397
929729,0.34179378
929730,0.33861548
929731,0.33861548
929732,0.33861548
929733,0.2996419
929734,0.22574246
929745,0.28111634
929746,0.22951742
929747,0.25834092
929748,0.19644256
929749,0.24425074
929750,0.19000226
929751,0.1879018
929752,0.1904174
929753,0.19272849
929754,0.23857902
929755,0.1555473
929756,0.23820063
929757,0.24578731
929758,0.27745086
929759,0.17229392
929760,0.21294503
929773,0.40281725
929774,0.36208323
929775,0.31662205
929776,0.20000376
929777,0.25324216
929778,0.39867815
929779,0.19765106
929780,0.19716166
929781,0.25206915
929788,0.3877234
929789,0.28640774
929790,0.36449012
929791,0.23306793
929792,0.2917614
929793,0.2861922
929794,0.28073394
929805,0.37929046
929806,0.35174114
929807,0.37446973
929808,0.49271205
929809,0.26004872
929810,0.22093661
929811,0.3178841
929812,0.27122298
929818,0.3861573
929819,0.16801079
929820,0.18903199
929821,0.1881159
929825,0.41003743
929826,0.2465469
929827,0.17011988
929828,0.34802848
929829,0.27299315
929830,0.31246352
929831,0.27431598
929845,0.23433013
929846,0.41238245
929847,0.30794102
930095,0.5042928
930096,0.39214385
930097,0.37094703
930098,0.53584707
930099,0.2815895
930100,0.48561913
930101,0.48452935
930102,0.4553455
930103,0.49949697
930104,0.638967
930105,0.37560523
930110,0.48902446
930111,0.41677347
930112,0.3361946
930113,0.22304067
930114,0.3397995
930115,0.24449039
930116,0.21909602
930117,0.31734836
930118,0.2733654
930119,0.30289283
930120,0.20982267
930121,0.23778388
930122,0.24894902
930123,0.23536341
930124,0.22011922
930125,0.36923334
930126,0.33100247
930127,0.20103206
930128,0.18915594
930129,0.18915594
930130,0.18999077
930131,0.19105546
930132,0.19139664
930133,0.19139664
930134,0.19101001
930135,0.19131914
930136,0.19124086
930137,0.19092871
930138,0.1905153
930139,0.29027492
930140,0.19003938
930141,0.19377035
930142,0.19760485
930143,0.19053899
930144,0.18939327
930152,0.31935444
930153,0.17917715
930154,0.17405182
930155,0.28367537
930156,0.16329032
930157,0.16708219
930158,0.19012694
930159,0.2078208
930184,0.14572595
930197,0.14572595
930213,0.13802008
930251,0.13802008
930270,0.36751616
930271,0.32326484
930388,0.79162467
930389,0.7498217
930390,0.6764456
930391,0.5414163
930392,0.59420145
930393,0.53009796
930394,0.56023663
930395,0.49381602
930396,0.55199873
930397,0.45453298
930398,0.579429
930399,0.43613607
930400,0.4062753
930401,0.40286437
930402,0.36933038
930403,0.4049835
930404,0.4764955
930405,0.38916034
930406,0.41835645
930407,0.39889026
930414,0.5607262
930415,0.32808676
930416,0.40247157
930417,0.33506352
930418,0.26237655
930419,0.2050803
930420,0.36795458
930421,0.34839883
930422,0.32262775
930423,0.32677594
930424,0.4309035
930425,0.2723024
930426,0.36722955
930427,0.37767544
930428,0.33533916
930429,0.33618942
930430,0.3212587
930431,0.34504226
930432,0.27039167
930433,0.3210109
930434,0.33956984
930435,0.39663064
930436,0.4562843
930437,0.46956617
930438,0.27487475
930439,0.27102846
930440,0.46679205
930441,0.3471914
930442,0.3407004
930443,0.32790974
930444,0.37447965
930445,0.3242783
930446,0.266822
930447,0.3630235
930448,0.36710495
930449,0.3276655
930450,0.35730088
930451,0.37242427
930452,0.26039246
930453,0.30985573
930454,0.3166693
930455,0.37798917
930456,0.3571052
930457,0.3688323
930458,0.49899843
930459,0.35162085
930460,0.3025327
930461,0.32221222
930462,0.33147678
930463,0.31012318
930464,0.3391642
930465,0.39058092
930466,0.33303064
930467,0.3061953
930468,0.3550379
930469,0.35638648
930470,0.3061953
930471,0.41837344
930472,0.25132605
930473,0.32170373
930474,0.30003953
930475,0.35216606
930476,0.39359903
930477,0.28810906
930478,0.434422
930479,0.33363354
930480,0.33217186
930481,0.2674809
930482,0.40104625
930483,0.30665043
930484,0.23112999
930485,0.3327043
930486,0.34975564
930487,0.2520626
930488,0.29101372
930489,0.29000503
930490,0.36087993
930491,0.28812993
930492,0.22563133
930493,0.33239126
930494,0.22077832
930495,0.2738936
930496,0.2728263
930497,0.3073932
930498,0.34239444
930499,0.28103292
930500,0.31324935
930501,0.2472825
930502,0.321967
930503,0.25834644
930504,0.2488572
930505,0.27656138
930506,0.22993968
930507,0.2619006
930508,0.28722835
930509,0.26238486
930510,0.30413458
930511,0.37711513
930512,0.2910525
930513,0.27530986
930514,0.20375004
930515,0.24632373
930516,0.29307783
930517,0.31863645
930518,0.24178855
930519,0.24250261
930520,0.25034162
930521,0.26767135
930522,0.28920165
930523,0.25596413
930524,0.34370154
930525,0.3935358
930526,0.25034162
930527,0.2068992
930528,0.26271564
930529,0.30468917
930530,0.24516867
930531,0.27371112
930532,0.2143547
930533,0.2365366
930534,0.32692492
930535,0.21361142
930536,0.25222936
930537,0.27342626
930538,0.28316677
930539,0.27342626
930540,0.28111374
930541,0.28111374
930542,0.22357678
930543,0.28111374
930544,0.28111374
930545,0.28216022
930546,0.24297087
930547,0.2516266
930548,0.25452486
930549,0.2554203
930550,0.2426725
930551,0.2554203
930552,0.25452486
930553,0.2300741
930554,0.2554203
930555,0.28508702
930556,0.3737763
930557,0.2666606
930558,0.27271104
930559,0.2403314
930560,0.22477779
930814,0.748502
930815,0.59298646
930816,0.57595915
930817,0.5626633
930818,0.5595185
930819,0.6401125
930820,0.49023065
930821,0.27422795
930822,0.5109341
930823,0.32916206
930824,0.44967318
930825,0.3815785
930826,0.36169678
930827,0.3889891
930828,0.31467
930829,0.3545522
930830,0.3598632
930837,0.34260786
930838,0.44346425
930839,0.35776752
930840,0.35561478
930841,0.37970304
930842,0.4621846
930843,0.32056835
930844,0.43958884
930845,0.26534837
930846,0.3668631
930847,0.3169739
930848,0.38516504
930849,0.3705152
930856,0.38262886
930857,0.3519869
930858,0.36692473
930859,0.39579
930860,0.33901367
930861,0.39519227
930862,0.3545123
930863,0.40206662
930864,0.44198704
930865,0.48777664
930866,0.33565265
930867,0.34826684
930868,0.377656
930869,0.3053886
930870,0.53121585
930871,0.4887655
930872,0.30587104
930873,0.40667203
930883,0.4046966
930884,0.33362076
930885,0.3238559
930886,0.296221
930887,0.35928544
930888,0.40434545
930889,0.2904619
930890,0.37469357
930891,0.35523316
930892,0.43021017
930906,0.43319535
930907,0.31441602
930908,0.453075
930909,0.28797224
930910,0.39352024
930911,0.3242369
930912,0.3348023
930913,0.3491003
930914,0.32037783
930915,0.388443
930916,0.26740748
930917,0.35800412
930918,0.45823574
930926,0.39907268
930927,0.28184167
930928,0.36642504
930929,0.28615522
930930,0.3375974
930931,0.2882812
930932,0.43709463
930933,0.3443136
931447,0.6329829
931448,0.5992819
931449,0.37219104
931450,0.4984258
931451,0.44286165
931452,0.48218185
931453,0.6045183
931454,0.3724053
931455,0.3218471
931456,0.38457584
931457,0.31883883
931458,0.31934503
931459,0.2790617
931460,0.35400137
931461,0.32385498
931462,0.24280888
931463,0.33170706
931464,0.25205538
931465,0.30465272
931466,0.25205538
931467,0.26342362
931468,0.298927
931469,0.26077127
931470,0.2906575
931471,0.28964671
931472,0.26609042
931473,0.22298129
931474,0.28625652
931475,0.27522036
931476,0.32382765
931477,0.36765972
931478,0.26564956
931479,0.32664332
931480,0.23115823
931481,0.2857901
931482,0.20536914
931483,0.29083008
931484,0.33274427
931485,0.24484354
931486,0.2976751
931487,0.25030124
931488,0.28371137
931489,0.3235479
931490,0.31178424
931491,0.31850794
931492,0.30037323
931493,0.3655112
931494,0.3071806
931495,0.16915427
931496,0.258442
931497,0.28509137
931498,0.25889
931499,0.28137615
931500,0.3545605
931501,0.20551835
931502,0.19868757
931503,0.3016033
931504,0.26269904
931505,0.21859829
931506,0.26898625
931507,0.23916453
931508,0.41860098
931509,0.27308553
931510,0.40753898
931511,0.25887802
931512,0.26875803
931513,0.29857427
931514,0.06814572
931515,0.05669203
931516,0.05669203
931517,0.070032686
931518,0.074570365
931519,0.11732093
931520,0.14753158
931521,0.08579539
931522,0.11354527
931523,0.15520144
931524,0.14321263
931525,0.12916179
931526,0.09644141
931527,0.08556704
931528,0.1568316
931529,0.13174395
931530,0.13323122
931531,0.11227998
931532,0.09854427
931533,0.2603815
931534,0.3647453
931535,0.19548215
931536,0.32000062
931537,0.120664366
931538,0.25254083
931539,0.23113433
931540,0.24933702
931541,0.2711304
931542,0.21961243
931543,0.21913795
931544,0.19467272
931545,0.2797229
931546,0.18998314
931547,0.2412073
931548,0.21845342
931549,0.23801816
931550,0.26936722
931551,0.24990365
931552,0.23024662
931553,0.2466673
931554,0.24137567
931555,0.24503922
931556,0.2387186
931557,0.14919648
931558,0.23089537
931559,0.20150167
931560,0.1907406
931561,0.18985488
931562,0.2325852
931563,0.19192506
931564,0.1942506
931565,0.2272481
931566,0.381242
931572,0.22067909
931670,0.6438307
931671,0.68541795
931672,0.46649098
931673,0.36749354
931674,0.4653858
931683,0.42378265
931684,0.52244544
931685,0.684306
931686,0.40396705
931790,0.4762789
931791,0.36457095
931792,0.340965
931793,0.31005898
931794,0.28774834
931795,0.25928435
931796,0.25552607
931797,0.50867957
931798,0.36667517
931799,0.39169723
931800,0.19942006
931812,0.24516019
931813,0.32048318
931814,0.29033357
931815,0.29033357
931816,0.37708884
931817,0.2921974
931818,0.20879897
931819,0.25888723
931820,0.25888723
931821,0.15326387
931822,0.15326387
931823,0.15145649
931824,0.15008473
931825,0.15008473
931826,0.25328204
931835,0.26042554
931836,0.1264512
931837,0.15425165
931838,0.21594551
931839,0.19028643
931840,0.11334936
931841,0.19028643
931842,0.17124802
931843,0.12686643
931844,0.153749
931845,0.2153789
931846,0.12557308
931847,0.13907076
931848,0.19410402
931849,0.18873903
931850,0.15206827
931851,0.13464491
931852,0.12505338
931853,0.2612427
931854,0.2111969
931855,0.25160298
931856,0.20995055
931857,0.25160298
931858,0.21219744
931859,0.20102066
931860,0.12684269
931861,0.11234013
931862,0.24305496
931863,0.19090973
931864,0.23830536
931865,0.18019098
931866,0.19739294
931867,0.24016538
931868,0.19208269
931869,0.15602542
931870,0.18998669
931871,0.17418946
931872,0.15657961
931927,0.35059464
931939,0.5294212
931940,0.44865823
931941,0.1912363
931942,0.40115824
931943,0.40513888
931944,0.32308418
931945,0.40602672
931946,0.3303782
932024,0.26591605
932025,0.25537926
932026,0.22185183
932058,0.25723985
932059,0.25620142
932060,0.19374035
932061,0.18677308
932062,0.23413846
932088,0.1872094
932230,0.34000847
932231,0.26820928
932232,0.18609264
932233,0.25967458
932234,0.17315175
932305,0.45719728
932306,0.40687418
932307,0.38455808
932308,0.3374308
932326,0.40493378
932327,0.2834495
932328,0.2792701
932329,0.23736429
932330,0.1979545
932331,0.19307993
932332,0.19307993
932333,0.18762982
932334,0.17153308
932335,0.16953023
932336,0.16953023
932337,0.17080523
932338,0.17080523
932339,0.15373915
932340,0.15373915
932348,0.20547022
932349,0.15337761
932350,0.15337761
932351,0.15286778
932352,0.1514855
932353,0.1514855
932354,0.15123716
932355,0.15123716
932356,0.15123716
932357,0.15123716
932358,0.15123716
932359,0.15123716
932360,0.15215187
932361,0.15215187
932362,0.15215187
932363,0.15215187
932364,0.15225606
932365,0.15214643
932366,0.15208116
932367,0.15182094
932368,0.1517255
932369,0.1517255
932370,0.16866463
932371,0.14932288
932372,0.14932288
932373,0.14932288
932386,0.3846545
932387,0.16118391
932388,0.1521438
932389,0.14696111
932390,0.122000016
932391,0.11878629
932392,0.14089146
932393,0.18292546
932394,0.11512859
932395,0.2954602
932396,0.2954602
932397,0.14136069
932398,0.2954602
932399,0.29193506
932400,0.13931055
932401,0.27110276
932402,0.28639227
932403,0.30775687
932404,0.31971723
932406,0.37790698
932407,0.28879473
932408,0.22644466
932409,0.14387047
932410,0.1401186
932411,0.23064503
932412,0.22644466
932413,0.23064503
932414,0.102898404
932415,0.093945585
932416,0.087584056
932417,0.22943896
932421,0.24383493
932422,0.1813674
932423,0.17882732
932424,0.17703298
932425,0.14893383
932426,0.14933287
932427,0.08940179
932428,0.08940179
932429,0.106039695
932430,0.14933287
932431,0.1484987
932432,0.08829875
932433,0.10475499
932434,0.13383026
932435,0.1355131
932436,0.08829875
932437,0.14787644
932438,0.103887066
932444,0.1963907
932445,0.20944978
932446,0.17241034
932447,0.16316234
932448,0.3934831
932449,0.19498262
932450,0.19498262
932451,0.1612168
932460,0.15385619
932461,0.1490637
932462,0.21418476
932463,0.17914402
932679,0.50100327
932680,0.4400469
932681,0.40079167
932682,0.37520927
932683,0.3856327
932684,0.34069645
932685,0.37867415
932686,0.6292824
932687,0.2816898
932701,0.7547566
932702,0.75898325
932703,0.5883452
932704,0.5094284
932705,0.39755565
932706,0.59528476
932713,0.41106498
932714,0.3239056
932715,0.19393723
932716,0.35098955
932717,0.51851267
932718,0.44058335
932719,0.41666284
932720,0.39817253
932721,0.35058028
932722,0.3001792
932733,0.1834137
932734,0.1960039
932735,0.178246
932736,0.20933442
932737,0.14003891
932738,0.16928524
932739,0.14744021
932740,0.14339338
932741,0.13754646
932742,0.16507745
932743,0.19793046
932744,0.14281611
932745,0.16926874
932746,0.10061737
932747,0.18517488
932748,0.16756196
932749,0.1492303
932750,0.13093543
932751,0.13200133
932775,0.19988818
932783,0.15752885
933059,0.4500825
933060,0.5409464
933061,0.54732233
933073,0.6052523
933074,0.61530524
933075,0.578973
933076,0.4958258
933077,0.37087297
933078,0.33744818
933079,0.3078397
933080,0.32752842
933081,0.28650355
933082,0.33003607
933083,0.47602847
933084,0.3671153
933085,0.31126836
933086,0.31126836
933087,0.24435632
933093,0.31975514
933094,0.25290453
933095,0.275207
933096,0.23231252
933097,0.2885454
933098,0.3825964
933099,0.3195276
933100,0.24710774
933101,0.22733264
933102,0.24786195
933103,0.2859561
933104,0.30445006
933105,0.3678908
933106,0.22733264
933107,0.33388445
933108,0.22733264
933109,0.24246454
933110,0.26913834
933111,0.26953185
933112,0.28575054
933124,0.2787021
933125,0.24742937
933126,0.3483734
933127,0.31180456
933128,0.28084958
933129,0.22601621
933130,0.3610096
933131,0.334323
933132,0.3071648
933133,0.35747606
933134,0.28442517
933135,0.351243
933136,0.22137946
933137,0.24267492
933138,0.2631815
933139,0.279399
933140,0.22039214
933141,0.33777025
933142,0.27896696
933159,0.26783848
933160,0.27556154
933161,0.22661452
933162,0.25948668
933163,0.23818414
933164,0.21685039
933165,0.27060732
933166,0.24793714
933167,0.39564553
933168,0.27911296
933169,0.2091462
933170,0.2653126
933171,0.28951034
933172,0.2653126
933173,0.31982392
933174,0.2596489
933175,0.2091462
933176,0.2653126
933177,0.2547269
933178,0.22994454
933179,0.37339735
933180,0.2086644
933181,0.35127255
933182,0.24663486
933183,0.34591857
933201,0.24380034
933202,0.21197832
933203,0.21197832
933204,0.34371206
933205,0.24544908
933206,0.20971118
933207,0.22847745
933208,0.26213768
933220,0.35385877
933221,0.33392295
933232,0.5316194
933233,0.33309567
933234,0.3358412
933235,0.32692596
933236,0.4143117
933246,0.31080684
933247,0.2730035
933248,0.28046227
933249,0.20594232
933250,0.24711552
933257,0.33406875
933258,0.27121386
933259,0.27943224
933260,0.26284772
933261,0.3871044
933262,0.22990283
933263,0.39604643
933264,0.34616333
933265,0.3918365
933266,0.23565054
933267,0.27191994
933268,0.30782345
933269,0.16248389
933270,0.21644303
933271,0.25361112
933272,0.2012944
933277,0.24503243
933278,0.26236373
933424,0.36722586
933425,0.22204937
933426,0.2415467
933427,0.20448576
933428,0.22167937
933429,0.17951943
933430,0.17509386
933438,0.20534243
933439,0.130933
933440,0.16326675
933441,0.1296688
933442,0.1381617
933443,0.103486724
933444,0.13909423
933445,0.11308074
933447,0.09596839
933448,0.10862611
933476,0.21376994
933647,0.7238219
933648,0.6994902
933649,0.5034782
933650,0.5455365
933654,0.5354284
933655,0.45151544
933659,0.56914276
933660,0.47702777
933661,0.41361699
933662,0.45227635
933717,0.32185274
933718,0.52768916
933719,0.48677656
933726,0.55267555
933727,0.49126917
933728,0.47873968
933729,0.428302
933730,0.39692283
933731,0.32126886
933733,0.31114116
933734,0.39604512
933818,0.7859508
933819,0.5054667
933820,0.54465103
933821,0.5574819
933822,0.48470744
933823,0.6237916
933824,0.4321773
933825,0.39536598
933844,0.4856561
933845,0.33444712
933846,0.56749624
933847,0.29852477
933848,0.3224096
933849,0.23645052
933850,0.514997
933851,0.26836714
933852,0.40344763
933853,0.37878564
933854,0.36321196
933855,0.37878564
933856,0.37813136
933857,0.39032903
933858,0.17353356
933859,0.42849383
933860,0.46926168
933861,0.17142312
933862,0.45762032
933863,0.3657081
933864,0.3657081
933865,0.44121143
933866,0.21920471
933867,0.3637133
933868,0.19651146
933869,0.28004324
933870,0.22280434
933871,0.3896213
933872,0.263244
933873,0.35880077
933874,0.36851117
933875,0.3195391
933876,0.13889602
933877,0.24934429
933878,0.38999668
933916,0.56147146
933917,0.46846083
933918,0.534138
934109,0.1092608
934305,0.36813
934323,0.50864774
934324,0.40847135
934325,0.3815154
934326,0.3590547
934327,0.45268765
934328,0.3508808
934329,0.33690694
934330,0.27160826
934331,0.2411151
934601,0.62825227
934602,0.5028066
934603,0.41504142
934604,0.4830365
934612,0.45598242
934613,0.45469382
934614,0.40939865
934615,0.5391681
934616,0.41207936
934617,0.4035816
934618,0.418316
934619,0.3050232
934620,0.2279858
934621,0.35467982
934781,0.6207307
934782,0.55497277
934783,0.51633346
934791,0.5108187
934792,0.4425542
934849,0.6408363
934850,0.5398874
934851,0.48972917
934852,0.47516307
934853,0.4946007
934854,0.4791027
934855,0.51757264
934856,0.41517502
934857,0.53824985
934858,0.41485575
934859,0.3747012
934860,0.47585326
934861,0.32539788
934862,0.2687296
934912,0.67948335
934913,0.58014566
934914,0.4613725
934915,0.36037788
934916,0.48408788
934917,0.40417236
934918,0.41410542
934919,0.38283798
934920,0.4974565
934921,0.23310465
934922,0.3864301
934923,0.35088146
935254,0.6487888
935255,0.4560331
935264,0.6405937
935265,0.4863188
935266,0.48492494
935269,0.48132637
935270,0.4266429
935271,0.6319679
935272,0.41669145
935273,0.4375367
935274,0.36087257
935275,0.3880276
935276,0.32644725
935278,0.29151833
935279,0.72256434
935280,0.5548501
935281,0.57598716
935294,0.53818583
935295,0.3468409
935296,0.24982189
935297,0.2947519
935298,0.35916796
935299,0.29534385
935300,0.22066954
935301,0.2524106
935302,0.20191677
935303,0.24165899
935304,0.23907363
935305,0.20640557
935306,0.18578093
935307,0.25605622
935308,0.24120283
935309,0.11937656
935310,0.34988582
935311,0.42338815
935312,0.35854053
935313,0.4692011
935314,0.3348441
935315,0.37982526
935316,0.3378317
935317,0.17935477
935318,0.13990647
935319,0.18028985
935320,0.18018003
935321,0.2527677
935335,0.15332046
935336,0.09748087
935337,0.119176395
935338,0.119176395
935339,0.18447962
935340,0.18037163
935341,0.113963835
935342,0.22453454
935343,0.22041854
935344,0.13632447
935345,0.20498185
935359,0.31129497
935360,0.34203294
935361,0.33595887
935362,0.18150416
935363,0.29051438
935364,0.32848567
935365,0.3047382
935366,0.4710274
935367,0.42911834
935368,0.28541473
935369,0.31829667
935370,0.13173045
935371,0.36897206
935372,0.116833985
935373,0.102770366
935374,0.1195054
935375,0.30103245
935376,0.11435969
935377,0.13113359
935378,0.11314656
935379,0.11314656
935380,0.28975248
935381,0.28423476
935382,0.31666866
935383,0.10745474
935396,0.36932307
935397,0.39772955
935398,0.33490774
935399,0.21566476
935400,0.42922962
935401,0.35814616
935402,0.31150925
935403,0.2862459
935404,0.30370677
935405,0.40613818
935406,0.28422657
935407,0.39075398
935408,0.3236014
935409,0.21119095
935448,0.3058488
935449,0.35029933
935450,0.27040505
935451,0.26852012
935461,0.3017729
935761,0.6453847
935762,0.5841845
935763,0.6749805
935764,0.5707467
935765,0.6195506
935766,0.53081965
935767,0.6391481
935768,0.49735716
935769,0.57268584
935775,0.52411216
935776,0.45120856
935777,0.3626225
935778,0.35487464
935779,0.4758191
935780,0.40465015
935781,0.36939695
935782,0.4095177
935783,0.2881453
935784,0.2338183
935785,0.2881453
935786,0.23332034
935787,0.40486866
935788,0.29798698
935789,0.29465926
935790,0.41954577
935798,0.3451693
935799,0.28764954
935800,0.2994087
935801,0.34246355
935802,0.3154615
935809,0.35643366
935810,0.2801354
935811,0.39105865
935812,0.2917551
935813,0.2708044
935814,0.3572783
935815,0.30988613
935834,0.33329692
935835,0.32421947
935836,0.24498676
935837,0.32385325
935838,0.26891288
935839,0.2237849
935840,0.31260872
935863,0.4212523
935864,0.5017435
935865,0.57146984
935866,0.6398099
935867,0.5269197
935868,0.39144972
936010,0.6520032
936011,0.564843
936012,0.569885
936013,0.58754534
936014,0.5863909
936015,0.65979135
936016,0.52507603
936017,0.43051523
936030,0.49138382
936031,0.4008207
936032,0.39828596
936033,0.38207147
936034,0.48933104
936035,0.2877366
936036,0.40441635
936037,0.44117665
936038,0.45649937
936039,0.30698237
936101,0.71148026
936102,0.53792834
936103,0.60246605
936104,0.39992312
936110,0.5782616
936111,0.46352616
936112,0.44922218
936113,0.5140088
936114,0.3747336
936115,0.43524766
936116,0.48727033
936117,0.34915495
936121,0.42681307
936122,0.32963413
936123,0.37535003
936124,0.45300016
936125,0.26238373
936126,0.36252242
936127,0.29959732
936128,0.30857447
936129,0.2794564
936130,0.29443842
936131,0.32212803
936132,0.3646134
936133,0.23606634
936134,0.4534427
936135,0.48547265
936136,0.33697775
936137,0.3313138
936138,0.3271087
936139,0.31851637
936140,0.3164814
936141,0.2847772
936142,0.35392815
936143,0.3408135
936144,0.33043906
936145,0.256074
936149,0.42069104
936150,0.29353935
936151,0.2776123
936152,0.2715188
936153,0.23099487
936154,0.40483847
936155,0.27019134
936156,0.32502452
936157,0.41938636
936158,0.3145925
936169,0.3183342
936170,0.3321917
936171,0.3730214
936172,0.19850051
936173,0.25700203
936174,0.25907618
936175,0.1973937
936176,0.18611293
936177,0.2611945
936178,0.3080262
936179,0.2560605
936180,0.34014422
936185,0.1560376
936186,0.12338242
936187,0.12273636
936188,0.12273636
936189,0.2549217
936190,0.25893092
936191,0.2428076
936192,0.2428076
936195,0.13245378
936196,0.111361764
936197,0.22600867
936254,0.26650032
936255,0.259796
936256,0.19362898
936257,0.45000374
936258,0.1684089
936302,0.32453766
936303,0.2531908
936304,0.22321863
936305,0.2344197
936306,0.19065323
936307,0.22799933
936308,0.18264522
936309,0.16163327
936310,0.12881769
936348,0.5592126
936349,0.56911564
936350,0.5969389
936351,0.20714888
936352,0.38462374
936372,0.41624504
936805,0.096539974
937160,0.48214975
937161,0.39548534
937162,0.42563385
937410,0.6357585
937411,0.6142384
937412,0.50746906
937413,0.41150644
937415,0.47190306
937416,0.50078475
937417,0.42889887
937418,0.44553474
937419,0.35247436
937433,0.65351176
937434,0.325244
937435,0.3304662
937436,0.3037154
937437,0.3037398
937438,0.34582603
937439,0.3144041
937440,0.2461159
937441,0.25141773
937442,0.34227404
937443,0.25141773
937444,0.2547085
937445,0.21556543
937446,0.29214472
937447,0.21003453
937448,0.25294387
937449,0.28695482
937450,0.25947297
937451,0.31684697
937452,0.2097705
937453,0.2388175
937454,0.25034901
937455,0.28453726
937456,0.3306358
937457,0.25601986
937471,0.300517
937472,0.26806203
937473,0.27808496
937474,0.24616647
937475,0.2518538
937681,0.654722
937682,0.53281724
937683,0.5101258
937684,0.46965787
937685,0.49217182
937686,0.43141264
937687,0.45260778
937688,0.47089925
937689,0.46661425
937767,0.6976822
937768,0.55382794
937769,0.70194125
937770,0.52354866
937771,0.5564058
937772,0.47134864
937773,0.5869871
937774,0.52836865
937775,0.5643783
937789,0.541964
937790,0.35269284
937791,0.42785695
937792,0.33449736
937793,0.3213119
937794,0.4225901
937795,0.30887574
937796,0.32492667
937797,0.2316445
937798,0.31113166
937799,0.28873143
937800,0.2766236
937801,0.29487213
937802,0.22737563
937803,0.30607545
937804,0.4348704
937851,0.39072916
937852,0.3520839
937853,0.2852553
937854,0.3248874
937855,0.26864922
937856,0.3520839
937857,0.3535112
937858,0.24318285
937859,0.32423735
937885,0.3398748
937886,0.26815832
937887,0.32412767
937888,0.33704057
937889,0.26805505
937890,0.22376686
937891,0.26724654
937892,0.3490808
937893,0.2809259
937894,0.26683807
937895,0.22340077
937896,0.32184547
937897,0.4074659
937898,0.2726712
937904,0.3946565
937905,0.37263387
937906,0.30567172
937907,0.31814575
937908,0.27071112
937909,0.27266043
937910,0.3012241
937915,0.2727114
937916,0.29546946
937917,0.25191852
937918,0.32689872
937924,0.51397234
937925,0.19843808
937926,0.19748752
937927,0.38163114
937928,0.19748752
937929,0.37475303
937938,0.31059018
937939,0.2690259
938014,0.19472376
938072,0.42908657
938083,0.637474
938084,0.5665444
938085,0.53810084
938086,0.5171531
938087,0.5008347
938088,0.49859053
938089,0.47949308
938090,0.21028794
938091,0.20617598
938092,0.20617598
938093,0.205013
938094,0.18541245
938097,0.35991666
938144,0.6926939
938145,0.62681025
938146,0.5422021
938162,0.5621093
938163,0.5628237
938164,0.48875257
938165,0.49683136
938167,0.4034017
938168,0.4045598
938169,0.5241337
938170,0.6071213
938171,0.42960876
938172,0.44479135
938182,0.24624625
938596,0.77154076
938597,0.6468156
938598,0.63545316
938599,0.45373574
938600,0.47083175
938601,0.4841465
938602,0.40776443
938603,0.53499657
938604,0.386644
938605,0.448628
938606,0.3889859
938607,0.3930488
938608,0.32853097
938614,0.4140324
938615,0.29010296
938616,0.31925672
938617,0.31925672
938618,0.29068902
938619,0.25553486
938620,0.2619577
938621,0.2901158
938622,0.3021122
938623,0.3270101
938624,0.3431162
938625,0.2780085
938626,0.38035274
938627,0.2935692
938628,0.36036712
938629,0.29717344
938630,0.44934738
938631,0.40603635
938632,0.33094904
938633,0.32999644
938634,0.32999644
938635,0.23260266
938636,0.33307758
938637,0.38023475
938638,0.33461884
938639,0.2896643
938640,0.3827987
938641,0.40771717
938642,0.27957317
938643,0.40795895
938644,0.27977487
938645,0.29040238
938646,0.332244
938647,0.32803825
938648,0.27515587
938649,0.3800416
938650,0.36110553
938651,0.22687238
938652,0.28168795
938653,0.22687238
938654,0.2730936
938655,0.27018073
938656,0.27018073
938657,0.27018073
938658,0.26741278
938659,0.4609959
938664,0.22564471
938665,0.18342564
938666,0.174387
938667,0.174387
938668,0.174387
938669,0.2276301
938670,0.23697616
938671,0.17807983
938672,0.16619182
938673,0.21893975
938674,0.2608336
938679,0.11751097
938680,0.13870563
938681,0.1368843
938682,0.112392314
938683,0.11246792
938684,0.11123018
938685,0.10237712
938686,0.11214463
938687,0.11978406
938690,0.14189993
938691,0.13615832
938692,0.106725454
938693,0.10279932
938694,0.11185467
938695,0.100725554
938696,0.10389994
938697,0.13573307
938698,0.1189314
938699,0.11105145
938700,0.08107345
938701,0.10320269
938777,0.06716376
938849,0.43263778
938850,0.39761782
938851,0.34324414
938852,0.37979046
938937,0.60272557
938938,0.40056705
938939,0.4009978
938940,0.37581512
938941,0.40344402
938947,0.39609322
938948,0.3537028
938949,0.3327161
938950,0.26369038
938951,0.56337667
938952,0.300542
939128,0.059420772
939749,0.4767634
939750,0.4905865
939751,0.5100932
939752,0.34726527
939753,0.31917578
939754,0.2679096
939755,0.24686764
939756,0.4239004
940081,0.4028346
940082,0.40832797
940127,0.43703806
940441,0.59662354
940442,0.43187922
940443,0.49383864
940444,0.5078809
940445,0.42817658
940455,0.3945345
940456,0.46308964
940495,0.66001755
940496,0.3118541
940500,0.6346792
940501,0.53785324
940502,0.5133477
940503,0.49233752
940504,0.490094
940505,0.23302336
940509,0.48339853
940510,0.4019928
940511,0.3972967
940512,0.37994075
940513,0.35454628
940514,0.34941602
940515,0.34941602
940516,0.34941602
940517,0.40107912
940518,0.311935
940519,0.311935
940520,0.311935
940521,0.3627901
940522,0.33888704
940523,0.2889364
940524,0.28469208
940525,0.28469208
940526,0.28210992
940527,0.27007177
940529,0.2999963
940530,0.25390714
940531,0.2520206
940532,0.25168803
940533,0.2502293
940534,0.25064343
940702,0.6891715
940703,0.54168177
940704,0.51702815
940705,0.48148334
940706,0.45700648
940707,0.43589413
940708,0.43368816
940709,0.41757622
940710,0.35643214
940711,0.34879094
940712,0.34435853
940713,0.3280564
940714,0.30442697
940722,0.4350711
940723,0.4121073
940724,0.2566355
940725,0.29594934
940726,0.2618947
940727,0.2618947
940728,0.2618947
940729,0.26135734
940730,0.26135734
940731,0.2575928
940732,0.25503352
940733,0.25503352
940734,0.25466636
940735,0.25473115
940736,0.25473115
940749,0.3076039
940750,0.25275767
940751,0.34781936
940752,0.33890155
940753,0.30143964
940754,0.23588851
940769,0.35372457
940770,0.30091345
940771,0.4015678
940772,0.24561307
940773,0.2586889
940774,0.3893215
940775,0.23514274
940848,0.6251691
940849,0.5026195
940850,0.48264226
940851,0.45431376
940852,0.430574
940853,0.41178834
940854,0.45397705
940855,0.3946708
940856,0.33495173
940857,0.3125578
940858,0.3769027
940859,0.2992304
940860,0.29505533
940861,0.29150426
940862,0.32370606
940863,0.28281716
940864,0.2870957
941020,0.7097252
941021,0.6340548
941022,0.23181869
941023,0.2171092
941024,0.20111531
941025,0.18888858
941032,0.1903874
941033,0.16882426
941066,0.483737
941096,0.629337
941097,0.5217433
941098,0.4862007
941099,0.46169752
941100,0.44054437
941101,0.43786037
941102,0.4206257
941103,0.35931045
941104,0.35164127
941105,0.3471919
941106,0.32812232
941107,0.30449036
941108,0.30150008
941109,0.30150008
941110,0.303405
941128,0.35607055
941129,0.26242805
941130,0.26242805
941131,0.26242805
941132,0.3166593
941133,0.2618899
941134,0.25812042
941135,0.25607413
941136,0.30605718
941137,0.25570598
941138,0.29622635
941139,0.24727668
941140,0.24727668
941141,0.24727668
941142,0.24727668
941143,0.2919092
941144,0.24727668
941145,0.24727668
941146,0.24764225
941147,0.24708568
941148,0.24630769
941149,0.24620165
941150,0.2918119
941151,0.23935843
941152,0.23935843
941153,0.21523866
941154,0.16468671
941155,0.18763934
941166,0.5056865
941167,0.34964442
941168,0.37075567
941169,0.2654932
941170,0.3205004
941171,0.27702358
941172,0.2679894
941173,0.31065288
941174,0.2065849
941175,0.3229197
941443,0.71867466
941444,0.66939586
941445,0.65306324
941448,0.77635896
941449,0.4840266
941450,0.53799975
941451,0.5256846
941452,0.50050324
941453,0.5587028
941454,0.504199
941455,0.45320693
941456,0.44692513
941457,0.37592444
941458,0.52880406
941459,0.38032067
941460,0.52880406
941461,0.38032067
941462,0.39409408
941463,0.35539678
941464,0.38328642
941465,0.35121372
941466,0.5190748
941467,0.39782205
941468,0.28038394
941469,0.33646372
941470,0.33386883
941554,0.65906703
941555,0.52730876
941556,0.50406486
941557,0.47741738
941558,0.4529666
941559,0.43189248
941560,0.42969134
941561,0.41361946
941562,0.3527038
941563,0.3445635
941564,0.4405797
941565,0.3983264
941566,0.39474553
941567,0.29497233
941568,0.29497233
941569,0.2968535
941580,0.34239382
941581,0.26273367
941582,0.26273367
941583,0.26273367
941584,0.2621952
941585,0.2621952
941586,0.25022936
941587,0.24635658
941588,0.24406256
941607,0.5478577
941608,0.46716443
941609,0.4284252
941610,0.4017618
941611,0.38186288
941612,0.36225086
941613,0.36017963
941869,0.13853917
941928,0.61409837
941929,0.4890721
941930,0.46665826
941953,0.47881997
941954,0.4144164
941955,0.3949453
941956,0.39280227
941957,0.35316718
941958,0.29911312
941959,0.29214296
941960,0.29327172
941961,0.27983883
941962,0.25504076
942218,0.31405807
942219,0.20971301
942220,0.22078928
942221,0.18152593
942222,0.38174945
942533,0.28140327
942534,0.20789194
942543,0.5247609
942544,0.17806034
942545,0.17593528
942546,0.22881693
942552,0.43645358
942663,0.36240715
942664,0.24362808
942665,0.27772084
942666,0.21083033
942667,0.16144305
942668,0.14705187
942669,0.1479184
942670,0.20085663
942671,0.07776862
942672,0.16687626
942673,0.18194003
942674,0.120923884
942675,0.10829083
942676,0.15306787
942677,0.16492885
942678,0.15461394
942679,0.066626415
942680,0.0902799
942681,0.059440967
942682,0.09103747
942683,0.10673728
942684,0.14424482
942685,0.36688307
942686,0.11909433
942687,0.07382425
942688,0.17117392
942689,0.07312367
942690,0.13015197
942691,0.0809584
942692,0.08591554
942693,0.09074276
942694,0.119857885
942695,0.11816583
942696,0.11962513
942697,0.104725674
942698,0.08925586
942699,0.13321716
942700,0.09218796
942701,0.099906415
942702,0.094807014
942703,0.0894426
942704,0.13275628
942705,0.11588803
942706,0.07446809
942707,0.13431576
942708,0.11588803
942715,0.41912955
942716,0.34714985
942717,0.34714985
942718,0.34714985
942719,0.33790964
942720,0.33790964
942721,0.32883203
942722,0.32883203
942723,0.31074232
942724,0.3275609
942725,0.336621
942726,0.336621
942727,0.336621
942728,0.336621
942729,0.336621
942730,0.17871626
942731,0.12806967
942732,0.06787669
942733,0.15170069
942734,0.22849104
942735,0.3221181
942744,0.251204
942745,0.22192846
942746,0.22192846
942747,0.22192846
942748,0.29804856
942749,0.22192846
942750,0.29804856
942751,0.15535326
942752,0.29804856
942753,0.29216212
942764,0.24755234
942765,0.22086686
942766,0.22086686
942767,0.22086686
942768,0.22086686
942769,0.22086686
942779,0.23990993
942867,0.5498418
942882,0.57411677
942883,0.48419687
942884,0.4275663
942885,0.3477801
942886,0.3443256
942887,0.42893246
942888,0.32045314
942889,0.3547791
942890,0.26513788
942891,0.26200035
942892,0.3011849
942893,0.30358046
942894,0.31845197
942895,0.3036689
942896,0.2218568
942897,0.2218568
942898,0.1912135
942899,0.1879444
942965,0.21689196
943060,0.36490586
943061,0.3621445
943062,0.35160384
943063,0.23471093
943064,0.26854324
943065,0.19921185
943066,0.19719271
943067,0.266359
943068,0.19928145
943069,0.22954343
943070,0.23684536
943314,0.086601585
943335,0.6308855
943336,0.41028306
943337,0.3670858
943347,0.38193047
943348,0.5584111
943349,0.4148394
943350,0.4323983
943351,0.39017355
943352,0.33243242
943353,0.3287917
943354,0.36779696
943355,0.3198828
943356,0.2544508
943357,0.3141918
943358,0.3074367
943520,0.37603506
943521,0.4692697
943522,0.53174293
943523,0.43229792
943524,0.52437264
943525,0.47420594
943535,0.46243837
943536,0.35617465
943537,0.25182107
943538,0.27901193
943553,0.31010324
943554,0.29106775
943555,0.23396601
943556,0.37921298
943557,0.3754626
943558,0.3727613
943563,0.3108316
943564,0.19549479
943565,0.3297178
943566,0.2521671
943567,0.28960758
943568,0.19858764
943569,0.18624668
943573,0.23820515
943574,0.27527508
943575,0.27568054
943576,0.23258856
943577,0.28768626
943583,0.28066185
943584,0.16587724
943585,0.2832575
943741,0.6663548
943742,0.62226343
943743,0.5737532
943744,0.49601632
943764,0.53343827
943765,0.55826867
943766,0.5011915
943767,0.41230106
943768,0.31387907
943769,0.34895474
943770,0.37266722
943823,0.6834211
943824,0.45632982
943825,0.62317777
943826,0.6253886
943827,0.39866638
943828,0.49505484
943829,0.5325328
943853,0.42326364
943854,0.28883043
943918,0.262275
944076,0.5139203
944086,0.123941846
944141,0.23153314
944142,0.14331429
944143,0.14827864
944310,0.5679643
944311,0.46257576
944312,0.4889173
944313,0.47564712
944314,0.189
944317,0.54062515
944318,0.4550097
944319,0.20850022
944320,0.3780424
944321,0.37172592
944322,0.18207844
944323,0.33051908
944324,0.30714527
944325,0.3179879
944326,0.3179879
944327,0.124524534
944328,0.28589493
944330,0.27425167
944331,0.2739338
944332,0.27179334
944333,0.33785602
944334,0.26165655
944335,0.2726161
944349,0.6818433
944350,0.478242
944351,0.43742183
944368,0.4918643
944369,0.38791415
944370,0.37258366
944371,0.3687461
944372,0.3528246
944386,0.40406623
944387,0.32189155
944388,0.3176342
944389,0.26403305
944390,0.27702528
944391,0.27104992
944392,0.23919569
944393,0.24084267
944394,0.24084267
944411,0.28939003
944412,0.24098288
944413,0.24098288
944414,0.24047446
944415,0.24047446
944416,0.23559323
944417,0.23292418
944418,0.23292418
944419,0.23257889
944420,0.2326398
944421,0.2326398
944422,0.2326398
944423,0.2326398
944436,0.27956593
944437,0.23416947
944438,0.23416947
944439,0.23416947
944440,0.23416947
944441,0.2337214
944442,0.23304664
944443,0.23258433
944444,0.2322241
944445,0.23148952
944455,0.27347738
944456,0.23094045
944457,0.2311183
944458,0.2311183
944459,0.2311183
944460,0.2311183
944461,0.23158132
944462,0.23158132
944463,0.23158132
944464,0.23158132
944465,0.2205083
944466,0.2205083
944467,0.21931235
944468,0.21931235
944469,0.21662426
944470,0.21662426
944471,0.21662426
944487,0.2545533
944488,0.21662426
944519,0.2524459
944520,0.21474046
944521,0.21373263
944522,0.21373263
944534,0.25131777
944535,0.28798127
944575,0.30098888
944576,0.23453388
944577,0.21409573
944578,0.3316753
944790,0.4086651
944791,0.32087362
944815,0.2628665
944816,0.2146914
944817,0.14367099
944818,0.15963641
944819,0.16703917
944820,0.15730514
944821,0.14306203
944822,0.15568754
944823,0.11295503
944824,0.08508954
944825,0.087641
944826,0.09186368
944827,0.09320774
944828,0.105280265
944829,0.10459038
944830,0.08029435
944831,0.07860165
944890,0.4241373
944891,0.32452577
944892,0.3039563
944893,0.2855546
944894,0.2639337
944895,0.25077468
944896,0.25647393
944897,0.23504162
944898,0.204959
944899,0.18783325
944900,0.20158711
944901,0.19404225
944902,0.09336587
944903,0.17480405
944904,0.17198873
944915,0.3798349
944916,0.22203255
944917,0.18421313
945300,0.10142149
945540,0.63596696
945542,0.55565274
945543,0.51901364
945627,0.74295855
945628,0.61691874
945629,0.60488766
945644,0.64453757
945645,0.67903554
945646,0.51279354
945647,0.52471155
945648,0.40460253
945649,0.5512297
945650,0.5845263
945651,0.3316694
945652,0.47952965
945653,0.519429
945654,0.42565107
945659,0.54339033
945660,0.5054182
945661,0.37850666
945662,0.44883704
945663,0.32131797
945664,0.3387925
945665,0.448149
945669,0.39278173
945670,0.28802603
945671,0.3056429
945672,0.3056429
945677,0.5283393
945678,0.3152242
945683,0.35077703
945684,0.29652643
945685,0.12218275
945686,0.081783794
945687,0.10967202
945688,0.081783794
945689,0.09703038
945978,0.020118494
946133,0.5637074
946134,0.33514953
946135,0.32046396
946136,0.31797847
946137,0.32313764
946138,0.29698095
946139,0.22927126
946140,0.21665855
946141,0.23066148
946142,0.26315448
946143,0.20254935
946144,0.21495853
946145,0.19199085
946146,0.18660754
946191,0.5606846
946192,0.42962813
946193,0.6979297
946194,0.3975306
946195,0.3746982
946196,0.3235201
946197,0.31993017
946202,0.46130216
946203,0.2803728
946204,0.24482088
946205,0.23017944
946206,0.22618699
946207,0.23345378
946208,0.22522883
946209,0.23620912
946210,0.3086662
946211,0.23025838
946212,0.27090067
946213,0.18645383
946214,0.2075613
946215,0.19953676
946216,0.23751217
946217,0.228135
946218,0.20617789
946219,0.20617789
946220,0.17154379
946221,0.25531366
946222,0.1745623
946226,0.24503618
946227,0.21303657
946228,0.21274082
946229,0.21274082
946230,0.21274082
946231,0.21274082
946232,0.21274082
946233,0.21274082
946248,0.48694927
946249,0.39757085
946250,0.3785615
946251,0.35493731
946252,0.3364902
946253,0.31837264
946322,0.47360402
946323,0.38116446
946324,0.36302108
946325,0.33983636
946337,0.30207825
946338,0.29105324
946351,0.193795
946750,0.5421141
946751,0.2156219
946752,0.20221156
946753,0.24025087
946754,0.17189029
946755,0.15689112
946773,0.14222889
946774,0.13323942
946886,0.33342385
946892,0.29458874
946893,0.22370934
946899,0.25691175
946900,0.18961038
946901,0.17775424
946902,0.17489867
946906,0.20852369
946907,0.13597205
946908,0.1320871
946909,0.1320871
946910,0.12879188
946917,0.14044087
946918,0.119265154
946919,0.119265154
946920,0.12021677
946921,0.12021677
946931,0.16569325
946932,0.104602404
946933,0.104602404
946934,0.10434211
946935,0.10755729
946936,0.102757856
946937,0.10123884
946938,0.10123884
946939,0.10008777
946940,0.0942665
946954,0.10612592
946987,0.059890646
947100,0.40091664
947101,0.32065567
947102,0.23181708
947103,0.22940055
947104,0.1935601
947111,0.32550138
947112,0.18318887
947113,0.18759327
947114,0.13909955
947115,0.19534296
947116,0.14858052
947117,0.12996936
947118,0.11721702
947119,0.14877035
947120,0.11575979
947121,0.12585282
947122,0.11575979
947123,0.15308534
947124,0.1120027
947125,0.1120027
947126,0.12858184
947133,0.25211656
947134,0.22779264
947135,0.47612175
947136,0.22518593
947137,0.102175854
947138,0.09770544
947139,0.09770544
947140,0.11871992
947141,0.21834725
947142,0.09770544
947147,0.24212235
947148,0.22356077
947149,0.2033671
947150,0.2033671
947151,0.22447272
947152,0.22927637
947153,0.20273131
947154,0.25997803
947163,0.24165069
947164,0.21061799
947165,0.2111524
947166,0.21131922
947167,0.19130734
947168,0.20528556
947169,0.21027109
947170,0.21131922
947185,0.2536629
947186,0.26806477
947187,0.21027109
947188,0.20168759
947189,0.17283076
947190,0.18133965
947191,0.19955915
947192,0.21079205
947200,0.24795291
947201,0.19805081
947202,0.16960378
947215,0.20027745
947216,0.18599042
947217,0.18122241
947218,0.18357147
947219,0.17725092
947220,0.19799258
947221,0.18672116
947222,0.22029287
947223,0.16496898
947224,0.15905076
947225,0.33657938
947510,0.25210533
947511,0.1820401
947512,0.14271432
947513,0.18380962
947514,0.21231247
947515,0.49097303
947516,0.51159763
947517,0.4176329
947518,0.35431316
947519,0.34615558
947520,0.3417391
947521,0.32282087
947522,0.09267501
947523,0.08609012
947524,0.105965294
947525,0.13773099
947526,0.094899945
947527,0.08375888
947528,0.3108069
947529,0.26354274
947530,0.2630032
947531,0.2630032
947532,0.32654485
947533,0.2539212
947534,0.2539212
947535,0.25373644
947536,0.25380108
947537,0.25380108
947540,0.29677197
947541,0.25353414
947542,0.25353414
947543,0.25353414
947544,0.25353414
947545,0.25100777
947552,0.29398435
947553,0.25053802
947554,0.24415153
947555,0.24404609
947556,0.24367374
947557,0.23497607
947558,0.23148113
947559,0.23093206
947560,0.22563545
947561,0.22563545
947562,0.22563545
947877,0.60144526
947878,0.52169335
947879,0.49783722
947880,0.46974623
947881,0.44535345
947882,0.4239797
947883,0.42178896
947884,0.4050468
947885,0.34251305
947886,0.33501497
947887,0.33623067
947888,0.3242172
947889,0.29687202
947890,0.2939249
947892,0.28258222
947893,0.28580508
948012,0.36338452
948013,0.41703472
948022,0.44903716
948023,0.42430988
948024,0.405374
948025,0.46074814
948026,0.23754323
948027,0.21041593
948309,0.42700714
948310,0.3734104
948311,0.3298726
948312,0.33649144
948334,0.31121388
948424,0.4993457
948425,0.43386948
948435,0.4632256
948436,0.3943127
948437,0.37789348
948438,0.3323149
948718,0.518098
948719,0.4440292
948720,0.4243631
948721,0.40213016
948722,0.37919995
948723,0.36223376
948724,0.35844192
948725,0.34272382
948726,0.28585395
948727,0.28002614
948728,0.28112668
948729,0.27801323
948730,0.2607382
948731,0.25986332
948732,0.2513426
948733,0.24921367
948741,0.5388963
948742,0.4308765
948743,0.41136193
948744,0.38669682
948745,0.3641105
948746,0.34769318
948747,0.34397143
948748,0.32511207
948749,0.27099556
948756,0.2537175
948780,0.5214469
948781,0.42080846
948782,0.39827582
948783,0.3738968
948796,0.37960288
948797,0.33653265
948798,0.32530472
948799,0.3531261
948800,0.35792232
949426,0.6639564
949427,0.4384316
949439,0.75990415
949440,0.5065668
949441,0.4652253
949442,0.5389385
949443,0.5598032
949444,0.55788285
949445,0.4834128
949446,0.4432492
949447,0.38906178
949448,0.20646529
949449,0.37205136
949469,0.52122134
949470,0.3457758
949471,0.17265661
949500,0.5792036
949501,0.5212564
949502,0.5012849
949503,0.47258753
949504,0.4510927
949505,0.43642214
949506,0.43513593
949507,0.41214272
949623,0.7342459
949624,0.6091975
949625,0.5873428
949626,0.5524939
949627,0.52808344
949628,0.5114491
949638,0.59659356
949639,0.49272943
949640,0.43030939
949641,0.42254728
949642,0.41777885
949643,0.3971911
949644,0.37133422
949645,0.3680349
949646,0.3680349
949647,0.36826104
949648,0.36826104
949649,0.3295954
949650,0.3295954
949651,0.3295954
949652,0.328981
949653,0.328981
949654,0.32220668
949655,0.31896585
949659,0.26052442
949660,0.21925682
949661,0.32486373
949662,0.27600378
949663,0.37011606
949664,0.30628538
949665,0.29937786
949666,0.21805574
949667,0.21842065
949668,0.31452432
949669,0.2020059
949670,0.2945346
949672,0.42618093
949673,0.41759726
949674,0.30984375
949675,0.30441672
949676,0.36200228
949677,0.4354427
949678,0.27171203
949679,0.38175413
949680,0.33540523
949681,0.434175
949682,0.31049952
949683,0.3010351
949684,0.25138757
949685,0.3559842
949686,0.29171968
949687,0.3437687
949688,0.37787127
949689,0.20559646
949690,0.320877
949691,0.3799939
949692,0.32477036
949693,0.26818404
949694,0.28254652
949695,0.6264924
949696,0.5562654
949697,0.48594916
949698,0.51530457
949699,0.4499101
949700,0.33725363
949701,0.44383746
949759,0.5467125
949760,0.53646445
949761,0.44858986
949762,0.41726795
949763,0.40727243
950010,0.34148315
950011,0.36001793
950012,0.33340758
950084,0.1929045
950112,0.60825133
950113,0.48741642
950114,0.4642042
950115,0.4365398
950116,0.41252986
950117,0.39308777
950118,0.38917014
950119,0.3665471
950125,0.30842447
950126,0.30109125
950130,0.27898955
950167,0.6327071
950168,0.5881673
950169,0.46721423
950170,0.43254197
950171,0.40859243
950172,0.38811806
950179,0.46331263
950180,0.36801857
950181,0.30823958
950182,0.30064884
950183,0.29654956
950190,0.3428317
950191,0.2756899
950192,0.22855772
950193,0.21755306
950194,0.23753835
950195,0.26050782
950196,0.23114657
950197,0.23114657
950198,0.23114657
950199,0.2306526
950200,0.2306526
950201,0.22467394
950202,0.22162434
950203,0.22162434
950204,0.22129098
950205,0.20846272
950206,0.18558903
950207,0.19857843
950208,0.1947104
950209,0.20097165
950210,0.20097165
950217,0.23188126
950218,0.20097165
950219,0.44403082
950220,0.18430269
950221,0.19557387
950222,0.1720262
950223,0.17173876
950224,0.18328401
950225,0.18218914
950226,0.1839427
950283,0.46602622
950284,0.38116887
950285,0.3669088
950331,0.3346332
950332,0.3237072
950333,0.27604422
950334,0.29896885
950358,0.31047007
950359,0.33346972
950360,0.38615042
950361,0.3198106
950429,0.17280686
950430,0.18332082
950455,0.08747989
950515,0.5706455
950516,0.4666675
950517,0.44769996
950518,0.42026606
950519,0.39652127
950520,0.3792454
950521,0.37625897
950522,0.35424104
950523,0.18691486
950524,0.29115468
950525,0.29228118
950526,0.2731038
950527,0.2535573
950528,0.2513667
950571,0.15602143
950613,0.09585179
950626,0.514091
950627,0.3474508
950628,0.32736877
950631,0.3834767
950632,0.48908752
950633,0.15265182
950634,0.16070694
950635,0.15607767
950636,0.12458682
950637,0.10748095
950638,0.111462615
950639,0.13085294
950640,0.14354406
950641,0.074021645
950642,0.10026667
950643,0.19765824
950644,0.16852656
950645,0.15305468
950646,0.15881726
950647,0.16343985
950648,0.07770357
950649,0.44704208
950650,0.38700223
950651,0.32178265
950652,0.33711
950653,0.23126355
950654,0.3293779
950655,0.31886318
950656,0.2443251
950657,0.32453045
950658,0.22566687
950659,0.4317654
950660,0.22566687
950661,0.32642263
950662,0.22566687
950663,0.3771036
950664,0.3687022
950665,0.3147067
950666,0.34197202
950668,0.6253298
950669,0.20427197
950670,0.22786659
950675,0.1732202
950676,0.16248879
950677,0.1745546
950721,0.45408154
950722,0.33180538
950733,0.41698736
950734,0.31407666
950735,0.30411318
950736,0.26352683
950737,0.27097163
950738,0.23813081
950739,0.18741307
950740,0.19475406
950741,0.19737035
950742,0.18496634
950743,0.17874643
950755,0.21686135
950756,0.1707734
950757,0.17060383
950758,0.18812998
950759,0.17600818
950760,0.12529765
950780,0.15913361
950781,0.15067117
950782,0.17410432
950783,0.147072
950784,0.16218202
950785,0.14521529
950786,0.14497545
950787,0.2079863
950788,0.14501777
950799,0.18386576
950800,0.14761955
950801,0.16231942
950802,0.15056236
950803,0.1586093
950804,0.20728613
950805,0.19055647
950806,0.11828734
950812,0.20643418
950813,0.14095978
950814,0.13824402
950815,0.14537668
950816,0.20424636
950817,0.15427835
950828,0.197549
950829,0.13939594
950830,0.20390722
950831,0.13689925
950832,0.14807673
950845,0.17010659
950846,0.13939594
950847,0.15365086
950848,0.16954204
950849,0.14710936
950857,0.18103369
950858,0.12522373
950859,0.14560558
950860,0.16159293
950861,0.15642074
950862,0.1303752
950869,0.18307152
950870,0.13297117
950871,0.12414932
950872,0.122859806
950873,0.14514792
950880,0.15397711
950881,0.14317644
950882,0.09904373
950883,0.13714935
950887,0.14209355
950888,0.107877426
950889,0.1610525
950890,0.11773096
950891,0.12419369
950952,0.6692992
950953,0.5248028
950954,0.3856571
950955,0.28959927
950956,0.19269927
950957,0.29168037
950958,0.21278997
950959,0.24712323
950960,0.31939542
950975,0.602708
950976,0.47855675
950977,0.6451701
950978,0.5954696
950979,0.46232244
950980,0.3773561
950984,0.5278492
950985,0.4954941
950986,0.47222263
950987,0.40293482
951075,0.63019216
951076,0.16532463
951077,0.49125946
951117,0.48732042
951118,0.3256364
951119,0.31786025
951120,0.2744608
951121,0.25316906
951126,0.30272156
951127,0.19693395
951128,0.18558177
951129,0.1470282
951130,0.1950599
951131,0.14215104
951132,0.127614
951133,0.11022429
951134,0.13833982
951135,0.109683886
951136,0.095897585
951137,0.095897585
951138,0.083959505
951142,0.20222105
951143,0.15639345
951144,0.15602681
951145,0.12115018
951146,0.15194705
951162,0.10266349
951163,0.108921535
951164,0.1487005
951165,0.16105512
951166,0.15171318
951181,0.18991171
951182,0.0809445
951184,0.3929959
951185,0.28641996
951186,0.33055854
951187,0.28641996
951188,0.33033553
951189,0.23647127
951190,0.31638718
951191,0.32592806
951192,0.33701426
951193,0.22367226
951194,0.30758065
951195,0.2620367
951291,0.11233423
951305,0.47736168
951306,0.32839087
951307,0.31098163
951308,0.29013887
951309,0.29418948
951310,0.18892029
951311,0.18592592
951323,0.31876248
951324,0.24171948
951325,0.22808771
951326,0.35613507
951327,0.17769934
951328,0.18735929
951329,0.16671029
951330,0.22533904
951331,0.22440204
951332,0.19697335
951333,0.16553868
951334,0.14601117
951335,0.19750369
951336,0.17461142
951337,0.15262987
951357,0.25403717
951358,0.23762752
951359,0.25504664
951360,0.26007918
951361,0.22722946
951431,0.70504117
951432,0.431515
951433,0.39325297
951434,0.35102984
951435,0.3294078
951436,0.3190958
951437,0.36406362
951457,0.4226641
951458,0.26857114
951459,0.27982548
951460,0.26492387
951461,0.24605398
951462,0.20232445
951463,0.22831856
951464,0.20459735
951465,0.24105068
951478,0.33045065
951479,0.21591032
951480,0.20171973
951481,0.21736501
951482,0.20509127
951483,0.18834472
951484,0.18029383
951485,0.46307454
951499,0.3692046
951500,0.1982271
951501,0.38144433
951502,0.24565125
951503,0.21229434
951504,0.17832401
951505,0.27985588
951506,0.19828133
951507,0.22947975
951508,0.21229434
951509,0.20028892
951510,0.17469494
951511,0.22393383
951512,0.1948623
951513,0.17454188
951514,0.16593233
951515,0.25307515
951516,0.20705979
951517,0.18914378
951518,0.265572
951597,0.5071469
951598,0.3478267
951599,0.32989323
951600,0.34277466
951601,0.33507574
951602,0.2828851
951603,0.45604348
951604,0.28704545
951605,0.2415698
951606,0.22989234
951607,0.21403988
951608,0.24769725
951818,0.1723007
951819,0.15072297
951820,0.137269
951821,0.1300986
951822,0.12987138
952367,0.79390484
952368,0.48871195
952369,0.37653595
952370,0.5127877
952371,0.37299412
952378,0.4726234
952379,0.17217451
952380,0.4680538
952381,0.39398783
952382,0.46503323
952383,0.29635176
952384,0.29745325
952385,0.32979763
952386,0.39588782
952387,0.38516998
952388,0.37741336
952389,0.36377415
952390,0.31592909
952391,0.34000793
952392,0.36138573
952393,0.39052373
952394,0.2646524
952414,0.60686344
952415,0.32874277
952421,0.34912598
952429,0.222695
952430,0.30623317
952443,0.23163126
952444,0.25412074
952445,0.2283906
952446,0.19435865
952447,0.14712182
952448,0.11892841
952482,0.41992164
952483,0.36705247
952484,0.28415486
952485,0.2912044
952486,0.28677833
952487,0.21495794
952494,0.31692326
952495,0.289335
952496,0.23912711
952497,0.2631149
952498,0.34972408
952499,0.17335422
952500,0.16033007
952501,0.19439043
952502,0.12854403
952503,0.15224683
952504,0.19584319
952505,0.18983048
952506,0.14787239
952507,0.1858152
952508,0.1652702
952509,0.14210545
952510,0.10722207
952511,0.15403181
952512,0.16974592
952513,0.15558426
952514,0.11464912
952515,0.15471655
952516,0.14534174
952517,0.122237585
952518,0.17455913
952519,0.08642677
952520,0.15605015
952521,0.11546472
952522,0.14465599
952523,0.11439558
952524,0.13583034
952525,0.08634733
952526,0.085640736
952527,0.11224868
952528,0.1023904
952529,0.122745566
952530,0.15018024
952531,0.13463902
952537,0.3010527
952538,0.18970206
952539,0.13744324
952540,0.15035363
952541,0.1611444
952542,0.17363875
952543,0.16950904
952544,0.123080045
952545,0.1529805
952546,0.1274751
952547,0.24724662
952548,0.106036864
952549,0.15515348
952550,0.14035635
952551,0.10424053
952552,0.112299725
952553,0.14223677
952554,0.10382256
952555,0.1556567
952556,0.11412979
952557,0.11491123
952558,0.1029768
952559,0.15634368
952637,0.40941826
952638,0.41821507
952639,0.31387478
952640,0.28035292
952641,0.26172534
952642,0.25941336
952643,0.24748433
952644,0.29156062
952645,0.20661917
952646,0.18646897
952647,0.20968865
952648,0.19085976
952649,0.31404757
952654,0.22100535
952655,0.1747641
952656,0.16834944
952657,0.18394983
952658,0.15635987
952659,0.13051385
952662,0.19109261
952663,0.13621704
952664,0.15855491
952684,0.21007341
952685,0.16374226
952809,0.41587594
952810,0.2991989
952811,0.27272004
952812,0.29770836
952813,0.2305674
952814,0.27452013
952815,0.26028135
952816,0.20084108
952817,0.20081958
952818,0.19577453
952825,0.28978002
952826,0.25364062
952827,0.19989663
952828,0.17171453
952829,0.19764164
952830,0.17653131
952834,0.23870108
952835,0.14084622
952836,0.19273041
952837,0.13504338
952838,0.16262002
952839,0.14050996
952840,0.14863768
952841,0.11110237
952842,0.18316662
952843,0.13979514
952844,0.15612826
952845,0.13140061
952846,0.14049107
952847,0.17506725
952848,0.1748125
952854,0.15355727
952855,0.11384469
952856,0.15452932
952857,0.14092702
952858,0.1326569
952859,0.14212568
952860,0.14876738
952861,0.13095783
952862,0.12889527
952884,0.5174622
952885,0.34796822
952886,0.2618757
952887,0.23715176
952888,0.17612612
952889,0.20980917
952890,0.30072096
952891,0.20088306
952892,0.15358336
952893,0.18130998
952894,0.21821861
952895,0.17123938
953295,0.34387088
953296,0.21251799
953301,0.189655
953302,0.18247786
953312,0.37998176
953317,0.47327498
953318,0.32161278
953325,0.36892554
953326,0.27372417
953327,0.25715455
953328,0.24012898
953329,0.22775726
953330,0.19007513
953331,0.18559594
953332,0.18559594
953333,0.18947805
953334,0.15973507
953335,0.13135561
953342,0.16481477
953343,0.16763532
953395,0.09928333
953572,0.26314643
953573,0.16732374
953574,0.15166338
953751,0.35637543
953752,0.2963151
953753,0.25302047
953754,0.22770241
953755,0.19490682
953764,0.2769426
953765,0.20525347
953766,0.16814448
953767,0.12833098
953768,0.15140106
953769,0.14406122
953770,0.14486934
953771,0.12029794
953772,0.14004625
953773,0.294553
953774,0.1228504
953775,0.1228504
953776,0.10627301
953783,0.14052653
953784,0.13773154
953785,0.1045296
953786,0.11179468
953787,0.09292382
953788,0.10063302
953789,0.10469951
953790,0.09151637
953791,0.09994422
953792,0.10688009
953793,0.10688009
953794,0.09154474
953799,0.12497399
953800,0.10688009
953801,0.09154474
953802,0.08707403
953803,0.12707774
953804,0.100263245
953805,0.13778171
953806,0.10637547
953814,0.12008258
953815,0.18648897
953816,0.08412783
953817,0.10505422
953818,0.08961097
953819,0.08356767
953820,0.1278419
953821,0.09893717
953822,0.082718365
953823,0.09622856
953824,0.09622856
953825,0.24401945
953826,0.08495165
953836,0.09711991
953837,0.08819271
953838,0.093168154
953844,0.12255326
953845,0.08972231
953846,0.08995059
954017,0.25409847
954018,0.21264835
954022,0.20459972
954023,0.21412034
954024,0.19071722
954025,0.26555616
954026,0.26225084
954034,0.59806025
954035,0.5781184
954036,0.5642219
954037,0.5372801
954038,0.18786652
954039,0.17659469
954040,0.2946431
954041,0.29701582
954042,0.23174463
954044,0.42745516
954045,0.48321342
954046,0.3755168
954047,0.35139862
954048,0.35785306
954049,0.37294614
954053,0.29387647
954054,0.34476998
954055,0.27136242
954056,0.2967574
954057,0.21673353
954058,0.2649976
954059,0.28531274
954060,0.24819891
954061,0.24687271
954062,0.25108656
954063,0.23575214
954064,0.24376354
954140,0.65866566
954141,0.56821185
954157,0.48828536
954158,0.6185232
954466,0.61518025
954467,0.569995
954468,0.50000954
954469,0.38568014
954470,0.45015386
954471,0.36239657
954472,0.37169167
954473,0.38134417
954474,0.27574295
954475,0.35808432
954476,0.30655178
954477,0.32942662
954478,0.2692635
954479,0.17723255
954593,0.08258479
954805,0.3478853
954806,0.29980347
954807,0.25797954
954808,0.26732582
954819,0.28246108
954820,0.19556828
954821,0.18514305
954822,0.16734684
954841,0.17640187
954842,0.13308696
954843,0.11788124
954844,0.113575816
954845,0.10539893
954856,0.19899188
954857,0.1025518
954858,0.10316272
954859,0.16692737
954860,0.08083736
954861,0.08083736
954878,0.09818503
954879,0.08178848
954880,0.13252117
954881,0.074702315
954882,0.07289336
954902,0.13138518
954903,0.06782712
954998,0.2565876
955000,0.70075387
955001,0.35027137
955002,0.4968067
955003,0.40090376
955004,0.44839674
955005,0.45412406
955006,0.35260937
955007,0.35625952
955008,0.3153693
955009,0.38520572
955010,0.09438139
955011,0.28328758
955018,0.24485858
955019,0.24555388
955020,0.219037
955021,0.42011124
955022,0.314362
955023,0.24159457
955024,0.41842628
955025,0.17462629
955026,0.27866766
955027,0.22808345
955028,0.22246498
955053,0.6636127
955065,0.53816324
955066,0.5361222
955067,0.44026673
955068,0.39654022
955069,0.45271984
955070,0.45677888
955071,0.37144017
955072,0.40618685
955073,0.309717
955074,0.31366417
955396,0.56023943
955397,0.41333
955398,0.41959736
955399,0.35453072
955400,0.36837217
955404,0.6555991
955405,0.5616225
955406,0.38160524
955407,0.66914874
955408,0.4215416
955409,0.38097104
955410,0.4678933
955411,0.4329369
955412,0.33200684
955413,0.45411673
955414,0.35941666
955415,0.40213814
955416,0.2813988
955417,0.2895648
955418,0.31341603
955467,0.7015598
955468,0.48200607
955469,0.5390517
955470,0.36708492
955471,0.34983096
955606,0.5664818
955607,0.5148091
955608,0.48765942
955609,0.4631321
955610,0.44244152
955611,0.4260844
955784,0.62643886
955785,0.52433753
955786,0.43356925
955787,0.47578666
955788,0.45501
955861,0.62440145
955862,0.5169562
955863,0.49422574
955864,0.4668118
955866,0.41923085
955867,0.39271024
955868,0.39057148
955869,0.36662862
955992,0.5349135
955993,0.24027617
955994,0.40805092
955995,0.2074663
956103,0.07773974
956184,0.27539816
956185,0.26847985
956186,0.20452075
956228,0.4363725
956229,0.36860922
956230,0.2610415
956231,0.28294036
956232,0.2944251
956233,0.24118268
956234,0.24802437
956235,0.2800714
956236,0.2096505
956237,0.3957949
956238,0.39709947
956280,0.75400275
956281,0.62564385
956287,0.6882143
956288,0.5684047
956289,0.5441461
956290,0.52746814
956291,0.5252302
956292,0.5079895
956293,0.44299266
956294,0.43576
956295,0.43095377
956296,0.41017416
956311,0.18718581
956312,0.18275121
956313,0.14419661
956314,0.17732015
956315,0.14064495
956316,0.32800278
956317,0.14909908
956318,0.32800278
956319,0.32738993
956320,0.32738993
956321,0.3199466
956322,0.31613114
956337,0.177454
956338,0.10812948
956339,0.16747384
956340,0.15879013
956341,0.11088067
956342,0.16687953
956343,0.1415289
956344,0.15143894
956359,0.22541402
956360,0.1415289
956361,0.15143894
956362,0.14824672
956363,0.15141624
956371,0.1799316
956372,0.14222638
956373,0.13723943
956374,0.0898198
956375,0.12629381
956435,0.29165688
956436,0.2749012
956437,0.20611612
956438,0.19075267
956462,0.38546392
956706,0.27964267
956707,0.24831176
956709,0.26665062
956710,0.1921876
956711,0.17242764
956712,0.17502628
956713,0.16368213
956781,0.3955989
956782,0.41738304
956783,0.3931328
956784,0.3019825
956785,0.34021267
956786,0.27263656
956787,0.3304556
956788,0.25296557
956789,0.18059503
956790,0.25778595
956791,0.2540588
956792,0.2731363
956793,0.16727415
956794,0.18011308
956795,0.18305835
956796,0.11964855
956805,0.39839113
956806,0.2945056
956807,0.13902023
956808,0.16658667
956809,0.22138312
956810,0.15358615
956811,0.15835068
956812,0.23803152
956825,0.34243336
956826,0.114017576
956827,0.11405204
956828,0.11405204
956829,0.114060774
956830,0.114060774
956831,0.114060774
956832,0.114060774
956833,0.114060774
956834,0.114060774
956835,0.2832414
956836,0.28340536
956837,0.28196397
956838,0.28069252
956839,0.28028494
956840,0.27945372
956841,0.27705175
956842,0.111642495
956857,0.13568799
956858,0.110546544
956859,0.110546544
956860,0.110546544
956861,0.110546544
956862,0.110546544
956871,0.13568799
956872,0.110546544
956873,0.10492412
956883,0.11437118
956884,0.09119262
956885,0.09119262
956929,0.1318883
956930,0.11257505
956937,0.11840316
956949,0.08217468
956996,0.0683089
957008,0.26047352
957009,0.3953571
957010,0.24292333
957011,0.22592904
957147,0.42924264
957148,0.33963484
957149,0.5666102
957150,0.5370296
957151,0.49340713
957152,0.47665828
957153,0.47441941
957165,0.54686517
957166,0.40084153
957167,0.39376983
957168,0.38910735
957189,0.4338709
957190,0.34251624
957191,0.33933473
957192,0.33933473
957193,0.34183598
957194,0.34183598
957195,0.30408677
957196,0.30408677
957197,0.30408677
957198,0.30349845
957199,0.30349845
957200,0.2959464
957201,0.2921117
957202,0.2921117
957203,0.28948948
957204,0.27725807
957205,0.27725807
957206,0.26147187
957207,0.2594643
957226,0.59137434
957227,0.48024294
957228,0.45538598
957229,0.42910263
957230,0.40877485
957234,0.23026437
957257,0.766588
957258,0.6368161
957259,0.61031085
957260,0.52718467
957261,0.5314947
957262,0.51644856
957263,0.48064244
957264,0.4816796
957284,0.52227473
957285,0.3521553
957286,0.24840282
957287,0.2028594
957288,0.17793366
957316,0.2006507
957317,0.1447989
957318,0.1345436
957319,0.17277114
957320,0.10620016
957321,0.13294987
957322,0.12203884
957330,0.14334531
957331,0.13277854
957332,0.12047255
957333,0.10724494
957360,0.1720041
957361,0.116835274
957362,0.11962844
957363,0.12951599
957364,0.1303471
957369,0.26550645
957370,0.13735557
957371,0.13287383
957372,0.15666433
957373,0.14643848
957374,0.15715541
957375,0.18205164
957376,0.14126328
957377,0.15548997
957378,0.12760621
957379,0.11421672
957380,0.19802645
957381,0.15984188
957382,0.1530809
957383,0.16715991
957384,0.14804481
957385,0.15674134
957387,0.1292212
957388,0.09008872
957389,0.10550844
957390,0.08603903
957391,0.08079096
957392,0.11263566
957393,0.09798343
957394,0.091419816
957395,0.094589025
957396,0.10563275
957397,0.12520365
957398,0.094589025
957399,0.101458676
957400,0.12596661
957401,0.09314374
957402,0.1774351
957403,0.20674278
957424,0.30811554
957425,0.15760435
957426,0.23877276
957427,0.17378862
957428,0.19542271
957429,0.25287542
957436,0.27689478
957437,0.23017995
957438,0.16331692
957439,0.09998938
957440,0.12239039
957441,0.10886876
957442,0.1527018
957443,0.10292638
957452,0.27132264
957453,0.11800477
957454,0.2410939
957455,0.10265756
957456,0.09972736
957457,0.22596125
957464,0.13436724
957465,0.14395979
957466,0.08687568
957467,0.08562779
957468,0.1875496
957469,0.101237684
957470,0.101237684
957478,0.11016174
957479,0.101237684
957480,0.2158592
957481,0.084935114
957482,0.10492437
957483,0.084935114
957484,0.08422697
957490,0.2405677
957491,0.17469385
957492,0.07821748
957493,0.11890315
957494,0.119587384
957495,0.104391046
957496,0.18476896
957504,0.14195275
957505,0.11614645
957506,0.103639
957507,0.103639
957508,0.103639
957509,0.10334173
957516,0.121091224
957517,0.10334173
957518,0.10334173
957519,0.103531525
957520,0.103531525
957521,0.103531525
957526,0.11513184
957527,0.0975469
957528,0.09731434
957529,0.09731434
957530,0.09731434
957531,0.09731434
957532,0.114864275
957533,0.09464405
957534,0.09464405
957535,0.09464405
957536,0.09589035
957537,0.11772013
957538,0.09589035
957539,0.09589035
957540,0.09589035
957541,0.09589035
957542,0.09589035
957544,0.1132313
957545,0.09589035
957546,0.09589035
957547,0.09589035
957548,0.09559075
957549,0.09196477
957550,0.09182623
957551,0.09566807
957552,0.09566807
957553,0.09566807
957554,0.09451697
957555,0.09451697
957556,0.09447509
957557,0.09447509
957558,0.09447509
957559,0.09184925
957560,0.09184925
957561,0.09184925
957562,0.09184925
957563,0.09184925
957564,0.09184925
957565,0.092162706
957566,0.092162706
957567,0.092162706
957568,0.092162706
957569,0.092162706
957570,0.092162706
957571,0.09177307
957572,0.1004591
957573,0.1004591
957574,0.1004591
957575,0.1004591
957576,0.111063175
957577,0.18851388
957578,0.1004591
957579,0.1004591
957580,0.09934454
957581,0.09934454
957582,0.09934454
957583,0.09934454
957584,0.09934454
957585,0.09934454
957586,0.09934454
957587,0.09934454
957588,0.09934454
957589,0.09934454
957590,0.09934454
957591,0.09934454
957592,0.09260186
957593,0.09260186
957594,0.09260186
957595,0.092801645
957596,0.092801645
957597,0.092801645
957598,0.092801645
957599,0.092801645
957600,0.092801645
957601,0.092801645
957602,0.09315686
957603,0.09315686
957604,0.124936506
957605,0.10688688
957606,0.10688688
957607,0.10688688
957608,0.10688688
957609,0.10688688
957610,0.10688688
957611,0.101713575
957612,0.10688688
957613,0.10688688
957614,0.10737706
957615,0.10737706
957616,0.10737706
957617,0.10737706
957618,0.10737706
957619,0.10737706
957620,0.10717769
957621,0.10717769
957622,0.10717769
957623,0.108588114
957624,0.108588114
957625,0.108588114
957626,0.1101176
957627,0.110373005
957628,0.1551993
957629,0.11159081
957630,0.11159081
957631,0.11114401
957632,0.11114401
957633,0.11114401
957634,0.10998258
957635,0.10652878
957636,0.090119384
957637,0.08910868
957638,0.08910868
957639,0.08910868
957640,0.08910868
957641,0.08910868
957642,0.09154232
957643,0.09154232
957644,0.09154232
957645,0.09154232
957646,0.09154232
957647,0.1361428
957648,0.09154232
957649,0.09154232
957650,0.09154232
957651,0.09154232
957652,0.09154232
957653,0.09154232
957654,0.091421925
957655,0.091421925
957656,0.091421925
957657,0.091421925
957658,0.08845086
957659,0.09063693
957660,0.09063693
957661,0.09063693
957662,0.09063693
957663,0.08956102
957664,0.08956102
957665,0.08956102
957666,0.08956102
957667,0.08956102
957668,0.08956102
957669,0.08956102
957670,0.08956102
957671,0.08956102
957672,0.08956102
957673,0.08956102
957674,0.0897311
957675,0.0897311
957676,0.0897311
957677,0.0897311
957678,0.0897311
957679,0.0897311
957680,0.0897311
957681,0.0897311
957682,0.0897311
957683,0.08845086
957684,0.07739399
957685,0.0897311
957686,0.0897311
957687,0.0897311
957688,0.0897311
957689,0.0897311
957690,0.0897311
957691,0.0897311
957692,0.0897311
957693,0.0897311
957808,0.47225526
957809,0.3941618
957810,0.37577552
957811,0.3545628
957812,0.33102566
957813,0.31954727
957814,0.31759858
957815,0.16455078
957816,0.2530808
957830,0.27653882
957831,0.24410853
957832,0.23204559
957833,0.21936487
957834,0.21612085
957835,0.21441527
957836,0.20923288
957837,0.20923288
957838,0.1792838
957839,0.1792838
957840,0.1808731
957879,0.5615958
957886,0.5038702
957887,0.5654102
957888,0.3709375
957889,0.34874824
957890,0.3359361
957891,0.3339365
957900,0.39468107
957901,0.38559824
957902,0.19287156
957903,0.26613033
957904,0.2465675
957905,0.23283052
957906,0.3052122
957907,0.23031092
957919,0.28084338
957920,0.28497976
957921,0.25161117
957922,0.2537396
957923,0.29557052
957924,0.19665024
957925,0.14492048
957926,0.25889963
957927,0.34337997
957928,0.24666932
957929,0.24631022
957937,0.215753
957938,0.24272189
957939,0.25541344
957940,0.2463736
957941,0.26990467
957942,0.25062656
957943,0.35127887
957944,0.27596688
957945,0.2843516
957946,0.25867224
957947,0.24315308
957948,0.2858846
957949,0.28198242
957950,0.3861182
957951,0.12961018
957952,0.115591645
957953,0.07872752
957954,0.075600915
957955,0.08443412
957956,0.08439226
957957,0.12989686
957958,0.101945445
958135,0.035172902
958616,0.6178881
958617,0.47846133
958618,0.31368017
958619,0.32916966
958620,0.25601858
958621,0.34417444
958622,0.27816653
958623,0.25617397
958624,0.21564212
958625,0.24385919
958629,0.39850825
958630,0.22490904
958631,0.3180575
958632,0.27206588
958633,0.26438314
958639,0.24754328
958645,0.34825495
958646,0.26385212
958647,0.26385212
958648,0.40237924
958649,0.27317673
958650,0.2642879
958651,0.26872933
958652,0.16568626
958653,0.26720092
958661,0.30162936
958662,0.2571715
958663,0.2571715
958664,0.2571715
958665,0.2692403
958666,0.2571715
958667,0.3121474
958668,0.2571715
958669,0.2571715
958670,0.3976826
958671,0.2566942
958672,0.25624835
958682,0.28548843
958683,0.3575127
958684,0.20999567
958685,0.16300811
958686,0.24236563
958687,0.21217059
958688,0.24036142
958689,0.15610512
958701,0.41805813
958702,0.4310684
958703,0.2639246
958704,0.35023105
958705,0.25406206
958706,0.29074597
958707,0.23557836
958713,0.3443336
958714,0.31518447
958715,0.21987148
958716,0.21987148
958717,0.38433924
958718,0.33705324
958776,0.1474122
958802,0.5487037
958803,0.38322422
958804,0.40835252
958805,0.38335136
958806,0.35924384
958807,0.3465108
958808,0.34279507
958809,0.29261506
958816,0.29117653
958817,0.23075706
958818,0.24823084
958819,0.23144731
958820,0.22265786
958821,0.18860511
958822,0.4819686
958831,0.14774384
958832,0.08450572
958833,0.16803972
958834,0.07430924
958835,0.186166
958836,0.23200022
958837,0.18574493
958838,0.16252752
958839,0.18723337
958840,0.18161774
958841,0.17973553
958842,0.16590814
958843,0.14939222
958844,0.18315
958845,0.12025594
958852,0.06196395
958869,0.05962065
959063,0.8206523
959064,0.5266706
959065,0.61909413
959066,0.15435663
959067,0.5031367
959069,0.47740605
959070,0.5937553
959071,0.1743535
959072,0.334685
959073,0.36240768
959074,0.288962
959075,0.31469753
959076,0.24911053
959077,0.48971474
959078,0.2901707
959079,0.31685725
959080,0.25521487
959081,0.2459257
959082,0.22172917
959083,0.22172917
959084,0.22124954
959088,0.5933146
959089,0.4218609
959090,0.34998024
959091,0.33857882
959092,0.3560001
959093,0.39572018
959094,0.34899724
959095,0.35266504
959106,0.35444185
959107,0.47695595
959108,0.39572147
959118,0.37658143
959119,0.27099675
959355,0.4857603
959356,0.40713507
959357,0.49216974
959358,0.46162006
959359,0.16794787
959360,0.39051038
959361,0.350203
959379,0.32237634
959380,0.28470147
959427,0.3635449
959428,0.27433428
959429,0.2342004
959430,0.20713447
959431,0.18283135
959432,0.17647041
959470,0.2171455
959471,0.14859292
959472,0.12084672
959473,0.117807254
959474,0.10477988
959475,0.10030586
959476,0.09029824
959509,0.1911253
959510,0.15035872
959511,0.1344396
959512,0.14894804
959513,0.11645058
959514,0.1455922
959515,0.10725015
959516,0.077336825
959517,0.11623454
959518,0.11947288
959521,0.110550925
959522,0.14259668
959523,0.083135955
959524,0.11532047
959525,0.09805221
959526,0.12925683
959527,0.13324746
959529,0.12316806
959530,0.11163123
959531,0.11964274
959532,0.094304755
959650,0.64670277
959651,0.47684497
959652,0.60607666
959653,0.36972755
959654,0.5554662
959655,0.47842664
959656,0.47618705
959657,0.45899975
959658,0.3967363
959663,0.4305298
959664,0.38452354
959665,0.3611019
959666,0.33406496
959667,0.3309224
959671,0.32438552
959672,0.3196271
959673,0.3196271
959719,0.686646
959726,0.635166
959727,0.5340981
959728,0.5074876
959729,0.48291987
959730,0.4659493
959731,0.46371624
959732,0.44659537
959739,0.45849213
959740,0.37684685
959741,0.37226167
959742,0.35255876
959743,0.328026
959752,0.36804733
959753,0.31528652
959754,0.31723896
959755,0.31723896
959756,0.28212926
959760,0.3224329
959761,0.27724066
959762,0.28156623
959763,0.2928351
959764,0.30938303
959771,0.32045788
959772,0.30628887
959773,0.30561602
959774,0.25285533
959775,0.25884253
959776,0.2538535
959777,0.23680016
959995,0.6265851
959996,0.6471867
959997,0.4856516
959998,0.59685516
959999,0.43073517
960000,0.46994907
960001,0.47568035
960002,0.44394496
960003,0.43598765
960004,0.37669596
960010,0.47275403
960043,0.36463293
960044,0.6799112
960045,0.25158226
960046,0.63229936
960047,0.21239847
960048,0.22552656
960049,0.19158228
960050,0.18111555
960051,0.14801778
960052,0.14355387
960053,0.15258099
960054,0.13579996
960055,0.119953685
960056,0.11880066
960057,0.1136072
960520,0.29184502
960521,0.25846347
960535,0.48966512
960536,0.46587837
960542,0.54293895
960543,0.42300606
960551,0.45623803
960552,0.43369174
960570,0.5664801
960580,0.5511149
960581,0.5411912
960582,0.4378517
960583,0.46707723
960584,0.4545043
960605,0.34015754
960606,0.34826797
960617,0.30504093
960759,0.57218885
960760,0.3895112
960761,0.48594636
960762,0.43029597
960763,0.37554592
960764,0.4220564
960765,0.39674672
960924,0.6781601
960948,0.5925692
960949,0.5482998
960950,0.5593302
960951,0.5604744
960952,0.4979793
960953,0.50199825
960954,0.46764955
960955,0.39376894
960956,0.37273267
960957,0.35231912
960969,0.49032038
960970,0.33546117
960971,0.3863852
960972,0.5097643
960973,0.3577783
960978,0.45564973
960979,0.41914785
960980,0.33894214
960981,0.29914388
960982,0.26641876
960983,0.22070947
960984,0.3470996
960985,0.40540594
960986,0.40540594
960987,0.4693372
960988,0.40735057
960989,0.2703339
960990,0.31818536
960991,0.25490043
960992,0.30218667
960993,0.242185
960994,0.30218667
960995,0.242185
960996,0.44955307
961003,0.36648694
961004,0.31749576
961699,0.56992626
961700,0.65485954
961701,0.48341236
961702,0.6118083
961703,0.32796124
961716,0.55047697
961717,0.3794905
961718,0.3902458
961719,0.32874772
961720,0.39348355
961721,0.49708015
961722,0.29882783
961723,0.39980036
961724,0.2868404
961725,0.2940147
961726,0.31752634
961727,0.45858943
961728,0.25812414
961729,0.24795339
961730,0.24066219
961785,0.5834297
961786,0.46540135
961787,0.393102
961799,0.45819026
961800,0.24016109
961801,0.23006314
961802,0.3290901
961803,0.29907396
961804,0.1796349
961805,0.1757217
961806,0.13962308
961807,0.20140897
961813,0.28867614
961814,0.1501764
961815,0.14862137
961816,0.14734142
961817,0.12591827
961818,0.124470726
961819,0.124470726
961820,0.124470726
961821,0.12416792
961822,0.12416792
961823,0.12805574
961824,0.117897384
961825,0.120548755
961826,0.12332927
961827,0.12530391
961936,0.39473623
961937,0.3092853
961938,0.28854963
961939,0.26209882
961940,0.2789058
961941,0.22725531
961942,0.23502612
961950,0.24947362
961951,0.15132089
961952,0.1476687
961953,0.1476687
961964,0.18242054
961965,0.13104202
961966,0.13052548
961967,0.13052548
961968,0.13052548
961969,0.13052548
961970,0.11551211
961971,0.11551211
961972,0.11551211
961988,0.14410597
961989,0.115228206
961990,0.11341246
961991,0.11233969
961992,0.2380726
961993,0.23772204
961994,0.23778388
961995,0.11218102
962008,0.27062914
962009,0.22868778
962010,0.2238593
962011,0.2238593
962012,0.2238593
962013,0.2238593
962014,0.2238593
962021,0.26473266
962022,0.22319318
962023,0.312397
962024,0.2702662
962025,0.22026774
962026,0.29588777
962027,0.32474017
962028,0.3275195
962029,0.244076
962030,0.26429337
962031,0.2962173
962032,0.32401356
962033,0.32314923
962034,0.2190179
962035,0.2190179
962036,0.30044797
962043,0.32726502
962044,0.30569103
962045,0.22530897
962046,0.24215585
962047,0.19191158
962048,0.27936924
962049,0.28456017
962050,0.31698012
962066,0.5999954
962067,0.43777055
962068,0.4275687
962069,0.610893
962070,0.40987417
962071,0.34573743
962072,0.490226
962073,0.47698948
962074,0.32253364
962075,0.39646342
962076,0.4067861
962077,0.2681142
962078,0.32012662
962079,0.30241948
962080,0.33652753
962081,0.25878176
962082,0.28242177
962083,0.30755106
962084,0.23523317
962085,0.3238341
962086,0.2697624
962087,0.29829854
962088,0.29602718
962089,0.26884732
962126,0.7620632
962127,0.50665164
962128,0.3276774
962129,0.37661156
962130,0.41698545
962131,0.29785916
962132,0.38165155
962141,0.47402805
962142,0.40599868
962164,0.6883801
962165,0.4981125
962166,0.5110358
962174,0.47578543
962175,0.5468127
962176,0.37077934
962177,0.47592714
962185,0.44296402
962186,0.41757238
962187,0.33605307
962188,0.36827165
962476,0.696129
962477,0.60965955
962478,0.66425997
962479,0.639984
962480,0.6564291
962481,0.6296788
962482,0.5902891
962483,0.526511
962484,0.46355596
962492,0.62035805
962493,0.48525107
962494,0.40000778
962495,0.3885695
962496,0.40259048
962497,0.40041637
962498,0.47789338
962499,0.40057823
962509,0.5425633
962515,0.28814164
962516,0.31997594
962517,0.37068895
962518,0.3453002
962519,0.3437502
962522,0.5454949
962523,0.3741746
962524,0.37425378
962525,0.3638188
962529,0.2896935
962530,0.2479011
962535,0.29329407
962536,0.30385324
962545,0.40500402
962546,0.18383293
962791,0.64367145
962792,0.55310655
962793,0.42395228
962794,0.45303655
962795,0.4934985
962796,0.60957766
962797,0.52385503
962798,0.5484865
962799,0.32172492
962800,0.24614504
962801,0.3530602
962802,0.42167446
962803,0.30807012
912835,0.8084768
912836,0.8204056
912837,0.8021957
912838,0.507865
912839,0.50036794
912840,0.58706576
912881,0.6182418
912882,0.7272557
912883,0.60488653
912884,0.52299386
912885,0.6814644
912886,0.5411772
912887,0.58730656
912888,0.51254666
912890,0.8561134
912891,0.74833876
912892,0.62258196
912893,0.5163304
912894,0.49019575
912895,0.71252173
912896,0.57180774
912897,0.5051713
912898,0.35730806
912899,0.35396525
912900,0.58494586
912901,0.47919685
912902,0.34077382
912903,0.26792714
912904,0.4067593
913605,0.7986409
913606,0.6127646
913607,0.54930454
913608,0.62196726
913609,0.5321801
913610,0.59245884
913611,0.615173
913612,0.4394579
913613,0.47401944
913614,0.58382267
913615,0.58382267
913616,0.3173672
913617,0.43747738
913618,0.54537785
913619,0.54537785
913620,0.36956522
913621,0.46155456
913622,0.4094655
913623,0.40219614
913624,0.2980468
913625,0.3302914
913626,0.49192557
913627,0.31380254
913628,0.37819055
913629,0.36202234
913630,0.25488648
913631,0.33243862
913632,0.49239427
913633,0.40980926
913634,0.34257343
913637,0.42503688
913638,0.22973633
913639,0.24968244
913640,0.2804612
913641,0.42489377
913642,0.4552768
913643,0.54957
913644,0.54981405
913645,0.4819426
913646,0.28185982
913647,0.2550064
913648,0.42346433
913649,0.37781176
913650,0.21315081
913651,0.25540224
913666,0.3375469
913667,0.36309287
913668,0.24968086
913669,0.38727474
913670,0.22308049
913671,0.37554833
913672,0.24894653
913673,0.24894653
913674,0.27172336
913675,0.3525924
913676,0.3525924
913677,0.23858769
913678,0.43040866
913679,0.40198845
913680,0.40418854
913681,0.51031387
913682,0.35122702
913683,0.24675578
913690,0.31040868
913691,0.3431426
913692,0.21067859
913693,0.22894666
913694,0.48688683
913695,0.39764524
913696,0.52953285
913697,0.21858326
913698,0.5189567
913699,0.22894666
913706,0.4612634
913707,0.22894666
913708,0.42553094
913709,0.36672565
914081,0.53235996
914082,0.3968374
914083,0.38129136
914084,0.35338923
914085,0.33966216
914086,0.328629
914087,0.5501587
914088,0.31374884
914089,0.3226456
914090,0.23935387
914091,0.23903254
914092,0.23318188
914093,0.22404394
914094,0.22183117
914095,0.22183117
914096,0.22183117
914097,0.22183117
914098,0.31303507
914099,0.25223705
914100,0.18542853
914101,0.19517583
914102,0.23820196
914103,0.19586185
914104,0.17835979
914105,0.25659868
914106,0.25975397
914190,0.50251114
914191,0.27687782
914192,0.3911064
914193,0.25160506
914194,0.22777943
914195,0.2090637
914196,0.2605702
914197,0.6221473
914198,0.1962353
914199,0.4194732
914200,0.16401939
914201,0.36457267
914202,0.3797546
914203,0.25322118
914204,0.15205285
914205,0.15205285
914206,0.15930325
914207,0.19802955
914208,0.19838554
914209,0.11618787
914210,0.16349046
914212,0.22118567
915026,0.5132497
915027,0.5502548
915028,0.59426284
915036,0.734765
915037,0.3842215
915038,0.7108732
915039,0.5125728
915040,0.4769847
915041,0.5118345
915042,0.37245938
915043,0.40881726
915044,0.24550691
915045,0.47655582
915046,0.4418037
916378,0.6183597
916382,0.6900458
916383,0.40356776
916384,0.67428315
916385,0.5359458
916386,0.39027122
916387,0.3924313
916388,0.6052276
916389,0.6086395
916390,0.44600165
916391,0.5666341
916392,0.42085838
916393,0.386902
916394,0.5675401
916395,0.23735666
916396,0.3190153
916397,0.403685
916398,0.3484441
916410,0.5611252
916411,0.47385332
916412,0.62160647
916413,0.48845154
916414,0.6893414
916415,0.4080781
916416,0.42694148
916417,0.3472385
916418,0.3967373
916430,0.47404942
916431,0.30728373
916432,0.4620779
917704,0.79160345
917705,0.71222675
917706,0.63085747
917707,0.5853982
917708,0.5767028
917711,0.42459732
917712,0.7134411
917713,0.54380846
917714,0.41291535
917715,0.48038468
917716,0.2242246
917717,0.6392816
917718,0.19974925
917719,0.24015199
917720,0.21501945
917721,0.47901663
917722,0.40667856
917723,0.603778
917724,0.542638
917725,0.21243273
917726,0.25541544
917727,0.19816321
917797,0.68518287
917798,0.6023668
917799,0.57843715
917800,0.4648345
917801,0.40153736
917802,0.32284945
917803,0.3217557
917804,0.4978672
917831,0.45742413
917832,0.5570232
917833,0.3714189
917834,0.6625051
917835,0.33516347
917836,0.48644286
917837,0.37100017
917854,0.43467128
917855,0.23475252
917856,0.36131212
917857,0.37188774
917876,0.20030552
921144,0.5326873
921145,0.56158584
921146,0.4054446
921147,0.49647874
921148,0.33571783
921149,0.5706065
921150,0.30122483
921151,0.44112265
921161,0.5855257
921162,0.44802803
921163,0.23948802
921164,0.23093295
921165,0.35615367
921166,0.3167272
921171,0.27520517
921172,0.3772131
921173,0.2478349
921174,0.313671
921175,0.313671
921185,0.52286184
921186,0.38129696
921187,0.31040645
921188,0.38055307
921189,0.17500763
922085,0.70773697
922086,0.56283
922108,0.5609068
922109,0.38790265
922110,0.37360963
922111,0.36082262
922112,0.35934934
922113,0.34523436
922114,0.29657993
922115,0.56158423
922149,0.4347612
922150,0.33362317
922151,0.5186405
922152,0.35958293
922153,0.29992723
922154,0.47646454
922155,0.46346667
922156,0.39405936
922157,0.35860386
922158,0.3637961
922159,0.3427829
922160,0.5680874
922171,0.5173003
922172,0.41370183
922173,0.41356513
922174,0.46212837
922175,0.41317907
922176,0.30150297
922177,0.41317907
922178,0.41317907
922179,0.41184786
922180,0.41184786
922202,0.5107123
922203,0.41184786
922204,0.41184786
922205,0.46159184
922206,0.41101903
922207,0.44005823
922208,0.4607349
922209,0.40975982
922210,0.40975982
922211,0.409013
922212,0.40925506
922215,0.5501234
922216,0.454663
922217,0.40450165
922218,0.454663
922219,0.40450165
922220,0.40450165
922221,0.40450165
922222,0.3620811
922223,0.39309987
922224,0.3914379
922225,0.3914379
922228,0.2768213
922229,0.20854995
922230,0.20959066
922231,0.38768783
922232,0.38755307
922233,0.43729523
922234,0.38755307
922235,0.2768827
922256,0.6339107
922257,0.70023173
922258,0.68033624
922259,0.6017517
922271,0.7047024
922272,0.57250965
922273,0.6135117
922274,0.5305774
922275,0.50005007
922276,0.49600154
922277,0.49600154
922278,0.4874537
922279,0.5042206
922280,0.49811178
922281,0.4566911
922282,0.45599708
922283,0.4233877
922284,0.41564372
922285,0.45716348
922286,0.41481546
922287,0.40682673
922288,0.45453164
922289,0.40591502
922290,0.33435678
922291,0.37144703
922292,0.36314282
922293,0.40194926
922294,0.40194926
922295,0.44398028
922296,0.30007416
922297,0.40194926
922305,0.37377784
922306,0.2765511
922307,0.2765511
922308,0.2765511
922309,0.44535798
922310,0.42064068
922311,0.26329413
922316,0.347432
922317,0.24833055
922318,0.24705203
922319,0.24647787
922320,0.30779776
922321,0.28453484
922322,0.39824986
922341,0.34623635
922356,0.43190154
922357,0.24603313
922358,0.17252837
922451,0.20445582
923118,0.818268
923119,0.61175936
923120,0.47957548
923121,0.48763752
923122,0.7864118
923123,0.62088436
923124,0.77717113
923125,0.58760494
923126,0.49167207
923127,0.5005258
923128,0.49310583
923129,0.32863986
923130,0.64377666
923131,0.4091952
923132,0.34729075
923133,0.382135
923134,0.6537469
923135,0.53976274
923136,0.41947547
923140,0.6134385
923141,0.18627876
923142,0.4885881
923143,0.2927717
923144,0.17642334
923145,0.5863177
923146,0.41957298
923147,0.3195797
923148,0.35691145
923149,0.2066669
923150,0.3026303
923155,0.29886624
923156,0.30477262
923157,0.6041658
923158,0.3842103
923160,0.34548733
923182,0.50823253
923183,0.41367552
923184,0.5652861
923185,0.671976
923186,0.46571025
923187,0.5499896
923188,0.5331334
923189,0.5154467
923190,0.2666129
923191,0.429694
923192,0.5719707
923193,0.33886024
923194,0.287946
923195,0.43958595
923196,0.5450146
923197,0.48552883
923198,0.28505158
923199,0.15930793
923200,0.20350303
923201,0.25363788
923202,0.20773856
923203,0.3739272
923204,0.47522688
923205,0.28701192
923206,0.34274533
923207,0.3449064
923208,0.30072057
923209,0.33955956
923210,0.25472447
923211,0.2946766
923212,0.28100452
923213,0.33947593
923214,0.4986469
923215,0.3486604
923216,0.37758574
923217,0.46450174
923218,0.4200572
923219,0.3328386
923220,0.22662136
923221,0.21049128
923222,0.45619637
923223,0.40981162
923224,0.36196098
923225,0.41349086
923226,0.23131819
923227,0.18120576
923228,0.20277381
923242,0.14017776
923958,0.82021236
923959,0.6403571
923960,0.49644476
923961,0.6945263
923962,0.53586644
923963,0.56036335
923964,0.5531314
923965,0.6474984
923966,0.5310189
923967,0.25919688
923968,0.62237793
923969,0.2868287
923970,0.5437492
923971,0.43510172
923972,0.43335742
923973,0.37925068
923974,0.78199244
923975,0.6651615
923976,0.37718898
923977,0.63173926
924369,0.57562566
924370,0.69005615
924371,0.40909913
924372,0.38337567
924374,0.55237913
924375,0.4571843
924376,0.4751145
924377,0.33234397
924378,0.48121825
924379,0.5889911
924380,0.2594725
924381,0.41488937
924382,0.25280756
924469,0.6374502
924470,0.48143443
924471,0.50351954
924486,0.60400295
924487,0.4926742
924488,0.5495502
924489,0.3095841
924490,0.4323884
924491,0.43280217
924492,0.37189257
924493,0.39922887
924494,0.45157805
924495,0.3377207
924496,0.41064075
924497,0.41224375
924498,0.32520813
924499,0.22154316
924500,0.24887007
924501,0.35479882
924567,0.6698632
924568,0.5426438
924569,0.37762007
924570,0.57188076
924578,0.69957834
924579,0.47363722
924580,0.45454657
924581,0.4352063
924582,0.28047132
924583,0.49349898
924584,0.5312546
924591,0.27914748
924592,0.24753886
924593,0.23266272
924823,0.76171356
924824,0.59783405
924825,0.59972167
924826,0.35225004
924827,0.34253138
924832,0.6266595
924833,0.44875953
924834,0.42668512
924835,0.43814987
924836,0.3367191
924837,0.37570557
924838,0.44812703
924839,0.35133713
924840,0.39212978
924841,0.31943047
924848,0.6000485
924849,0.59770507
924850,0.20104158
924851,0.31865257
924852,0.2364261
924853,0.30485243
924854,0.4597499
924869,0.33529514
924870,0.33794445
924871,0.33591264
924872,0.54250365
924873,0.36640814
924874,0.61119473
924875,0.44627282
924883,0.5770717
924884,0.47130892
924885,0.36566034
924886,0.35815278
924891,0.38798317
926211,0.5591062
926212,0.49660102
926213,0.3898597
926242,0.5150414
926243,0.31313488
926244,0.5119926
926245,0.45988926
926246,0.47005153
926267,0.6880905
926268,0.5089416
926269,0.5089612
926270,0.49003637
926271,0.27884933
926272,0.5818658
926311,0.44915608
926312,0.44001898
926313,0.629048
926314,0.27670655
926315,0.2137662
926316,0.2139155
926317,0.42002687
926318,0.6239496
926319,0.5167879
926320,0.7449476
926321,0.44398132
926322,0.45171273
926323,0.5854613
926324,0.40002808
926325,0.40438947
926500,0.6063054
926501,0.4540086
926502,0.57780254
926503,0.5482995
926504,0.4427932
926505,0.6596418
926506,0.7417446
926507,0.83171725
926508,0.25506312
926509,0.45091712
926510,0.39009154
926511,0.5992832
926512,0.3571369
926513,0.69068277
926514,0.44178814
926515,0.62699366
926516,0.22665459
926517,0.3910988
926518,0.35056502
926519,0.34475845
926520,0.3716709
926521,0.72172916
926522,0.4074541
926523,0.29201493
926524,0.1881255
926525,0.6013129
926526,0.3306585
926527,0.18203372
926566,0.3253486
926567,0.41172966
926568,0.27552563
926569,0.28185406
926571,0.3865178
926572,0.2485718
926771,0.6491783
926772,0.5071569
926773,0.5961434
926774,0.6386162
926780,0.47019586
926781,0.46259984
926782,0.5374602
926783,0.5406194
926784,0.3874174
926785,0.33244863
926786,0.59682906
926794,0.5296589
926795,0.53147334
926796,0.3494425
926909,0.8911049
926910,0.8059957
926911,0.5780421
926912,0.47579315
926913,0.4603108
926914,0.32839662
926919,0.819811
926920,0.49077746
926921,0.3771962
926922,0.41773006
926923,0.5785646
926929,0.4439192
926930,0.23727913
926931,0.52328295
926932,0.36475602
926933,0.27317405
926934,0.4265527
926944,0.2216964
926945,0.24514057
926946,0.18151982
926947,0.17137055
926948,0.2824707
926949,0.26607007
926950,0.2902909
926951,0.23363696
926952,0.31014383
926953,0.25939602
926954,0.38962156
926955,0.25944558
926966,0.3352395
926967,0.17263223
926968,0.233352
926969,0.16477212
926970,0.20816566
926971,0.29014117
926972,0.26334885
926973,0.26548356
926974,0.22755127
926975,0.22770378
926976,0.23347086
926977,0.23338689
926978,0.16673984
926988,0.27662906
926989,0.14817326
926990,0.15729038
926991,0.24436538
926992,0.22069621
927007,0.16410561
927264,0.82463187
927265,0.59722877
927266,0.48791435
927267,0.6476944
927268,0.5584891
927269,0.686451
927270,0.66389024
927271,0.7008801
927272,0.74372303
927273,0.39575604
927274,0.52490145
927275,0.34359726
927276,0.31350777
927277,0.4673591
927278,0.40895924
927279,0.27183205
927280,0.3629678
927281,0.2733605
927282,0.24245709
927283,0.49848047
927290,0.4439743
927291,0.48356584
927292,0.51851267
927293,0.37153116
927298,0.4158318
927299,0.48440796
927300,0.37732464
927301,0.5104067
927302,0.58287144
927303,0.33390498
927304,0.33142322
927305,0.57257354
927306,0.35309488
927307,0.35199207
927308,0.34350178
927309,0.3230306
927310,0.34364906
927319,0.3143011
927320,0.39923942
927321,0.21594664
927322,0.4018043
927358,0.17724334
929251,0.7494482
929252,0.77502936
929255,0.6800724
929256,0.552742
929257,0.6741453
929258,0.74468905
929259,0.4943117
929260,0.54987633
929261,0.52296567
929262,0.299038
929263,0.57447815
929264,0.40444365
929265,0.28866693
929268,0.37015605
929439,0.7396411
929440,0.4472226
929441,0.6314156
929471,0.690321
929472,0.5996421
929473,0.7427451
929474,0.35072732
929475,0.50068337
929476,0.44463876
929477,0.28668398
929478,0.34750524
929479,0.27974123
929480,0.31602272
929490,0.635554
929491,0.2580474
929492,0.40185565
929493,0.6811321
929494,0.4713305
929495,0.42870623
929496,0.32749292
929497,0.36144152
929498,0.3724475
929499,0.39505213
929500,0.38667157
929504,0.40330026
929505,0.4303655
929518,0.3295603
929519,0.3377228
929520,0.3608018
929521,0.56632084
929522,0.33015218
929523,0.26038405
929524,0.27757815
929525,0.24909024
929526,0.2596405
929527,0.4569704
929551,0.2987379
929648,0.7135906
929649,0.6197812
929650,0.46519575
929651,0.570684
929652,0.53156966
929653,0.5365307
929654,0.5727489
929655,0.6608648
929656,0.4047312
929657,0.33869913
929658,0.39667666
929659,0.35140347
929660,0.40998477
929661,0.4625012
929662,0.40888605
929663,0.42850214
929664,0.5057372
929665,0.3951789
929666,0.3912113
929667,0.28113472
929668,0.316791
929669,0.36244467
929670,0.34266013
929671,0.26474333
929672,0.32963693
929848,0.7282134
929849,0.5492474
929850,0.6028358
929851,0.50552434
929852,0.52655196
929870,0.66134894
929871,0.5438138
929872,0.5231019
929873,0.34143376
929874,0.3794216
929875,0.42478946
929876,0.33226186
929896,0.38771236
929897,0.3942115
929898,0.423568
929899,0.3962458
929900,0.43319336
929901,0.25790408
929902,0.2670504
929903,0.3047065
929904,0.33869058
929905,0.2710615
930077,0.62647235
930078,0.57126606
930079,0.5563271
930080,0.5726102
930081,0.6461825
930082,0.5559421
930083,0.44166565
930084,0.4829844
930085,0.6301036
930086,0.6215294
930087,0.57415026
930088,0.6091447
930089,0.6612378
930090,0.4524922
930091,0.48750353
930092,0.37869385
930093,0.62193775
930094,0.48707816
930332,0.28488895
932012,0.6287114
932027,0.6849996
932028,0.6029793
932029,0.50892365
932030,0.60951513
932031,0.43215397
932032,0.4968369
932033,0.65113854
932034,0.535544
932035,0.3761197
932036,0.66788256
932037,0.6271717
932038,0.4095233
932063,0.6735083
932064,0.46893775
932065,0.36981153
932066,0.45314175
932067,0.37555143
932068,0.28608367
932089,0.54020655
932090,0.66800725
932091,0.51880187
932092,0.64675725
932093,0.23440543
932094,0.35792506
932095,0.23405866
932116,0.47033906
932117,0.30848497
932118,0.22217806
932119,0.3827031
932120,0.22007912
932122,0.45262268
932123,0.56644183
932124,0.53926474
932125,0.46037272
932126,0.61700034
932127,0.5956637
932223,0.16974057
932259,0.75956315
932260,0.39739946
932261,0.5000404
932262,0.4951844
932263,0.548974
932264,0.43620995
932265,0.48207098
932266,0.4459678
932267,0.41465268
932268,0.37360704
932269,0.42299998
932270,0.42932612
932271,0.47130555
932272,0.35599017
932273,0.42101645
932274,0.4220911
932275,0.29181018
932276,0.35513338
932277,0.35513338
932278,0.2549537
932279,0.39458337
932280,0.3082461
932281,0.30499274
932282,0.27826124
932283,0.34311712
932284,0.3770218
932285,0.24845739
932286,0.36462656
932287,0.23599839
932288,0.3417974
932289,0.3392503
932290,0.29205173
932291,0.41959655
932292,0.22533575
932309,0.43552306
932310,0.2167771
932311,0.28467947
932312,0.37418354
932313,0.36685506
932314,0.3492194
932315,0.2672619
932316,0.31892332
932341,0.31732404
932549,0.60348195
932550,0.4968482
932551,0.4367125
932552,0.50620425
932553,0.51440555
932554,0.37378138
932555,0.3806948
932556,0.4866804
932557,0.44470483
932565,0.5305058
932566,0.37716112
932567,0.4590918
932568,0.39037117
932569,0.39470482
932570,0.34391838
932571,0.33822846
932572,0.43551448
932573,0.29055557
932581,0.5010064
932582,0.39631996
932583,0.35622302
932584,0.40380004
932585,0.28246436
932611,0.42642394
932612,0.34125158
932613,0.32493737
932614,0.30461144
932615,0.33536434
932616,0.24943373
932617,0.24233684
932625,0.43742433
932626,0.2653402
932802,0.6104395
932803,0.63006544
932804,0.558253
932805,0.7531499
932806,0.51552993
932807,0.62629426
932808,0.47939554
932809,0.4129275
932810,0.39231384
932811,0.34322783
932812,0.29033825
932813,0.40308753
932814,0.3071216
932815,0.26157185
932816,0.41208488
932817,0.30901444
932818,0.362447
932819,0.3737999
932820,0.32757926
932821,0.2760295
932822,0.30280805
932823,0.27677056
932835,0.45862174
932836,0.36080655
932837,0.24438466
932838,0.4480107
932839,0.21243565
932840,0.6341258
932846,0.36948588
932847,0.44809514
932848,0.53068995
932849,0.39536607
932850,0.46319553
932851,0.37883854
932852,0.53225327
932853,0.39984465
932854,0.31146812
932855,0.24391146
932856,0.34987375
932863,0.4109882
932864,0.21969365
932865,0.3482348
932866,0.47568068
932867,0.5981072
932868,0.5677157
932869,0.33649632
932870,0.35483024
932871,0.21844614
932872,0.62308365
932873,0.39302456
932874,0.39565
932875,0.464723
932876,0.27349216
932877,0.33520338
932878,0.32669044
932879,0.23369215
932880,0.25190526
932886,0.36088365
933012,0.646695
933013,0.49079114
933014,0.6290699
933015,0.40491554
933016,0.47585586
933022,0.60324794
933023,0.42374977
933024,0.42693257
933025,0.49959895
933026,0.482385
933027,0.40775418
933028,0.39767364
933029,0.5651451
933030,0.39898497
933031,0.3667729
933032,0.37220442
933042,0.1235316
933446,0.07595453
933613,0.66725117
933614,0.33710694
933615,0.31047264
933616,0.73002267
933617,0.7508893
933618,0.6260803
933619,0.5844323
933620,0.61439836
933621,0.48416063
933622,0.59142256
933623,0.59142256
933624,0.5197721
933625,0.48812875
933626,0.5384598
933627,0.30699635
933628,0.4814456
933629,0.30663413
933630,0.2994435
934779,0.5839939
934780,0.50933295
934784,0.7342904
934785,0.69074446
934786,0.48216498
934787,0.60989094
934788,0.6879544
934789,0.7145401
935017,0.42816898
935018,0.56250334
935019,0.5706748
935020,0.3957588
935021,0.7030892
935032,0.48609096
935033,0.36462098
935034,0.35312647
935035,0.3684408
935036,0.30478272
935037,0.36139476
935038,0.3404041
935063,0.5382727
935064,0.3170516
935065,0.26129106
935066,0.30038545
935067,0.33871382
935068,0.33345392
935069,0.38786098
935070,0.33345392
935071,0.33283594
935072,0.29907045
935073,0.23706402
935080,0.3179793
935081,0.29110855
935082,0.32270855
935083,0.22527319
935084,0.24847196
935085,0.25106296
935086,0.28862396
935087,0.26697525
935088,0.25845414
935089,0.25407654
935092,0.2862717
935093,0.31606245
935094,0.20300853
935095,0.35185024
935150,0.20705667
935282,0.76986015
935283,0.6792533
935284,0.63606316
935285,0.5943168
935286,0.64045626
935287,0.53369004
935288,0.6200661
935289,0.5399976
935290,0.48779717
935291,0.44979855
935292,0.30221343
935293,0.32773432
935322,0.614649
935323,0.46954587
935324,0.32982713
935325,0.3955713
935326,0.2215844
935327,0.35055017
935328,0.49571568
935329,0.38669363
935330,0.44586384
935331,0.25514624
935332,0.36898017
935333,0.29908374
935334,0.44639817
935346,0.42304736
935347,0.3210786
935348,0.23370494
935349,0.23714276
935350,0.35288182
935351,0.38459924
935352,0.34456745
935353,0.21717307
935354,0.45450982
935355,0.26680228
935356,0.27723134
935357,0.49196902
935358,0.3194696
935384,0.29402417
935385,0.28512228
935386,0.3212881
935387,0.32298797
935388,0.3784647
935389,0.26199389
935390,0.25773436
935391,0.2718502
935392,0.3825409
935393,0.23414356
935394,0.28572622
935395,0.47965842
935410,0.28900808
935411,0.23473325
935412,0.31344533
935413,0.34269744
935414,0.30764964
935415,0.2779781
935416,0.29199114
935417,0.2899505
935418,0.2621292
935419,0.29199114
935420,0.247964
935421,0.20205882
935422,0.29398158
935423,0.2707289
935424,0.2536793
935425,0.28863215
935426,0.27739376
935427,0.3284407
935428,0.2496186
935429,0.5089202
935430,0.45040715
935431,0.27533188
935432,0.33419544
935433,0.2558982
935434,0.34305963
935435,0.21444853
935436,0.223006
935437,0.19203511
935438,0.3196291
935439,0.2134897
935440,0.3370464
935441,0.23757793
935442,0.22110651
935443,0.26806504
935444,0.23373283
935445,0.2695727
935446,0.24531497
935447,0.2699773
935452,0.39935735
935453,0.24672715
935454,0.3234857
935455,0.26200256
935456,0.2446496
935466,0.1967198
935816,0.6239532
935817,0.4520632
935818,0.5042865
935819,0.42482224
935820,0.54411316
935821,0.47854912
935822,0.4622815
935823,0.42277
935824,0.3802502
935825,0.36562452
935826,0.2858586
935827,0.47556397
935828,0.34918737
935841,0.47343472
935842,0.38366938
935843,0.5194787
935844,0.23085222
935845,0.22490057
935846,0.44417822
935847,0.21869901
935848,0.27694955
935849,0.44837487
935850,0.3290962
935915,0.76830095
935916,0.6314589
935917,0.48486164
935918,0.62580156
935919,0.5025606
935920,0.4287853
935921,0.5993852
935922,0.34522754
935923,0.5606602
935924,0.41044426
935925,0.3213532
935926,0.36397707
935939,0.22768882
936331,0.7146231
936332,0.42372587
936333,0.3729664
936334,0.3279742
936335,0.5584069
936336,0.45093423
936353,0.43181476
936354,0.32532638
936355,0.25950024
936356,0.28064647
936357,0.5454464
936358,0.5960335
936388,0.78447545
936389,0.6925087
936390,0.63922703
936391,0.66963935
936392,0.5917749
936393,0.38731733
936394,0.5728488
936405,0.623617
936406,0.501275
936407,0.49718684
936408,0.49718684
936409,0.48312703
936410,0.36246836
936411,0.44566
937698,0.61761796
937699,0.48792225
937700,0.39297453
937701,0.46175918
937702,0.4226607
937703,0.4023077
937704,0.43247756
937705,0.3190835
937706,0.35376284
937707,0.37735915
937708,0.29468855
937709,0.29127264
937710,0.32763392
937711,0.28289646
937712,0.29826248
937713,0.24619837
937714,0.30830607
937720,0.37211284
937721,0.32769758
937722,0.24834937
937723,0.27524477
937724,0.3670063
937725,0.23039742
937726,0.21266957
937727,0.22892158
937728,0.19311549
937729,0.34038734
937730,0.22750229
937731,0.34038734
937732,0.45991102
937733,0.34783784
937734,0.29834
937735,0.36402208
937736,0.21652402
937737,0.27230257
937738,0.24208781
937739,0.23153189
937740,0.27918926
937741,0.34520966
937743,0.40992388
937744,0.54664916
937745,0.2782893
937746,0.37667975
937747,0.4004121
937748,0.54689723
937749,0.575767
937750,0.36389166
937751,0.35719272
937752,0.48073304
937753,0.3452684
937754,0.5141098
937755,0.3629522
937756,0.5285183
937757,0.31448302
937758,0.4742071
937759,0.49458823
937760,0.2924396
937761,0.45891488
937762,0.6140673
937763,0.42088768
937764,0.5962205
937765,0.2207603
937766,0.41942915
937776,0.42215967
937777,0.56905484
937778,0.26254627
937779,0.2114406
937780,0.62574476
937781,0.23411416
937782,0.4381642
937783,0.2558365
937784,0.39449278
937805,0.5010372
937806,0.21375613
937807,0.36018032
937808,0.3579071
937809,0.21321152
937974,0.13169889
938016,0.57777405
938017,0.46640056
938018,0.65217155
938019,0.46522933
938020,0.564256
938021,0.61097443
938022,0.35402757
938023,0.4300481
938024,0.41886663
938025,0.62367207
938026,0.38586158
938027,0.39449933
938034,0.5248444
938035,0.26520202
938036,0.57079387
938037,0.2956819
938038,0.3473602
938039,0.42234376
938040,0.40049562
938041,0.7104994
938042,0.6601839
938043,0.28870583
938044,0.598856
938045,0.40816188
938046,0.35345003
938047,0.25329605
938048,0.4379257
938049,0.51590365
938050,0.3244217
938051,0.3610435
938054,0.57338524
938055,0.32175645
938056,0.39964664
938057,0.28243378
938058,0.37384194
938059,0.32051557
938060,0.3353309
938061,0.27513272
938095,0.23728533
938262,0.7284841
938263,0.5604587
938264,0.40877303
938265,0.58091795
938266,0.3669709
938267,0.5596914
938268,0.5268211
938269,0.537163
938270,0.53181696
938271,0.44838467
938272,0.40171924
938273,0.2680245
938274,0.4435155
938275,0.40747464
938276,0.40977964
938277,0.50689536
938278,0.49604782
938279,0.31558406
938280,0.4849485
938281,0.4586368
938282,0.38259053
938283,0.35555303
938467,0.17424877
941321,0.68951094
941322,0.5786078
941323,0.49892667
941324,0.5836308
941325,0.5729268
941326,0.5306104
941336,0.6944381
941337,0.40620786
941338,0.5091548
941339,0.39187807
941340,0.44711268
941341,0.42322546
941342,0.44855687
941343,0.2601318
941344,0.42343086
941345,0.54379296
941346,0.32216465
941347,0.4319133
941348,0.32768252
941356,0.4714282
941357,0.2907762
941358,0.41873288
941359,0.3214281
941360,0.3660146
941361,0.2542109
941362,0.27955577
941367,0.46685815
941368,0.5257873
941589,0.79120284
941590,0.61672515
941591,0.491582
941592,0.45862353
941593,0.5846555
941594,0.54370844
941595,0.54288554
941596,0.40479788
941597,0.38434944
941599,0.48754066
941600,0.44427967
941719,0.7686122
941720,0.5750232
941721,0.6606453
941722,0.58100826
941723,0.4257381
941724,0.5192941
941725,0.49305725
941726,0.5021298
941727,0.3417143
941728,0.339952
941729,0.44066906
941730,0.4366343
941731,0.45842218
941746,0.46276695
941747,0.34506303
941748,0.5244569
941749,0.49191132
941750,0.25574586
941751,0.4458116
941752,0.40844366
941753,0.44920072
941754,0.37238777
941755,0.36703807
941756,0.5420276
941757,0.40556425
941758,0.3087054
941759,0.26300177
941765,0.33151594
941766,0.3543954
941767,0.35660392
941779,0.19863635
941901,0.6185467
941902,0.6305145
941903,0.6326653
941904,0.61718774
941905,0.50737715
941906,0.42179576
941907,0.5952001
941908,0.51484936
941909,0.3509916
941910,0.502741
941911,0.40177396
941912,0.43813363
941913,0.41727144
941914,0.25079554
941915,0.36730084
941916,0.43301818
941917,0.5015736
941918,0.310462
941919,0.40871608
941920,0.38237256
941921,0.44558328
941922,0.26048
941923,0.36708155
941924,0.29468533
941925,0.3352755
941926,0.43444175
941927,0.2739596
941931,0.39050376
941932,0.282172
941933,0.23129906
941934,0.26004377
941935,0.23221706
941936,0.2662422
941937,0.54617834
941938,0.21699378
941939,0.21448672
941940,0.2741978
941941,0.29357716
941942,0.3052075
941943,0.27926192
941944,0.3175112
941945,0.2725268
941946,0.24894346
941947,0.27272534
941948,0.27966642
941949,0.21611145
941950,0.2753605
941951,0.2559582
941952,0.2648101
941963,0.44844085
941964,0.20292783
941965,0.28428003
941966,0.2935414
941967,0.2160434
941968,0.27107763
941969,0.28236532
941970,0.55755055
941971,0.31997526
941972,0.3187056
941973,0.40783635
941974,0.53759784
941975,0.22122057
941976,0.28115377
941977,0.4653243
941978,0.2128278
941979,0.31850684
941980,0.46812898
941981,0.30390346
941982,0.4569763
941983,0.34851563
941984,0.4569763
941985,0.27056247
941986,0.19417082
941987,0.42523167
942097,0.17124534
942657,0.77493775
942658,0.5815396
942659,0.4023837
942660,0.4201609
942661,0.35024145
942662,0.4926591
942709,0.6673229
942710,0.43736386
942711,0.3107827
942712,0.3057037
942713,0.6277863
942714,0.48313782
942736,0.53756857
942737,0.63541484
942738,0.36002362
942739,0.24685305
942740,0.26977798
942741,0.37491682
942742,0.39316604
942743,0.49097717
942754,0.2799468
942755,0.5749089
942756,0.56781083
942757,0.25676516
942758,0.56419796
942759,0.4147424
942760,0.36794057
942761,0.34028786
942762,0.1946629
942763,0.5638064
942770,0.6245975
942771,0.1939277
942772,0.3390472
942773,0.40515313
942774,0.36794057
942775,0.3375982
942780,0.41787198
942781,0.21753141
942782,0.27200773
942783,0.23889123
942784,0.26441947
942785,0.25696373
942786,0.5329239
942791,0.3615715
942796,0.55627346
944472,0.72773945
944473,0.6199974
944474,0.41256133
944475,0.5476276
944489,0.64090824
944490,0.36267278
944491,0.41769075
944492,0.40248236
944493,0.36319825
944494,0.62734437
944495,0.45910737
944496,0.30805123
944497,0.41968003
944498,0.37137172
944499,0.39090595
944500,0.30410516
944501,0.24353874
944502,0.21355619
944503,0.28751588
944504,0.36355364
944505,0.30031174
944506,0.29250434
944507,0.3002778
944508,0.33683816
944509,0.25888047
944510,0.21514249
944511,0.41622746
944512,0.18863745
944523,0.17887719
944524,0.16416682
944525,0.1624306
944526,0.14537933
944527,0.24361442
944528,0.33177572
944529,0.24361442
944530,0.25200313
944531,0.19860263
944631,0.71773267
944632,0.4691899
944633,0.44177336
944634,0.32904327
944635,0.28172344
944636,0.5172809
944639,0.47575343
944640,0.5338332
944641,0.44333288
944642,0.43746266
944643,0.4888276
944644,0.33769846
944645,0.36306116
944646,0.2847898
944647,0.29312977
944648,0.2818001
944649,0.41278848
944650,0.23892045
944658,0.65438455
944659,0.26156887
944660,0.32957822
944661,0.30518377
944662,0.22368534
944663,0.35850742
944667,0.4282944
944668,0.6721865
944698,0.73717505
944699,0.8168289
944700,0.52748007
944715,0.6358511
944716,0.39704832
944792,0.8229945
944793,0.52933663
944794,0.5101732
944795,0.52631575
944796,0.4945074
944797,0.53776586
944798,0.39460626
944799,0.3918078
944800,0.3936776
944801,0.37709972
944802,0.4632868
944803,0.36182076
944804,0.5156423
944805,0.33920944
944806,0.3543179
944832,0.47296664
944833,0.41521448
944834,0.36401406
944835,0.2771505
944836,0.27170897
944837,0.27340758
944838,0.32218507
944839,0.39508465
944840,0.43361768
944841,0.25775605
944842,0.31710482
944848,0.29405004
944849,0.3721595
944850,0.3260971
944851,0.45200467
944852,0.19756453
945066,0.62064767
945067,0.4291865
945068,0.44336754
945069,0.52639455
945070,0.3591229
945071,0.30668867
945072,0.69134706
945073,0.38839936
945077,0.45227367
945078,0.34315246
945079,0.4384556
945080,0.2545392
945081,0.40831357
945082,0.2528587
945083,0.22352087
945084,0.33515456
945085,0.35432267
945086,0.29295647
945087,0.23080358
945088,0.28241098
945089,0.23031013
945090,0.1966446
945091,0.3520206
945092,0.28460428
945093,0.26743934
945094,0.22069688
945095,0.18589583
945096,0.20899186
945099,0.320544
945100,0.19825867
945101,0.29697388
945102,0.23817144
945301,0.5896252
945302,0.48884678
945303,0.39479852
945304,0.6179654
945305,0.6154872
945306,0.32572088
945307,0.39534622
945308,0.54166275
945309,0.36138856
945319,0.48841923
945320,0.28253555
945321,0.42321068
945322,0.29853612
945323,0.43893638
945324,0.2441754
945325,0.38287354
945333,0.6510847
945334,0.2407428
945335,0.42786664
945336,0.31658593
945337,0.5676795
945338,0.27891797
945339,0.35271445
945340,0.39249018
945341,0.20671186
945342,0.45456994
945356,0.35646972
945357,0.19017611
945358,0.19017611
945359,0.6072957
945360,0.23707831
945361,0.4818891
945362,0.2800741
945363,0.33368465
945364,0.35307828
945371,0.3200875
945372,0.23638485
945373,0.2362935
945374,0.23592931
945375,0.23544681
945376,0.23544681
945379,0.31332836
945380,0.23413669
945381,0.23413669
945382,0.23413669
945383,0.23413669
945384,0.23413669
945385,0.23413669
945386,0.23413669
945387,0.23391484
945406,0.3349004
945407,0.3538625
945408,0.22706497
945409,0.34163994
945410,0.2775969
945460,0.17893992
945509,0.3498448
945510,0.55129147
945511,0.540587
945512,0.5038155
945513,0.46000057
945514,0.45193112
945515,0.5270926
945516,0.4247232
945517,0.3441063
945518,0.36940283
945519,0.4421598
945520,0.5037897
945521,0.77011645
945522,0.47589377
945523,0.35778025
945524,0.45566496
945525,0.8041821
945526,0.57352316
945527,0.596067
945528,0.5789436
945529,0.5236958
945530,0.18387187
945531,0.5208005
945532,0.38505775
945533,0.27218702
945534,0.48399958
945544,0.3197812
945552,0.13734366
946404,0.6398693
946405,0.69457865
946426,0.5838638
946427,0.39946738
946428,0.4057574
946429,0.49823883
946430,0.39447615
946431,0.39212632
946432,0.29940692
946433,0.3554091
946434,0.26221573
946435,0.49512795
946436,0.27906376
946437,0.21137682
946438,0.3643276
946439,0.2899999
946440,0.26867157
946441,0.25823742
946442,0.2108352
946443,0.20347501
946444,0.3204648
946445,0.18650736
946446,0.2012596
946447,0.25788432
946448,0.25563174
946449,0.23351963
946450,0.2873054
946451,0.28693432
946452,0.32180592
946453,0.19350123
946454,0.31592202
946455,0.5529834
946456,0.30093297
946457,0.47528052
946458,0.34658432
946459,0.2565881
946460,0.36866662
946461,0.6119849
946462,0.28152373
946463,0.22073528
946464,0.26981154
946465,0.2446939
946466,0.22997166
946467,0.16989225
946468,0.4920068
946666,0.4493898
946667,0.29489082
946668,0.3992738
946669,0.32453343
946670,0.572426
946671,0.6531902
946672,0.5171722
947043,0.32827008
947044,0.22126482
947416,0.63142645
947417,0.40714046
947418,0.40541598
947419,0.37205955
947420,0.2946747
947421,0.36253446
947422,0.36883205
947423,0.32419205
947424,0.34195417
947425,0.52204794
947426,0.30782235
947427,0.2331056
947428,0.23809393
947429,0.31455904
947430,0.2614743
947431,0.21049565
947432,0.38103804
947433,0.2649628
947444,0.4069485
947445,0.31859437
947446,0.28332978
947447,0.40460944
947448,0.33031917
947449,0.3902419
947450,0.40719247
947451,0.3293441
947452,0.36163947
947453,0.27456295
947454,0.17691936
947455,0.30309358
947456,0.22936815
947457,0.2706414
947458,0.2983891
947467,0.44538465
947468,0.2675245
947476,0.1787631
947599,0.6410872
947600,0.47879788
947601,0.4555666
947602,0.39948288
947603,0.3850315
947604,0.37120637
947605,0.36971524
947606,0.35541898
947607,0.30495086
947608,0.2989296
947615,0.4663792
947616,0.29181156
947617,0.26974472
947618,0.26604664
947619,0.26604664
947620,0.26604664
947621,0.26604664
947633,0.32713202
947634,0.26107726
947635,0.18676879
947636,0.18282488
947637,0.28271246
947638,0.14878193
947639,0.14155032
947640,0.13746743
947641,0.1308523
947642,0.12975518
947643,0.12663123
947644,0.121942334
947645,0.11775738
947667,0.32640526
947668,0.26961294
947669,0.25285515
947670,0.22730497
947671,0.24576582
947672,0.256863
947673,0.24651866
947674,0.32518464
947675,0.4198889
947676,0.27023056
947677,0.21377845
947678,0.29185665
947693,0.25568417
947694,0.19445348
947695,0.27845827
947696,0.19799319
947697,0.23880781
947698,0.2920636
947699,0.24653316
947700,0.20910454
947701,0.18217199
947714,0.339788
947715,0.32862267
947716,0.18797082
947717,0.33308035
947718,0.21263056
947719,0.1959634
947720,0.36640555
947721,0.23632787
947722,0.32770246
947723,0.24559933
947724,0.28790188
947725,0.18282805
947726,0.2683605
947738,0.23542212
947739,0.21243191
947740,0.32319206
947741,0.25917345
947742,0.24617714
947804,0.61789566
947805,0.58126026
947806,0.39630848
947807,0.44646397
947808,0.58167136
947809,0.61787623
947810,0.49058115
947811,0.37550506
947812,0.4582664
947813,0.4050884
947814,0.32886633
947815,0.35891077
947816,0.34537762
947817,0.31993097
947818,0.39234975
947819,0.3830015
947820,0.47730696
947821,0.42515847
947822,0.35866484
947823,0.4990925
947824,0.32338575
947825,0.38494432
947949,0.623116
947950,0.50461495
947951,0.4066383
947952,0.36576533
947953,0.4433342
947954,0.4179123
948563,0.58210516
948564,0.46892223
948565,0.56789917
948566,0.44251817
948567,0.3610243
948568,0.43493664
948569,0.39052197
948570,0.4958401
948571,0.38639572
948572,0.43153548
948573,0.30252928
948574,0.42602125
948575,0.25195217
948576,0.58634657
948577,0.3597465
948578,0.29676688
948589,0.28669226
948590,0.3077948
948602,0.18005364
949508,0.6657102
949509,0.6383279
949510,0.54920083
949511,0.49688286
949512,0.36838654
949513,0.3923003
949514,0.48613718
949515,0.39138195
949516,0.32107124
949517,0.32971007
949518,0.23774624
949519,0.26548794
949520,0.31389603
949528,0.6492485
949529,0.5132044
949530,0.4206362
949531,0.48788938
949532,0.40051007
949533,0.40154925
949534,0.5066764
949535,0.3852047
949538,0.50046897
949539,0.429558
949540,0.3572271
949992,0.51455694
949993,0.7429813
949994,0.466299
949998,0.6394976
949999,0.38992333
950000,0.5163825
950001,0.32802698
950002,0.48099926
950003,0.65798897
950004,0.25728482
950005,0.28357738
950006,0.36539727
950007,0.3724304
950008,0.36912704
950009,0.3589518
950013,0.5450503
950014,0.278917
950015,0.3665017
950016,0.3411223
950017,0.5457645
950018,0.2654602
950030,0.7570585
950031,0.23317508
950032,0.3654507
950033,0.37101656
950034,0.23014559
950035,0.3539583
950036,0.41373175
950037,0.36911488
950038,0.36201838
950039,0.44095045
950045,0.48319265
950046,0.5844217
950047,0.22805351
950048,0.34477577
950049,0.55322725
950050,0.6437502
950051,0.42464298
950052,0.46620592
950053,0.25923294
950240,0.7605575
950241,0.43843397
950242,0.7382385
950243,0.5411135
950244,0.52072763
950254,0.61107415
950255,0.42467183
950256,0.48236245
950257,0.33740202
950258,0.44171083
950259,0.51694983
950274,0.6178818
950286,0.78591263
950287,0.7277515
950288,0.7619524
950289,0.43546692
950290,0.4982496
950291,0.47629827
950292,0.71638644
950529,0.729422
950530,0.43299967
950531,0.7631147
950532,0.35657
950533,0.33998203
950534,0.45131245
950535,0.33365816
950536,0.6322311
950537,0.31071815
950538,0.30463293
950539,0.523929
950545,0.49464306
950546,0.41361848
950547,0.62679636
950548,0.3692023
950554,0.52796936
950555,0.44891295
950556,0.2969432
950557,0.25726116
950558,0.41625255
950559,0.41557676
950560,0.22937043
950561,0.41064432
950562,0.28872034
950563,0.3043802
950564,0.55346984
950565,0.43286386
950572,0.4566195
950573,0.2865532
950574,0.26828074
950575,0.35502452
950576,0.3722148
950577,0.24570905
950583,0.47864464
950584,0.40551195
950585,0.2750015
950586,0.42274344
950587,0.2865668
953219,0.5497396
953220,0.5972552
953221,0.528816
953222,0.42861685
953223,0.5981533
953224,0.6086533
953225,0.35987282
953226,0.52819
953227,0.54343975
953228,0.5124934
953229,0.5060112
953230,0.29351294
953231,0.31583276
953232,0.4852043
953233,0.38719687
953234,0.39655608
953235,0.58822465
953236,0.3495695
954615,0.6809858
954616,0.7401463
954617,0.7071685
954618,0.58486265
954619,0.56261754
954620,0.565906
954621,0.389169
954622,0.75865805
954623,0.49339506
954624,0.4263465
954625,0.42018664
954626,0.49784726
954627,0.29573035
954628,0.57982796
954629,0.5582683
954630,0.5157989
954631,0.40246293
954632,0.27207515
954633,0.383228
954634,0.36644357
954635,0.36579797
954636,0.29638946
954639,0.4858292
954640,0.23477651
954641,0.50112045
954642,0.55609095
954643,0.29784074
954644,0.20102525
954645,0.3761667
954646,0.2512461
954647,0.5069136
954648,0.2035367
954649,0.20290273
955620,0.66409165
955621,0.7475513
955622,0.7471316
955632,0.6815656
955633,0.45175442
955634,0.4392985
955635,0.5341926
955636,0.57759863
955637,0.6914757
955638,0.7380151
955639,0.41489324
955640,0.32275298
955641,0.6644387
955642,0.6875941
955656,0.40094838
955657,0.4013209
955658,0.3702192
955891,0.6611025
955892,0.5066077
955893,0.59130585
955894,0.36240956
955895,0.34925213
955896,0.32859337
955897,0.43413922
955898,0.8384118
955899,0.36220104
955900,0.648047
955901,0.3382062
955902,0.5557379
955903,0.580198
955904,0.4300021
955905,0.39461207
955906,0.39461207
955907,0.39656058
955909,0.6207482
955910,0.48384732
955911,0.23805568
955912,0.2924762
955913,0.53625816
955914,0.2077105
955915,0.34853238
955916,0.2623795
955917,0.33516645
955926,0.28592873
955927,0.42620155
955928,0.41347545
955929,0.376497
955930,0.2007516
955942,0.3444666
955943,0.2007516
955944,0.2728921
955945,0.25974306
955946,0.3424482
955947,0.53559315
955975,0.34575734
956187,0.6957326
956188,0.62141454
956189,0.5987063
956190,0.5537837
956191,0.38727358
956194,0.5726145
956195,0.78594863
956196,0.6200568
956197,0.52555645
956469,0.63989925
956470,0.5599711
956471,0.5446122
956472,0.65881556
956473,0.34369016
956474,0.73943686
956475,0.7265393
956476,0.36191988
956477,0.42466447
956478,0.2650133
956479,0.34051767
956480,0.40978602
956482,0.3374437
956483,0.4623072
956484,0.47588274
956485,0.5042932
956486,0.5978449
956487,0.20671344
956493,0.5694012
956494,0.34693804
956495,0.35222343
956496,0.3448883
956497,0.26757473
956551,0.17923285
956610,0.7362694
956611,0.67392814
956619,0.89404047
956620,0.56501687
956621,0.63372713
956622,0.4616238
956623,0.7439163
956624,0.62309426
956625,0.53831637
956626,0.4772018
956627,0.4772018
956628,0.30352634
956639,0.4244655
956640,0.6467361
956641,0.4755562
956642,0.5914319
956643,0.69404244
956644,0.5527673
956645,0.28014168
956646,0.5423859
956647,0.2799433
956648,0.3674158
956659,0.35065082
956660,0.38929102
956661,0.35877827
956662,0.30096433
956663,0.42418358
956664,0.4706015
956665,0.20199978
956666,0.33513716
956667,0.3454282
956673,0.41740656
956674,0.25531194
956675,0.28642514
956676,0.31710136
956813,0.7534712
956814,0.5274839
956815,0.46446678
956816,0.56120455
956817,0.54622424
956818,0.33662614
956843,0.548078
956844,0.37965605
956845,0.3710043
956846,0.40971428
956847,0.32405537
956848,0.27316663
956849,0.29317427
956850,0.28034684
956851,0.27545434
956852,0.23091413
956853,0.42459527
956854,0.25779706
956855,0.35026184
956856,0.22559729
956863,0.40551883
956864,0.28298968
956865,0.25693497
956866,0.29413658
956867,0.45304605
956868,0.19490798
956869,0.32641253
956870,0.4376958
956874,0.39211094
956875,0.3237419
956876,0.2722494
956877,0.2916721
956878,0.28058437
956879,0.30365098
956880,0.24356566
956881,0.27945146
956886,0.35290566
956887,0.2765829
956888,0.24511282
956889,0.28962004
956892,0.43954194
956893,0.3429006
956894,0.38092434
956895,0.22696382
956896,0.3232218
956897,0.36479592
956898,0.28667757
956899,0.29857343
956900,0.2720545
956901,0.36632726
956902,0.2603095
956903,0.2437263
956911,0.4155875
956912,0.3196675
956913,0.25380698
956914,0.27266878
956915,0.3469584
956916,0.26571628
958883,0.8692885
958884,0.41080362
958885,0.7982719
958886,0.7222974
958887,0.34464815
958888,0.36742306
958889,0.5161764
958890,0.32246217
958891,0.49282396
958892,0.31598058
958893,0.40848613
958894,0.45342615
958895,0.23708299
958925,0.7107776
958926,0.6190342
958927,0.30454746
958941,0.29564035
958948,0.6653328
958949,0.4019322
958950,0.30753884
958951,0.47048783
958952,0.3540073
958953,0.3229949
958954,0.22465642
958955,0.4043848
958956,0.5007189
958957,0.51594
958958,0.35335508
958959,0.30872998
958960,0.301047
958961,0.47596857
960076,0.5865565
960077,0.61378175
960078,0.47240004
960079,0.44992256
960080,0.41294274
960081,0.3970096
960082,0.48101878
960083,0.3261184
960084,0.328179
960085,0.3258191
960086,0.369942
960087,0.48518848
960088,0.24277206
960089,0.22925033
960090,0.2554652
960098,0.64377564
960099,0.48298806
960100,0.45941302
960101,0.43825653
960102,0.40411782
960105,0.49616158
960106,0.37635803
960107,0.2825486
960108,0.40335637
960109,0.27537954
960110,0.26156476
960111,0.30821952
960127,0.5559121
960128,0.25852916
960129,0.596922
960130,0.49154675
960131,0.28014785
960132,0.24947153
960315,0.7196778
960316,0.78041244
960317,0.44959402
960318,0.7336354
960319,0.43061864
960320,0.6728695
960321,0.53240734
960322,0.417301
960323,0.61017644
960324,0.45716926
960325,0.5629518
960326,0.6032123
960327,0.45994633
960328,0.25118122
960329,0.25005713
962520,0.1716905
962596,0.6818526
962597,0.5176547
962598,0.69187886
962599,0.4549329
962600,0.34363464
962601,0.50906026
962618,0.7796205
962619,0.3066404
962620,0.51695836
962621,0.4281961
962622,0.24490781
962623,0.6524407
962624,0.2697406
962625,0.4015616
962626,0.257234
962627,0.33790016
962628,0.37104174
962629,0.20478225
962630,0.26670468
962648,0.25239587
962649,0.23493826
962650,0.34946978
962651,0.34097227
962652,0.29986712
962672,0.51076335
962673,0.18882182
962674,0.50134
962675,0.32667422
962676,0.4952178
962677,0.22210878
962678,0.48344722
962679,0.5479445
962680,0.2307366
962681,0.29318428
962682,0.3627224
962683,0.3453922
911366,0.5010195
911367,0.56588346
911368,0.26734746
911369,0.39472428
911370,0.438394
911371,0.29277802
911372,0.32119167
911373,0.2238292
911374,0.10275814
911375,0.15059036
911376,0.18304306
911377,0.140737
911378,0.17171119
911379,0.09649986
911380,0.1277807
911381,0.1293318
911382,0.09027704
911383,0.08963473
911384,0.100826286
911385,0.06995777
911386,0.13060693
911387,0.07025168
911388,0.11167143
911399,0.11598586
911428,0.01857583
911448,0.26362193
911449,0.3190181
911458,0.28537428
911459,0.28284273
911460,0.30758736
911461,0.31028208
911462,0.3248254
911463,0.2653605
911464,0.247863
911465,0.19202837
911466,0.28607377
911500,0.037189182
911593,0.27640545
911594,0.12114585
911595,0.1778566
911596,0.19246052
911611,0.12873018
911662,0.2761066
911663,0.27190423
911664,0.13941091
911665,0.19150674
911673,0.1427168
911674,0.12481841
911675,0.16702494
911676,0.19598839
911677,0.12961954
911678,0.12854977
911686,0.16702886
911687,0.11217297
911688,0.07790735
911689,0.03486946
911694,0.28915936
911695,0.33324608
911696,0.26851323
911702,0.3639907
911703,0.15815671
911704,0.2433965
911711,0.3152577
911712,0.18582885
911713,0.15939242
911714,0.102463126
911715,0.18573326
911716,0.15300335
911717,0.15111896
911718,0.1681058
911719,0.14204547
911720,0.17504208
911721,0.116191395
911722,0.07362929
911723,0.116458856
911724,0.14822628
911725,0.07919294
911727,0.14315455
911728,0.08053049
911729,0.106283836
911730,0.106521726
911731,0.07394613
911795,0.024759306
912021,0.43357438
912022,0.23458622
912023,0.33257043
912024,0.235502
912025,0.46298876
912026,0.24177009
912027,0.38481304
912031,0.26677006
912032,0.18359625
912037,0.3124894
912038,0.17979504
912039,0.16711293
912040,0.15109372
912041,0.14928652
912042,0.14857198
912064,0.18117297
912065,0.1458199
912066,0.12864843
912067,0.12696475
912068,0.12696475
912069,0.12665674
912070,0.12665674
912071,0.12387481
912072,0.12271671
912073,0.12298555
912074,0.12277717
912075,0.12253185
912076,0.12253185
912077,0.12253185
912078,0.12253185
912079,0.12253185
912080,0.12253185
912081,0.121579975
912082,0.121579975
912083,0.121579975
912084,0.12079651
912085,0.12175175
912086,0.12169764
912115,0.14530714
912116,0.12181818
912117,0.12181818
912118,0.12181818
912119,0.120814584
912169,0.14352691
912170,0.11974509
912171,0.11974509
912172,0.11974509
912173,0.17605883
912174,0.11974509
912191,0.14060982
912192,0.11087
912193,0.11308928
912200,0.17608744
912201,0.07514692
912202,0.14876372
912210,0.19603565
912211,0.15136328
912212,0.12245549
912213,0.14756732
912214,0.10788394
912221,0.14556277
912222,0.10261361
912223,0.14535913
912224,0.12526408
912225,0.12028839
912234,0.1361132
912235,0.112960964
912236,0.112960964
912237,0.112819664
912243,0.14047618
912244,0.122998185
912245,0.11562308
912246,0.11852685
912260,0.14950325
912261,0.11755358
912262,0.11064804
912263,0.11264377
912264,0.12972085
912265,0.0990594
912266,0.10804858
912293,0.12272527
912294,0.11005565
912295,0.13496666
912296,0.14387575
912297,0.09885403
912385,0.27870247
912386,0.24562682
912388,0.28535673
912389,0.24043413
912390,0.22408056
912391,0.19559397
912392,0.24219719
912393,0.20051745
912394,0.13439342
912395,0.15732871
912396,0.15767951
912397,0.1448897
912398,0.12900832
912399,0.1939984
912400,0.19951822
912401,0.23714565
912402,0.1259454
912403,0.08694997
912404,0.10261545
912405,0.10001736
912406,0.06567981
912407,0.11116711
912408,0.061729684
912409,0.100590706
912410,0.10206176
912411,0.12628461
912412,0.10987864
912413,0.16128449
912414,0.065282114
912415,0.11445356
912416,0.12057665
912417,0.06410104
912418,0.09499723
912419,0.09392089
912420,0.07931237
912421,0.15337063
912422,0.063359916
912423,0.15103787
912424,0.13074504
912425,0.12779687
912426,0.12951723
912427,0.0884828
912428,0.09491541
912429,0.15783754
912430,0.115665205
912431,0.13184
912432,0.11518874
912433,0.115665205
912434,0.12904412
912435,0.12904412
912436,0.13572119
912437,0.08341299
912438,0.07551283
912439,0.07637246
912440,0.0768494
912505,0.037881948
912532,0.42762524
912533,0.430492
912534,0.36060628
912535,0.3306699
912536,0.30094275
912537,0.29943082
912538,0.22458743
912539,0.23334669
912540,0.2697502
912541,0.24520998
912542,0.21040145
912543,0.18046404
912544,0.21203318
912545,0.18052772
912546,0.21627237
912547,0.1913993
912548,0.21628895
912549,0.15945008
912550,0.15945008
912551,0.18915209
912552,0.09071655
912553,0.15394682
912554,0.1183235
912555,0.16295142
912556,0.11323106
912557,0.1760246
912558,0.16838503
912559,0.19943425
912560,0.22647065
912561,0.18970373
912562,0.1587113
912563,0.19806711
912564,0.1377327
912565,0.13711141
912574,0.11080364
912575,0.15837775
912576,0.1531457
912577,0.11738753
912578,0.16651319
912579,0.18648174
912580,0.15790741
912597,0.19726388
912598,0.18105724
912599,0.18105724
912600,0.15762998
912601,0.1659983
912602,0.17319256
912625,0.20490491
912626,0.1757235
912627,0.18874766
912642,0.19623609
912643,0.107421085
912644,0.18773142
912645,0.17194349
912646,0.18533851
912647,0.17840607
912648,0.18533851
912649,0.13741663
912650,0.16316052
912651,0.17794031
912652,0.13365589
912653,0.16316052
912654,0.15787496
912667,0.12097916
912668,0.15564336
912669,0.08725303
912670,0.0932308
912671,0.09239241
912672,0.08912476
912691,0.10748051
912730,0.32319546
912739,0.29521346
912740,0.27087355
912741,0.26653868
912745,0.24219176
912746,0.22209544
912747,0.2191762
912748,0.19774015
912749,0.15341192
912750,0.1537943
912751,0.15378161
912753,0.16882561
912754,0.14404818
912755,0.14444216
913335,0.22738078
913336,0.17923972
913337,0.22346877
913338,0.21596226
913339,0.17548487
913340,0.17231508
913341,0.13340358
913342,0.18129304
913343,0.1588185
913344,0.13769624
913345,0.12912905
913346,0.13868481
913347,0.1904962
913348,0.113008216
913349,0.07498294
913350,0.119506575
913415,0.42180297
913430,0.2705411
913431,0.28849798
913432,0.2676623
913433,0.22463399
913434,0.18948913
913435,0.17224157
913436,0.21762577
913437,0.16079631
913442,0.22906525
913443,0.19829965
913444,0.18099435
913445,0.14734723
913446,0.21834734
913447,0.13396537
913448,0.1322706
913449,0.12981991
913450,0.10756798
913451,0.10739073
913452,0.12652789
913459,0.13423595
913460,0.060770907
913461,0.124443665
913462,0.13453285
913463,0.12926757
913493,0.022781001
913847,0.33045098
913848,0.39953148
913849,0.20001805
913850,0.29998413
913851,0.3008304
913852,0.19805627
913853,0.20137532
913854,0.21141028
913855,0.1545318
913856,0.17183515
913857,0.108075716
913858,0.19329795
913859,0.1501129
913860,0.14535314
913861,0.15057003
913862,0.08468808
913864,0.10595059
913865,0.06599081
913867,0.09474951
914107,0.38239443
914108,0.41395852
914109,0.2565681
914110,0.27823433
914111,0.24619892
914112,0.2526486
914113,0.35612348
914114,0.23361187
914115,0.1764471
914116,0.17790873
914117,0.1690197
914118,0.17806354
914119,0.20496827
914120,0.23281646
914121,0.16202982
914122,0.15601659
914123,0.0882348
914124,0.08908287
914125,0.09158558
914126,0.12125498
914127,0.16734515
914128,0.076184444
914129,0.09565736
914130,0.089247614
914131,0.13459271
914132,0.1973276
914133,0.08593581
914134,0.11380045
914135,0.1542036
914136,0.1762723
914137,0.14903873
914138,0.079118796
914139,0.11053109
914140,0.09470814
914141,0.137462
914142,0.07399707
914143,0.1378365
914144,0.15138817
914145,0.12584591
914146,0.12386439
914147,0.13514961
914148,0.13514961
914149,0.08879267
914150,0.14431919
914151,0.12264552
914152,0.16737369
914153,0.11727632
914154,0.13165945
914155,0.13526668
914156,0.103906535
914157,0.13145651
914158,0.12183152
914159,0.10573264
914160,0.105312414
914161,0.12379243
914162,0.12207735
914163,0.10311259
914164,0.12653105
914165,0.11788138
914166,0.10331345
914167,0.099068776
914168,0.08496468
914169,0.1303608
914170,0.093439475
914171,0.13058944
914172,0.07739899
914173,0.12830828
914174,0.11049627
914175,0.1392161
914176,0.09372874
914177,0.118088625
914178,0.08039495
914179,0.118088625
914180,0.118088625
914181,0.09727104
914182,0.11458779
914183,0.12094715
914184,0.11775127
914185,0.11257878
914186,0.095041975
914187,0.07475035
914188,0.102656186
914189,0.10329936
914211,0.016865697
914235,0.3405541
914236,0.38042456
914237,0.27148572
914238,0.38154483
914239,0.2511798
914240,0.20984899
914241,0.23755608
914243,0.23280667
914244,0.18925688
914245,0.18524417
914246,0.1826045
914247,0.2193129
914248,0.18269028
914254,0.21255122
914255,0.13753395
914256,0.2277631
914257,0.19457203
914260,0.13173999
914261,0.19416568
914262,0.1447386
914263,0.049802277
914488,0.30465478
914489,0.1698591
914490,0.12926
914491,0.2379552
914492,0.19190574
914493,0.22323023
914494,0.21318308
914495,0.28609347
914496,0.113037415
914497,0.14809775
914498,0.14180164
914499,0.14331865
914500,0.1148347
914501,0.11262724
914502,0.12217672
914503,0.27168995
914504,0.09577461
914505,0.10379745
914506,0.1009966
914507,0.094040565
914508,0.11662175
914509,0.12915534
914510,0.09354111
914511,0.048393305
914512,0.08871141
914513,0.05961315
914514,0.09001069
914515,0.060112722
914516,0.05364482
914517,0.06848015
914518,0.01933035
914694,0.37178597
914695,0.30268043
914696,0.28902942
914697,0.26771846
914701,0.34777722
914702,0.25494164
914703,0.25172317
914704,0.2404024
914708,0.25132155
914709,0.19416659
914710,0.19416659
914711,0.18386634
914712,0.16683967
914715,0.20035014
914716,0.1667168
914717,0.1667168
914718,0.1667168
914719,0.1469625
914720,0.17817283
914721,0.1469625
914722,0.14661412
914723,0.14661412
914724,0.14259301
914726,0.16894825
914727,0.1407835
914728,0.1405498
914729,0.14059103
914750,0.16651699
914751,0.13868992
914752,0.13868992
914753,0.13868992
914754,0.13868992
914773,0.16651699
914774,0.13868992
914775,0.13868992
914776,0.13839152
914777,0.13590865
914778,0.15439928
914779,0.13560468
914780,0.13131273
914781,0.13053204
914782,0.13716467
914783,0.12670791
914784,0.12670791
914785,0.12670791
914786,0.12670791
914794,0.13364497
914877,0.3718836
914878,0.3683898
914879,0.36817434
914908,0.44421023
914909,0.32092515
914910,0.33100158
914911,0.3035969
914912,0.29084998
914930,0.32628837
914931,0.23784956
914932,0.25417873
914933,0.2864479
914934,0.21631831
914935,0.2242457
914950,0.22607128
914951,0.1892428
914952,0.1892428
914953,0.109319635
914954,0.10785759
914955,0.10785759
914956,0.1586795
914957,0.18389435
914958,0.15397772
914960,0.17130648
914961,0.15182969
914962,0.15158087
914963,0.14719567
914964,0.14719567
914965,0.14395618
914966,0.09606388
914967,0.10662245
914968,0.093899325
914969,0.093899325
914970,0.093899325
915130,0.40629464
915131,0.32173094
915132,0.3074653
915152,0.3719119
915153,0.37722898
915154,0.25860435
915155,0.23929425
915156,0.20687264
915157,0.16716324
915158,0.16321468
915159,0.16321468
915160,0.15465559
915161,0.13751711
915162,0.13584632
915163,0.13518588
915164,0.13518588
915184,0.2625576
915185,0.18127362
915186,0.1935575
915187,0.17574748
915188,0.18248983
915189,0.18605083
915190,0.17473024
915191,0.20086385
915203,0.23092313
915204,0.17305104
915205,0.21306464
915206,0.13513312
915207,0.13513312
915208,0.18695351
915218,0.16387016
915219,0.20464052
915220,0.18695351
915221,0.18618226
915222,0.18695351
915223,0.19941029
915224,0.21341129
915225,0.18755397
915238,0.25686124
915239,0.1823391
915240,0.2079752
915241,0.1822921
915242,0.18254837
915256,0.21363066
915257,0.167307
915258,0.22324334
915259,0.17797746
915260,0.1747416
915261,0.18559168
915262,0.21735242
915263,0.17887247
915264,0.21115796
915265,0.17410454
915266,0.1587713
915267,0.13130915
915268,0.21088986
915269,0.18070799
915280,0.21376023
915281,0.17086019
915282,0.1693361
915283,0.17695317
915284,0.16970159
915287,0.189424
915288,0.11783751
915289,0.1818565
915290,0.11309638
915291,0.11586128
915292,0.11307204
915293,0.1636384
915294,0.10601457
915295,0.105400465
915296,0.19465819
915297,0.18737735
915298,0.16822073
915299,0.103185795
915300,0.22785194
915301,0.12243332
915302,0.11921437
915303,0.09249344
915304,0.19819494
915305,0.06845612
915306,0.18650089
915307,0.1849182
915308,0.1192417
915309,0.22625928
915310,0.1552314
915311,0.21535978
915312,0.15320173
915313,0.15486495
915314,0.20096745
915315,0.16248357
915316,0.1352321
915317,0.16039848
915318,0.18932043
915319,0.1331888
915320,0.10102791
915321,0.13213646
915322,0.12642463
915323,0.12308545
915324,0.09316706
915325,0.14270307
915326,0.14925818
915327,0.15678002
915328,0.12381328
915329,0.09316706
915330,0.06370714
915595,0.113451995
915596,0.14040273
915598,0.15813564
915599,0.123983376
915600,0.119793996
915601,0.11655813
915602,0.13166516
915603,0.10924782
915604,0.09847936
915605,0.095545836
915606,0.10477176
915607,0.086310446
915608,0.078628786
915628,0.07952667
915629,0.07609465
915630,0.07562603
915631,0.07562603
916158,0.49801898
916159,0.35523552
916169,0.6288948
916170,0.25017312
916171,0.3164382
916172,0.3033737
916173,0.33409604
916174,0.29757187
916184,0.31303844
916185,0.2906724
916186,0.18795902
916187,0.27006918
916188,0.2030263
916189,0.21061893
916192,0.28017095
916193,0.20511259
916194,0.15222044
916195,0.21160504
916196,0.18901752
916197,0.1698716
916202,0.14173569
916203,0.16024105
916204,0.19045824
916205,0.15112019
916206,0.15407665
916207,0.11537067
916213,0.2027888
916214,0.11189487
916215,0.13959178
916216,0.1480168
916222,0.1843766
916229,0.0707647
916230,0.15180466
916231,0.12742838
916237,0.1782637
916238,0.12507536
916248,0.046045035
916640,0.26146603
916641,0.19647059
916642,0.32660893
916643,0.24429399
916644,0.1723183
916645,0.1636015
916646,0.27171075
916647,0.27234885
916652,0.12734275
916653,0.22413772
916654,0.1284124
916655,0.15537162
916656,0.10703208
916669,0.024820196
916776,0.5277094
916777,0.57948536
916778,0.4124381
916779,0.43478894
916780,0.353903
916781,0.337436
916783,0.46947998
916784,0.2082018
916785,0.19259147
916786,0.2467665
916787,0.2951836
916788,0.21989124
916789,0.27336243
916790,0.22024731
916791,0.21928066
916792,0.16156901
916793,0.26373276
916795,0.26210985
916796,0.19716711
916797,0.19777039
916798,0.19148993
916799,0.23751102
916800,0.19286226
916801,0.24345763
916802,0.18721534
916803,0.1536352
916804,0.1884749
916805,0.18692133
916806,0.22866808
916809,0.28071955
916810,0.19079599
916811,0.13520715
916812,0.19079599
916813,0.14295655
916814,0.14295655
916826,0.38798642
916827,0.22149199
916828,0.18547593
916848,0.2087818
916849,0.1352395
916850,0.17608179
916851,0.21988267
916852,0.2257512
916860,0.24709816
916861,0.12306648
916862,0.21041487
916863,0.12580173
916864,0.11627391
916865,0.13480245
916866,0.13935298
916867,0.17476727
916868,0.1309119
916876,0.25694588
916877,0.10939008
916878,0.09809989
916879,0.16510375
916880,0.11449131
916881,0.12582205
916882,0.057591353
916883,0.078939214
916884,0.11788455
916885,0.11534342
916891,0.21765918
916892,0.16205712
916893,0.13182399
916894,0.17214757
916895,0.186147
916896,0.19227971
916897,0.12560937
916918,0.23199226
916919,0.2427647
916920,0.16500294
916921,0.2427647
916922,0.18006125
916923,0.17356168
916924,0.17196785
916925,0.12525357
916926,0.18133938
916927,0.15388796
916928,0.16958441
916929,0.17109269
916930,0.092867605
916933,0.19023633
916934,0.16415618
916935,0.16415618
916936,0.16415618
916937,0.16325508
916938,0.16229515
916939,0.16229515
916940,0.16229515
916941,0.16229515
916942,0.16229515
916943,0.16222122
916944,0.16222122
916950,0.18040405
916951,0.08178376
916952,0.14661542
916963,0.17087138
916964,0.09971431
916974,0.161758
916975,0.1416455
917000,0.037636526
917012,0.2381092
917013,0.18996969
917014,0.1844532
917015,0.23878515
917016,0.2187434
917017,0.27875924
917024,0.22195774
917025,0.19255742
917028,0.17798857
917029,0.26781234
917030,0.24271576
917031,0.21081494
917044,0.21983348
917134,0.34886017
917135,0.29876646
917136,0.14042996
917138,0.18083027
917148,0.26114476
917149,0.2952289
917150,0.23799805
917151,0.16048253
917152,0.19531596
917153,0.22268511
917154,0.14012045
917155,0.13663402
917156,0.035372436
917195,0.52748024
917196,0.49183148
917198,0.39153743
917199,0.36510903
917200,0.4125294
917201,0.3228292
917202,0.31402895
917203,0.26981342
917204,0.27380908
917205,0.29254177
917206,0.22995733
917207,0.2180904
917208,0.20093985
917209,0.198676
917210,0.2507178
917211,0.19802299
917212,0.19802299
917213,0.17806347
917214,0.17749436
917215,0.17749436
917216,0.22308035
917217,0.1841402
917218,0.17191501
917219,0.16980712
917220,0.16980712
917221,0.16966963
917222,0.21095072
917223,0.17882006
917224,0.2095064
917225,0.170125
917226,0.3209879
917227,0.170125
917228,0.2151293
917229,0.170125
917230,0.21352687
917231,0.1336699
917232,0.16699041
917233,0.14978212
917234,0.11356387
917235,0.23179148
917236,0.21858054
917237,0.16725892
917238,0.1673984
917239,0.13725574
917240,0.22471225
917241,0.1673984
917242,0.13413714
917259,0.18110861
917260,0.1673984
917261,0.13413714
917262,0.17447944
917263,0.12823153
917264,0.13439271
917265,0.17127158
917270,0.2688277
917271,0.14092323
917272,0.13646108
917273,0.1688926
917274,0.14479308
917275,0.13502882
917276,0.168702
917283,0.14060953
917284,0.15480007
917285,0.13447087
917286,0.19675519
917287,0.1337357
917288,0.16048421
917305,0.17384759
917306,0.12762465
917307,0.16048421
917308,0.19062498
917309,0.13874523
917310,0.13029352
917311,0.16048421
917312,0.14911252
917313,0.13029352
917319,0.12131882
917320,0.13164279
917321,0.10729693
917322,0.17355783
917323,0.17617042
917324,0.20300688
917325,0.16354826
917326,0.1639551
917327,0.19880843
917328,0.09944941
917337,0.2316063
917338,0.16209592
917339,0.09823578
917340,0.09823578
917341,0.09823578
917342,0.23851795
917343,0.13096458
917344,0.1768511
917345,0.18795662
917346,0.13096458
917347,0.15960771
917348,0.16836162
917349,0.13927531
917350,0.1505936
917351,0.15834358
917352,0.16240527
917353,0.16183074
917354,0.16183074
917355,0.104580276
917356,0.15524003
917357,0.105072975
917358,0.07688797
917359,0.14105403
917360,0.1454905
917361,0.11849074
917362,0.1454905
917363,0.13471118
917364,0.16128112
917365,0.15463434
917366,0.15883088
917367,0.098474614
917368,0.11309665
917369,0.104426146
917370,0.073285356
917371,0.11058221
917372,0.097513616
917373,0.11231057
917374,0.09615219
917375,0.118875116
917376,0.11441276
917377,0.15136242
917378,0.10842881
917379,0.092397146
917380,0.067121945
917381,0.14896818
917382,0.115867645
917383,0.111461
917384,0.036672432
917739,0.27565426
917740,0.31964552
917741,0.3007384
917742,0.14468761
917743,0.2787105
917744,0.32129946
917745,0.18868384
917746,0.25194192
917747,0.24145329
917748,0.1830658
917749,0.2034377
917750,0.09370064
917762,0.047540292
918240,0.37654442
918241,0.3199355
918242,0.38858968
918243,0.36435926
918244,0.2062028
918245,0.27398685
918246,0.24818197
918247,0.1423344
918248,0.1831993
918249,0.17511328
918250,0.20331067
918251,0.10971875
918252,0.14290051
918253,0.09986172
918254,0.16420598
918255,0.17177981
918266,0.14418367
918267,0.08243126
918268,0.1257878
918269,0.095793284
918270,0.12845294
918271,0.13326699
918275,0.14364994
918276,0.15237097
918277,0.1291427
918278,0.12104877
918279,0.12247076
918280,0.12217392
918281,0.13043259
918282,0.14398488
918283,0.13043259
918284,0.18422905
918285,0.18793519
918286,0.12341987
918287,0.1952857
918288,0.07689432
918289,0.13657309
918290,0.10273313
918291,0.14775854
918293,0.15012354
918294,0.12929301
918295,0.1446662
918296,0.19476807
918297,0.18257271
918298,0.11819683
918299,0.12166126
918300,0.14339566
918301,0.1278043
918302,0.14394967
918303,0.07463471
918304,0.0984274
918305,0.14993487
918306,0.1160723
918307,0.13565281
918308,0.12603647
918309,0.1049785
918310,0.08716857
918311,0.07302613
918312,0.13239485
918313,0.12639569
918314,0.17782371
918315,0.09578003
918316,0.0714719
918317,0.13305165
918318,0.13028166
918319,0.10280825
918320,0.11879668
918321,0.110993266
918322,0.11022121
918323,0.08350417
918324,0.13926692
918325,0.13061501
918326,0.09950638
918327,0.1189522
918328,0.13272315
918329,0.110643804
918330,0.08369196
918331,0.113215044
918332,0.10993566
918333,0.07942148
918334,0.09983577
918335,0.069034584
918346,0.10403832
918347,0.1192826
918348,0.12932284
918349,0.17049731
918350,0.10849226
918351,0.114664614
918352,0.07942971
918353,0.096633196
918363,0.15023685
918364,0.11122002
918365,0.12944049
918366,0.14418346
918367,0.14418346
918392,0.15603933
918393,0.14305857
918394,0.14137027
918395,0.12005753
918396,0.1715995
918397,0.13590483
918398,0.13761693
918399,0.10754016
918400,0.14752695
918413,0.10726289
918414,0.13711575
918415,0.098439105
918416,0.13107632
918417,0.13107632
918418,0.13661309
918419,0.06902328
918420,0.12691237
918421,0.13107632
918422,0.13914736
918423,0.13107632
918424,0.09158078
918425,0.12626179
918426,0.13368443
918427,0.098439105
918428,0.1216784
918429,0.11774074
918430,0.10487373
918457,0.102685384
918458,0.041772984
918459,0.09225883
918460,0.114905536
918461,0.09221889
918462,0.06391757
918463,0.09078485
918467,0.08531672
918468,0.09108656
918469,0.114506565
918470,0.11033719
918471,0.11915066
918472,0.07493239
918473,0.091621764
918474,0.11077447
918475,0.11771365
918476,0.12128505
918477,0.10573007
918478,0.15065657
918479,0.09759979
918480,0.13126795
918481,0.0903863
918482,0.057898838
918483,0.112563424
918484,0.047333267
918485,0.13278803
918488,0.11963451
918489,0.08813082
918490,0.107975215
918491,0.092386484
918492,0.089392185
918493,0.018659892
919102,0.32303238
919103,0.27334347
919123,0.33817387
919124,0.2529211
919125,0.25516668
919126,0.29950437
919127,0.32066253
919128,0.20891607
919129,0.1568689
919130,0.16133997
919131,0.15842044
919132,0.12549685
919133,0.1429329
919147,0.09254864
919148,0.089118026
919149,0.19877368
919158,0.16823517
919333,0.2751504
919352,0.18418953
919353,0.19293785
919354,0.108361885
919362,0.14720559
919376,0.35974935
919377,0.14836979
919383,0.41421494
919384,0.2625614
919385,0.27877763
919386,0.24371517
919387,0.22278303
919388,0.24122775
919389,0.19655815
919390,0.2069278
919391,0.18360698
919392,0.11709784
919393,0.07907366
919394,0.13573462
919395,0.16152774
919400,0.1572266
919401,0.1284715
919402,0.14978547
919403,0.0764642
919404,0.11624632
919405,0.15762903
919406,0.14816134
919407,0.08780041
919408,0.13842544
919409,0.09450565
919410,0.10345249
919411,0.10062902
919419,0.12681983
919420,0.06746085
919421,0.1001987
919422,0.10196119
919423,0.049405523
919424,0.10192426
919425,0.07256461
919426,0.106002524
919431,0.14274015
919432,0.07597099
919433,0.09642066
919434,0.10107355
919435,0.0868897
919436,0.08797847
919442,0.116791315
919443,0.109518066
919444,0.0855957
919445,0.14454195
919446,0.0507733
919449,0.13907763
919450,0.09135713
919451,0.09842649
919452,0.08419511
919503,0.03315818
920123,0.13774787
920135,0.12888858
920893,0.18328275
920894,0.16623077
920895,0.15230288
920896,0.21154511
920903,0.14089139
921799,0.35452154
921806,0.14570859
921807,0.13149144
921808,0.24646848
921809,0.2755628
921810,0.17422564
921811,0.2301357
921841,0.0361534
922810,0.31286183
922811,0.29409993
922812,0.22208963
922819,0.20638233
922820,0.24295685
923458,0.1530517
923459,0.1601144
923479,0.12630714
925131,0.20255975
925132,0.067709155
925133,0.14104794
925134,0.12795973
925142,0.18614566
925143,0.1326836
925144,0.14058556
926092,0.021132592
926833,0.069052994
926834,0.07784387
927222,0.25648898
927223,0.21351495
927224,0.23064853
927225,0.17915541
927226,0.17439328
927227,0.16862981
927230,0.19451459
927231,0.16231911
927232,0.14254685
927233,0.13852265
927241,0.15070459
927242,0.1303193
927243,0.116820015
927252,0.1164013
927253,0.11148586
927254,0.1073485
927255,0.10506303
927676,0.034912948
927706,0.07679902
927724,0.056803104
927989,0.029714389
928051,0.37164792
928052,0.36547622
928053,0.38277772
928054,0.3288455
928055,0.4080453
928056,0.36020374
928071,0.25912502
928072,0.238917
928073,0.25547856
928074,0.30269206
928075,0.25562045
928091,0.4020988
928092,0.1894985
928093,0.16127488
928094,0.23825333
928095,0.23687132
928096,0.23567595
928097,0.20277798
928113,0.17017283
928114,0.15030894
928115,0.22854991
928116,0.15327004
928117,0.14914244
928126,0.13744451
928152,0.2588864
928153,0.26820657
928154,0.34169522
928155,0.2618819
928156,0.22168382
928157,0.13177375
928158,0.12651032
928159,0.35731524
928160,0.17435503
928161,0.15850356
928162,0.17626269
928163,0.13046677
928164,0.22030064
928165,0.15892425
928166,0.23898531
928167,0.108722985
928168,0.09527638
928169,0.08694673
928170,0.0868953
928171,0.0868953
928172,0.06965067
928173,0.07086191
928174,0.0764915
928175,0.07967626
928176,0.22436137
928177,0.1903912
928178,0.18205875
928179,0.17125592
928180,0.16644613
928181,0.16126457
928182,0.16326848
928183,0.3116872
928184,0.203558
928185,0.20486993
928186,0.17933618
928187,0.16117676
928188,0.1519354
928189,0.18552512
928190,0.18598004
928191,0.25336653
928192,0.20244133
928193,0.15902627
928194,0.18492451
928195,0.15701665
928196,0.19786865
928197,0.27095005
928198,0.13448757
928199,0.22165756
928200,0.29956055
928201,0.16997579
928206,0.47523797
928207,0.34418467
928213,0.36532122
928214,0.31404188
928215,0.30917037
928216,0.29991594
928217,0.29147145
928218,0.28037962
928219,0.23530966
928227,0.2859486
928228,0.25837
928229,0.2265107
928230,0.211282
928231,0.21052581
928232,0.20607597
928240,0.1900676
928274,0.14571215
928296,0.13755734
928297,0.121039465
928298,0.0775711
928320,0.018965278
928529,0.30739582
928530,0.13215043
928531,0.16910632
928532,0.25535795
928537,0.2637951
928538,0.21129546
928539,0.20008332
928540,0.2712636
928541,0.1846055
928542,0.18726113
928543,0.1879457
928549,0.1644988
928550,0.15113285
928551,0.12287943
928552,0.081839904
928553,0.12918384
928554,0.09692345
928558,0.14694534
928559,0.13719805
928560,0.108407915
928561,0.17924544
928562,0.16553853
928563,0.10059847
928564,0.12360127
928565,0.13220859
928566,0.1422248
928567,0.12944841
928573,0.11824579
928574,0.09632792
928575,0.093898535
928577,0.11142612
928660,0.39431942
928661,0.19328417
928662,0.2729374
928663,0.37274373
928664,0.31771308
928669,0.40073392
928670,0.4097226
928671,0.31024176
928672,0.260218
928673,0.2573856
928680,0.3009376
928681,0.2874836
928682,0.2890222
928683,0.30655968
928684,0.21776685
928685,0.21776685
928692,0.35051852
928693,0.20615701
928694,0.21110708
928695,0.21854557
928696,0.117993295
928701,0.23799703
928702,0.20734996
928703,0.27269492
928704,0.21260989
928705,0.17267023
928710,0.2425201
928711,0.21942034
928712,0.18960023
928713,0.27182907
928714,0.29970267
928715,0.29887998
928716,0.11825168
928717,0.11825168
928718,0.11825168
928719,0.2716803
928720,0.22966655
928721,0.21111757
928722,0.29234666
928723,0.2752546
928724,0.3002916
928725,0.22089258
928726,0.21015368
928727,0.20287846
928728,0.28890786
928729,0.21015368
928731,0.4000422
928732,0.21015368
928733,0.2515584
928734,0.25131157
928735,0.23226945
928736,0.3025557
928737,0.22007053
928738,0.3685415
928739,0.2729662
928740,0.20977566
928741,0.2984628
928745,0.229033
928746,0.22969942
928747,0.28039306
928748,0.30132943
928749,0.21196865
928750,0.30333
928751,0.2410429
928752,0.23005617
928753,0.35762438
928759,0.21436806
928760,0.21329671
928761,0.21188956
928762,0.22961561
928763,0.27973512
928764,0.2650328
928765,0.24844728
928766,0.22961561
928767,0.18330528
928768,0.21329671
928777,0.2385127
928778,0.3016795
928779,0.22852804
928780,0.29934958
928788,0.2888812
928789,0.27849597
928790,0.22852804
928791,0.20236869
928792,0.35981154
928794,0.21996205
928795,0.26187116
928796,0.2757664
928797,0.22636034
928798,0.20956668
928799,0.208622
928800,0.21069866
928803,0.21086942
928810,0.21699981
928811,0.20512238
928812,0.28318182
928813,0.21109687
928814,0.1972111
928831,0.09595405
929008,0.060721915
929009,0.047078967
929182,0.19788365
929183,0.13699944
929206,0.03927989
929208,0.21686633
929209,0.24921171
929210,0.2022743
929211,0.032271218
929301,0.028730234
929585,0.2733153
929586,0.23217651
929587,0.2519676
929588,0.25243405
929589,0.25680146
929590,0.20628984
929591,0.17878428
929592,0.24173191
929593,0.17387252
929604,0.03320684
929629,0.34137863
929630,0.3550019
929631,0.34165525
929632,0.32134536
929633,0.31570628
929634,0.30584085
929637,0.28825545
929638,0.2687847
929639,0.22499622
929640,0.22247574
929641,0.22247574
929642,0.20569828
929647,0.15214121
929682,0.027513744
929916,0.26334435
929917,0.29857945
929928,0.30996922
929929,0.3013875
929930,0.2734604
929931,0.30526966
929937,0.27979127
929938,0.23110178
929939,0.14500551
930012,0.33885413
930013,0.234508
930014,0.23787732
930015,0.2526054
930016,0.21168078
930028,0.11257478
931133,0.47074336
931134,0.20864038
931135,0.2512047
931136,0.18323095
931137,0.34659785
931138,0.1885933
931139,0.2633021
931140,0.28786263
931141,0.14034316
931142,0.094641864
931149,0.17808531
931202,0.26650515
931207,0.196163
931208,0.30877525
931214,0.1497774
931219,0.52015376
931220,0.17838213
931221,0.28922853
931222,0.24144284
931223,0.22522941
931224,0.23489058
931225,0.18204375
931226,0.21624494
931227,0.14443043
931228,0.1434346
931229,0.15128118
931230,0.119754896
931231,0.15736832
931232,0.13380666
931233,0.13731124
931234,0.14912352
931235,0.16359282
931236,0.102426164
931237,0.13310756
931238,0.08780921
931239,0.12481268
931240,0.124795265
931241,0.0857403
931242,0.030291954
931379,0.3413582
931380,0.24866664
931387,0.23142627
931388,0.2585653
931389,0.26471522
931390,0.15752625
931396,0.17610627
931567,0.57871836
931568,0.37320334
931569,0.36691615
931573,0.4184129
931574,0.3904288
931575,0.31212133
931576,0.29726967
931577,0.22452807
931578,0.24962345
931579,0.22815396
931580,0.19381349
931581,0.25593573
931582,0.23216335
931583,0.21092273
931584,0.17490765
931585,0.36870635
931586,0.22391084
931587,0.22716866
931588,0.22823083
931589,0.25579453
931590,0.2377141
931591,0.22483918
931592,0.14515018
931599,0.25475183
931600,0.18240342
931601,0.18211524
931602,0.18720286
931603,0.20809877
931604,0.18140681
931605,0.26243806
931607,0.27763474
931608,0.23761985
931609,0.2385594
931610,0.1931255
931611,0.22712688
931612,0.19159426
931613,0.14969681
931614,0.17078021
931615,0.13087836
931616,0.14246361
931617,0.17670842
931618,0.17335512
931619,0.21653499
931620,0.14469305
931623,0.032358184
932175,0.43152395
932176,0.31638983
932184,0.24342018
932185,0.17237529
932186,0.1708136
932187,0.27046067
932188,0.19736202
932189,0.24786611
932190,0.17422359
932191,0.1322804
932193,0.27381402
932194,0.13999617
932195,0.08569588
932196,0.156268
932197,0.154868
932198,0.15593278
932199,0.13707627
932200,0.12506959
932201,0.16239779
932202,0.13108687
932203,0.10990965
932204,0.16461812
932205,0.105687454
932206,0.152671
932207,0.120777234
932208,0.11999653
932209,0.12318044
932210,0.062147737
932211,0.090377145
932212,0.120326206
932213,0.09645928
932214,0.10922082
932215,0.10922082
932216,0.12865433
932217,0.13213496
932218,0.10210169
932219,0.06989527
932220,0.09666038
932221,0.09524836
932224,0.10228104
932225,0.09410248
932227,0.034157854
933036,0.3017712
933037,0.25399128
933038,0.24301143
933039,0.2315661
933040,0.22228596
933043,0.27714762
933044,0.20249172
933045,0.19265698
933046,0.123113684
933047,0.15204999
933048,0.15204999
933049,0.14843908
933050,0.13505256
933051,0.13452266
933052,0.13452266
933053,0.13452266
933062,0.101072274
933063,0.07322193
933064,0.07322193
933065,0.1192474
933066,0.04468616
933088,0.08943361
933089,0.07151793
933090,0.07080978
933091,0.07080978
933113,0.08119794
933114,0.06723766
933115,0.06723766
933116,0.06723766
933117,0.06723766
933143,0.0812234
933144,0.06723766
933145,0.06723766
933146,0.06723766
933184,0.0812234
933185,0.06723766
933186,0.06710839
933187,0.06707264
933209,0.08156725
933210,0.06577818
933211,0.06577818
933212,0.065453276
933222,0.07161797
933223,0.063638
933224,0.063638
933225,0.063638
933226,0.063638
933237,0.07161797
933238,0.063638
933239,0.063638
933240,0.06061782
933449,0.21709934
933450,0.117927104
933451,0.17649928
933457,0.21247874
933458,0.2362385
933743,0.31201702
933744,0.42910993
933752,0.333868
933753,0.22245002
933754,0.21829602
933755,0.22141135
933756,0.2068237
933757,0.26502672
933761,0.25059858
933762,0.2472309
933763,0.19233966
933764,0.105119154
933765,0.092304155
933766,0.13256027
933767,0.14593278
933771,0.14928529
933772,0.12361841
933773,0.20275617
933774,0.11918104
933775,0.12951292
933776,0.11888941
933778,0.14436999
933779,0.086797774
933780,0.10922727
933781,0.10981354
933782,0.12292992
933783,0.11421163
933784,0.12735915
933785,0.082783766
933786,0.16555834
933787,0.12350076
933788,0.12073777
933789,0.12962946
933790,0.07661619
933791,0.11695357
933792,0.1474964
933793,0.09351987
933794,0.054477718
933796,0.12432937
933797,0.07996902
933798,0.1408926
933799,0.11348979
933800,0.08039802
933801,0.116319634
933802,0.13391536
933803,0.12595989
933804,0.08026473
933805,0.08416109
933806,0.11689661
933807,0.0976984
933808,0.12276892
933809,0.13344145
933810,0.10533481
933811,0.18544854
933812,0.10235208
933813,0.10235208
933826,0.1203407
933827,0.110315286
933828,0.11707564
933829,0.1546304
933830,0.11713684
933879,0.09281285
933880,0.076332144
933881,0.106436275
933904,0.037503034
934141,0.39158985
934142,0.29341578
934143,0.25447622
934144,0.27748892
934145,0.2512348
934146,0.21696086
934147,0.1966793
934173,0.07111401
934197,0.35875747
934198,0.2547639
934199,0.2505771
934204,0.20692776
934205,0.19325952
934394,0.3558013
934395,0.2556395
934396,0.22534645
934397,0.14632581
934398,0.26291886
934684,0.27400586
934685,0.16434172
934690,0.12958436
934747,0.21032009
934748,0.1890476
934755,0.18294908
934908,0.21342477
934909,0.15600751
934924,0.3553688
934925,0.2871405
934926,0.26910397
934927,0.32964724
934928,0.21979424
934933,0.17667712
934947,0.22367474
934948,0.21389379
934954,0.18532652
935010,0.2902436
935011,0.25271514
935012,0.23028995
935013,0.23538211
935014,0.2028286
935015,0.1870333
935100,0.23659627
935101,0.18545109
935102,0.17622402
935115,0.15806861
935116,0.14860189
935117,0.13723394
935118,0.114093214
935119,0.10449464
935474,0.15289634
935475,0.12995967
935476,0.12074241
935477,0.112214975
935484,0.18771967
935485,0.15446308
935486,0.18994309
935487,0.1575335
935488,0.21627718
935489,0.2602685
935490,0.32239336
935498,0.12563442
935698,0.20187272
935699,0.1856177
935700,0.18884894
935701,0.15565906
935706,0.16493584
935707,0.14472657
935708,0.14141428
935709,0.13452944
935711,0.12613828
935712,0.11790363
935713,0.11703173
935714,0.10142769
935715,0.09428822
935716,0.093085945
935717,0.09129942
935869,0.29064456
935870,0.1818216
935871,0.40081483
935872,0.37365425
935873,0.28517324
935882,0.28126207
935883,0.25401616
935889,0.2717567
935899,0.21939687
935904,0.186172
935905,0.20020066
935906,0.20381758
935907,0.22803766
935966,0.1307115
935967,0.33534616
935968,0.1722544
935969,0.18303052
935970,0.1686678
935971,0.1503355
935972,0.15628603
935973,0.1433854
935974,0.072269596
935975,0.11460438
935976,0.17668411
935980,0.099411905
935981,0.09360987
935982,0.10814786
935983,0.09056572
936146,0.18741155
936147,0.34100965
936148,0.4264149
936159,0.3178209
936160,0.26717255
936161,0.2500671
936162,0.18650751
936163,0.2324189
936164,0.27688614
936165,0.21924946
936166,0.27516478
936167,0.19425946
936168,0.16681062
936181,0.14239569
936193,0.14278919
936198,0.33787763
936199,0.27962846
936200,0.17999832
936201,0.24573849
936202,0.168708
936203,0.1519021
936204,0.18151769
936424,0.39427978
936425,0.34162503
936426,0.2873704
936443,0.3472823
936444,0.29493347
936445,0.25941652
936446,0.20061156
936447,0.16899583
936448,0.16213134
936449,0.2161025
936467,0.21917433
936468,0.26023084
936492,0.20576733
936508,0.20080644
936523,0.18463904
936524,0.19136746
936546,0.04723701
936556,0.3571783
936557,0.23360057
936558,0.3408121
936559,0.20448671
936560,0.22425142
936561,0.17518388
936761,0.21606754
936762,0.36267883
936763,0.2413939
936764,0.1626344
936765,0.1559596
936766,0.2053521
936777,0.19293383
936806,0.27647588
936807,0.2663194
936808,0.21747632
936809,0.22334585
936810,0.13908233
936816,0.09801057
936875,0.30805433
936876,0.37361178
936877,0.16918142
936878,0.23698403
936914,0.19387144
936915,0.22576025
936916,0.17423923
936917,0.29835254
936918,0.18240432
936933,0.15362056
936948,0.20229794
936949,0.13930108
936956,0.13615273
937048,0.30086663
937049,0.20806818
937050,0.24931079
937051,0.29447243
937052,0.1582653
937053,0.20909986
937054,0.29089734
937055,0.15655416
937089,0.32582402
937090,0.26898673
937091,0.22571161
937092,0.19141191
937093,0.18208355
937094,0.16735443
937095,0.16096975
937096,0.13936995
937156,0.114582956
937157,0.09662672
937389,0.16652729
937390,0.1341475
937401,0.11791451
937420,0.2272889
937421,0.19686805
937422,0.36767304
937458,0.16659561
937459,0.22488977
937460,0.20505881
937476,0.13082734
937515,0.22632496
937516,0.3335466
937517,0.18267609
937518,0.20841064
937519,0.2160696
937520,0.24768578
937542,0.029729214
937604,0.33499914
937616,0.3249569
937617,0.39186358
937618,0.31809053
937619,0.22352926
937638,0.33336115
937648,0.31453004
937649,0.23450582
937655,0.124940515
937656,0.1753219
937657,0.13379708
937663,0.17386495
937930,0.23155038
937931,0.30808392
937932,0.24263023
937940,0.1558035
937963,0.41236284
937975,0.36713785
937976,0.30935243
937977,0.25981802
937978,0.21957205
937985,0.21460335
937986,0.25439376
938052,0.20116353
938053,0.229102
938062,0.110108465
938740,0.2594743
938741,0.23902325
938742,0.22849229
938743,0.20057319
938744,0.19254212
938745,0.18261734
938746,0.1711349
938747,0.16129783
938774,0.12117261
938775,0.12907107
938776,0.113158695
938793,0.015335568
938794,0.021146635
938802,0.2031574
938823,0.16005953
938824,0.15842634
938825,0.142025
938853,0.24956688
938854,0.19447075
938855,0.18542442
938856,0.1726781
938863,0.2108271
938864,0.15607761
938865,0.1489243
938866,0.14178686
938869,0.14286081
938870,0.110728435
938871,0.110728435
938872,0.10698224
938873,0.096764185
938887,0.1139439
938888,0.09636774
938889,0.09636774
938890,0.09636774
938891,0.08470889
938901,0.09854307
938902,0.08470889
938903,0.08449345
938904,0.08449345
938911,0.083647996
938912,0.07487569
938913,0.07487569
938990,0.24197017
938991,0.21599095
938997,0.22869352
938998,0.17058665
938999,0.14445034
939000,0.13848701
939001,0.12836307
939005,0.124860175
939006,0.09116363
939007,0.08408059
939008,0.08031472
939009,0.07475126
939010,0.066514276
939022,0.2402766
939023,0.13450223
939024,0.18281163
939036,0.19523074
939037,0.16443805
939038,0.15518823
939039,0.14806853
939046,0.14970766
939047,0.11490515
939048,0.111370824
939049,0.111370824
939050,0.103492714
939057,0.08492775
939072,0.15905033
939073,0.116354905
939074,0.12281442
939083,0.02446881
939111,0.08992267
939112,0.07370208
939137,0.021738546
939201,0.2234013
939218,0.17955847
939219,0.17899704
939220,0.15805966
939221,0.1529292
939238,0.12085118
939416,0.18082158
939417,0.2019788
939418,0.14971481
939419,0.15145129
939423,0.37147367
939424,0.30321735
939425,0.36590493
939426,0.27737266
939427,0.2709408
939438,0.29495704
939439,0.25462338
939440,0.24379183
939441,0.21112289
939454,0.22281544
939455,0.20441094
939456,0.19341473
939457,0.17691085
939458,0.17485847
939459,0.20842768
939460,0.17005372
939461,0.17005372
939462,0.14272422
939463,0.1380663
939549,0.033630703
939699,0.2583574
939701,0.20436041
939702,0.20740415
939703,0.19197299
939712,0.16936536
939940,0.23182848
939941,0.204841
939952,0.18566796
939953,0.18463464
939954,0.18200833
939976,0.032580815
939982,0.43246987
939983,0.33373836
939984,0.32055348
939985,0.29564586
939986,0.2850715
939988,0.34267074
939989,0.2669766
939990,0.2543868
939991,0.26176718
939992,0.23658103
939993,0.23658103
940001,0.24567775
940002,0.18648057
940003,0.18434201
940004,0.18349586
940005,0.18349586
940006,0.18349586
940010,0.19698885
940011,0.16121052
940012,0.17144963
940013,0.20481378
940014,0.17127201
940015,0.2024654
940016,0.16709264
940017,0.16709264
940018,0.1669569
940019,0.1669569
940020,0.1669569
940021,0.19981876
940022,0.19914366
940023,0.1872573
940024,0.16740645
940025,0.16740645
940026,0.19981876
940027,0.16723607
940028,0.16586788
940029,0.16607223
940030,0.16600215
940031,0.19458243
940032,0.1644732
940033,0.16488193
940034,0.16488193
940035,0.16501981
940036,0.16501981
940043,0.194649
940044,0.16501981
940045,0.19695513
940046,0.16554137
940047,0.16554137
940048,0.16554137
940058,0.18989679
940059,0.1614061
940060,0.17197105
940061,0.1614061
940062,0.16014385
940063,0.16014385
940069,0.19233166
940070,0.16427465
940071,0.16427465
940072,0.16213074
940073,0.16213074
940083,0.1899048
940084,0.18952025
940085,0.16213074
940086,0.16240472
940087,0.15858328
940088,0.15458153
940128,0.13805895
940129,0.19120319
940130,0.1777841
940131,0.1777841
940132,0.17825414
940155,0.18890159
940156,0.15704007
940157,0.1811876
940158,0.2245348
940159,0.18211709
940160,0.1802562
940170,0.206545
940171,0.1629021
940172,0.18089253
940173,0.19810541
940174,0.17760788
940181,0.20200334
940182,0.17337681
940183,0.17286818
940184,0.15362884
940185,0.17856106
940193,0.19122615
940194,0.1700435
940195,0.1700435
940196,0.1700435
940197,0.17018841
940214,0.19759262
940215,0.14918534
940240,0.19172606
940528,0.28866595
940535,0.2896969
940536,0.23527844
940537,0.2127523
940538,0.20245336
940539,0.18956581
940546,0.20568117
940547,0.16899648
940548,0.1400612
940576,0.1495931
940577,0.13463266
940578,0.1269124
940579,0.11185758
940601,0.11647635
940602,0.105439804
940603,0.10481097
940604,0.10481097
940605,0.08663507
940625,0.073249616
940642,0.3280169
940643,0.23445824
940644,0.22036304
940649,0.26789063
940653,0.24172762
940654,0.15039656
940655,0.13882196
940658,0.16428271
940659,0.1155396
940660,0.1874274
940661,0.11070997
940662,0.10343298
940663,0.09340127
940664,0.1073695
940665,0.09099725
940666,0.086971544
940667,0.086616084
940668,0.07728461
940669,0.09413567
940670,0.15658534
940671,0.08027023
940672,0.14573482
940673,0.13928266
940674,0.16651514
940675,0.068782024
940676,0.06805545
940677,0.06586085
940678,0.06545303
940679,0.06545303
940688,0.08166102
940689,0.06706527
940690,0.062474903
940691,0.062474903
940692,0.061100118
940693,0.060492318
940696,0.06934062
940697,0.056919344
940698,0.056888685
940699,0.057726994
940715,0.0605199
940716,0.055455554
940737,0.090078086
940738,0.07322348
940755,0.16145124
940756,0.15862331
940757,0.13898642
940758,0.16307382
940759,0.16307382
940779,0.048950907
940780,0.35659513
940781,0.3032683
940782,0.29130855
940783,0.22713864
940787,0.25868434
940788,0.24322629
940804,0.19090475
941156,0.30177417
941157,0.19271322
941158,0.11441318
941159,0.22823392
941160,0.15717839
941161,0.22275937
941162,0.22916831
941188,0.037571084
941291,0.2807743
941292,0.23474209
941293,0.22004914
941294,0.19442141
941295,0.19138652
941296,0.18159315
941297,0.15410343
941384,0.37768567
941385,0.29799014
941386,0.33545125
941391,0.27681324
941392,0.23833819
941393,0.23475717
941394,0.22755098
941401,0.292828
941402,0.13252063
941403,0.17910835
941404,0.21348496
941419,0.036435924
941498,0.40465492
941499,0.37002
941500,0.3046735
941501,0.34063292
941502,0.3958485
941503,0.2697233
941504,0.34954244
941505,0.37042078
941506,0.30992037
941507,0.2792244
941511,0.25768903
941512,0.19053572
941513,0.18907453
941514,0.16684256
941515,0.23114315
941516,0.17475104
941570,0.03824385
941988,0.30958295
941989,0.25631374
941990,0.24242216
941991,0.16145377
941992,0.30573848
941994,0.18378861
942040,0.3466882
942041,0.27742174
942042,0.25695387
942043,0.2788419
942044,0.24025244
942045,0.12230184
942060,0.21890076
942061,0.21501257
942071,0.17946066
942175,0.3116132
942176,0.25550315
942177,0.24447936
942178,0.22541185
942179,0.14978778
942180,0.26726785
942181,0.20968582
942182,0.19975094
942183,0.22145319
942184,0.19541049
942185,0.16681853
942186,0.1980762
942187,0.1481911
942188,0.14641263
942189,0.14641263
942190,0.14641263
942191,0.14641263
942192,0.1286926
942193,0.15456405
942194,0.12835471
942195,0.12804383
942196,0.12804383
942197,0.124130175
942198,0.14559285
942199,0.12252148
942200,0.12231377
942201,0.12252352
942202,0.12252352
942203,0.12252352
942206,0.143588
942207,0.12089871
942208,0.12089871
942209,0.12068631
942210,0.12068631
942211,0.12068631
942223,0.14303547
942224,0.118117146
942225,0.12753674
942226,0.11784755
942227,0.11418963
942228,0.11349748
942232,0.11715899
942233,0.10973976
942234,0.10973976
942235,0.10973976
942236,0.109826505
942237,0.109826505
942264,0.30309388
942265,0.19195265
942266,0.2385785
942267,0.25684258
942268,0.22908723
942269,0.22183418
942270,0.21891086
942271,0.2086543
942283,0.21505533
942284,0.17187557
942285,0.2013115
942286,0.20380531
942287,0.13184205
942288,0.13202748
942289,0.24387553
942290,0.104950815
942302,0.14783376
942303,0.09314217
942304,0.08961693
942305,0.09252508
942306,0.15111735
942307,0.08833567
942318,0.13811432
942319,0.1089906
942320,0.12481095
942330,0.13712755
942331,0.04727258
942332,0.0738958
942333,0.13417251
942334,0.08068907
942347,0.07725539
942348,0.0707452
942349,0.10370255
942404,0.17608568
942433,0.12544473
942593,0.19192009
942594,0.22727086
942595,0.10958565
942596,0.19742137
942597,0.21569937
942598,0.16192882
942599,0.1850571
942600,0.16647366
942601,0.11929141
942602,0.093248315
942603,0.20109987
942604,0.19197695
942605,0.1480233
942606,0.06715296
942607,0.07503382
942608,0.08942138
942609,0.1144616
942610,0.09667396
942611,0.057825927
942612,0.06391836
942613,0.09539858
942614,0.09539858
942615,0.14099585
942616,0.05125333
942617,0.11055874
942618,0.08078207
942619,0.08247629
942776,0.20377606
942777,0.26278642
942778,0.21991563
942787,0.29255295
942788,0.21615471
942789,0.21690093
942790,0.21402474
942792,0.10511027
942793,0.0703579
942794,0.07085523
942795,0.06745444
942797,0.20273189
942798,0.14902198
942799,0.20137806
942800,0.12282869
942801,0.14661294
942802,0.09630994
942803,0.07493627
942804,0.08332269
942805,0.101508856
942806,0.06837487
942807,0.08138239
942808,0.057764642
942809,0.11022616
942810,0.06570158
942811,0.06913462
942812,0.0819353
942813,0.17477219
942814,0.14647259
942815,0.14505018
942816,0.16968447
942817,0.06241314
942818,0.12570392
942819,0.11596483
942820,0.066605285
942821,0.16161518
942830,0.15791255
942831,0.13939895
942832,0.13547502
942833,0.12959431
942840,0.050275095
942913,0.35974824
942926,0.32477546
942927,0.27138463
942928,0.24812512
942929,0.23388548
942930,0.22616065
942943,0.22904024
942944,0.0835366
942945,0.17110302
942946,0.16676694
942976,0.3239167
942977,0.26747647
942983,0.28194803
942984,0.24009214
942985,0.23636827
942986,0.22529386
942987,0.21829529
942988,0.20793791
943001,0.15487555
943198,0.39827222
943199,0.31379232
943208,0.19231094
943209,0.1972927
943210,0.19676512
943211,0.21729754
943212,0.14754806
943213,0.16233464
943214,0.09893454
943215,0.096195064
943216,0.091222614
943217,0.12545703
943227,0.15838148
943228,0.09800941
943229,0.12670425
943230,0.11551434
943231,0.13440897
943236,0.090188846
943237,0.062186584
943238,0.085049346
943239,0.089502946
943240,0.0861619
943246,0.091263674
943247,0.079472005
943248,0.08339578
943259,0.020792462
943325,0.3699029
943338,0.29418188
943339,0.31955117
943340,0.15312012
943341,0.192735
943342,0.43830124
943343,0.26552755
943344,0.3335039
943345,0.14439271
943346,0.22938311
943359,0.26717716
943360,0.20401035
943361,0.12505524
943362,0.18680607
943363,0.1518775
943364,0.1800102
943365,0.22122519
943366,0.16019979
943367,0.154697
943368,0.154697
943369,0.18633474
943370,0.1301446
943371,0.15193841
943372,0.15003107
943373,0.14735508
943374,0.14854069
943375,0.19381239
943376,0.16275251
943377,0.09748414
943378,0.14894952
943379,0.16624749
943388,0.19431737
943389,0.16319296
943390,0.16301392
943391,0.16301392
943392,0.15807757
943393,0.16148764
943405,0.14384452
943406,0.12247774
943407,0.16376469
943408,0.16376469
943409,0.16376469
943410,0.16390182
943411,0.16390182
943413,0.14310569
943414,0.13939528
943415,0.122924216
943416,0.122924216
943417,0.122924216
943418,0.122924216
943422,0.13715619
943423,0.11853484
943424,0.11853484
943425,0.11853484
943426,0.11793383
943427,0.11793383
943428,0.11793383
943429,0.11793383
943432,0.13142486
943433,0.11386873
943434,0.11386873
943435,0.11386873
943436,0.114204325
943437,0.114204325
943438,0.11440835
943439,0.111516446
943440,0.108574495
943441,0.122156374
943442,0.108574495
943443,0.108574495
943444,0.108574495
943445,0.108574495
943446,0.108574495
943447,0.108574495
943448,0.108574495
943449,0.108574495
943452,0.12007979
943453,0.10826094
943454,0.10797987
943455,0.10797987
943456,0.10797987
943457,0.10797987
943458,0.10797987
943459,0.10797987
943460,0.10797987
943468,0.124693014
943476,0.124479294
943494,0.026297685
943501,0.20975555
943502,0.18601707
943503,0.17424819
943510,0.12232357
943526,0.25324377
943527,0.224003
943539,0.20689115
943540,0.19191538
943541,0.18411778
943542,0.17699936
943559,0.14044204
943578,0.04077971
943598,0.4312865
943599,0.21922514
943600,0.39010906
943601,0.26891947
943602,0.2622348
943603,0.25342143
943604,0.3261914
943605,0.32438886
943606,0.2617542
943607,0.2537122
943608,0.27038878
943609,0.29275653
943610,0.1570084
943611,0.21661891
943612,0.16327448
943613,0.17566442
943614,0.1842123
943615,0.13136601
943616,0.12614357
943617,0.14467518
943618,0.12975053
943619,0.10508731
943620,0.08925559
943621,0.10897674
943622,0.11686169
943623,0.13640684
943624,0.09520706
943625,0.09563738
943626,0.11341594
943627,0.08161033
943628,0.11760175
943629,0.11733713
943633,0.13751687
943634,0.119506106
943635,0.117849045
943636,0.11242861
943637,0.115392976
943642,0.13045223
943643,0.10881352
943644,0.10790534
943645,0.07152523
943646,0.07814655
943647,0.10750137
943648,0.12462425
943649,0.10560376
943650,0.10560376
943651,0.15722278
943652,0.15722278
943653,0.10560376
943654,0.14360696
943655,0.10046761
943656,0.11530271
943657,0.08674085
943658,0.07434424
943659,0.092913486
943660,0.018383926
943745,0.16542627
943771,0.24187885
943772,0.1790853
943773,0.1691686
943774,0.16644648
943830,0.18569738
943831,0.19591744
943832,0.20216174
943878,0.047691293
943905,0.228985
943906,0.10718951
943907,0.15818907
943908,0.08793474
943909,0.14506368
943910,0.1346007
943919,0.2457607
943920,0.16517769
943921,0.121496275
943922,0.10033523
943923,0.13841161
943924,0.15347312
943925,0.08915858
943939,0.09455846
943940,0.05752769
943941,0.089630686
943942,0.10513694
943943,0.11845219
943944,0.09423505
943955,0.07287184
943956,0.09276273
943957,0.09796756
943993,0.2391528
943994,0.33197075
944001,0.2679913
944002,0.19884922
944003,0.18619277
944004,0.14324535
944005,0.18339619
944006,0.13137923
944007,0.088876754
944008,0.18605982
944009,0.12311493
944010,0.12133987
944017,0.14332858
944018,0.10811596
944019,0.17739232
944020,0.09274207
944021,0.16236003
944022,0.10966307
944023,0.09082462
944024,0.093220845
944028,0.10356156
944029,0.09808987
944030,0.09548277
944031,0.094205424
944032,0.09047659
944033,0.08234931
944034,0.09717408
944040,0.10729197
944041,0.09406965
944042,0.08535064
944043,0.08886412
944044,0.0915799
944045,0.09406965
944046,0.08987419
944047,0.0921339
944048,0.077454425
944049,0.08606474
944050,0.09758431
944051,0.13564233
944052,0.15062645
944053,0.0896351
944054,0.089383356
944055,0.09036739
944056,0.10597905
944057,0.12654243
944058,0.09019822
944059,0.096017726
944060,0.09399452
944061,0.10172036
944062,0.09950678
944070,0.2940807
944071,0.27874732
944072,0.24915084
944073,0.14178582
944077,0.2597011
944078,0.23006351
944079,0.2537914
944080,0.24970864
944081,0.14274155
944082,0.15604687
944083,0.11785572
944084,0.12943682
944087,0.16808988
944088,0.145463
944089,0.14663278
944090,0.15712613
944092,0.425902
944093,0.23641762
944094,0.3175363
944095,0.30239576
944096,0.34856543
944097,0.27492464
944098,0.26398975
944099,0.2614497
944100,0.22539936
944101,0.21301296
944102,0.23331642
944103,0.20664471
944109,0.16181116
944110,0.18556012
944111,0.18470965
944112,0.18917039
944113,0.18917039
944117,0.118955076
944118,0.11083922
944119,0.15912054
944120,0.1104444
944121,0.17012821
944122,0.10927339
944123,0.14760002
944124,0.107450806
944125,0.1459507
944128,0.11832793
944315,0.17417893
944316,0.16543578
944329,0.14408895
944336,0.14884296
944337,0.121881425
944338,0.33862913
944339,0.21995367
944340,0.1943746
944341,0.26706827
944342,0.16242562
944343,0.23959072
944344,0.12564556
944345,0.18520899
944346,0.16317654
944352,0.19033119
944353,0.20933497
944354,0.15065251
944355,0.13125221
944356,0.08543861
944357,0.1095389
944373,0.13775454
944374,0.13612461
944375,0.12647519
944376,0.123400874
944377,0.123400874
944395,0.19488202
944396,0.12616819
944397,0.078398354
944398,0.11865964
944399,0.12163209
944400,0.07936246
944401,0.080277145
944402,0.07938429
944403,0.12179163
944404,0.13032116
944405,0.12142567
944406,0.12142567
944424,0.14114925
944425,0.11593442
944426,0.11593442
944427,0.09692681
944428,0.1209673
944429,0.10527978
944430,0.11552708
944446,0.14016126
944447,0.11829064
944448,0.1295324
944449,0.11839511
944476,0.14028196
944477,0.11839511
944478,0.11839511
944479,0.11765284
944480,0.11765284
944481,0.11765284
944513,0.1394242
944514,0.11347898
944515,0.11347898
944516,0.11347898
944532,0.13193004
944533,0.08435134
944536,0.09378647
944537,0.118736014
944538,0.07735004
944539,0.07946939
944540,0.089553006
944541,0.038518984
944542,0.06880831
944543,0.09327136
944544,0.08256469
944545,0.086557254
944547,0.1318517
944548,0.13531643
944549,0.12826963
944550,0.09097995
944551,0.0781284
944552,0.0904565
944561,0.14633344
944562,0.12826963
944563,0.13531643
944564,0.14162518
944567,0.15118939
944571,0.2163288
944572,0.14983927
944573,0.22018656
944574,0.22585683
944579,0.19013315
944580,0.2176021
944581,0.16070643
944582,0.1911853
944587,0.11566497
944618,0.15749072
944619,0.19699205
944620,0.15486549
944622,0.1570842
944637,0.15220405
944638,0.08506827
944664,0.03418101
944760,0.20819595
944761,0.17180188
944762,0.16104448
944763,0.14862438
944764,0.1431423
944770,0.14263856
944771,0.13011721
944772,0.123283766
944773,0.1015234
944865,0.29155275
944877,0.22600983
944878,0.17847434
944879,0.20710072
944880,0.13990124
944881,0.14028995
944882,0.13645121
944905,0.21422985
944906,0.14624794
944907,0.11905611
944908,0.08608479
944909,0.16567609
944910,0.108393
944918,0.07443895
944919,0.10966263
944920,0.084744304
944921,0.13385962
944922,0.08279211
944923,0.07966148
944925,0.099458165
944926,0.094821796
944927,0.0812492
944928,0.0921411
944929,0.055793237
944930,0.09066068
944931,0.13730766
944932,0.07095275
944933,0.115295626
944934,0.09711009
944935,0.077676356
944936,0.07783025
944937,0.14151888
944938,0.14125957
944939,0.101614326
944940,0.15082972
944941,0.120599516
944942,0.091521665
944943,0.14292945
944944,0.14268224
944945,0.1318783
944953,0.091924876
944954,0.1464477
944955,0.106757425
944958,0.038744632
945001,0.2746639
945002,0.15318282
945003,0.19617373
945004,0.13843793
945019,0.027117915
945030,0.32854494
945031,0.2484354
945032,0.23808925
945033,0.2088334
945034,0.19683981
945045,0.1454581
945046,0.23165722
945171,0.1257875
945194,0.24913055
945195,0.18691908
945196,0.17403395
945197,0.18523932
945198,0.11268461
945199,0.21565145
945200,0.20983207
945201,0.07746352
945236,0.062388677
945237,0.1420726
945238,0.11115878
945343,0.4612218
945344,0.35303396
945345,0.37537825
945346,0.34664768
945347,0.25670123
945348,0.15585087
945349,0.30010518
945365,0.3140431
945366,0.23272559
945367,0.19959082
945368,0.16328068
945377,0.17865421
945378,0.19216979
945388,0.21423185
945389,0.13133448
945390,0.1755117
945391,0.1755117
945392,0.13907208
945393,0.16046558
945394,0.15090106
945411,0.21761276
945412,0.12669681
945413,0.18618087
945414,0.12416641
945415,0.15192994
945419,0.15193367
945420,0.14729339
945421,0.11472677
945422,0.13987893
945423,0.121659
945425,0.14549659
945426,0.1386817
945427,0.1386817
945428,0.13205698
945429,0.1386817
945430,0.17176251
945431,0.12980409
945446,0.048520733
945500,0.13411506
945501,0.08275895
945508,0.031713236
945535,0.26854223
945536,0.19597453
945537,0.22179687
945538,0.23344906
945539,0.17495704
945541,0.18492685
945741,0.2650312
945742,0.23829523
945743,0.21206018
945744,0.16637996
945757,0.4457638
945758,0.53346
945759,0.30750042
945760,0.3561057
945769,0.43848073
945770,0.32834834
945771,0.26673874
945785,0.412598
945801,0.2870694
945809,0.25376773
945810,0.22534068
945818,0.36274064
945819,0.19073379
945820,0.20953314
945821,0.19902033
945822,0.15685442
945823,0.16320251
945833,0.21833666
945834,0.14182943
945835,0.18025358
945836,0.15796156
945837,0.17984292
945866,0.18614267
945867,0.20797342
945868,0.15037577
945869,0.15576601
945870,0.1847681
945871,0.16569217
945879,0.18838625
945880,0.14870757
945881,0.1531469
945882,0.15025118
945883,0.15010427
945884,0.15065195
945893,0.26042268
945894,0.18937954
945895,0.12666312
945896,0.1488034
945897,0.12590428
945898,0.1474674
945901,0.2331205
945902,0.224178
945903,0.15226117
945904,0.1405196
945905,0.22435217
945911,0.22629492
945912,0.15314345
945913,0.18838064
945914,0.16606694
945915,0.15283628
945916,0.14963478
945917,0.18909593
945918,0.22329547
945919,0.22646339
945920,0.15549892
945921,0.20609882
945922,0.18826865
945923,0.1434901
945924,0.13714388
945925,0.13774583
945926,0.13714388
945927,0.10922908
945928,0.12865135
945930,0.15438338
945931,0.17591453
945932,0.111054614
945933,0.19583023
945934,0.20320942
945935,0.12724946
945936,0.16171725
945937,0.11807283
945938,0.16058646
945939,0.15942563
945940,0.20320942
945941,0.14916591
945942,0.11578855
945943,0.11578855
945944,0.110692725
945945,0.105080694
945946,0.1185964
945947,0.14144786
945948,0.13613574
945949,0.10531701
945950,0.1135584
945951,0.1098884
945952,0.16275933
945953,0.14599438
945954,0.2169188
945955,0.10330806
945956,0.08958229
945957,0.10173901
945958,0.0883681
945979,0.19355758
945980,0.086232
945981,0.10564902
945982,0.092799254
945983,0.09712608
945984,0.10383186
945990,0.14342208
945991,0.1303771
945992,0.117703594
945993,0.09059111
945994,0.086885475
945995,0.084700316
946038,0.10718205
946039,0.10442813
946040,0.11573508
946041,0.063269764
946042,0.0744311
946043,0.075772695
946044,0.070299365
946045,0.06450628
946046,0.09393795
946047,0.06204082
946048,0.05665286
946049,0.070796125
946050,0.1492974
946051,0.12095943
946052,0.075196475
946053,0.09593916
946054,0.09593916
946055,0.06999856
946056,0.07078544
946057,0.08887721
946058,0.057801247
946059,0.06829016
946060,0.11663516
946061,0.07578296
946062,0.07020966
946063,0.06841489
946064,0.06559819
946065,0.06559819
946066,0.057364505
946067,0.06559819
946068,0.06686952
946069,0.055703457
946070,0.094989665
946071,0.10778874
946072,0.06485456
946073,0.055904124
946074,0.05345699
946075,0.0951115
946076,0.10813454
946077,0.053336225
946078,0.065981485
946085,0.06930385
946086,0.060003087
946087,0.0730381
946124,0.015776962
946254,0.23926587
946264,0.22836882
946265,0.2034672
946266,0.18782549
946267,0.24877717
946281,0.19886218
946300,0.18122344
946301,0.26024738
946326,0.122348964
946327,0.17514025
946328,0.12159237
946329,0.11234411
946356,0.16784227
946357,0.1648123
946358,0.13235338
946373,0.16061062
946374,0.17905697
946393,0.0383582
946395,0.2803485
946396,0.23823087
946397,0.2281458
946398,0.20941557
946406,0.1886633
946407,0.20297097
946545,0.29892126
946546,0.16231665
946547,0.15509619
946548,0.1747505
946549,0.20570083
946550,0.16638735
946551,0.19915822
946564,0.15120798
946565,0.15980344
946566,0.16867451
946567,0.11542128
946608,0.02640651
946650,0.04418721
946697,0.4388134
946698,0.31083924
946699,0.41234714
946700,0.34990895
946701,0.26646897
946702,0.2571341
946703,0.24833532
946704,0.2357762
946705,0.20337139
946706,0.1987717
946707,0.25038537
946708,0.21462518
946709,0.1773634
946710,0.17530687
946711,0.17449333
946712,0.17449333
946713,0.18911193
946714,0.18482661
946715,0.15180929
946716,0.15180929
946717,0.15145145
946718,0.15145145
946719,0.17564005
946720,0.15403098
946721,0.09690652
946722,0.14479871
946723,0.14479871
946724,0.14479871
946725,0.16981727
946726,0.103913866
946727,0.13471723
946728,0.10982592
946729,0.19402972
946730,0.14307278
946731,0.105402075
946732,0.10143816
946734,0.15034632
946735,0.19206667
946736,0.09828942
946737,0.15060326
946738,0.16459985
946756,0.14866328
946757,0.12623191
946758,0.12623191
946759,0.12623191
946760,0.12623191
946761,0.12623191
946762,0.12623191
946775,0.14248371
946776,0.12237742
946777,0.11840789
946778,0.118004955
946779,0.118004955
946780,0.118004955
946781,0.117406234
946782,0.117406234
946792,0.13542435
946793,0.117406234
946794,0.117406234
946795,0.117406234
946796,0.117406234
946797,0.117406234
946808,0.13542435
946809,0.117406234
946810,0.11761528
946811,0.11465268
946812,0.11163842
946813,0.11163842
946814,0.11163842
946828,0.123973
946829,0.110214524
946830,0.110214524
946831,0.110214524
946832,0.110214524
946833,0.110214524
946834,0.110214524
946842,0.121869825
946843,0.109896846
946844,0.10961201
946845,0.10961201
946846,0.10961201
946847,0.10961201
946848,0.10961201
946853,0.10493695
946854,0.17198242
946855,0.13172047
946856,0.12863548
946857,0.10921963
946858,0.10921963
946859,0.10921963
946860,0.14027783
946968,0.2948013
946969,0.26730213
946973,0.26162893
946974,0.16945826
946975,0.13843854
946976,0.23024912
946977,0.21295929
946978,0.19917351
946979,0.09259182
946981,0.13191104
946982,0.102504246
946983,0.11601061
946984,0.10792856
946985,0.13776319
946986,0.084795
946988,0.0238068
947028,0.37331456
947029,0.303252
947030,0.29140994
947031,0.27345592
947045,0.33010665
947046,0.25139052
947047,0.24820194
947048,0.23579141
947049,0.19598469
947058,0.23629001
947059,0.19707112
947060,0.1804012
947061,0.16446224
947069,0.19524951
947070,0.14212596
947071,0.16502221
947072,0.15917856
947073,0.14110269
947074,0.14110269
947077,0.16275841
947078,0.13447198
947079,0.13447198
947080,0.1314094
947081,0.13036479
947085,0.15338795
947086,0.12981188
947105,0.124025166
947106,0.104903094
947107,0.100118786
947108,0.09829333
947109,0.09524547
947127,0.11503255
947128,0.12112517
947129,0.097591385
947130,0.089163676
947131,0.08732337
947132,0.08435148
947143,0.098025806
947144,0.085429184
947145,0.08546796
947146,0.08549372
947155,0.097016886
947156,0.08011662
947157,0.14350177
947158,0.07916196
947171,0.08990705
947172,0.07430979
947173,0.13488223
947174,0.07430979
947175,0.074195154
947193,0.07998539
947194,0.0706281
947195,0.07017185
947196,0.07038173
947197,0.06881964
947203,0.13960809
947204,0.068871334
947205,0.0695968
947206,0.10510825
947254,0.18280883
947255,0.15079354
947256,0.14161393
947261,0.13160479
947262,0.12740062
947263,0.121664055
947264,0.117207624
947272,0.08741792
947574,0.18392183
947575,0.14544214
947576,0.13687144
947577,0.16182412
947578,0.11406482
947579,0.10761922
947580,0.10719441
947581,0.1796657
947582,0.09195822
947585,0.11286753
947586,0.08884461
947587,0.08080077
947588,0.072729476
947593,0.086972244
947594,0.072431505
947595,0.07312223
947596,0.16933051
947597,0.13520098
947609,0.08036778
947610,0.06646656
947611,0.06568968
947612,0.06568968
947613,0.06372235
947622,0.07565674
947623,0.062840365
947624,0.06272661
947625,0.06274667
947646,0.07532403
947647,0.06256021
947648,0.06256021
947649,0.06256021
947650,0.06256021
947679,0.07468707
947680,0.061863627
947681,0.103147894
947702,0.07449663
947703,0.06274617
947704,0.15340106
947705,0.13938221
947706,0.06268045
947727,0.07434081
947728,0.06249921
947729,0.062253393
947730,0.06342283
947743,0.07706495
947744,0.06500731
947745,0.06500731
947746,0.063508734
947753,0.075852394
947754,0.05912686
947755,0.057083026
947756,0.057083026
947757,0.056431036
947761,0.06657685
947762,0.054469425
947763,0.13080639
947774,0.06687065
947775,0.11572345
948141,0.26267564
948142,0.39768597
948143,0.30431193
948144,0.1872228
948145,0.25854814
948149,0.17074515
948150,0.29190797
948151,0.22188671
948161,0.2512753
948162,0.2156523
948171,0.11898594
948172,0.13164732
948173,0.20974368
948178,0.04316984
948249,0.24847145
948250,0.22864297
948251,0.2154798
948265,0.12021968
948640,0.3565727
948641,0.310338
948642,0.18466625
948643,0.2253866
948644,0.28264913
948645,0.26232973
948646,0.25527012
948647,0.24442013
948648,0.20349628
948649,0.21842858
948650,0.13445225
948651,0.14127976
948652,0.20122474
948653,0.14334661
948654,0.11081875
948655,0.12513572
948656,0.21736948
948657,0.10958256
948658,0.12180511
948659,0.08612828
948660,0.08872209
948674,0.02061782
948734,0.3712531
948735,0.17213094
948736,0.46346003
948737,0.31940097
948738,0.24753022
948739,0.3516129
948740,0.29958963
948750,0.35850358
948751,0.23766375
948752,0.2316864
948753,0.2316864
948754,0.20246908
948757,0.24797994
948758,0.21979915
948759,0.24012974
948760,0.19558188
948761,0.19558188
948762,0.1915488
948770,0.21256343
948771,0.1926172
948772,0.17346127
948773,0.17346127
948774,0.16795094
948784,0.19925946
948785,0.1656941
948786,0.165427
948787,0.19811805
948788,0.165427
948789,0.21741454
948801,0.19874294
948802,0.19675413
948803,0.17008452
948804,0.16524665
948805,0.16524665
948812,0.23691298
948813,0.16292028
948814,0.1627332
948815,0.19221555
948816,0.17335048
948817,0.16281785
948823,0.2328751
948824,0.16281785
948825,0.15213399
948826,0.16295436
948827,0.16295436
948834,0.19351326
948835,0.16295436
948836,0.25530294
948837,0.17590235
948838,0.15777957
948843,0.17865208
948844,0.15084709
948845,0.16278002
948846,0.15618017
948847,0.1474765
948848,0.26431623
948849,0.21679991
948850,0.15361425
948851,0.1531731
948852,0.15247041
948853,0.16954665
948855,0.17691787
948856,0.14946164
948857,0.14587022
948858,0.14381681
948859,0.15006854
948868,0.19636415
948869,0.1362537
948870,0.13514347
948871,0.16115694
948875,0.15475105
948876,0.132012
948877,0.13206735
948878,0.1580891
948879,0.14726722
948880,0.09255471
948881,0.055005286
948882,0.051764
948884,0.058743432
948885,0.049744237
948886,0.044836484
948887,0.043330375
948888,0.041123595
948889,0.04020817
948890,0.04041313
948891,0.037692472
948892,0.09957842
948893,0.036363747
948894,0.034505982
948895,0.062426474
948896,0.07638815
948897,0.064510725
948898,0.07363271
948899,0.09499413
948903,0.06429328
948905,0.2528799
948906,0.23373683
948907,0.2893935
948908,0.17549112
948909,0.25413445
948910,0.15930337
948911,0.2030039
948912,0.19175877
948913,0.19051434
948920,0.13324925
948938,0.44244418
948939,0.3629293
948940,0.31151927
948941,0.35767493
948942,0.31445563
948943,0.33405492
948944,0.20893
948945,0.15814236
948946,0.09432693
948947,0.12085193
948948,0.09118431
948949,0.17889093
948950,0.14208114
948951,0.21296963
948952,0.18779244
948953,0.13903466
948954,0.16331792
948955,0.083655596
948956,0.08087501
948957,0.11044583
948958,0.11003872
948959,0.09725693
948960,0.15067495
948961,0.14583488
948966,0.027817858
949062,0.28688595
949063,0.21356182
949064,0.26961258
949065,0.21532997
949066,0.24020638
949070,0.24130851
949072,0.33866814
949073,0.21939674
949074,0.22804862
949075,0.1993136
949076,0.22220673
949081,0.277233
949082,0.16689456
949083,0.14071268
949084,0.1855704
949085,0.12628014
949091,0.22045656
949092,0.1336819
949093,0.0937852
949094,0.11673368
949095,0.09858861
949096,0.108524986
949101,0.14328599
949102,0.12935972
949103,0.11460804
949104,0.1771485
949105,0.09404497
949106,0.11188534
949115,0.16213465
949116,0.14880782
949117,0.16700383
949118,0.108288944
949119,0.11595577
949120,0.108288944
949145,0.034150075
949165,0.10344538
949173,0.077983655
949189,0.03303806
949294,0.28606227
949295,0.23038039
949296,0.26039058
949297,0.28269747
949298,0.20462042
949299,0.1986757
949300,0.19440939
949301,0.18550187
949304,0.16121538
949305,0.1420798
949306,0.1410577
949307,0.17080626
949308,0.11835098
949316,0.15532823
949317,0.114277266
949318,0.13401245
949319,0.11209167
949320,0.09396994
949474,0.37458587
949475,0.3248682
949476,0.31357068
949477,0.33284178
949478,0.2824722
949479,0.1702645
949480,0.26304662
949481,0.24695855
949482,0.18253821
949483,0.20879832
949484,0.22696629
949485,0.19031297
949486,0.16904177
949487,0.16551088
949488,0.14185826
949489,0.14263587
949490,0.1417661
949491,0.119445235
949495,0.026769467
949748,0.03462409
949764,0.37028056
949765,0.2389149
949766,0.3370973
949785,0.27463698
949786,0.11333094
949799,0.13577405
949800,0.0798946
949801,0.0894601
949802,0.06534825
949803,0.07492234
949811,0.091823444
949812,0.069859296
949813,0.050419636
949814,0.049909502
949815,0.05761166
949816,0.056908544
949819,0.06474977
949820,0.15709987
949821,0.14485931
949822,0.14779584
949823,0.08367073
949831,0.11805047
949832,0.08793142
949833,0.074621834
949834,0.11690423
949835,0.12460452
949836,0.073895894
949848,0.15775578
949849,0.12573643
949850,0.13890915
949851,0.07055103
949852,0.085129865
949853,0.12247273
949854,0.11163745
949917,0.36603895
949918,0.20483848
949919,0.3717975
949920,0.19058949
949921,0.2598366
949930,0.20512877
949931,0.18903735
949932,0.2699957
949933,0.21984984
949934,0.2609061
949941,0.1528684
949942,0.12400726
949943,0.18761688
949944,0.17929836
949945,0.18027954
949953,0.102120794
949954,0.14374185
949955,0.12092375
949995,0.18441463
949996,0.1563655
949997,0.1651002
950054,0.2668246
950055,0.16687056
950056,0.14103498
950062,0.11826801
950073,0.3354112
950074,0.27036107
950075,0.25783986
950076,0.15609215
950085,0.2358985
950086,0.13656086
950087,0.22065812
950088,0.20860533
950089,0.16894929
950090,0.14629678
950211,0.17493793
950212,0.1823778
950213,0.11001829
950214,0.111259185
950215,0.21339941
950216,0.15662086
950227,0.16572733
950228,0.18479387
950229,0.18199435
950230,0.12807322
950231,0.15452795
950232,0.12292223
950233,0.117612325
950245,0.11128698
950246,0.10607684
950247,0.15057872
950248,0.09824444
950249,0.07995954
950335,0.26972067
950345,0.35345218
950346,0.26949185
950347,0.23721212
950348,0.16818379
950350,0.22754918
950351,0.2649881
950352,0.25903952
950353,0.23553306
950354,0.1866478
950355,0.21368404
950356,0.20445
950357,0.15093246
950362,0.10982596
950363,0.110638835
950364,0.1709144
950365,0.12230112
950366,0.087418094
950443,0.03534234
950481,0.27557445
950482,0.23204285
950491,0.15970331
950492,0.19915129
950507,0.14114837
950508,0.12284657
950509,0.13550861
950513,0.021308294
950621,0.10111207
950622,0.08106554
950623,0.08453863
950624,0.07312504
950625,0.07461039
950723,0.14838995
950724,0.2516299
950725,0.10516987
950726,0.095533006
950744,0.2817835
950745,0.14936337
950746,0.22391124
950761,0.28385064
950762,0.2212822
950763,0.1286064
950764,0.14297654
950765,0.1961059
950766,0.18225268
950767,0.14304435
950768,0.17291468
950789,0.14517796
950790,0.17291468
950791,0.14809145
950792,0.19015661
950807,0.1193587
950818,0.11711282
950833,0.18797271
950834,0.07562045
950835,0.1476898
950836,0.15506078
950837,0.095027566
950838,0.12279515
950839,0.10702684
950840,0.1439629
950850,0.17759646
950851,0.1547357
950852,0.18359554
950853,0.1618702
950854,0.1474466
950855,0.1474466
950856,0.14601398
950863,0.17410593
950864,0.14528503
950865,0.14485817
950866,0.1497142
950867,0.1638861
950868,0.14510456
950874,0.17280136
950875,0.14522879
950876,0.14522879
950884,0.17278862
950892,0.1863387
950893,0.1786368
950894,0.15084065
950895,0.15084065
950896,0.14551963
950897,0.16968456
950898,0.14551963
950899,0.16422528
950900,0.14411661
950901,0.14411661
950902,0.14395419
950910,0.19885524
950911,0.14395419
950912,0.14329338
950913,0.14329338
950914,0.09487157
950915,0.14329338
950921,0.17389359
950922,0.17396754
950923,0.13837968
950924,0.17464426
950925,0.13574447
950931,0.15896232
950932,0.15796806
950933,0.13574447
950934,0.13574447
950935,0.13574447
950974,0.022852547
950988,0.232542
950989,0.23504269
950992,0.20733209
950997,0.17969003
951085,0.17974755
951086,0.096077114
951087,0.16992253
951088,0.17561294
951089,0.10913827
951090,0.15167095
951094,0.20280896
951095,0.1638756
951098,0.19170536
951099,0.090702645
951100,0.09698611
951107,0.10348403
951108,0.09336631
951109,0.12417798
951110,0.08974331
951139,0.3442683
951140,0.21796907
951141,0.32371184
951147,0.28478009
951148,0.05977726
951149,0.2879297
951150,0.27003473
951151,0.28990975
951152,0.1290457
951153,0.17964758
951154,0.17180546
951155,0.14434777
951156,0.12740569
951167,0.17851196
951168,0.16539393
951169,0.16703111
951196,0.43536085
951197,0.35253888
951198,0.30778182
951199,0.32165074
951200,0.31566617
951201,0.31511575
951202,0.19878606
951203,0.21178193
951204,0.2465259
951205,0.1551861
951206,0.22518066
951207,0.16815826
951208,0.19021992
951209,0.105762064
951210,0.15128696
951211,0.15128696
951212,0.12959684
951213,0.15553589
951214,0.15071128
951215,0.11517477
951216,0.08846818
951217,0.13509086
951218,0.130637
951219,0.10939203
951220,0.1830762
951221,0.15105443
951222,0.10984288
951223,0.13979457
951224,0.113108456
951225,0.13792916
951226,0.10076418
951227,0.10076418
951228,0.1347742
951229,0.07485534
951230,0.118813194
951252,0.03288072
951312,0.4327158
951313,0.29276374
951314,0.32642156
951338,0.39656037
951339,0.26061592
951340,0.2935987
951341,0.30035496
951342,0.25887477
951362,0.19824365
951363,0.17306687
951364,0.25555596
951365,0.19618618
951366,0.25714907
951367,0.12676594
951368,0.18645942
951377,0.09529062
951378,0.17310593
951379,0.0938463
951380,0.10152279
951381,0.06314536
951382,0.13084744
951392,0.17927797
951393,0.19545738
951394,0.14569785
951395,0.15604192
951396,0.14971615
951408,0.11174129
951410,0.14142446
951413,0.34287012
951414,0.27227336
951415,0.18667856
951416,0.25012434
951417,0.12787361
951418,0.17532551
951419,0.22214797
951420,0.18869613
951421,0.15192167
951422,0.17548607
951423,0.1138404
951519,0.33766145
951573,0.25704095
951574,0.3431322
951575,0.28109416
951576,0.18827838
951577,0.19005562
951578,0.29769483
951589,0.19188054
951590,0.2175888
951609,0.19081917
951610,0.1714793
951611,0.16616917
951612,0.1582673
951613,0.15531611
951614,0.15399614
951615,0.15334874
951616,0.15021299
951617,0.13477021
951618,0.1349847
951619,0.1326178
951620,0.13204508
951651,0.14232445
951652,0.17488003
951653,0.18689738
951654,0.17232749
951655,0.085364476
951656,0.0956403
951657,0.15004954
951658,0.10970321
951659,0.07284119
951660,0.13222271
951661,0.0472913
951662,0.14068149
951663,0.040770516
951664,0.35903078
951665,0.18926108
951666,0.17916171
951673,0.21707927
951674,0.15233102
951675,0.13573076
951676,0.12563638
951677,0.11830596
951678,0.103998445
951679,0.101144336
951680,0.08111966
951683,0.22740434
951684,0.05195916
951685,0.1595623
951686,0.14622138
951687,0.13230751
951688,0.11881913
951689,0.13572586
951691,0.09241367
951692,0.13544798
951693,0.09164778
951697,0.14537543
951698,0.05726071
951699,0.10198243
951700,0.11355779
951701,0.114266485
951702,0.10969941
951703,0.11860233
951707,0.15182436
951708,0.11216172
951709,0.10340173
951710,0.07713143
951711,0.10991032
951713,0.13461138
951714,0.10895663
951715,0.11883004
951716,0.11578925
951717,0.10809686
951718,0.13008888
951719,0.09805096
951720,0.096998304
951721,0.14214675
951722,0.09590319
951723,0.13569002
951724,0.10288318
951725,0.10773359
951726,0.10773359
951727,0.0874628
951729,0.06388652
951730,0.05979262
951731,0.09245657
951732,0.092132725
951733,0.0529887
951737,0.12542571
951738,0.08561113
951739,0.11279503
951740,0.14590651
951741,0.15129617
951742,0.11279503
951743,0.13209824
951744,0.15197216
951751,0.15499751
951752,0.14285742
951753,0.1594495
951754,0.13232946
951770,0.10375723
951771,0.08346094
951772,0.08382518
951773,0.12186385
951774,0.12186385
951775,0.13534084
951778,0.16258065
951779,0.07423432
951787,0.03221371
951881,0.15698317
951882,0.20580903
951883,0.099416815
951884,0.072711274
951923,0.16411163
951924,0.15546787
951925,0.2416851
951926,0.18548405
951927,0.21143672
951928,0.15869075
951929,0.19877245
951930,0.087818325
951931,0.08987576
951953,0.22445911
951954,0.31120288
951955,0.26822174
951956,0.24531916
951959,0.20173684
951960,0.24576677
951961,0.21198012
951962,0.17625894
951963,0.123362474
951964,0.17006327
951983,0.20886245
951995,0.16274644
951996,0.12215391
952034,0.098011546
952037,0.13216196
952113,0.36729527
952114,0.29181448
952123,0.29774976
952124,0.29701996
952125,0.15258512
952126,0.27541447
952127,0.14002402
952136,0.34178537
952137,0.1224713
952138,0.11730715
952139,0.17614987
952140,0.19515279
952141,0.18712428
952142,0.13521555
952161,0.21775949
952162,0.16792211
952163,0.14932321
952164,0.087749146
952165,0.11268697
952166,0.13617043
952178,0.17441154
952179,0.2110722
952180,0.1513657
952181,0.1594627
952182,0.14924768
952187,0.16459765
952188,0.15199956
952189,0.15199956
952190,0.14074674
952191,0.14385974
952193,0.15463026
952194,0.15257236
952195,0.16078681
952196,0.19035268
952197,0.16036607
952198,0.16997601
952199,0.14189303
952200,0.22725412
952201,0.20160092
952202,0.18855816
952203,0.1357008
952220,0.34477696
952221,0.37929004
952222,0.26934123
952223,0.38350096
952224,0.22506164
952225,0.2449111
952226,0.20341556
952227,0.22595334
952228,0.18898816
952229,0.15183021
952233,0.16497341
952234,0.23626453
952235,0.21640824
952236,0.22411717
952237,0.20614316
952238,0.13926587
952239,0.2087876
952240,0.09170303
952241,0.1545152
952242,0.095571086
952243,0.120871
952244,0.15403448
952245,0.18089452
952246,0.21424152
952247,0.12544207
952248,0.09292778
952249,0.15573522
952250,0.12048089
952251,0.068502784
952252,0.16777752
952253,0.12873112
952254,0.12750897
952255,0.13815612
952256,0.039501015
952623,0.13884763
952624,0.20824656
952625,0.2400596
952626,0.22741584
952632,0.11475589
952633,0.1989988
952634,0.113039315
952650,0.3678038
952651,0.18340361
952652,0.33485818
952653,0.30586004
952660,0.3651238
952661,0.27078024
952665,0.31475338
952666,0.23629093
952667,0.20327646
952668,0.231401
952669,0.11370036
952670,0.14709695
952671,0.26275277
952672,0.20724425
952673,0.16961794
952674,0.16961794
952675,0.16961794
952676,0.14822815
952677,0.1866202
952678,0.17718136
952679,0.14598413
952680,0.14617506
952681,0.15652122
952682,0.15561032
952683,0.14172639
952686,0.20817865
952687,0.17086633
952688,0.14335169
952689,0.116787516
952690,0.14335169
952691,0.17031056
952692,0.15875484
952693,0.14335169
952694,0.14335169
952695,0.14335169
952697,0.2020687
952698,0.18737634
952699,0.1872993
952700,0.19601679
952701,0.07597245
952702,0.15554945
952709,0.085035376
952710,0.091892146
952711,0.07751208
952712,0.095161065
952713,0.16545182
952714,0.15208621
952726,0.15285473
952727,0.13237035
952728,0.15418212
952729,0.15946224
952730,0.11812023
952731,0.07638028
952740,0.095305935
952741,0.09610688
952742,0.084490746
952743,0.14435017
952755,0.17520009
952756,0.1297335
952757,0.11379336
952758,0.14522803
952769,0.16436085
952770,0.1297335
952771,0.18118382
952772,0.08085341
952773,0.12421976
952783,0.16174106
952784,0.1552532
952785,0.14307612
952786,0.07294002
952787,0.13817385
952788,0.13014176
952800,0.23302823
952801,0.16155466
952802,0.12364017
952803,0.09909422
952804,0.09701344
952805,0.13281101
952819,0.08264404
952820,0.12909724
952821,0.13247563
952822,0.15272719
952823,0.13081142
952824,0.15354331
952831,0.14664863
952832,0.12909724
953059,0.46104446
953060,0.27831814
953061,0.27693942
953062,0.31266904
953063,0.255142
953064,0.21054192
953065,0.22989486
953066,0.19317652
953072,0.28726333
953073,0.17085032
953074,0.22393714
953075,0.21558626
953076,0.1624918
953077,0.15641789
953078,0.18919194
953079,0.18420303
953080,0.17799881
953081,0.14525841
953082,0.11645024
953084,0.20107748
953085,0.15031014
953086,0.09070501
953087,0.145607
953088,0.16668148
953089,0.16338111
953090,0.13574967
953091,0.13913299
953092,0.16771449
953093,0.07691023
953094,0.17216767
953095,0.13441755
953096,0.1341733
953097,0.13510182
953098,0.1629342
953099,0.12086788
953100,0.11889629
953101,0.11683763
953117,0.022208724
953440,0.36306745
953446,0.24840339
953447,0.27939504
953448,0.16830097
953449,0.1580323
953450,0.14864552
953457,0.22748303
953458,0.17772354
953459,0.16053076
953460,0.15584004
953461,0.1547368
953462,0.14215952
953463,0.14973228
953464,0.12554543
953465,0.12492782
953466,0.121840805
953468,0.14153239
953469,0.10406621
953470,0.10266634
953471,0.10266634
953472,0.10241034
953473,0.099115916
953474,0.09461939
953475,0.08771175
953476,0.08453398
953478,0.08633109
953611,0.31679118
953612,0.25787446
953613,0.24630044
953614,0.3113728
953615,0.15330249
953629,0.26275033
953630,0.2617879
953631,0.2503079
953632,0.16952777
953633,0.17890675
953634,0.16527976
953649,0.18621698
953650,0.07509319
953651,0.1375781
953652,0.1375781
953653,0.13694045
953654,0.13694045
953667,0.14459945
953668,0.12057027
953669,0.12057027
953670,0.11862898
953671,0.11862898
953672,0.11377284
953687,0.13273361
953688,0.05727657
953689,0.11250382
953690,0.11253788
953691,0.11253788
953715,0.16756012
953716,0.19980384
953717,0.11241865
953718,0.11241865
953719,0.13467039
953720,0.11241865
953756,0.13292582
953757,0.11216941
953758,0.11125829
953759,0.14936244
953760,0.11026972
953761,0.10668069
953762,0.10668069
953777,0.12078907
953778,0.10356186
953779,0.12893541
953780,0.10356186
953781,0.1015373
953795,0.16687492
953796,0.11427715
953797,0.13677529
953798,0.10125485
953807,0.106039695
953857,0.41444978
953858,0.29650447
953864,0.24350435
953865,0.25229412
953866,0.2605911
953867,0.27863595
953868,0.14159253
953869,0.13365376
953875,0.16899809
953876,0.14688054
953877,0.21456738
953878,0.15868136
953898,0.17412794
953899,0.08224799
953915,0.30361846
953916,0.1843233
953917,0.26048082
953918,0.26512516
953919,0.15713312
953939,0.3007751
953940,0.23061779
953941,0.14289416
953942,0.14920968
953943,0.20276463
953944,0.17986777
953956,0.17276263
953957,0.16257869
953958,0.16606922
954072,0.28015897
954073,0.41220397
954074,0.32242414
954076,0.25804427
954077,0.25973767
954078,0.27170628
954079,0.353187
954080,0.282963
954081,0.2130571
954082,0.20419504
954083,0.2727248
954084,0.15894702
954085,0.18371128
954086,0.13355014
954087,0.19783022
954092,0.18971026
954093,0.21588115
954094,0.28843263
954095,0.17841268
954096,0.1451854
954098,0.19652303
954099,0.16143636
954100,0.11499057
954101,0.14366187
954102,0.1600302
954103,0.14431866
954108,0.098957874
954109,0.094212934
954116,0.03097441
954387,0.20111087
954388,0.21830286
954389,0.19815013
954390,0.1747764
954465,0.03731249
954490,0.42535284
954491,0.39936
954492,0.3918075
954493,0.37347764
954494,0.34570825
954500,0.3531459
954501,0.28006074
954502,0.26231226
954503,0.24031779
954504,0.19988665
954505,0.23802513
954506,0.16965091
954507,0.23307867
954508,0.22969237
954509,0.1433569
954510,0.10688688
954511,0.18682292
954513,0.1711011
954514,0.15010655
954515,0.07783218
954516,0.11916311
954517,0.12691304
954518,0.16926305
954519,0.13009109
954520,0.092847064
954521,0.10102679
954522,0.09983339
954523,0.13940986
954524,0.15009521
954525,0.14848265
954526,0.1293351
954527,0.12590344
954528,0.12590344
954529,0.14331771
954530,0.14643437
954531,0.08037763
954532,0.1318584
954533,0.11739094
954534,0.12535837
954535,0.14222042
954536,0.14376165
954537,0.11344262
954538,0.12888575
954539,0.11233124
954540,0.14225669
954541,0.082530975
954542,0.11187798
954543,0.06304877
954544,0.15991236
954545,0.14615725
954546,0.12132637
954547,0.121373355
954548,0.120585136
954716,0.30707225
954717,0.14729507
954718,0.22828218
954719,0.12761652
954720,0.09057948
954721,0.17637433
954722,0.20971943
954723,0.21227917
954724,0.11206888
954725,0.12744106
954726,0.1219837
954727,0.20242545
954728,0.15194099
954729,0.10992621
954730,0.09948418
954731,0.12277026
954732,0.118226886
954733,0.053322755
954734,0.09498387
954735,0.08871883
954740,0.1336035
954741,0.10053595
954742,0.099656984
954743,0.08650815
954744,0.08226024
954751,0.087891
954752,0.049886364
954753,0.077318095
954754,0.0862345
954755,0.06983337
954756,0.07409307
954758,0.09684159
954759,0.08491103
954760,0.06807764
954761,0.09037491
954762,0.06903673
954763,0.09323757
954764,0.089900486
954765,0.07485252
954766,0.0555043
954767,0.010743486
954809,0.36445427
954810,0.2717597
954811,0.23136331
954812,0.17430314
954823,0.23959559
954824,0.17417356
954825,0.22307737
954826,0.2255105
954827,0.12409859
954828,0.21024102
954846,0.14059189
954847,0.16280209
954848,0.114019126
954849,0.13120094
954850,0.12263757
954862,0.1734526
954863,0.1120345
954864,0.11750279
954865,0.11171407
954866,0.05382878
954867,0.08901906
954883,0.13407008
954884,0.043885194
954885,0.09625025
954886,0.06672062
954904,0.089299
954905,0.058614492
954906,0.06283528
954907,0.08677512
954908,0.07284269
954915,0.027823508
955034,0.21272957
955035,0.15116528
955036,0.06183531
955037,0.15102959
955038,0.13874464
955047,0.31898594
955048,0.24903522
955049,0.2978208
955054,0.32251146
955055,0.16431579
955056,0.16331965
955057,0.21267767
955058,0.19073442
955075,0.21883868
955076,0.1475536
955077,0.15414296
955078,0.12956266
955079,0.08449838
955097,0.13921681
955098,0.10763387
955099,0.12017979
955100,0.16112664
955101,0.10763749
955121,0.12734461
955122,0.1189834
955123,0.13496342
955124,0.065805085
955137,0.062347118
955138,0.10006844
955139,0.089108
955140,0.10573761
955141,0.110285334
955142,0.09167422
955156,0.11044409
955157,0.10907832
955158,0.094789095
955159,0.07852161
955160,0.09837194
955161,0.087450564
955175,0.09053077
955176,0.11292824
955177,0.11469022
955178,0.13030319
955179,0.085881494
955180,0.08795228
955208,0.01926443
955538,0.26040322
955539,0.21869722
955540,0.30407745
955541,0.29376003
955551,0.22207089
955558,0.20705292
955559,0.15991841
955560,0.1538355
955561,0.13856421
955564,0.16108684
955565,0.13154499
955566,0.12086935
955567,0.108535625
955568,0.10557409
955575,0.12277349
955576,0.10506249
955577,0.10504593
955578,0.09038032
955579,0.08704293
955584,0.100298844
955585,0.08773196
955586,0.08773196
955587,0.084920235
955588,0.08364034
955595,0.09124799
955596,0.082563855
955597,0.07783146
955598,0.07783146
955599,0.069726
955603,0.066760615
955604,0.064315975
955605,0.0187739
955854,0.16731718
955855,0.1460288
955856,0.13742909
955857,0.116086945
955858,0.11679399
955859,0.11093319
955860,0.10604455
955865,0.08540201
956003,0.38964522
956004,0.30959144
956005,0.31988952
956006,0.1813975
956007,0.25440183
956013,0.36074412
956014,0.2837152
956015,0.29375494
956016,0.1978421
956017,0.2419921
956028,0.23072773
956029,0.22944358
956030,0.09362713
956031,0.11849433
956032,0.15916851
956039,0.23445347
956040,0.19144772
956041,0.14178051
956042,0.12606707
956043,0.07732927
956044,0.08971347
956045,0.09080036
956052,0.1565998
956053,0.077930756
956054,0.17122655
956055,0.100086026
956056,0.08695996
956060,0.24907279
956061,0.1093428
956062,0.16317417
956063,0.16317417
956064,0.1313231
956065,0.13085186
956066,0.13651249
956073,0.18476593
956074,0.17099622
956075,0.12963907
956076,0.12958199
956077,0.12935439
956078,0.12970918
956086,0.15476279
956087,0.17262377
956088,0.13226184
956089,0.1690168
956090,0.13187087
956104,0.15428418
956105,0.13172741
956106,0.16666318
956107,0.13172741
956108,0.12925668
956112,0.14506233
956113,0.15055093
956114,0.124951325
956115,0.19627252
956116,0.17433067
956117,0.1726318
956118,0.13996276
956119,0.1204591
956120,0.15120898
956121,0.1170258
956122,0.16220833
956123,0.1170258
956127,0.17164
956128,0.16215104
956129,0.14815593
956130,0.13230245
956131,0.12976556
956138,0.16038315
956139,0.14878038
956140,0.121048056
956141,0.14823624
956142,0.15638037
956143,0.1544638
956146,0.14142197
956147,0.114741944
956148,0.122961335
956149,0.12317835
956150,0.15388805
956151,0.18720993
956152,0.13039069
956153,0.12105846
956154,0.1278648
956161,0.12474226
956162,0.12785484
956163,0.09810038
956164,0.12229873
956167,0.13084202
956169,0.16290611
956170,0.13600601
956171,0.119031705
956172,0.10824777
956173,0.101771854
956174,0.080475986
956388,0.15402864
956413,0.12732099
956414,0.12620635
956415,0.11210194
956416,0.1054227
956463,0.17495012
956464,0.1466384
956465,0.13576019
956466,0.12257805
956467,0.115355685
956468,0.10847141
956488,0.025170492
956539,0.15664259
956540,0.13268384
956541,0.12601234
956542,0.11118675
956548,0.095298864
956579,0.21294416
956580,0.1792627
956581,0.19165301
956582,0.13894244
956583,0.12922746
956584,0.12241508
956585,0.11318133
956586,0.10587026
956587,0.094338216
956588,0.09176613
956589,0.09106755
956590,0.0814707
956602,0.053700015
956603,0.068450585
956931,0.24390094
956932,0.37950504
956933,0.3359587
956934,0.25739825
956935,0.14070727
956936,0.23785245
956938,0.2828381
956939,0.16725454
956940,0.14572254
956941,0.20432821
956942,0.21570954
956943,0.19370966
956988,0.3875832
956989,0.40970132
956990,0.26138237
956991,0.35998142
956992,0.34591797
956993,0.2145274
956994,0.2021619
956995,0.30515254
956997,0.19602585
956998,0.13251132
956999,0.12620209
957000,0.1149123
957001,0.099473305
957002,0.089148395
957003,0.069860615
957004,0.069860615
957005,0.069860615
957006,0.059473183
957007,0.058633916
957012,0.06987529
957013,0.057602894
957014,0.057061393
957015,0.055016495
957016,0.06662228
957017,0.05766715
957018,0.05818493
957019,0.056322288
957020,0.056322288
957021,0.05431266
957022,0.06152181
957023,0.053603295
957024,0.053603295
957025,0.053603295
957026,0.053401798
957027,0.060653638
957028,0.0583589
957034,0.083196454
957035,0.0678989
957036,0.05894069
957043,0.26178184
957044,0.18137203
957045,0.11230355
957046,0.14999641
957047,0.14075395
957054,0.12461516
957055,0.08565414
957056,0.07736143
957057,0.04785745
957058,0.07483992
957059,0.08420439
957067,0.10178957
957068,0.09348555
957069,0.116366245
957070,0.122252904
957071,0.088860534
957072,0.108282655
957075,0.04513548
957076,0.03409811
957077,0.081021115
957078,0.08656642
957079,0.08639266
957080,0.100751035
957081,0.10622904
957082,0.07314654
957083,0.09264939
957084,0.09954475
957086,0.07765254
957087,0.10707459
957088,0.10329139
957089,0.11679861
957090,0.10314327
957091,0.05685021
957092,0.13233273
957093,0.058129624
957094,0.046863176
957095,0.085703455
957096,0.056896705
957097,0.12818284
957098,0.07499116
957099,0.09407996
957100,0.077967115
957101,0.12196919
957102,0.09184955
957104,0.310755
957105,0.18342656
957106,0.20641495
957107,0.17323709
957108,0.15932113
957114,0.24695355
957115,0.09197472
957116,0.0819482
957117,0.12159114
957118,0.07238844
957119,0.09864902
957127,0.15242496
957128,0.09375655
957129,0.13628292
957130,0.15796365
957131,0.075401716
957132,0.09280661
957133,0.06338262
957141,0.13349837
957142,0.0855731
957143,0.081535354
957144,0.0918739
957145,0.09186157
957154,0.11462247
957155,0.07579933
957156,0.06661187
957157,0.10280033
957158,0.09239905
957159,0.13859753
957160,0.08856939
957161,0.09078381
957162,0.09566049
957163,0.07234094
957164,0.11048319
957169,0.13428685
957170,0.099590026
957171,0.111987405
957172,0.07595272
957173,0.10214083
957174,0.10639614
957175,0.10072734
957176,0.09775722
957177,0.11774552
957178,0.099637896
957179,0.09891451
957180,0.09891451
957181,0.083651245
957182,0.09891451
957183,0.10271351
957184,0.10306596
957185,0.0823494
957186,0.11036364
957187,0.09783448
957188,0.07800217
957208,0.050291717
957209,0.1496741
957210,0.1496741
957211,0.1496741
957212,0.1496741
957213,0.10117377
957214,0.1496741
957215,0.06340082
957216,0.1496741
957217,0.1496741
957218,0.15236653
957219,0.15846603
957220,0.16189614
957221,0.13955484
957222,0.13955484
957223,0.13955484
957224,0.13955484
957225,0.13955484
957231,0.04475279
957232,0.45254472
957233,0.36575478
957235,0.41180944
957236,0.33576658
957237,0.3217872
957238,0.30995813
957239,0.3013526
957243,0.33272755
957244,0.23688148
957245,0.23130278
957265,0.26729456
957266,0.21768169
957267,0.19517139
957268,0.19295682
957269,0.19208045
957289,0.21563694
957290,0.19208045
957291,0.15967353
957292,0.1545622
957293,0.1519123
957294,0.15155427
957323,0.15148035
957404,0.4663226
957405,0.3651534
957406,0.35222447
957407,0.3294474
957408,0.3160277
957409,0.30481607
957410,0.29707354
957411,0.28285995
957412,0.23694253
957413,0.23136285
957414,0.23136285
957415,0.21931644
957416,0.2020944
957417,0.19858591
957418,0.19847387
957419,0.19847387
957420,0.19847387
957421,0.17102182
957422,0.16889107
957430,0.18618216
957444,0.11579471
957445,0.12691572
957446,0.124811456
957447,0.14721018
957448,0.14721018
957458,0.17435464
957459,0.14637145
957460,0.14637145
957461,0.14637145
957462,0.14637145
957463,0.14637145
957471,0.16605689
957472,0.13975264
957473,0.13975264
957474,0.13975264
957475,0.13857189
957476,0.13841735
957485,0.15948799
957486,0.1353911
957487,0.13204435
957488,0.13204435
957489,0.13150166
957497,0.14911577
957498,0.13102238
957499,0.13102238
957500,0.13102238
957501,0.13102238
957502,0.13102238
957503,0.13102238
957510,0.14610146
957511,0.12024803
957512,0.12024803
957513,0.119512595
957514,0.119512595
957515,0.11699734
957522,0.13208184
957523,0.11699734
957524,0.11699734
957525,0.11699734
957543,0.025862962
957774,0.41491488
957775,0.21393725
957776,0.3459532
957777,0.3307194
957784,0.37905416
957785,0.30499232
957786,0.2964654
957787,0.28305364
957788,0.23711497
957797,0.26966968
957798,0.23111038
957799,0.21880428
957800,0.20161207
957801,0.19934253
957817,0.22823526
957818,0.19844428
957819,0.19844428
957820,0.17177154
957821,0.16884264
957822,0.16884264
957841,0.18946025
957842,0.16845265
957843,0.16167435
957844,0.1588817
957845,0.1588817
957846,0.15712956
957853,0.1616701
957854,0.15039603
957855,0.13410857
957856,0.13278756
957857,0.13250303
957868,0.32859218
957869,0.28179425
957870,0.27051985
957871,0.25007284
957872,0.24151894
957873,0.2327408
957874,0.22557822
957876,0.17339268
957959,0.14635876
957960,0.1230515
958027,0.355784
958028,0.16916126
958029,0.16395944
958030,0.18999662
958031,0.11586282
958032,0.21066228
958033,0.15282916
958034,0.10478518
958035,0.15830265
958036,0.09880511
958037,0.080681235
958038,0.11740102
958039,0.08195117
958048,0.01629896
958324,0.2110435
958331,0.4028711
958332,0.38042283
958333,0.40009165
958334,0.14285286
958335,0.3258161
958344,0.2646838
958345,0.31258538
958346,0.18089187
958347,0.25035852
958351,0.259669
958352,0.2052591
958353,0.2112131
958354,0.20295835
958355,0.122503266
958356,0.1826569
958362,0.1779766
958363,0.14964616
958364,0.15601619
958365,0.12759973
958366,0.1374761
958373,0.19667578
958374,0.15817137
958375,0.07424833
958376,0.13748802
958396,0.18911989
958397,0.12392203
958398,0.10578667
958399,0.17231536
958400,0.13847901
958405,0.11880914
958406,0.11605367
958409,0.11810294
958410,0.072614335
958411,0.1016274
958412,0.08382212
958413,0.12073278
958414,0.085041165
958415,0.13008806
958421,0.124919854
958422,0.112444595
958423,0.14663593
958424,0.1345563
958433,0.108242996
958475,0.38628483
958476,0.23538317
958484,0.36317056
958485,0.25972572
958486,0.33607283
958487,0.2476574
958488,0.32253954
958490,0.26925743
958491,0.2505067
958492,0.23852777
958493,0.13365328
958494,0.10694158
958495,0.09931133
958504,0.21902883
958505,0.15682298
958506,0.09175966
958507,0.20072792
958508,0.16729982
958512,0.12730496
958513,0.10149096
958514,0.075428896
958515,0.15785907
958516,0.099408075
958518,0.10122329
958519,0.12193283
958520,0.08539122
958521,0.12746692
958522,0.15153116
958523,0.14608933
958524,0.12746692
958530,0.12763196
958531,0.11498447
958532,0.14441982
958533,0.109631926
958534,0.109631926
958537,0.13259377
958538,0.14227447
958539,0.0672557
958540,0.06540119
958541,0.07429908
958542,0.11932375
958549,0.09358667
958550,0.1207664
958551,0.10475952
958552,0.09462764
958562,0.016214542
958581,0.0728764
958590,0.13308725
958846,0.33501408
958847,0.3167278
958848,0.2698376
958849,0.15984118
958850,0.14460598
958851,0.10461977
958853,0.13622063
958854,0.10238801
958896,0.35463917
958897,0.27201468
958898,0.22553092
958899,0.19809559
958900,0.19120614
958901,0.12509392
958928,0.18159571
958929,0.1666418
958930,0.14705968
958962,0.24524413
958963,0.21460028
958964,0.1974988
958965,0.25182015
958970,0.23410043
958971,0.17596617
959004,0.020248566
959047,0.1309288
959048,0.095348746
959049,0.09913141
959050,0.16718666
959096,0.30651656
959097,0.197742
959098,0.2677981
959099,0.20910028
959100,0.17242768
959109,0.15033126
959110,0.18501692
959120,0.07906623
959162,0.07468684
959163,0.13562684
959216,0.32049903
959217,0.31559741
959218,0.26246724
959219,0.1522563
959220,0.13790752
959221,0.09769196
959222,0.13727206
959223,0.08941014
959362,0.24324931
959363,0.26392806
959364,0.2931348
959365,0.24055806
959366,0.23319355
959367,0.23054245
959368,0.1844601
959369,0.20476408
959381,0.16733421
959382,0.20375413
959383,0.20375413
959384,0.16177867
959385,0.16663088
959386,0.1416493
959399,0.028899197
959533,0.132812
959534,0.038004216
959546,0.28985053
959547,0.24010992
959548,0.21592766
959549,0.25347263
959550,0.19471048
959551,0.20133992
959552,0.14455867
959553,0.15409438
959559,0.28736454
959560,0.15182921
959561,0.21011207
959562,0.20895302
959563,0.1167684
959564,0.13347647
959572,0.1390054
959573,0.096844964
959574,0.11293826
959575,0.09347267
959576,0.10575512
959577,0.11417573
959583,0.091300495
959584,0.08749692
959585,0.11789229
959586,0.07581457
959587,0.08271843
959588,0.104703255
959589,0.092125684
959590,0.07094825
959591,0.020437114
959674,0.112683296
959675,0.095690124
959700,0.28751642
959706,0.21694687
959707,0.22377732
959720,0.04751421
959812,0.21343847
959813,0.15979064
959814,0.10023092
959815,0.13983122
959816,0.07098208
959817,0.21467641
959818,0.10616857
959819,0.09161625
959820,0.14297885
959821,0.09453732
959822,0.09788872
959823,0.08132175
959824,0.08163939
959825,0.047704052
959826,0.1541191
959827,0.08393551
959828,0.082273476
959829,0.0615818
959830,0.08644352
959925,0.38804027
959926,0.24309134
959927,0.28304183
959928,0.2821331
959929,0.08899337
959930,0.19907868
959931,0.15882368
959932,0.13419579
959933,0.1599675
959934,0.192367
959935,0.11809836
959936,0.19732328
959937,0.080145046
959938,0.12418181
959942,0.16717899
959943,0.0611786
959944,0.08936028
959945,0.063131236
959946,0.045173503
959947,0.07737402
959952,0.13740452
959953,0.112379014
959954,0.07128059
959955,0.15784702
959964,0.09390569
960058,0.4497478
960059,0.3349653
960060,0.28017566
960061,0.2644941
960062,0.2673378
960063,0.27151647
960064,0.2706473
960065,0.26536798
960066,0.18465933
960067,0.15248753
960068,0.16107522
960069,0.14882259
960070,0.18300988
960071,0.089772835
960072,0.13069613
960073,0.1121071
960074,0.09506618
960075,0.12869774
960091,0.110332645
960092,0.15067188
960093,0.12529345
960094,0.11571573
960095,0.10789738
960096,0.10015215
960097,0.10591626
960143,0.29600683
960146,0.157811
960147,0.16539635
960148,0.17823477
960149,0.14349559
960161,0.036507893
960218,0.13357301
960227,0.08020963
960305,0.19756228
960306,0.09635447
960307,0.1520752
960416,0.2793068
960425,0.15825553
960426,0.17075796
960427,0.11261584
960428,0.16149011
960429,0.10930758
960430,0.17454036
960451,0.02046972
960494,0.2917637
960495,0.17423774
960496,0.2798139
960502,0.24443538
960503,0.1703331
960504,0.1515019
960505,0.22851942
960506,0.120201685
960507,0.17255086
960522,0.13249722
960537,0.11694175
960538,0.10679698
960539,0.10317413
960540,0.16381586
960544,0.06894064
960585,0.24145983
960586,0.14813183
960587,0.12818807
960588,0.20343898
960589,0.14968058
960590,0.18491296
960591,0.116688654
960592,0.10293636
960618,0.016896978
960662,0.23519374
960671,0.25727373
960672,0.20287035
960673,0.25543055
960674,0.20018761
960675,0.21145889
960676,0.12915598
960677,0.17083791
960678,0.10830951
960688,0.10072734
960689,0.116450876
960690,0.11700278
960691,0.1421674
960692,0.11881826
960693,0.13032013
960707,0.10850537
960708,0.118156224
960709,0.12785481
960710,0.18293025
960721,0.108810075
960722,0.08523084
960723,0.1360046
960724,0.10806241
960725,0.13495451
960745,0.13892427
960746,0.0998841
960747,0.16106191
960748,0.089523196
960749,0.08172378
960750,0.13168557
960766,0.1200251
960767,0.094462104
960768,0.13722758
960769,0.10627923
960770,0.09357494
960771,0.09207422
960780,0.10789307
960781,0.07366385
960782,0.08687598
960783,0.106184244
960925,0.15857339
960926,0.2568868
960927,0.14043893
960928,0.21121742
960929,0.18324696
960930,0.19928388
960931,0.09746808
960932,0.15951581
960933,0.11817481
960934,0.11071267
960935,0.087724745
960936,0.09352373
960937,0.07429492
961005,0.29466787
961006,0.23179048
961007,0.23535848
961008,0.23632933
961009,0.19938263
961010,0.19077104
961017,0.13068056
961031,0.030655066
961088,0.1952334
961089,0.2544863
961115,0.18921633
961337,0.23646063
961338,0.25618184
961339,0.19881521
961340,0.20776503
961341,0.2670396
961342,0.12850724
961343,0.12001293
961344,0.114410646
961345,0.10081094
961353,0.29559612
961354,0.2826979
961355,0.23320648
961356,0.23167606
961357,0.1977601
961358,0.22817084
961359,0.13719256
961360,0.08153809
961361,0.1741203
961368,0.2285021
961369,0.16747876
961370,0.20278938
961371,0.2023863
961372,0.16213635
961373,0.16989794
961374,0.13048919
961375,0.14856413
961376,0.20328061
961377,0.12951691
961378,0.16317911
961379,0.14186879
961380,0.17976005
961381,0.14352942
961382,0.11794675
961387,0.035508435
961390,0.41404328
961391,0.32552695
961392,0.31161022
961393,0.28982702
961394,0.2818605
961395,0.27080265
961396,0.2635963
961397,0.31446558
961398,0.23401926
961399,0.21373758
961400,0.21687825
961401,0.20236725
961402,0.18615879
961403,0.1986192
961404,0.16882151
961405,0.16882151
961406,0.16882151
961407,0.14510198
961408,0.16659816
961409,0.14005503
961410,0.1377779
961411,0.14256261
961412,0.13603142
961413,0.13431889
961414,0.13478425
961415,0.1549859
961416,0.12705813
961417,0.10921783
961418,0.1347263
961419,0.13706104
961420,0.12638143
961421,0.11295452
961422,0.15451443
961423,0.12700598
961424,0.13387942
961425,0.14416182
961426,0.12363055
961427,0.124906875
961428,0.11588834
961429,0.091699556
961437,0.023861332
961626,0.17879352
961631,0.26165113
961632,0.2590273
961633,0.33323702
961634,0.29068092
961635,0.31167993
961643,0.33299506
961644,0.30321363
961645,0.29287195
961646,0.080998234
961647,0.17388053
961648,0.13992871
961649,0.2024694
961650,0.19984517
961651,0.1928481
961652,0.13855064
961653,0.19607446
961679,0.04697687
961782,0.28814694
961788,0.36184314
961789,0.30187845
961790,0.28637663
961791,0.276663
961792,0.2680041
961808,0.29626337
961809,0.24913664
961810,0.21591173
961811,0.21069054
961812,0.21069054
961828,0.23031814
961829,0.18978466
961830,0.18643993
961831,0.18406515
961833,0.1860634
961834,0.18306334
961835,0.15103495
961836,0.16863212
961849,0.14079167
962114,0.15495631
962115,0.3002157
962116,0.24177895
962117,0.11053208
962118,0.24206316
962133,0.107387766
962134,0.14229937
962135,0.12862991
962149,0.036855448
962238,0.13107373
962239,0.17827204
962240,0.116905846
962241,0.13582805
962262,0.11870101
962271,0.051315
962308,0.2812768
962309,0.2993725
962310,0.21626492
962311,0.19723202
962312,0.2507824
962313,0.15913878
962314,0.15703811
962315,0.17229518
962320,0.24393079
962321,0.10650632
962322,0.12472318
962323,0.15153253
962324,0.13919765
962325,0.14267658
962326,0.11671143
962327,0.14212696
962328,0.09987519
962329,0.11531536
962330,0.088999465
962331,0.15133582
962332,0.08423703
962333,0.11349422
962334,0.15781309
962335,0.081075504
962336,0.11812141
962337,0.18649556
962338,0.10601443
962339,0.12197365
962340,0.10601443
962341,0.10833233
962342,0.08493632
962343,0.080577984
962344,0.18577395
962345,0.08134532
962346,0.1254429
962347,0.13968135
962348,0.07800545
962349,0.10005054
962350,0.0953674
962351,0.09048359
962352,0.10876486
962353,0.07651717
962354,0.099207714
962355,0.07792395
962356,0.09949813
962357,0.1075404
962358,0.09686692
962359,0.06310781
962360,0.08613128
962361,0.0762207
962362,0.087366164
962363,0.067035615
962364,0.08485549
962365,0.06743258
962366,0.08084505
962371,0.015315794
962580,0.23149292
962581,0.27712414
962582,0.2567592
962583,0.17631795
962602,0.24364589
962603,0.20525517
962604,0.23129447
962631,0.14077395
962632,0.15408525
962633,0.12779257
962634,0.14762604
962653,0.17178749
962654,0.096236646
962655,0.123452805
962656,0.10467801
962657,0.13023597
962658,0.094528496
962684,0.101135686
962685,0.116160676
962686,0.068244345
962687,0.09553756
962715,0.074952714
962756,0.2837383
962757,0.18463756
962758,0.15379646
962759,0.18258387
962773,0.20377408
962774,0.13175398
962775,0.17387666
962776,0.12543325
962777,0.12622169
962778,0.09015309
962779,0.12091649
962780,0.09742383
962816,0.21764183
962849,0.20306613
962850,0.13987984
962851,0.1344323
962852,0.106760696
962853,0.1415562
962854,0.114461966
962874,0.022289589
911612,0.084904365
911732,0.5536281
911733,0.48965803
911734,0.44690487
911735,0.3214724
911736,0.24640046
911737,0.22605449
911738,0.23398215
911739,0.21908672
911740,0.30313385
911741,0.11614941
911742,0.07864447
911743,0.06694918
911744,0.13164943
911745,0.061251275
911746,0.075865865
911747,0.13553305
911748,0.12773551
911749,0.055124793
911750,0.0828541
911751,0.07707348
911752,0.08960567
911753,0.09241362
911754,0.0834659
911755,0.08160513
911756,0.10647301
911757,0.1062892
911758,0.07514067
911759,0.060357925
911760,0.06532863
911761,0.07536537
911762,0.060541313
911763,0.10695825
911764,0.048884507
911765,0.08277417
911766,0.06532863
911767,0.060399268
911768,0.08100464
911769,0.1100809
911770,0.05683378
911771,0.06898591
911772,0.059402876
911773,0.097193696
911774,0.06644042
911775,0.10333189
911776,0.06644042
911782,0.09584761
911809,0.19263248
911815,0.15511794
911816,0.13985868
911817,0.097374454
911821,0.020983554
911822,0.329703
911823,0.26017195
911824,0.2490709
911825,0.23099853
911826,0.19546318
911827,0.13403882
911828,0.19809584
911829,0.12344807
911830,0.16431673
911831,0.08486843
911832,0.17055324
911833,0.095622554
911834,0.068288706
911835,0.11135744
911836,0.066878326
911837,0.12799534
911838,0.07745163
911839,0.08504302
911840,0.092458196
911841,0.1027935
911842,0.0913827
911855,0.22377488
911856,0.09431836
911857,0.19908437
911858,0.14559986
911859,0.116857514
911860,0.1211505
911861,0.11653068
911862,0.09940236
911863,0.10260873
911864,0.07828355
911865,0.11469923
911877,0.11859655
911878,0.081310675
911879,0.050726485
911880,0.10225165
911881,0.07134407
911882,0.134269
911883,0.057750903
911884,0.07243533
911890,0.07495764
911891,0.09703611
911892,0.06442912
911893,0.07073533
911894,0.05376867
911895,0.08606823
911905,0.11172593
911906,0.06533088
911907,0.072120406
911908,0.09245356
911909,0.09245356
911910,0.08119253
911911,0.06276051
911912,0.09245356
911922,0.07843358
911923,0.062435783
911924,0.079265065
911925,0.08293886
911926,0.091176644
911927,0.08771702
911933,0.10840045
911934,0.08664344
911935,0.08601622
911936,0.07187278
911937,0.07187278
911938,0.06402597
911945,0.068339705
911946,0.085682236
911947,0.07067715
911948,0.085682236
911949,0.074024014
911950,0.0675656
911951,0.08121995
911957,0.09567409
911958,0.083948724
911959,0.076043256
911960,0.06231475
911961,0.05305852
911962,0.10321978
911963,0.08861147
911967,0.09867413
911968,0.082911335
911969,0.08333069
911970,0.045209706
911975,0.083328635
912028,0.020590354
912226,0.01735547
912459,0.2616664
912460,0.22739401
912461,0.21141309
912462,0.19816719
912463,0.1760961
912464,0.17252694
912497,0.14947979
912498,0.12636903
912499,0.11964983
912500,0.1116135
912501,0.03780286
912502,0.069753036
912503,0.05740659
912504,0.073574975
912692,0.02422609
912856,0.27946165
912863,0.29035512
912864,0.24235387
912865,0.22327907
912866,0.12400463
912867,0.15546875
912868,0.20652197
912869,0.16502012
912870,0.14420506
912871,0.12859055
912872,0.08400773
912873,0.122079045
912874,0.11858103
913052,0.23169193
913053,0.13205367
913054,0.13795646
913055,0.21124448
913056,0.16912961
913057,0.12050357
913058,0.19228438
913059,0.10803929
913060,0.15104334
913061,0.07920022
913062,0.17306498
913063,0.14353463
913064,0.060774907
913065,0.11958295
913066,0.094721526
913236,0.26033533
913237,0.23635986
913238,0.13169855
913239,0.13532515
913240,0.11626932
913241,0.155824
913242,0.19907801
913243,0.15966508
913244,0.1528691
913245,0.07748846
913246,0.15466222
913247,0.076401256
913248,0.11093206
913249,0.1583119
913250,0.063928805
913251,0.08936645
913252,0.07412126
913276,0.110159025
913277,0.10941628
913278,0.06392736
913279,0.08326092
913280,0.088057466
913281,0.057956308
913282,0.05571966
913295,0.082545966
913296,0.10612132
913297,0.10154084
913298,0.050404657
913310,0.029031584
913577,0.10512209
913578,0.098708466
913579,0.09824976
913580,0.12904944
913583,0.11126353
913584,0.26463553
913585,0.12890208
913586,0.25472993
913898,0.012493805
914019,0.21892132
914020,0.12529688
914021,0.18653047
914022,0.15038581
914023,0.17050727
914024,0.08994443
914025,0.14594506
914026,0.15775822
914027,0.06271029
914028,0.09002689
914029,0.078032926
914030,0.0745592
914031,0.06791363
914032,0.06702279
914033,0.04418862
914034,0.04105082
914035,0.025513444
914291,0.18514988
914303,0.23891743
914304,0.21062596
914305,0.19406052
914306,0.13177173
914307,0.21802709
914322,0.16163753
914323,0.07995889
914447,0.281048
914448,0.24141985
914449,0.21644098
914450,0.17858587
914451,0.12923703
914452,0.17723426
914453,0.16054873
914454,0.1103827
914455,0.10048655
914456,0.10432177
914457,0.11060609
914458,0.09307861
914459,0.09478079
914460,0.10389615
914461,0.062659174
914462,0.063092925
914463,0.12961009
914464,0.06644506
914465,0.11293233
914466,0.1095787
914467,0.07391314
914468,0.057816684
914469,0.057495374
914470,0.08795113
914471,0.07643559
914977,0.33119375
914978,0.21504769
914979,0.22156948
914980,0.22932832
914981,0.22977965
914982,0.1751258
914983,0.13824879
914984,0.09062548
914985,0.08203439
915765,0.18074717
915766,0.23043033
915767,0.21126491
915768,0.21298385
915769,0.18576351
915770,0.18468025
915771,0.17851552
915784,0.19711746
915785,0.13385117
915786,0.12939255
915787,0.12939255
915788,0.1238426
915793,0.12314772
915794,0.10946083
915795,0.1084805
915796,0.10783571
915797,0.10783571
915798,0.090543084
915799,0.07669918
915800,0.054745033
915801,0.07953004
915847,0.020512845
916807,0.057394005
916815,0.16706343
916816,0.06731775
916817,0.07630375
916818,0.07691085
916819,0.059512433
916820,0.054893672
916829,0.03182141
916830,0.04576685
916831,0.04033272
916832,0.045232672
916833,0.05708605
916853,0.07162751
916854,0.026338883
916976,0.22183861
916977,0.18355457
916978,0.17132103
916979,0.16036625
916980,0.15028977
917004,0.16192743
917005,0.101139955
917006,0.058363486
917032,0.03869254
917410,0.27083373
917411,0.22643062
917412,0.22577362
917413,0.10468478
917414,0.09736586
917415,0.092607364
917416,0.17427833
917417,0.08152222
917418,0.0715162
917419,0.13588993
917420,0.13542937
917421,0.06325007
917422,0.055694904
917435,0.02479846
917508,0.08646051
917509,0.066250905
917510,0.02734731
917784,0.13100912
917805,0.10165598
917806,0.075638264
917807,0.07088716
917808,0.113274045
917809,0.069316186
917810,0.068585515
917811,0.09148059
917838,0.054678425
917839,0.048160188
917840,0.050442968
917841,0.082926996
917842,0.028579907
917843,0.04882197
917858,0.036277924
917859,0.036541462
917860,0.054755464
917861,0.052860018
917973,0.13617148
917974,0.24980727
917975,0.07658418
917976,0.2509116
917977,0.14633258
917978,0.15419646
917979,0.2533848
917980,0.2131058
917981,0.2044207
917982,0.10198717
917983,0.14012337
917984,0.100446165
917985,0.08439771
917986,0.0881427
917987,0.11390738
917988,0.08339708
918004,0.20286992
918005,0.16693857
918006,0.114429876
918007,0.09629531
918008,0.1937693
918009,0.19773532
918010,0.14920186
918011,0.09076472
918017,0.057771794
918018,0.07290714
918024,0.08372431
918025,0.058225065
918026,0.057838812
918027,0.08243619
918028,0.039421055
918029,0.08167967
918030,0.057030164
918032,0.092293665
918033,0.07788828
918034,0.050341494
918035,0.051135443
918036,0.045921497
918037,0.04906447
918038,0.048042733
918039,0.07499844
918040,0.047834963
918041,0.079847574
918042,0.046427485
918043,0.0650488
918044,0.041254207
918368,0.06911459
918369,0.09310931
918370,0.085029
918371,0.069460936
918372,0.09754264
918495,0.25321496
918496,0.13732168
918497,0.2371433
918498,0.13281886
918499,0.20257998
918500,0.14983624
918502,0.07651989
918503,0.124490984
918504,0.21941474
918505,0.13625966
918506,0.04476243
918507,0.07005497
918508,0.07730318
918595,0.24755406
918596,0.19457369
918597,0.1135617
918602,0.25028706
918603,0.110205114
918604,0.12467487
918605,0.26023135
918606,0.21528088
918607,0.16478239
918608,0.15959574
918624,0.074347176
918625,0.101950325
918626,0.08471486
918627,0.11452658
918656,0.0559927
918657,0.07024667
918658,0.057517778
918735,0.30779195
918736,0.18530975
918737,0.12578017
918738,0.107707486
918739,0.16039139
918740,0.13107873
918741,0.18645822
918742,0.1263032
918759,0.2025107
918760,0.19223534
918761,0.115298085
918763,0.4203958
918764,0.31548342
918765,0.3503139
918766,0.34657896
918767,0.33111256
918768,0.27435303
918769,0.18572249
918770,0.07573601
918771,0.15437652
918772,0.17925936
918773,0.15102446
918774,0.07382681
918775,0.11821883
918776,0.094135016
918777,0.16569482
918782,0.14750968
918838,0.59408057
918851,0.36433488
918852,0.33200246
918853,0.1362838
918854,0.10901756
918855,0.19831854
918856,0.14267036
918857,0.07656125
918858,0.06711967
918859,0.11123916
918860,0.21794929
918861,0.17541392
918862,0.094886884
918863,0.23297624
918864,0.09320244
918879,0.09637156
918880,0.0677182
919040,0.07659839
919041,0.053302284
919088,0.029011302
919134,0.18384318
919135,0.12914495
919136,0.22393829
919137,0.094150916
919138,0.15459195
919139,0.12095125
919150,0.16545802
919151,0.14747968
919529,0.049562186
919530,0.054231618
919531,0.12829158
919564,0.123412296
919565,0.1455253
919566,0.071216434
919567,0.1336764
919568,0.124348626
919569,0.15504178
919570,0.054800794
919580,0.0955525
919581,0.08942453
919582,0.08774362
919583,0.08173028
919584,0.048821785
919585,0.07528505
919586,0.052309353
919587,0.075597934
919588,0.050991744
919589,0.074343875
919624,0.090633996
919625,0.1046201
919626,0.10232299
919636,0.088785455
919637,0.07462228
919992,0.1820659
919993,0.15609574
919994,0.16246007
920021,0.11948973
920022,0.11174491
920023,0.23994586
920024,0.2454294
920025,0.19716543
920026,0.0698986
920027,0.12792614
920028,0.06778185
920029,0.054054953
920030,0.08495144
920031,0.08808119
920033,0.080626
920034,0.08351428
920035,0.12692538
920036,0.11003076
920037,0.0665381
920124,0.19833715
920136,0.08702581
920137,0.118365385
920138,0.15496388
920139,0.14852862
920140,0.13725197
920182,0.20959415
920183,0.12203739
920184,0.15003921
920185,0.074765116
920186,0.14458877
920187,0.11071488
920291,0.2549668
920299,0.11334026
920300,0.08536228
920301,0.06457933
920302,0.11853998
920303,0.09956531
920306,0.13260461
920307,0.10422165
920308,0.093749665
920309,0.090061575
920310,0.052901287
920311,0.050478436
920315,0.07937326
920316,0.07304005
920317,0.047585223
920318,0.090183176
920319,0.073337965
920320,0.07166294
920329,0.06313824
920330,0.038918547
920331,0.062431917
920332,0.08293585
920333,0.05149213
920334,0.036652423
920335,0.03810729
920412,0.16165426
920413,0.1752264
920420,0.1810645
920421,0.123005845
920422,0.15060155
920423,0.14326295
920552,0.15974522
920559,0.29142195
920560,0.25017172
920561,0.20907713
920562,0.10973185
920563,0.13164791
920564,0.1975961
920565,0.17785941
920572,0.1863528
920573,0.09355761
920574,0.15195136
920575,0.120476305
920576,0.11041554
920577,0.11969491
920578,0.13313375
920581,0.17809331
920582,0.1094477
920583,0.12107063
920584,0.06794022
920585,0.12198577
920586,0.07704151
920587,0.09983963
920589,0.0916907
920590,0.089051396
920591,0.12363543
920592,0.11973255
920593,0.119768515
920594,0.10746638
920599,0.11762057
920600,0.12010935
920601,0.09553878
920602,0.08315077
920603,0.13266517
920604,0.12168362
920616,0.12628467
920617,0.07636538
920618,0.11754806
920619,0.11749559
920620,0.12515159
920628,0.10296335
920629,0.08787594
920630,0.08747744
920631,0.08755738
920632,0.06035534
920633,0.06806193
920634,0.038528178
920635,0.05781161
920636,0.06726454
920637,0.05165215
920638,0.07182308
920639,0.058792915
920640,0.084643625
920641,0.07198397
920642,0.07954453
920643,0.035062063
920644,0.0502833
920645,0.105840296
920646,0.06106166
920647,0.049728803
920648,0.051545847
920649,0.05330829
920650,0.06528175
920651,0.058645945
920652,0.04684123
920653,0.08207279
920654,0.046286356
920655,0.08246705
920656,0.049333856
920657,0.06078813
920658,0.037442707
920812,0.08982105
920813,0.14646667
920814,0.17198507
920815,0.1348507
920816,0.08723977
920817,0.117820755
920825,0.11880288
920826,0.08355937
920827,0.09826138
920828,0.070653245
920829,0.04943694
920830,0.061714564
920831,0.07441474
920837,0.045072634
920838,0.07200581
920859,0.16009897
920860,0.08613824
920861,0.14020663
920862,0.14261396
920863,0.10527637
920864,0.11994297
920871,0.14216545
920991,0.14231545
920997,0.21531893
920998,0.22385137
920999,0.13617186
921000,0.15412022
921001,0.07463129
921002,0.06802006
921003,0.10656682
921004,0.10883416
921005,0.10539342
921019,0.07723943
921020,0.07771154
921021,0.061605114
921022,0.06882791
921023,0.12198858
921024,0.10949032
921025,0.13384081
921026,0.09238006
921039,0.20059985
921040,0.11732674
921041,0.11516393
921042,0.1550956
921049,0.11522656
921050,0.13905896
921051,0.13442464
921052,0.11900039
921053,0.086380094
921054,0.08404011
921055,0.10336166
921080,0.10049269
921081,0.0930639
921082,0.06156698
921083,0.09268104
921084,0.09310502
921085,0.07098917
921086,0.062320273
921099,0.07091958
921100,0.06331775
921101,0.05983968
921102,0.07152391
921103,0.07719106
921104,0.07601799
921130,0.08425075
921131,0.06722181
921132,0.072329305
921133,0.043482047
921176,0.11372321
921190,0.09228626
921191,0.1096476
921192,0.10325769
921193,0.10053184
921332,0.034231152
921396,0.16534895
921397,0.10476619
921398,0.072638296
921399,0.1642223
921565,0.16206232
921566,0.12478502
921567,0.20246407
921568,0.17667119
921569,0.11226556
921574,0.2004185
921575,0.17060238
921576,0.16137359
921577,0.14856052
921578,0.11769914
921579,0.08044716
921581,0.09325973
921582,0.10827104
921583,0.10879652
921584,0.07550444
921973,0.0129255345
922005,0.16546664
922011,0.16961211
922012,0.08624053
922013,0.115872435
922014,0.18463133
922015,0.08160359
922028,0.09281327
922029,0.22761923
922055,0.27638403
922056,0.22797328
922057,0.21160641
922058,0.2549825
922060,0.17680141
922061,0.17013465
922062,0.16384375
922469,0.13023494
922470,0.08827567
922471,0.14948714
922472,0.17509642
922473,0.16517383
922474,0.15335633
922475,0.09079422
922687,0.2531825
922688,0.2209287
922689,0.1254753
922690,0.18027909
922691,0.12394873
922692,0.22689402
922781,0.026033092
922941,0.027413663
923289,0.14667179
923290,0.14709632
923291,0.15598279
923292,0.09105794
923293,0.09820391
923294,0.0968973
923295,0.06389089
923296,0.15473671
923297,0.114320576
923299,0.24667011
923300,0.12281013
923301,0.17056872
923302,0.07910225
923303,0.096612446
923304,0.17965756
923305,0.074528985
923306,0.08547924
923307,0.14261317
923308,0.13878618
923309,0.057899736
923310,0.16850846
923311,0.14032674
923318,0.0146480715
923566,0.12775172
923567,0.1547636
923568,0.078169584
923579,0.09059848
923580,0.19429441
923581,0.16776565
923583,0.13838299
923584,0.1285706
923585,0.10165363
923593,0.14045885
923594,0.1874306
923595,0.10762524
923596,0.13121001
923597,0.13143998
923598,0.124676734
923599,0.14154737
923674,0.23407279
923675,0.21344398
923676,0.15706392
923677,0.11336143
923678,0.18210271
923679,0.17685403
923866,0.27750653
923867,0.235464
923868,0.24307638
923869,0.22223018
923870,0.15371846
923881,0.16283067
923882,0.20759061
923883,0.1996195
923884,0.096135415
923885,0.1277009
923886,0.10379619
924571,0.2490664
924572,0.17218956
924585,0.18174918
924586,0.18985467
924587,0.19190218
924588,0.16789815
924589,0.09646019
924647,0.13908845
924648,0.073558725
924649,0.06588231
924681,0.2985977
924696,0.14820597
924697,0.12141807
924698,0.20432997
924699,0.15368758
924700,0.18353587
924701,0.113883644
924702,0.08958696
924703,0.122459315
924716,0.12063619
924717,0.060558837
924718,0.06846595
924719,0.11902584
924720,0.05935471
924735,0.060731724
924736,0.1747838
924737,0.16225743
924738,0.11618547
924739,0.11618547
924892,0.151552
924893,0.2671944
924894,0.16568907
924899,0.15958391
924900,0.09842802
924901,0.13237832
924902,0.14744647
924903,0.14613917
925006,0.1695356
925009,0.23681012
925010,0.093804896
925011,0.124798715
925012,0.20302711
925013,0.1200437
925014,0.06284679
925022,0.18503156
925023,0.14462563
925024,0.092409134
925025,0.10834969
925026,0.122711495
925027,0.12130551
925028,0.04151035
925029,0.09753003
925031,0.07662248
925032,0.069191195
925033,0.11047077
925034,0.10496572
925035,0.0754821
925036,0.08171632
925037,0.071837276
925038,0.061043903
925039,0.057592034
925040,0.037652314
925046,0.12863904
925047,0.059786197
925048,0.10304622
925049,0.043536022
925050,0.059831392
925237,0.03140405
925319,0.14408629
925320,0.062467843
925338,0.013752328
925367,0.10040249
925368,0.071575955
925369,0.11672465
925370,0.10768571
925592,0.112656265
925593,0.19170728
925594,0.17303419
925595,0.09308119
925596,0.088642664
925597,0.15358968
925598,0.07825085
925617,0.015703185
925634,0.1330086
925635,0.14689974
925636,0.10633407
925637,0.095581286
925638,0.17024219
925639,0.13708144
925640,0.07488403
925641,0.09928787
925868,0.14972961
925869,0.07466612
925870,0.10162516
925871,0.04750561
925872,0.06532305
925874,0.17131685
925875,0.16009673
925876,0.055129327
925877,0.045279376
925878,0.084601484
925879,0.10744868
925880,0.095532596
925881,0.09425103
925882,0.051036216
925883,0.07158526
925892,0.05682127
925893,0.060970016
925894,0.050945453
925999,0.020035015
926009,0.1011088
926010,0.115956925
926011,0.058671836
926104,0.060650993
926105,0.078095205
926106,0.11927781
926107,0.11074608
926108,0.06496408
926113,0.08232301
926114,0.062154
926115,0.11364454
926116,0.046991125
926117,0.0549505
926118,0.045433063
926123,0.02075884
926124,0.039065458
926136,0.1229727
926137,0.14405696
926138,0.07920187
926139,0.07203851
926140,0.07025641
926141,0.048854712
926142,0.06615526
926327,0.45089322
926328,0.16396375
926329,0.36363372
926330,0.31780815
926331,0.32488582
926332,0.30977994
926333,0.09518462
926334,0.09003194
926335,0.07679838
926336,0.06896424
926337,0.06896424
926338,0.0672501
926342,0.07076271
926343,0.095629446
926344,0.06090426
926345,0.090844594
926346,0.06090426
926348,0.05970332
926354,0.05970332
926355,0.05296632
926356,0.052826952
926357,0.052826952
926358,0.051626332
926371,0.05516367
926372,0.05606598
926373,0.050913565
926374,0.07430554
926389,0.050777797
926461,0.02838462
926573,0.24332094
926574,0.113762766
926575,0.07799559
926576,0.13824575
926577,0.08428553
926685,0.23696962
926686,0.19558285
926687,0.18078491
926688,0.16704512
926689,0.1563788
927069,0.3093643
927070,0.26558846
927071,0.21741116
927072,0.2284028
927073,0.17842416
927074,0.14969313
927078,0.2267772
927079,0.1698275
927080,0.14437482
927081,0.07955034
927082,0.12625207
927083,0.13512641
927089,0.13551258
927090,0.08873672
927091,0.07583458
927092,0.06897687
927093,0.11321426
927094,0.059610553
927095,0.11290425
927096,0.097250715
927097,0.07807872
927098,0.08842703
927099,0.05568917
927177,0.031589538
927456,0.1452349
927457,0.17363922
927458,0.21093258
927459,0.16098902
927460,0.12498444
927461,0.11036445
927462,0.11749438
927463,0.09396316
927464,0.09756791
927465,0.09909112
927466,0.083997674
927467,0.062878385
927468,0.0852546
927469,0.07179402
927470,0.06369315
927471,0.058726322
927472,0.0809385
927475,0.058910366
927476,0.053089876
927477,0.055400178
927478,0.046013605
927479,0.053011686
927999,0.12283725
928010,0.1419274
928011,0.124760434
928012,0.118056536
928021,0.17385495
928022,0.056988724
928023,0.08419845
928024,0.041426994
928025,0.04801352
928026,0.07941201
928027,0.042964373
928039,0.121032365
928040,0.08822061
928041,0.08708832
928042,0.09882487
928043,0.10803931
928044,0.038729742
928057,0.048091322
928058,0.06842885
928059,0.056999795
928060,0.056850452
928076,0.06664503
928077,0.05593757
928078,0.037595384
928079,0.03700619
928080,0.024746597
928098,0.0715229
928099,0.039243735
928100,0.035568338
928101,0.03273405
928102,0.031010283
928220,0.031886905
928221,0.08302275
928241,0.20289382
928242,0.115785606
928243,0.10507256
928244,0.23379423
928245,0.1150972
928246,0.14138332
928247,0.20053254
928248,0.16660914
928249,0.101403594
928250,0.10277999
928251,0.15021662
928252,0.11987201
928253,0.08434371
928254,0.07454416
928255,0.06027367
928256,0.07370361
928257,0.0884406
928258,0.05419242
928259,0.054107003
928260,0.054547388
928261,0.05459682
928262,0.05969121
928263,0.05416798
928264,0.053621706
928265,0.053621706
928266,0.072257735
928275,0.0640087
928276,0.13343364
928277,0.11420829
928278,0.13829282
928279,0.09671207
928285,0.15085094
928286,0.06650904
928287,0.11288552
928288,0.07037493
928289,0.052012157
928290,0.090406984
928299,0.05732028
928300,0.0694151
928301,0.08563103
928302,0.083233304
928303,0.057888605
928304,0.08159392
928305,0.124942824
928312,0.056888074
928313,0.10962432
928363,0.031034652
928433,0.27159968
928440,0.17025155
928441,0.16501312
928442,0.10471683
928443,0.09079386
928444,0.17288083
928445,0.06332084
928446,0.07044952
928454,0.09379456
928455,0.13578805
928456,0.10695632
928457,0.073458254
928458,0.0822711
928459,0.09400092
928460,0.091504954
928461,0.11088145
928470,0.11093397
928483,0.067803465
928496,0.07248643
928497,0.030825982
928498,0.038282637
928499,0.0636887
928500,0.068561345
928501,0.042068884
928502,0.07079785
928503,0.05439549
928504,0.050601054
928517,0.049543355
928518,0.028450536
928519,0.058041174
928520,0.05147791
929046,0.06915758
929047,0.054326575
929048,0.058609415
929049,0.06823598
929050,0.12223552
929051,0.08710945
929052,0.11708536
929055,0.09598502
929056,0.062766425
929057,0.044216186
929059,0.06965274
929060,0.07969305
929061,0.02885241
929062,0.06879833
929063,0.05720452
929072,0.064347826
929073,0.027953532
929074,0.036429547
929075,0.03286445
929223,0.1984484
929224,0.255665
929225,0.21653788
929226,0.19774841
929227,0.12051066
929228,0.17823413
929229,0.10710137
929230,0.18163967
929231,0.07438695
929232,0.0736323
929233,0.091819316
929234,0.053452164
929235,0.11674641
929236,0.09291358
929237,0.121649146
929239,0.067133576
929240,0.07349677
929241,0.09875374
929242,0.05263292
929243,0.09736923
929253,0.048742227
929254,0.06494067
929673,0.07636889
929674,0.20431726
929675,0.19855829
929676,0.11393778
929677,0.08758064
929678,0.04732121
929679,0.075582854
929680,0.037135214
929711,0.0682724
929712,0.13814326
929735,0.07680582
929736,0.18319038
929737,0.15502734
929738,0.12883009
929739,0.13185814
929761,0.10699152
929762,0.07311105
929763,0.10597011
929764,0.04704158
930160,0.13177732
930161,0.15665443
930162,0.12700306
930163,0.13935669
930164,0.06238718
930165,0.060215343
930166,0.11488723
930167,0.043576814
930168,0.040944796
930169,0.12432819
930170,0.047549363
930171,0.106545545
930172,0.057593834
930173,0.105798036
930174,0.096803896
930175,0.076014265
930176,0.06863369
930177,0.060161144
930178,0.10167385
930185,0.07720102
930186,0.031125626
930187,0.03727674
930188,0.035843845
930189,0.047582254
930190,0.027399402
930198,0.039223615
930199,0.09485219
930200,0.091702856
930201,0.07499166
930202,0.07276557
930214,0.09558252
930215,0.04126217
930216,0.05927229
930217,0.053423278
930252,0.05970556
930253,0.053423278
930254,0.052430846
930613,0.25212216
930614,0.17667149
930615,0.19490488
930616,0.18082851
930624,0.19451255
930625,0.09863979
930626,0.17682743
930627,0.09290678
930628,0.10242049
930638,0.12727341
930639,0.1254411
930640,0.1062909
930641,0.063501984
930642,0.10166607
930647,0.08469082
930648,0.08640418
930649,0.085084274
930650,0.06035834
930651,0.047588337
930698,0.01786534
931056,0.18698256
931057,0.20234749
931065,0.24720538
931066,0.20249394
931067,0.16954921
931068,0.1808953
931069,0.06048658
931070,0.058713842
931071,0.096461
931072,0.06239619
931073,0.049059708
931074,0.08230153
931075,0.055657998
931076,0.097920775
931077,0.102759026
931081,0.10082994
931082,0.05568531
931083,0.100881234
931084,0.100881234
931085,0.11095554
931086,0.07413042
931087,0.10454295
931088,0.07114394
931089,0.065564334
931090,0.09535399
931091,0.09697682
931092,0.08351332
931093,0.06733886
931094,0.08582945
931095,0.07987412
931096,0.059228156
931097,0.076706305
931098,0.04635315
931099,0.07583682
931100,0.05677446
931101,0.0450953
931156,0.13992432
931157,0.20363617
931158,0.24909142
931164,0.15023689
931165,0.10227196
931166,0.17136732
931167,0.16774291
931168,0.1102768
931169,0.07676048
931170,0.087951
931171,0.10811221
931172,0.10453264
931173,0.103673674
931174,0.045337204
931175,0.10238608
931286,0.13605838
931287,0.11788941
931288,0.2233845
931289,0.10520699
931290,0.14241685
931291,0.15272938
931292,0.0894473
931293,0.07540835
931294,0.08796825
931295,0.06999108
931296,0.12168575
931297,0.068039045
931298,0.099717796
931299,0.05391555
931343,0.19024605
931344,0.28858855
931345,0.13711081
931352,0.21285714
931353,0.20567468
931354,0.23757559
931355,0.19763066
931356,0.139732
931357,0.16389845
931432,0.06205971
931433,0.0726009
931434,0.113343515
931435,0.06690239
931436,0.07497425
931437,0.06118397
931438,0.11872504
931439,0.0532528
931440,0.05202374
931441,0.057531986
931442,0.042630937
931443,0.022531942
931444,0.03755243
931445,0.029543916
931446,0.037348337
931630,0.16266358
931631,0.12720804
931632,0.18150471
931633,0.22018358
931634,0.1287845
931635,0.19885574
931636,0.19384539
931637,0.18375263
931638,0.11933575
931639,0.14706774
931640,0.14901918
931643,0.19794272
931644,0.10430326
931645,0.07248896
931646,0.102494344
931647,0.13526885
931648,0.1878519
931649,0.09700162
931650,0.15788443
931666,0.23098402
931667,0.1838372
931668,0.16944878
931669,0.15510798
931675,0.16743025
931676,0.15199453
931677,0.1419679
931678,0.13547756
931679,0.05788551
931680,0.12903303
931681,0.13179095
931682,0.072335646
931687,0.058409493
931688,0.0869343
931689,0.048398405
931690,0.06329861
931691,0.11146873
931698,0.10506698
931699,0.14606553
931700,0.055347424
931701,0.14984576
932005,0.021710288
932154,0.09108585
932155,0.18461648
932156,0.07189978
932157,0.15219425
932158,0.14183433
932293,0.26786262
932294,0.20737219
932295,0.20881057
932296,0.18513428
932297,0.21186337
932298,0.15479828
932317,0.20418163
932318,0.1823734
932319,0.12267094
932320,0.13525091
932321,0.08124678
932322,0.19352296
932545,0.18037215
932546,0.15006547
932547,0.15537436
932548,0.12841369
932558,0.16107763
932559,0.070761435
932560,0.05902372
932561,0.10570938
932562,0.050758433
932563,0.08381954
932564,0.09696108
932574,0.1373624
932575,0.07708309
932576,0.067548536
932577,0.07477296
932578,0.0438414
932579,0.10324587
932580,0.06525563
932586,0.044706624
932587,0.04232164
932588,0.058151457
932589,0.042209037
932590,0.057861056
932591,0.03862356
932592,0.035442717
932593,0.07008405
932594,0.054235183
932595,0.056672774
932596,0.05724556
932597,0.08311575
932598,0.053175084
932599,0.07442607
932600,0.038533658
932601,0.054235183
932602,0.056672774
932603,0.07425403
932604,0.03726638
932605,0.09001301
932606,0.062831774
932607,0.061538693
932608,0.03715765
932609,0.050831005
932610,0.07219041
932618,0.060840145
932619,0.079386204
932620,0.05189617
932621,0.050559256
932622,0.03503063
932623,0.0506114
932624,0.06771629
932627,0.03766696
932628,0.048432477
932629,0.06816386
932630,0.048367545
932631,0.06690148
932632,0.044374418
932633,0.030503333
932634,0.051680323
932635,0.082506396
932636,0.04077267
932637,0.07945521
932638,0.050960556
932639,0.047076788
932644,0.09061777
932645,0.075175904
932707,0.2931548
932708,0.2612748
932709,0.11534096
932723,0.11289984
932724,0.08526327
932725,0.06676173
932726,0.121799074
932752,0.13195877
932753,0.06227833
932754,0.078997865
932791,0.1422837
932824,0.10084896
932825,0.14194152
932826,0.14785871
932909,0.1985076
932910,0.09749931
932911,0.1473432
932912,0.11119232
932913,0.08789285
932914,0.08813582
932915,0.076900154
932916,0.05399761
933118,0.07506795
933119,0.075164735
933120,0.06961872
933121,0.048276488
933122,0.08950656
933147,0.06523025
933148,0.08559372
933149,0.0472605
933150,0.048221756
933151,0.06642872
933152,0.05270745
933153,0.07919252
933188,0.047067963
933189,0.03992478
933190,0.07733329
933191,0.032359112
933192,0.03790349
933193,0.044962622
933213,0.058195367
933289,0.21444441
933290,0.16988604
933291,0.16428193
933292,0.12903489
933293,0.06517859
933294,0.1256967
933295,0.15622729
933296,0.05956939
933297,0.1045796
933298,0.09266015
933299,0.055735502
933300,0.08831205
933301,0.06614961
933302,0.1061528
933303,0.08937563
933304,0.087884635
933305,0.075177826
933306,0.07167158
933307,0.048653524
933312,0.095375195
933313,0.072372004
933314,0.042439602
933315,0.085499786
933316,0.04064726
933317,0.06586585
933318,0.07325384
933324,0.060029756
933325,0.042637683
933326,0.028037932
933327,0.035742935
933328,0.033963915
933329,0.056665882
933330,0.032231927
933331,0.05048663
933338,0.048391648
933339,0.04940258
933340,0.03181427
933341,0.038280338
933342,0.06137798
933376,0.10231333
933377,0.08404575
933378,0.07884687
933379,0.05534588
933380,0.13574708
933381,0.13199759
933393,0.15802635
933394,0.122130975
933395,0.09670461
933396,0.059002545
933397,0.07651147
933398,0.091221005
933399,0.08282452
933410,0.039976403
933411,0.055374287
933412,0.050330974
933413,0.042513635
933414,0.06681674
933415,0.058101576
933416,0.06664231
933431,0.06576238
933432,0.051641997
933433,0.06385134
933585,0.1481485
933586,0.116423324
933587,0.12705658
933588,0.10749452
933589,0.10228824
933590,0.14169493
933591,0.100234345
933592,0.18396789
933593,0.1166698
933594,0.065919034
933595,0.072590485
933596,0.0489478
933597,0.0739931
933598,0.072506435
933599,0.07298485
933600,0.064864986
933601,0.040545017
933602,0.07178834
933603,0.05891392
933604,0.039118554
933605,0.049730428
933606,0.04699139
933607,0.063454345
933608,0.034999676
933609,0.036755063
933610,0.0309444
933611,0.038198758
933612,0.046915557
933631,0.1347729
933632,0.17467874
933633,0.1481551
933634,0.13306725
933635,0.12924258
933636,0.09051219
933637,0.083387785
933638,0.11067241
933639,0.040624157
933640,0.059732705
933831,0.13310346
933832,0.16659921
933833,0.17633468
933882,0.12383961
933883,0.15686832
933950,0.27147725
933951,0.2784162
933971,0.11280619
933972,0.14800434
933973,0.09448362
933974,0.1660543
933975,0.09301789
933976,0.15865526
934001,0.10257527
934002,0.12556173
934003,0.059493836
934004,0.06831764
934005,0.164055
934006,0.15157855
934007,0.12625939
934016,0.15635405
934017,0.14495003
934018,0.07167496
934019,0.097581916
934024,0.06595104
934025,0.07813691
934026,0.08061729
934027,0.07703398
934028,0.07618294
934039,0.040489085
934040,0.04087171
934041,0.056889124
934042,0.07120123
934043,0.033882577
934044,0.045939744
934045,0.05116343
934052,0.0927573
934053,0.051218912
934054,0.08036839
934055,0.057928223
934056,0.057791937
934057,0.08914483
934063,0.05990381
934064,0.06795978
934065,0.05051741
934066,0.04584947
934067,0.05728389
934068,0.046228565
934074,0.087459736
934075,0.03759887
934102,0.12572144
934103,0.21337992
934104,0.098213576
934105,0.14401469
934106,0.13260609
934107,0.07131021
934108,0.098992
934118,0.057556756
934133,0.15158659
934134,0.05482476
934152,0.24626985
934153,0.22836372
934154,0.1922548
934155,0.13526936
934156,0.12421152
934157,0.15705661
934158,0.16944374
934159,0.16630034
934160,0.091507666
934161,0.11428818
934162,0.115126565
934163,0.105003394
934164,0.105068296
934165,0.12720278
934166,0.07725372
934167,0.09529426
934168,0.095706955
934174,0.07546665
934175,0.088049196
934176,0.08668286
934177,0.057266857
934178,0.07264776
934179,0.06512804
934180,0.06720836
934181,0.09978327
934182,0.09392884
934183,0.09284915
934184,0.0882702
934185,0.06550665
934186,0.07224975
934362,0.3227769
934363,0.21145494
934364,0.1992325
934365,0.17818291
934366,0.16594669
934367,0.17459892
934368,0.15120818
934369,0.15635426
934370,0.11328271
934371,0.102583796
934372,0.0682137
934373,0.07788485
934380,0.06749775
934423,0.10349679
934424,0.099449694
934425,0.13883032
934681,0.03828191
934691,0.32547566
934692,0.11764056
934693,0.22691327
934694,0.18057398
934695,0.121000044
934696,0.12427647
934697,0.16664115
934698,0.17230207
934699,0.13949552
934700,0.102360815
934701,0.12596278
934702,0.07129782
934703,0.13744086
934708,0.1415449
934709,0.1347604
934710,0.11461796
934711,0.13800368
934712,0.060295466
934722,0.124649145
934723,0.1411253
934724,0.07422301
934725,0.054657653
934726,0.11614229
934727,0.11258815
934732,0.119446345
934733,0.09498372
934734,0.050903246
934735,0.044292282
934741,0.10186679
934742,0.07134936
934743,0.09623026
934749,0.12823223
934750,0.12024626
934751,0.114517055
934752,0.07064594
934753,0.08820941
934754,0.1125246
934756,0.041595552
934793,0.23620002
934794,0.10211703
934802,0.14033437
934803,0.111646846
934804,0.103573084
934805,0.08736603
935132,0.102866694
935133,0.038653612
935134,0.030078232
935241,0.011472176
935643,0.3026104
935644,0.09257304
935645,0.17409366
935646,0.10099195
935647,0.17619765
935648,0.09030604
935649,0.20768681
935650,0.07586453
935664,0.08142658
935665,0.119358666
935666,0.06660194
935667,0.06846722
935851,0.10477965
935852,0.14193396
935853,0.14550532
935992,0.0746313
935993,0.03757271
936242,0.28359896
936243,0.22419031
936244,0.20436938
936246,0.24856158
936247,0.04863748
936248,0.21911827
936249,0.21089053
936250,0.20136824
936251,0.12417107
936252,0.072926834
936253,0.093741745
936259,0.041006498
936260,0.05461178
936261,0.08786628
936264,0.056352984
936265,0.039626688
936266,0.07559121
936267,0.067858666
936268,0.04088086
936269,0.042273384
936272,0.07098658
936279,0.17506813
936280,0.12036532
936281,0.06333481
936282,0.11545953
936283,0.065690435
936284,0.1057015
936288,0.121509925
936289,0.04665719
936290,0.05049185
936291,0.04051111
936292,0.049355578
936293,0.030785343
936294,0.08032801
936295,0.03597869
936296,0.07958528
936297,0.054045763
936298,0.025294783
936299,0.054442
936300,0.028370619
936301,0.06678602
936581,0.16364501
936582,0.1286808
936583,0.14524235
936584,0.09573822
936585,0.089924015
936586,0.11256758
936587,0.05266146
936594,0.123248555
936595,0.08802997
936596,0.060707282
936597,0.06393061
936598,0.08131749
936599,0.07248185
936612,0.07867326
936613,0.06912491
936614,0.07758694
936615,0.0939757
936616,0.05732909
936625,0.11383059
936626,0.09347973
936650,0.2611008
936651,0.174825
936652,0.2820777
936653,0.09116155
936659,0.24405618
936660,0.17623426
936661,0.20653376
936662,0.12725359
936663,0.12050694
936664,0.091567956
936665,0.14416823
936666,0.11934034
936667,0.18956207
936668,0.12787543
936669,0.11039788
936670,0.12440364
936671,0.13758296
936672,0.07267667
936673,0.09224634
936674,0.13418435
936675,0.09165208
936676,0.09380232
936677,0.08508746
936678,0.06714028
936679,0.086577654
936680,0.0918921
936686,0.073001675
936879,0.19623153
936880,0.16330226
936881,0.29195407
936882,0.13875453
936883,0.12756206
936884,0.21523048
936885,0.115176365
936886,0.10832466
936887,0.1601858
936888,0.083224684
936889,0.14255044
936890,0.08091806
936891,0.07489354
936892,0.073918365
936893,0.073918365
936894,0.1410996
936895,0.073918365
936896,0.06493385
936897,0.06493385
936898,0.065456256
936899,0.065286286
936900,0.06738856
936901,0.08591262
936902,0.11232795
936903,0.06342192
936919,0.06748338
936920,0.059534926
936921,0.059534926
936922,0.053313084
936934,0.05418022
937040,0.14698002
937041,0.08099378
937042,0.123728015
937043,0.10291608
937044,0.09556793
937056,0.017058337
937141,0.122490786
937142,0.110949375
937143,0.096535064
937144,0.053826835
937145,0.11350208
937146,0.0785011
937147,0.12749414
937148,0.10143086
937149,0.04704297
937150,0.04157974
937151,0.043419667
937152,0.09024928
937153,0.047387734
937154,0.07345046
937155,0.078610376
937163,0.19968815
937164,0.076082416
937165,0.1213829
937166,0.13444254
937167,0.12547731
937182,0.15208468
937183,0.1326202
937184,0.12575348
937185,0.0910732
937186,0.09374653
937187,0.045244504
937192,0.10604605
937193,0.07914403
937194,0.08016083
937195,0.08016083
937196,0.06437978
937197,0.039549366
937209,0.07053747
937210,0.07223538
937211,0.032218304
937212,0.058363855
937213,0.07084601
937316,0.25490066
937317,0.13691795
937318,0.12908657
937319,0.15340357
937320,0.094760865
937321,0.17031363
937326,0.11687536
937327,0.09377778
937328,0.045224823
937329,0.0678114
937330,0.0714529
937331,0.0689249
937332,0.062948726
937335,0.07286641
937336,0.060948383
937337,0.060948383
937338,0.060948383
937339,0.06250492
937340,0.05321828
937341,0.05321828
937342,0.053078286
937343,0.053078286
937344,0.060037002
937345,0.05074495
937346,0.05074495
937347,0.050697975
937348,0.050714396
937350,0.054120626
937351,0.047664348
937352,0.053532355
937353,0.047037493
937354,0.047037493
937355,0.047037493
937356,0.047037493
937357,0.052969836
937358,0.04692556
937359,0.045414858
937360,0.044702712
937361,0.044616558
937362,0.043143928
937363,0.07698613
937364,0.09958154
937365,0.05504614
937366,0.056474186
937391,0.1336663
937392,0.10909547
937393,0.10288697
937394,0.072287306
937402,0.08940946
937403,0.08053509
937404,0.08062005
937405,0.049886685
937406,0.07553428
937407,0.038745333
937409,0.064141676
937414,0.09703026
937423,0.12966663
937424,0.057536922
937425,0.06516931
937426,0.057325494
937427,0.10169364
937428,0.057955135
937461,0.102441065
937462,0.043902323
937463,0.0985272
937464,0.08251858
937465,0.043030467
937466,0.0545393
937477,0.052913137
937528,0.084770285
937529,0.06562188
937530,0.11401847
937531,0.05901382
937532,0.053981096
937533,0.050990082
937543,0.10669596
937544,0.042214483
937550,0.04371683
937551,0.043018416
937552,0.067614235
937553,0.033010613
937554,0.035450026
937555,0.034956478
937620,0.14199159
937621,0.18798581
937622,0.16881068
937623,0.15409647
937624,0.14163299
937625,0.13330188
937626,0.12816258
937627,0.115887046
937628,0.067421615
937629,0.08932465
937658,0.11258826
937659,0.05483229
937660,0.04355931
937661,0.049044363
937664,0.034003373
937785,0.17607266
937786,0.1311529
937787,0.19783355
937788,0.16558565
937810,0.19327198
937811,0.14056192
937812,0.13518637
937813,0.1273155
937814,0.1009339
937815,0.0981317
937816,0.0981317
937817,0.09489116
937818,0.08537242
937819,0.08427327
937820,0.08427327
937821,0.08497269
937822,0.08497269
937823,0.045993607
937824,0.0743713
937825,0.0743713
937826,0.07418002
937827,0.055971127
937828,0.07302724
937829,0.07212355
937830,0.08724334
937831,0.053418398
937832,0.07201707
937833,0.07201707
937834,0.07201707
937835,0.07125733
937836,0.07109385
937837,0.100890405
937838,0.044121433
937839,0.052737102
937840,0.07109385
937841,0.070928924
937842,0.068762235
937843,0.0677442
937844,0.067616776
937860,0.04043041
937941,0.149938
937942,0.07471356
937943,0.08501319
937944,0.064519115
938015,0.014352551
938115,0.011702651
938147,0.07139525
938148,0.050514467
938149,0.080216944
938150,0.043472517
938151,0.05028382
938152,0.03794418
938173,0.1135692
938183,0.1333555
938197,0.25341502
938198,0.22926128
938199,0.10986397
938200,0.08711069
938201,0.14451115
938202,0.16392581
938203,0.10190794
938204,0.052613664
938205,0.063163914
938206,0.08585591
938207,0.0516902
938301,0.33866787
938302,0.12974855
938303,0.24450587
938304,0.0923038
938305,0.108250074
938306,0.20172903
938310,0.2116542
938311,0.08729889
938312,0.13865492
938313,0.13588388
938314,0.1569999
938315,0.13393942
938316,0.06612184
938317,0.11738776
938318,0.10750324
938319,0.108372636
938320,0.100015186
938321,0.11015492
938322,0.05559203
938323,0.054803375
938324,0.054648586
938325,0.09133666
938326,0.0806515
938419,0.13650696
938420,0.13243078
938421,0.10873759
938422,0.16615927
938423,0.20878872
938424,0.17738709
938426,0.19006094
938427,0.14818986
938428,0.14094277
938429,0.17278244
938430,0.15797438
938441,0.15750404
938444,0.05841709
938445,0.12313644
938446,0.0502155
938447,0.10103306
938448,0.09738713
938535,0.11597932
938538,0.109678574
938539,0.22844228
938540,0.07567681
938541,0.15950869
938542,0.12355439
938543,0.06093907
938544,0.06672264
938545,0.062588334
938546,0.08911817
938551,0.1240225
938552,0.052007254
938558,0.09868588
938559,0.041318174
938564,0.07057506
938575,0.27113762
938583,0.233936
938584,0.21783088
938585,0.17974958
938586,0.17615007
938587,0.15912263
938588,0.11464278
938589,0.10710445
938609,0.20135456
938610,0.10951505
938611,0.11439364
938779,0.023643762
938841,0.07310613
938842,0.095216446
938843,0.16915868
938844,0.05063968
938845,0.09614143
938846,0.08522612
938847,0.044804774
938848,0.07131509
938857,0.0406477
938858,0.034814443
938859,0.04435896
938860,0.073113695
938861,0.03762835
938862,0.10993853
938867,0.08749607
938868,0.083852775
939420,0.14966431
939421,0.22046547
939422,0.073081
939428,0.35915518
939429,0.07356068
939430,0.1369724
939431,0.086989775
939432,0.05517271
939433,0.073537916
939442,0.3824377
939443,0.3001205
939444,0.21628454
939445,0.25563842
939446,0.23746549
939447,0.33376998
939464,0.3498282
939465,0.23063885
939466,0.23129742
939467,0.29987675
939468,0.2538599
939477,0.22802591
939664,0.46425337
939665,0.36687893
939666,0.24563016
939667,0.34433207
939668,0.52064246
939669,0.31803474
939674,0.22736949
939675,0.2865158
939676,0.22162862
939677,0.16286516
939678,0.25769457
939679,0.23836045
939680,0.19818014
939684,0.15244566
939685,0.16804883
939686,0.2145014
939687,0.17279485
939688,0.13663407
939689,0.11569077
939690,0.12177255
939691,0.14438455
939697,0.098295465
939698,0.122235246
939807,0.47439623
939808,0.43249264
939809,0.37097788
939810,0.3624071
939811,0.2912655
939812,0.26679426
939813,0.20791759
939814,0.15344274
939815,0.2404569
939816,0.2200382
939817,0.17497781
939818,0.19092827
939819,0.2416503
939820,0.26112986
939821,0.23325014
939822,0.13350163
939842,0.1648574
939881,0.30853072
939882,0.27363917
939883,0.097460374
940089,0.04495128
940680,0.3025715
940681,0.36245903
940682,0.31541923
940683,0.2835578
940684,0.28013587
940685,0.2795032
941014,0.19344643
941015,0.053357378
941016,0.14258236
941017,0.046039525
941018,0.04106268
941019,0.09494048
941026,0.10670853
941027,0.078037776
941028,0.076827615
941029,0.037109192
941030,0.05722871
941031,0.062117223
941034,0.043408282
941035,0.06440767
941036,0.06313323
941037,0.062131815
941369,0.24495158
941370,0.1883681
941371,0.15459107
941372,0.16245791
941373,0.2907731
941598,0.029039118
941794,0.30836478
941795,0.23167713
941796,0.22404733
941797,0.20230408
941798,0.24963926
941799,0.23351449
941800,0.23002306
941801,0.16294889
941802,0.18067476
941803,0.16875869
941804,0.16711652
941805,0.16766118
941806,0.120455585
941807,0.15121053
941808,0.15731296
941809,0.14963226
941818,0.1397365
941819,0.09891156
941820,0.09963617
941821,0.09908445
941822,0.08124977
941823,0.076569036
941824,0.07588095
941825,0.07328447
941826,0.094269656
941827,0.09012773
941828,0.09015571
941829,0.09015571
941830,0.08060259
941831,0.08134231
941832,0.08134231
941833,0.080310136
941834,0.09383522
941835,0.0900501
941836,0.095689476
941837,0.080419265
941838,0.100506246
941839,0.09398267
941840,0.09212797
941841,0.08609678
941842,0.08519811
941843,0.07617102
941844,0.09167437
941845,0.09349034
941846,0.08881379
941847,0.07966305
941848,0.07882086
941849,0.075432524
941850,0.08552589
941851,0.07967609
941852,0.06638616
941853,0.063421905
941854,0.059990715
941855,0.058680516
941856,0.055302717
941857,0.053811282
941858,0.09068949
941859,0.05383587
941860,0.05383587
941861,0.050499547
941862,0.04956698
941863,0.08944615
941864,0.07512575
941865,0.047342155
941891,0.09812447
941892,0.2169007
941893,0.11830164
941894,0.19624157
941895,0.14409079
941896,0.17634708
942171,0.032352798
942365,0.19676945
942376,0.124616005
942377,0.2297201
942378,0.08762834
942379,0.20698173
942380,0.08776555
942381,0.17546792
942382,0.17374542
942405,0.15674935
942406,0.06762673
942407,0.13680093
942408,0.11298073
942409,0.10180714
942410,0.09609592
942434,0.11418024
942460,0.093894355
942461,0.076869845
942554,0.13689134
942555,0.11448486
942556,0.10926248
942557,0.09033098
942558,0.06703919
942559,0.09179253
942560,0.090457775
942561,0.07834235
942644,0.093865104
942645,0.032125678
942838,0.17046879
942841,0.1870843
942842,0.17123316
942843,0.1464424
942844,0.13685848
942845,0.12301188
942846,0.19057564
942847,0.12780721
942858,0.27382517
942859,0.077014096
942860,0.07256344
942868,0.11505441
942869,0.13821134
942870,0.154713
942871,0.14889003
942872,0.090902135
942873,0.110564604
942874,0.0855513
942900,0.1083737
942901,0.07891015
942947,0.026872447
943002,0.15511958
943003,0.16733894
943004,0.15068403
943005,0.12732105
943054,0.0818972
943055,0.14479765
943056,0.10131182
943057,0.09274552
943058,0.10338647
943071,0.10068354
943072,0.10756996
943073,0.05833353
943074,0.07708217
943075,0.03960842
943083,0.22413799
943084,0.08416182
943085,0.07982831
943086,0.07884604
943087,0.06738012
943088,0.06501499
943089,0.09959971
943090,0.08594852
943091,0.0860303
943092,0.055556934
943099,0.09605128
943100,0.05496083
943101,0.036760636
943102,0.048617683
943103,0.12961634
943104,0.17272143
943105,0.100915305
943106,0.071802035
943107,0.032965526
943108,0.04404403
943109,0.07161686
943110,0.033272892
943111,0.03954818
943112,0.038810506
943113,0.038810506
943114,0.062035594
943119,0.06613243
943120,0.05316833
943121,0.0601239
943122,0.044000786
943123,0.04186054
943124,0.05196515
943125,0.052061774
943126,0.06828963
943132,0.09520061
943133,0.05870321
943134,0.051502816
943135,0.034212805
943136,0.042402115
943137,0.04917382
943138,0.04164453
943139,0.04201437
943140,0.05190715
943141,0.0770027
943142,0.067776494
943149,0.08516394
943150,0.06549317
943151,0.067776494
943152,0.042054683
943153,0.05190715
943154,0.040049255
943160,0.07181906
943161,0.038358726
943162,0.047388148
943163,0.036824662
943164,0.03803202
943165,0.061287634
943175,0.06251774
943176,0.03803202
943177,0.063903525
943178,0.051487178
943179,0.03650113
943180,0.04360914
943181,0.055807535
943187,0.041437216
943188,0.0342902
943189,0.059849996
943190,0.080623776
943191,0.049705025
943200,0.06461388
943201,0.03896382
943218,0.07077909
943219,0.043420747
943220,0.04374689
943221,0.032674883
943276,0.29994676
943277,0.20950021
943278,0.10745529
943279,0.14718713
943280,0.09249726
943281,0.18203318
943282,0.13410765
943283,0.16125812
943284,0.08111998
943285,0.035919305
943305,0.0852714
943306,0.117057525
943307,0.108860455
943315,0.23610789
943316,0.113012075
943317,0.09242721
943318,0.19720984
943319,0.08259434
943320,0.07246712
943321,0.13069601
943322,0.06996884
943323,0.14715324
943324,0.12072218
943326,0.06492474
943327,0.041166298
943328,0.15659356
943329,0.10993127
943330,0.05105719
943331,0.09438465
943332,0.07479136
943333,0.07912644
943394,0.10725325
943395,0.16312557
943396,0.13382412
943412,0.12697963
943703,0.15759726
943704,0.23539923
943705,0.21338204
943706,0.21049525
943707,0.18766236
943708,0.1788447
943709,0.25292397
943710,0.16162477
943711,0.121586084
943712,0.11156372
943713,0.077322036
943714,0.05231914
943715,0.10858519
943716,0.12361688
943717,0.098549314
943726,0.08847126
943727,0.06354368
943790,0.040300243
943926,0.34637192
943927,0.23087189
943928,0.2501663
943929,0.11376729
943930,0.07067718
943931,0.1716111
943945,0.15792896
943946,0.12000319
943947,0.12972786
943948,0.12584762
943949,0.117687754
943958,0.11354864
943959,0.06371145
943960,0.11868805
943961,0.104849696
943962,0.15447524
943963,0.11424897
943964,0.08681864
943965,0.11141791
943967,0.09216619
943968,0.056024756
943969,0.10014476
943970,0.052869413
943971,0.071979046
943972,0.05183996
944133,0.10147972
944134,0.10852093
944230,0.14143115
944231,0.124046855
944232,0.15591842
944233,0.068770505
944235,0.17378052
944236,0.062002465
944237,0.17088272
944238,0.18969196
944249,0.111172795
944250,0.14956719
944251,0.1536221
944252,0.07454164
944253,0.1768813
944254,0.06922299
944264,0.11015526
944265,0.058903992
944266,0.07134481
944267,0.123209506
944268,0.049336705
944272,0.059784643
944273,0.17443591
944274,0.15549894
944275,0.13668676
944276,0.114667036
944277,0.1320453
944283,0.0582218
944299,0.074961014
944300,0.061288394
944623,0.015383908
944651,0.12844132
944652,0.14038974
944653,0.16038296
944654,0.20795827
944655,0.16878776
944656,0.16416521
944657,0.17852317
944665,0.27257755
944666,0.19181351
944669,0.08521428
944670,0.10978006
944671,0.1127803
944672,0.060218688
944673,0.09766204
944674,0.057629783
944675,0.06516562
944857,0.28186244
944858,0.21388908
944866,0.13819623
944867,0.21224655
944868,0.16078267
944869,0.2086887
944870,0.08963407
944871,0.14576723
944872,0.112419076
944873,0.11121241
944874,0.08110585
944883,0.123446785
944959,0.16209237
944960,0.27555707
944961,0.10160503
944962,0.09395892
944963,0.08812879
944964,0.08400795
944965,0.18410367
944966,0.105325244
944967,0.07811277
944968,0.075857826
944969,0.1180475
944970,0.07001896
944971,0.06290268
944972,0.11989738
944973,0.10419846
944974,0.1793013
944975,0.108081
944976,0.09739576
944977,0.0782525
944978,0.14455152
944979,0.10201506
944980,0.08208062
944981,0.07429108
944982,0.088819735
944983,0.09027314
944984,0.0545275
944985,0.0506059
944986,0.09819591
944992,0.024226546
945053,0.15604435
945054,0.23346016
945055,0.18375903
945056,0.16537604
945057,0.16967066
945058,0.10610567
945059,0.17470197
945060,0.12078171
945061,0.1092185
945062,0.09569474
945063,0.13278344
945064,0.119772784
945065,0.06576952
945074,0.095938124
945075,0.05796768
945105,0.19200197
945106,0.16588971
945107,0.14153497
945108,0.08220752
945160,0.33065447
945161,0.39121583
945162,0.13905908
945163,0.2705093
945164,0.109631225
945165,0.16564848
945166,0.09924325
945167,0.22335947
945172,0.15869305
945173,0.10811357
945174,0.107011944
945175,0.1251058
945176,0.10446534
945177,0.10209126
945178,0.09727988
945179,0.09585901
945180,0.13236915
945181,0.080466144
945182,0.07926813
945183,0.053709332
945184,0.053568117
945185,0.053568117
945186,0.08857905
945187,0.05134163
945188,0.079028346
945189,0.10018666
945190,0.07748883
945191,0.04992287
945202,0.11737322
945203,0.08398348
945204,0.09236927
945205,0.08428956
945206,0.084443465
945207,0.075384
945208,0.083883606
945209,0.08336426
945210,0.07903584
945211,0.079636134
945212,0.076571114
945213,0.07511082
945214,0.076037414
945215,0.07323686
945216,0.07442423
945217,0.071128406
945218,0.06774925
945219,0.06628155
945220,0.06342373
945221,0.07687112
945222,0.07635727
945223,0.0617276
945224,0.07419867
945225,0.08920659
945226,0.08920659
945227,0.08716202
945228,0.0701383
945229,0.060135294
945230,0.060135294
945231,0.056169484
945232,0.054259613
945233,0.051271595
945234,0.050679088
945235,0.083869025
945239,0.13602051
945240,0.09792741
945241,0.05985043
945242,0.09288004
945243,0.043725163
945244,0.048347104
945245,0.06821983
945246,0.08404896
945247,0.06326448
945248,0.08248367
945249,0.076779805
945250,0.07519698
945251,0.06262005
945252,0.04401315
945253,0.044431064
945254,0.07533565
945255,0.06690526
945256,0.112636335
945257,0.10917534
945258,0.04384004
945259,0.051889718
945260,0.066440076
945261,0.06576557
945262,0.062827155
945263,0.049026284
945264,0.10333055
945265,0.10333055
945266,0.04407714
945267,0.05895186
945268,0.05611623
945269,0.059312798
945270,0.05703457
945271,0.047802016
945272,0.046248406
945273,0.053409874
945274,0.053513605
945278,0.054731503
945279,0.07335632
945280,0.07261707
945281,0.065213755
945282,0.060959652
945283,0.046596747
945284,0.04400202
945285,0.060594477
945286,0.050792366
945287,0.04941621
945288,0.049438894
945289,0.050792366
945290,0.04941621
945291,0.055391286
945292,0.041730534
945395,0.14447515
945396,0.12232844
945397,0.10251885
945398,0.12638757
945399,0.106025666
945400,0.114535384
945438,0.025871158
946147,0.20437148
946149,0.12922367
946150,0.2845138
946151,0.15324287
946152,0.1926848
946153,0.07108757
946154,0.07392604
946155,0.07740106
946156,0.11606632
946157,0.060841195
946158,0.06756344
946159,0.064901106
946160,0.14514352
946161,0.057775144
946162,0.059920546
946163,0.059917644
946164,0.11579267
946165,0.10006609
946166,0.053848356
946167,0.07104699
946168,0.12853175
946169,0.07448161
946170,0.05120217
946171,0.044458956
946172,0.08860858
946173,0.05175238
946174,0.11608168
946175,0.12673174
946176,0.044100188
946177,0.05781608
946178,0.06171389
946345,0.11648093
946346,0.08269098
946352,0.07431488
946408,0.2099575
946409,0.16043016
946410,0.26224342
946411,0.26472962
946412,0.10093783
946413,0.15846705
946414,0.15409042
946415,0.14441204
946416,0.12139337
946417,0.13019203
946418,0.11719922
946419,0.10686235
946420,0.09752694
946421,0.15258145
946422,0.11830368
946423,0.07384628
946424,0.052510418
946425,0.11692622
946469,0.1138169
946470,0.09310178
946471,0.124504924
946472,0.056414485
946473,0.044141546
946474,0.08928446
946475,0.07606501
946476,0.08373539
946477,0.0903656
946478,0.1410292
946479,0.09354833
946480,0.075741716
946481,0.09664731
946482,0.08915508
946483,0.10853163
946484,0.12581
946485,0.10626734
946486,0.10742378
946487,0.043974686
946488,0.052639533
946489,0.07672657
946490,0.037949573
946491,0.064144015
946492,0.05284709
946493,0.05871276
946494,0.10860044
946495,0.098296545
946496,0.09448998
946497,0.08902059
946498,0.094373874
946499,0.07942798
946500,0.05276576
946517,0.18256484
946518,0.13697544
946529,0.07444319
946530,0.086208045
946531,0.1416798
946532,0.16136478
946533,0.16488835
946534,0.064134315
946552,0.049628098
947017,0.14118631
947018,0.24875781
947019,0.08615251
947020,0.08484495
947021,0.100086376
947022,0.15505278
947023,0.06590312
947024,0.16375236
947025,0.06389718
947026,0.10177611
947027,0.05132454
947434,0.066332325
947435,0.12800334
947436,0.18283977
947437,0.16923466
947438,0.1365911
947439,0.10906527
947440,0.13148022
947441,0.03807944
947442,0.056938414
947459,0.062198956
947460,0.0536339
947461,0.041183464
947462,0.07045041
947463,0.06818646
947464,0.0439847
947469,0.04544213
947470,0.047087707
947471,0.059866082
947472,0.05694748
947473,0.054109752
947474,0.04107481
947475,0.04303208
947538,0.18284087
947539,0.09280436
947546,0.14391418
947547,0.07010898
947548,0.12957469
947549,0.068488285
947550,0.07653127
947551,0.14089486
947563,0.14286621
947564,0.15877368
947565,0.04830261
947566,0.055845667
947567,0.1522536
947568,0.037856217
947598,0.0211099
947783,0.014559019
948093,0.12511478
948094,0.086068794
948095,0.21057358
948096,0.07159505
948097,0.14114805
948098,0.073535234
948099,0.13648988
948100,0.11612263
948116,0.11700916
948117,0.16302143
948123,0.18161093
948124,0.22393303
948125,0.20920327
948126,0.13381557
948127,0.12735742
948128,0.11250919
948129,0.08718763
948130,0.08066592
948131,0.15966849
948132,0.09014447
948473,0.011222125
948513,0.32261866
948514,0.25724232
948515,0.24035779
948516,0.21886107
948517,0.20244578
948518,0.26228848
948519,0.17917372
948520,0.17534855
948521,0.13981578
948522,0.13583827
948523,0.13583827
948524,0.13047683
948525,0.11768123
948526,0.131844
948527,0.11621894
948528,0.1268066
948529,0.110099494
948530,0.103504576
948531,0.09329798
948532,0.0923038
948533,0.09109022
948534,0.027353534
948535,0.087113544
948591,0.022369547
948682,0.25583375
948683,0.21756095
948684,0.20039909
948685,0.08061715
948686,0.17865793
948687,0.16800837
948688,0.12655489
948689,0.15322922
948690,0.18917045
948691,0.11807202
948692,0.11454443
948693,0.1333586
948694,0.103374965
948695,0.10295459
948696,0.10152781
948697,0.08792356
948698,0.061768565
948699,0.04021541
948700,0.08963691
948701,0.0878669
948702,0.15257509
948703,0.08788815
948704,0.08365295
948705,0.050257307
948706,0.049150944
948707,0.074531086
948708,0.04069516
948709,0.040054783
948710,0.036483474
948711,0.04679431
948712,0.06437199
948713,0.036832426
948904,0.018051146
949270,0.25256425
949271,0.10641371
949272,0.09304733
949273,0.20811744
949274,0.07911276
949275,0.12131013
949276,0.072248936
949277,0.11948285
949278,0.106566794
949279,0.08996475
949280,0.05682226
949281,0.062453452
949282,0.11747612
949283,0.053538475
949284,0.05888775
949285,0.050057314
949286,0.1093833
949287,0.044070616
949288,0.047626432
949289,0.07991645
949290,0.069418505
949291,0.04395357
949292,0.07070938
949293,0.04185223
949338,0.28434038
949339,0.13721901
949340,0.14710833
949341,0.1501899
949342,0.06497745
949343,0.06173967
949344,0.058060307
949345,0.10378624
949346,0.058397133
949347,0.056676347
949348,0.064028874
949349,0.050514273
949355,0.036880415
949356,0.0390989
949372,0.023846153
949472,0.014169541
949473,0.025878495
949541,0.059995215
949545,0.02315427
949569,0.14667813
949570,0.13116695
949571,0.0777784
949572,0.05675848
949573,0.05305346
949575,0.20305267
949576,0.1266951
949577,0.14411221
949578,0.046660602
949579,0.10235631
949580,0.07280174
949584,0.11904253
949585,0.07206561
949586,0.08299923
949587,0.082899466
949588,0.068111666
949589,0.08236181
949590,0.06869257
949598,0.09173751
949599,0.07993406
949600,0.072667114
949601,0.0718172
949602,0.04598586
949603,0.069626614
949607,0.08755997
949608,0.048742816
949609,0.057024978
949610,0.04512536
949611,0.069539614
949612,0.04880903
949613,0.06958554
949614,0.065273404
949615,0.05269933
949616,0.08401701
949617,0.05478722
949618,0.041721147
949619,0.051222604
949620,0.044146575
949621,0.06670422
949622,0.046198845
949629,0.08879689
949630,0.04513551
949631,0.0617638
949632,0.061516404
949633,0.044251073
949634,0.05852235
949635,0.076602034
949636,0.04287973
949656,0.043653384
949657,0.05852235
949658,0.07082588
949702,0.2405611
949703,0.06260978
949712,0.13049215
949713,0.075793855
949714,0.14261572
949715,0.10325995
949716,0.13108487
949717,0.0488931
949720,0.110462695
949721,0.06056894
949722,0.07906257
949723,0.057482015
949724,0.06017175
949725,0.08176658
949726,0.07043017
949727,0.1000989
949728,0.07984314
949729,0.062188264
949730,0.06967582
949731,0.070055
949732,0.0640304
949733,0.06144629
949734,0.04076108
949735,0.063432455
949736,0.061911337
949737,0.06337452
949738,0.041183457
949739,0.040472493
949740,0.05332237
949741,0.061366364
949742,0.057845123
949743,0.07362768
949744,0.047839075
949745,0.05221199
949746,0.061366364
949749,0.05884253
949750,0.05921249
949751,0.078843236
949752,0.041060586
949753,0.076047465
949754,0.04950886
949755,0.036737155
949756,0.08059037
949757,0.0583356
949758,0.036117792
949855,0.07686229
949856,0.07334312
949857,0.04907987
949858,0.10743393
949865,0.10093425
949866,0.067961216
949867,0.087506294
949887,0.0967366
949888,0.16372629
949889,0.1033634
949890,0.12024659
949891,0.096863754
949892,0.080493435
949893,0.07387575
949902,0.16552326
949903,0.07094353
949904,0.08649506
949905,0.08654879
949906,0.082973845
949907,0.08146978
949922,0.09135673
949923,0.051227205
949924,0.07203382
949925,0.06550793
949935,0.08548706
949936,0.045997385
949937,0.045340277
949938,0.042794187
949939,0.047518212
949940,0.044743203
949946,0.058389623
949947,0.043771382
949948,0.050617084
949949,0.060902774
949950,0.06969056
949951,0.061862007
949952,0.04444696
949956,0.08567087
949957,0.05769934
949958,0.05713816
949959,0.048049897
949960,0.07598971
949961,0.07581435
949962,0.060042713
949963,0.05863839
949964,0.06965604
949965,0.060306694
949966,0.06703028
949967,0.036318477
949968,0.029846529
949969,0.05661644
949970,0.057591274
949971,0.031236203
949972,0.067155994
949973,0.052538786
949974,0.040979307
949975,0.03181519
949976,0.04172012
949977,0.026999727
950250,0.23496296
950251,0.13824843
950252,0.21157902
950260,0.2045029
950261,0.21719033
950262,0.14357625
950263,0.07851424
950264,0.112041354
950265,0.08044196
950266,0.15781954
950267,0.1256604
950268,0.076690726
950269,0.08066799
950270,0.06583847
950271,0.06787971
950272,0.07692697
950273,0.10823971
950275,0.114762194
950276,0.11143643
950277,0.061443552
950278,0.085508764
950279,0.05646959
950280,0.06291435
950293,0.08044984
950294,0.05450382
950295,0.05635007
950296,0.05939202
950297,0.07644831
950298,0.08795781
950349,0.01753038
950367,0.2749784
950368,0.14043665
950369,0.14852403
950370,0.15515158
950371,0.19867009
950372,0.15427741
950373,0.13703448
950374,0.09172114
950375,0.16305196
950376,0.1351476
950377,0.14283827
950378,0.14155744
950379,0.11731306
950380,0.11605899
950381,0.065406725
950382,0.11611307
950383,0.1398974
950384,0.103862435
950385,0.07776075
950386,0.05953291
950387,0.09072015
950388,0.12518881
950389,0.102798335
950390,0.122294694
950391,0.10126544
950392,0.07467884
950393,0.12208731
950394,0.11851697
950395,0.12208731
950396,0.08369913
950397,0.04489362
950398,0.055832744
950399,0.12208731
950400,0.09550258
950401,0.044723317
950402,0.08295336
950403,0.092267506
950404,0.11692645
950405,0.055450622
950406,0.10046058
950407,0.08931577
950408,0.056928843
950409,0.08661875
950410,0.055042863
950411,0.08260694
950412,0.06186126
950413,0.07204228
950414,0.110561125
950415,0.085310504
950416,0.09871553
950417,0.04526665
950418,0.05880129
950419,0.067571804
950420,0.09099931
950421,0.06761816
950422,0.05311976
950423,0.09519494
950424,0.038801216
950425,0.067587726
950426,0.07951801
950427,0.06768665
950431,0.026978979
950432,0.041169498
950433,0.03578406
950434,0.066574134
950435,0.08940197
950436,0.043202568
950437,0.032872554
950438,0.061188012
950439,0.036038335
950440,0.051089603
950441,0.038993124
950442,0.036848806
950444,0.03616928
950445,0.06191226
950446,0.032526333
951015,0.23743142
951016,0.108733356
951017,0.1539855
951018,0.069664486
951412,0.009979423
951823,0.11080892
951824,0.075734526
951825,0.04532745
951913,0.13094662
951914,0.1427278
951915,0.13280578
951916,0.123272836
951917,0.116673656
951918,0.054757744
951919,0.1476765
951920,0.1377103
951921,0.10841545
951922,0.03485417
951945,0.04868851
951946,0.050628256
951947,0.07627937
951948,0.08480747
951949,0.039719515
951950,0.08667305
951951,0.04863041
951957,0.0923673
951958,0.027898014
952044,0.086554095
952045,0.1944146
952046,0.12757577
952047,0.16857728
952048,0.15933229
952065,0.12081335
952066,0.15828995
952067,0.17909878
952068,0.061854426
952069,0.1392716
952070,0.06566244
952071,0.056233563
952072,0.046403427
952073,0.11299407
952074,0.100938275
952075,0.07489935
952079,0.120576955
952080,0.106292956
952081,0.059423007
952082,0.10252778
952083,0.091858864
952084,0.08662456
952085,0.074289195
952088,0.06973751
952089,0.06335077
952090,0.06318589
952091,0.10917775
952092,0.084523186
952093,0.08619257
952094,0.059367117
952128,0.1806075
952143,0.15705664
952144,0.13819395
952145,0.12544754
952146,0.11639332
952147,0.10956547
952148,0.10523006
952149,0.09832984
952150,0.07718324
952258,0.18694967
952259,0.23116149
952260,0.1099505
952261,0.10196831
952262,0.21787931
952263,0.08573813
952264,0.05600437
952265,0.15643772
953102,0.26349238
953103,0.08851126
953104,0.07188675
953105,0.15726316
953119,0.106142506
953120,0.08979192
953121,0.11046129
953371,0.30263907
953384,0.26812825
953385,0.13756499
953396,0.10930264
953397,0.08727135
953398,0.116158366
953399,0.073972926
953400,0.058241855
953407,0.15776613
953408,0.05964565
953409,0.095475666
953410,0.079173416
953411,0.051068697
953412,0.07983102
953416,0.06598592
953417,0.10531612
953418,0.05082064
953419,0.04032911
953420,0.05785153
953426,0.10984622
953427,0.041385315
953428,0.09519651
953429,0.09287373
953430,0.09055699
953431,0.09055699
953432,0.08112778
953433,0.118925065
953441,0.03001416
953559,0.21860002
953560,0.1901757
953561,0.13336204
953564,0.0631305
953565,0.07327006
953827,0.07243996
953828,0.18630767
953829,0.07485683
953830,0.048123915
953959,0.2611378
953960,0.192945
953964,0.072768606
953965,0.16322906
953966,0.080248475
953967,0.07482035
953968,0.15452097
954279,0.015836664
954378,0.29325077
954379,0.24914214
954380,0.2327158
954381,0.21645227
954382,0.12256341
954383,0.08159262
954384,0.18360949
954391,0.19991678
954392,0.12817614
954393,0.1244936
954394,0.12438857
954395,0.12139369
954396,0.11272543
954397,0.11055339
954398,0.11055339
954399,0.11144436
954400,0.11144436
954401,0.09930359
954402,0.09930359
954403,0.09930359
954404,0.099055044
954405,0.10212588
954406,0.09818263
954407,0.1320376
954408,0.09180435
954409,0.09715251
954410,0.09715251
954411,0.052378286
954412,0.12790355
954413,0.10476467
954414,0.127062
954415,0.11821913
954416,0.084613
954417,0.117658295
954418,0.036810543
954419,0.030312568
954420,0.096862815
954421,0.096818574
954422,0.09664212
954423,0.096917205
954424,0.096917205
954425,0.09650284
954426,0.09659016
954427,0.09190557
954428,0.09659016
954429,0.0913534
954430,0.09043277
954431,0.0899269
954432,0.0900614
954433,0.08840869
954434,0.08496119
954435,0.093138024
954436,0.09892569
954437,0.09410934
954438,0.086360335
954439,0.07474272
954440,0.09244415
954441,0.088214286
954442,0.036438577
954443,0.08587252
954444,0.08640537
954445,0.1009529
954446,0.097156845
954447,0.09342263
954448,0.09359347
954449,0.0910805
954450,0.082336485
954451,0.07374456
954452,0.07388078
954453,0.07464161
954454,0.0755875
954455,0.075763114
954456,0.07601955
954457,0.072147466
954458,0.072147466
954459,0.072147466
954460,0.070183285
954461,0.070183285
954462,0.0699933
954495,0.15091632
954496,0.17681108
954497,0.12062983
954498,0.14799684
954499,0.10745824
954556,0.12311551
954557,0.088086784
954558,0.048354313
954562,0.020407977
954570,0.24026377
954571,0.19506522
954572,0.1819046
954573,0.16519459
954574,0.123627625
954575,0.11465382
954576,0.12913981
954590,0.15917845
954591,0.14651981
954592,0.11953562
954594,0.15171494
954595,0.062541574
954596,0.07058315
954597,0.108523674
954598,0.10158525
954601,0.08508551
954680,0.20058225
954681,0.15354761
954682,0.13827313
954683,0.21204324
954684,0.13643298
954685,0.15519881
954686,0.10387651
954687,0.14023489
954688,0.06382037
954689,0.06778537
954690,0.06393956
954691,0.059530016
954692,0.060859483
954693,0.0646051
954694,0.25409797
954695,0.21029802
954696,0.06682425
954697,0.1285604
954698,0.17325906
954699,0.15139095
954700,0.16032209
955260,0.35535628
955261,0.25407946
955262,0.2886939
955263,0.2721985
955264,0.24858108
955267,0.26074752
955268,0.20959418
955269,0.18993512
955270,0.18309772
955271,0.1794448
955272,0.17441872
955273,0.16237256
955279,0.15302023
955280,0.1497153
955281,0.14968888
955292,0.17530546
955293,0.14968888
955294,0.13128796
955295,0.13222039
955296,0.07867623
955297,0.059233684
955308,0.0807179
955309,0.04128512
955310,0.1383203
955311,0.040471595
955312,0.066631466
955313,0.082288936
955314,0.08199059
955612,0.16652647
955613,0.13550805
955614,0.14040273
955615,0.13942926
955616,0.2060897
955623,0.22017168
955624,0.18569131
955625,0.0677274
955626,0.05169582
955627,0.12862855
955628,0.19502543
955643,0.14193918
955644,0.11889555
955645,0.11842029
955646,0.11737029
955647,0.11667957
955648,0.11667957
955649,0.10012732
955650,0.10012732
955651,0.098687075
955687,0.38806117
955688,0.2526391
955689,0.23542461
955690,0.21838716
955691,0.20283869
955707,0.2216069
955708,0.18268803
955709,0.17260349
955710,0.13715401
955711,0.13324049
955730,0.12766966
955731,0.17482007
955732,0.11527722
955733,0.113840975
955734,0.15771626
955735,0.113840975
955736,0.087997496
955737,0.07469788
955738,0.12966035
955739,0.09496513
955740,0.09472631
955741,0.11641878
955825,0.30955496
955826,0.25796905
955827,0.19872239
955828,0.1247059
955829,0.11700192
955830,0.16229016
955831,0.17191099
955832,0.16230322
955833,0.12864032
955834,0.090309724
955835,0.12467529
955836,0.11941733
955837,0.10757205
955838,0.10563625
955839,0.10563625
955840,0.11423912
955841,0.10563625
955842,0.11015201
955843,0.08720126
955844,0.08798585
955847,0.08113213
955848,0.075986624
955849,0.11438313
956175,0.3547513
956176,0.27407175
956177,0.08805078
956178,0.08722556
956179,0.18086053
956180,0.1287991
956181,0.06736665
956182,0.06227852
956183,0.110035285
956192,0.10629479
956193,0.052987073
956246,0.12018374
956247,0.09225033
956248,0.08778983
956249,0.13309275
956250,0.15343206
956251,0.068269275
956252,0.06668706
956253,0.12872069
956254,0.120762296
956255,0.11343371
956260,0.09870124
956261,0.10185285
956262,0.06827354
956263,0.04369616
956389,0.23816822
956390,0.1775339
956391,0.08721039
956392,0.07462468
956393,0.115764745
956394,0.084614925
957718,0.012978374
957859,0.06776314
957860,0.043386206
957861,0.092696704
957862,0.06604444
957863,0.051073425
957864,0.06741081
957865,0.08565388
957866,0.10447454
957867,0.0566351
957875,0.071083695
958070,0.1074244
958071,0.09490677
958072,0.09122947
958073,0.11327737
958074,0.11860826
958075,0.10912207
958076,0.091039516
958078,0.16983381
958079,0.13074939
958080,0.10589496
958081,0.10176393
958082,0.14070612
958083,0.08879164
958084,0.09295306
958085,0.046854552
958086,0.0463106
958113,0.093129724
958114,0.052746817
958115,0.06936009
958116,0.11394657
958117,0.05562937
958118,0.116998956
958119,0.11359988
958120,0.10712999
958121,0.08742492
958122,0.13070612
958123,0.05266277
958124,0.06151435
958126,0.053230487
958127,0.0421403
958128,0.043407407
958136,0.20979206
958147,0.25108153
958148,0.2055341
958149,0.06446916
958150,0.12994319
958151,0.1149189
958152,0.13445361
958153,0.060944267
958165,0.06268278
958166,0.08908237
958167,0.09179957
958168,0.03992131
958169,0.045632996
958170,0.06743589
958171,0.049262095
958172,0.04499394
958187,0.09559641
958188,0.0816147
958189,0.066381745
958190,0.0564805
958191,0.10482072
958192,0.072877504
958193,0.0902957
958208,0.110626295
958209,0.10036143
958210,0.08868782
958211,0.070410855
958212,0.07853416
958213,0.060838513
958214,0.06752444
958222,0.10723383
958223,0.06752444
958224,0.053047307
958225,0.08334451
958226,0.0749345
958227,0.054138925
958233,0.10506085
958234,0.09269123
958235,0.05630644
958236,0.078440085
958237,0.07997982
958238,0.07913004
958239,0.06765331
958240,0.07944995
958248,0.090671815
958249,0.0761225
958250,0.07477418
958251,0.06492804
958252,0.06657827
958253,0.07612899
958254,0.053534478
958255,0.053337827
958261,0.062079992
958262,0.053337827
958263,0.051247463
958264,0.03611873
958265,0.051247463
958266,0.051227335
958267,0.051592674
958268,0.052337393
958269,0.041750096
958270,0.06245357
958271,0.05098879
958272,0.06165211
958273,0.032599572
958274,0.034642655
958275,0.027134355
958276,0.03481099
958277,0.04850517
958278,0.03684373
958279,0.07848958
958287,0.046018545
958288,0.033488885
958289,0.041036606
958290,0.11945963
958291,0.08055207
958294,0.1283177
958295,0.057175748
958296,0.09609768
958297,0.10740159
958298,0.09609768
958303,0.09673298
958304,0.07238724
958305,0.07238724
958306,0.07238724
958313,0.03537385
958314,0.039520387
958315,0.048593085
958316,0.07245227
958317,0.04926986
958377,0.24383873
958378,0.28777057
958379,0.1446873
958380,0.21881095
958381,0.1264829
958382,0.19350313
958383,0.15775077
958384,0.20161526
958385,0.13683437
958386,0.13506424
958387,0.07638376
958388,0.14781597
958401,0.06784422
958402,0.07170722
958563,0.111158475
958564,0.07092709
958568,0.088819176
958569,0.059545968
958823,0.02879348
958977,0.092586376
958978,0.061284374
958979,0.15636982
958980,0.08650538
958998,0.037519492
959781,0.19093342
959782,0.092494115
959783,0.1697682
959784,0.102667846
959785,0.07428836
959786,0.09598233
959787,0.0572975
959792,0.012589844
959799,0.13764924
959800,0.08161732
960020,0.019093657
960152,0.22451521
960153,0.081570074
960154,0.1400022
960155,0.066727035
960330,0.068128645
960335,0.055091567
960336,0.040666223
960343,0.027910398
960406,0.10206124
960407,0.06426358
960408,0.074024044
960409,0.13677321
960410,0.16470706
960571,0.027160404
960694,0.012963814
960866,0.3507098
960867,0.26993197
960868,0.25448596
960869,0.23259652
960870,0.24042083
960871,0.22395352
960872,0.21419308
960873,0.2033081
960874,0.16702352
960875,0.10227894
960876,0.16580506
960877,0.05085108
960878,0.08348146
960879,0.10953281
960880,0.09018148
960881,0.15343443
960882,0.04296072
960883,0.041435048
960884,0.040894464
960885,0.10338504
960886,0.10312745
960887,0.13780376
960888,0.12534495
960889,0.078031875
960890,0.100613095
960891,0.12901162
960892,0.12886344
960893,0.04777374
960894,0.040595435
960895,0.13088979
960896,0.10013678
960897,0.13088979
960898,0.066112265
960899,0.037161123
960900,0.06817057
960901,0.04757563
960902,0.064006574
960903,0.039440986
960904,0.040857863
960905,0.08205153
960906,0.032992825
960907,0.115871124
960908,0.085799225
960909,0.059416704
960910,0.03922254
961383,0.11714336
961384,0.10062889
961457,0.28000975
961463,0.21742883
961464,0.21342695
961465,0.22182836
961466,0.20670159
961467,0.20045422
961474,0.07650733
961475,0.05798447
961476,0.04504427
961477,0.11004066
961478,0.048932586
961479,0.08013866
961480,0.070551515
961487,0.20907429
961488,0.08830326
961489,0.08468311
961490,0.14143045
961491,0.13475439
961492,0.045550272
961493,0.10013249
961505,0.15737805
961506,0.098000094
961507,0.06876799
961508,0.118409015
961509,0.09012769
961510,0.16103381
961511,0.1225518
961512,0.12225409
961513,0.11857985
961527,0.14075749
961528,0.068189
961529,0.08529918
961530,0.122899435
961531,0.086604096
961532,0.07557453
961533,0.06803032
961534,0.11724307
961535,0.12450339
961543,0.08966242
961544,0.08162661
961545,0.11682395
961546,0.06769986
961547,0.07912405
961548,0.06723151
961553,0.08286829
961554,0.07028232
961555,0.08913473
961556,0.08875776
961557,0.117254965
961558,0.08875776
961559,0.06482789
961570,0.10435379
961571,0.08889445
961572,0.08889445
961573,0.08762547
961574,0.08762547
961575,0.08762547
961582,0.102247305
961583,0.08762547
961584,0.08762547
961585,0.061011203
961586,0.113270886
961592,0.13677408
961593,0.07802426
961594,0.049905207
961595,0.061331984
961596,0.059501883
961597,0.06830413
961599,0.10963724
961600,0.060850065
961747,0.20222054
961748,0.23877773
961749,0.21040103
961750,0.20719941
961751,0.20333599
961756,0.28337115
961757,0.1815006
961758,0.18010637
961759,0.08791954
961760,0.10751391
961761,0.094260596
961766,0.12359121
961767,0.07594439
961768,0.12117671
961769,0.09340767
961770,0.17690025
961771,0.10111816
961772,0.066412546
961773,0.11291951
961774,0.118339635
961775,0.1060434
961776,0.101070344
961777,0.07814947
961778,0.10932123
961779,0.102895394
961780,0.06440913
961783,0.07616591
961784,0.06446014
961922,0.33010086
961928,0.31992903
961929,0.23020026
961943,0.10972902
961954,0.07058173
961955,0.13018909
961956,0.040742375
961957,0.08299645
961958,0.09331288
961973,0.056570936
961974,0.066900216
961975,0.048639037
961976,0.08877247
961977,0.05459665
961978,0.02910998
961996,0.07106706
961997,0.05628083
961998,0.061768487
961999,0.065050706
962000,0.07253624
962001,0.02436924
962096,0.032078877
962254,0.15072998
962255,0.11127235
962290,0.014036445
962372,0.2660139
962373,0.21382572
962374,0.17770568
962375,0.18655264
962376,0.1758632
962485,0.27473885
962486,0.23939347
962500,0.19257392
962501,0.18262073
962502,0.19237275
911467,0.09523886
911468,0.06278517
911469,0.0699931
911470,0.119052
911471,0.114702545
911481,0.05508287
911482,0.044562683
911483,0.043576755
911484,0.08882425
911485,0.039305124
911486,0.11860965
911487,0.057719126
911488,0.054139215
911518,0.07348656
911519,0.086196326
911528,0.085200205
911529,0.08692061
911530,0.08044062
911531,0.042707622
911532,0.057729587
911533,0.03478022
911548,0.079822004
911549,0.05416142
911550,0.051919598
911551,0.03858354
911552,0.029010711
911571,0.036966942
911572,0.02664714
911573,0.022563757
911574,0.043087054
911597,0.09608354
911598,0.045866128
911599,0.046197314
911600,0.10173945
911601,0.063235156
911602,0.034889538
911613,0.0403175
911614,0.054251682
911615,0.03385545
911616,0.028020341
911617,0.041876033
911626,0.04906485
911627,0.020316523
911628,0.043377254
911629,0.06318393
911638,0.05809422
911639,0.059696585
911640,0.027702251
911641,0.027664991
911642,0.06893772
911643,0.03116771
911644,0.03508792
911657,0.032646477
911666,0.043836422
911667,0.021141808
911668,0.02674933
911669,0.020803932
911679,0.025968904
911680,0.071670406
911681,0.043647848
911682,0.026057944
911683,0.026815875
911684,0.018079843
911685,0.07691551
911777,0.08973669
911778,0.068691395
911779,0.0644777
911780,0.057816323
911781,0.05480777
911783,0.07856901
911784,0.056965753
911785,0.056470837
911786,0.053673185
911787,0.05181116
911788,0.05141644
911789,0.04656333
911790,0.056975055
911796,0.03226765
911797,0.025249887
911798,0.026405983
911799,0.04772004
911800,0.028145893
911801,0.03036847
911802,0.024264857
911810,0.04575465
911811,0.052559227
911812,0.024169372
911813,0.03139199
911814,0.027878972
911818,0.025882702
911819,0.033767268
911820,0.034922343
911939,0.088761345
911940,0.055014845
911941,0.056227528
911952,0.038408253
911953,0.02255513
911954,0.024155436
911955,0.031289347
911964,0.030462665
911965,0.021564547
911966,0.0294533
911971,0.034636486
911972,0.02320998
911973,0.011199777
911974,0.011199777
911977,0.04113201
911978,0.02580222
911981,0.042128194
911982,0.016318567
911983,0.052959
911984,0.023280466
911985,0.027053377
911986,0.013838279
911987,0.019838983
911988,0.031378783
911989,0.015366251
911990,0.031673785
912087,0.13087001
912088,0.09232697
912089,0.14592727
912120,0.18189326
912121,0.119531065
912122,0.09808601
912123,0.06019206
912175,0.06366807
912176,0.07253186
912177,0.052454654
912178,0.05677916
912179,0.06555656
912180,0.059751883
912181,0.039611313
912182,0.041596826
912194,0.04775661
912195,0.06299246
912196,0.048346017
912197,0.0916716
912198,0.06290121
912199,0.058832664
912203,0.073398136
912204,0.07840307
912205,0.030633783
912206,0.057574257
912207,0.061289623
912208,0.08684136
912209,0.07761937
912215,0.11732321
912216,0.02573767
912217,0.06391209
912218,0.08094877
912219,0.036848713
912220,0.08064598
912227,0.053951483
912228,0.025053896
912229,0.03861809
912230,0.025331564
912231,0.025281753
912232,0.025359418
912233,0.025359418
912238,0.051998697
912239,0.07628474
912240,0.040286604
912241,0.026309079
912242,0.037234847
912247,0.042203255
912248,0.05353018
912249,0.044889744
912250,0.040951796
912251,0.03012815
912267,0.039463293
912268,0.059880976
912269,0.064295836
912270,0.074692875
912271,0.046709333
912272,0.07421443
912273,0.06135587
912274,0.066672005
912275,0.059146494
912276,0.059146494
912277,0.040591143
912278,0.06630044
912279,0.058814224
912280,0.06761236
912281,0.06508142
912282,0.05641874
912283,0.03413006
912284,0.021657549
912285,0.02511741
912286,0.043470882
912298,0.055822425
912299,0.06697649
912300,0.05641874
912301,0.06053495
912302,0.028375417
912303,0.061248485
912304,0.06053495
912305,0.02781408
912306,0.062184606
912307,0.056432597
912308,0.062184606
912309,0.027970541
912310,0.027970541
912311,0.037832376
912312,0.06047349
912313,0.052082054
912314,0.051385753
912315,0.040794626
912316,0.03309511
912317,0.060983986
912318,0.034746148
912319,0.03427762
912320,0.054057192
912321,0.06048739
912322,0.06005491
912323,0.033060763
912324,0.052205097
912325,0.02614183
912332,0.025325967
912333,0.03623464
912334,0.028499851
912335,0.030320765
912336,0.034643438
912337,0.035122126
912338,0.04170628
912349,0.028997319
912350,0.025400652
912351,0.031050164
912441,0.13760076
912442,0.11860807
912443,0.12194044
912444,0.052170917
912445,0.12517549
912446,0.047548812
912447,0.08744319
912448,0.05274372
912449,0.050707087
912450,0.092217594
912451,0.07530297
912452,0.08678396
912453,0.040623777
912454,0.0393427
912455,0.060666554
912456,0.037381507
912457,0.05568195
912458,0.05442963
912506,0.014538804
912507,0.011999258
912603,0.17161056
912604,0.059492946
912605,0.105895184
912606,0.09403346
912607,0.053258102
912608,0.090220094
912628,0.09213593
912629,0.04795852
912630,0.043706026
912673,0.08459354
912674,0.07745388
912693,0.09079638
912694,0.061148126
912695,0.10602067
912696,0.09508431
912697,0.09390295
912710,0.068655044
912711,0.08020266
912712,0.046393
912713,0.070571996
912714,0.041727085
912721,0.059384882
912722,0.059480686
912723,0.059480686
912724,0.032145116
912725,0.043891575
912726,0.052809093
912727,0.061441004
912728,0.039455675
912731,0.06608589
912732,0.05816806
912733,0.065311536
912734,0.04194472
912735,0.05464403
912742,0.028512942
912777,0.018088242
912780,0.16457014
912781,0.07691576
912783,0.14898622
912784,0.11067876
912785,0.07508189
912786,0.096775874
912787,0.059750706
912788,0.046303324
912789,0.0742018
912790,0.071839646
912791,0.058604665
912792,0.045005374
912793,0.069702156
912794,0.06486933
912795,0.041978072
912796,0.060424104
912797,0.0672482
912798,0.05947511
912799,0.0579883
912800,0.035504762
912801,0.03702973
912808,0.030587623
912809,0.055644087
912974,0.1141109
912983,0.11375314
912984,0.0764249
912985,0.07724305
912988,0.07161951
912989,0.06861901
912990,0.035851445
912991,0.050831374
912992,0.041440353
913000,0.034924414
913001,0.07591701
913002,0.037269484
913003,0.0586421
913004,0.047920942
913005,0.044261854
913006,0.035030007
913007,0.027432613
913008,0.03146023
913009,0.04145223
913019,0.046234842
913020,0.024446767
913021,0.024446767
913022,0.023804853
913023,0.042843804
913024,0.0390976
913025,0.061890084
913026,0.021645056
913035,0.021356527
913036,0.0358763
913037,0.031682085
913038,0.02533999
913039,0.03048816
913183,0.14579272
913184,0.12284623
913185,0.060454022
913186,0.09044936
913193,0.08679932
913194,0.04278111
913195,0.049906544
913196,0.13640755
913197,0.060298737
913202,0.031174952
913498,0.0646787
913499,0.07827055
913500,0.04787432
913501,0.05682176
913502,0.046300597
913505,0.053281855
913506,0.045192406
913507,0.056666914
913508,0.06693542
913509,0.032871116
913510,0.05444204
913511,0.030868353
913512,0.03019892
913513,0.025652263
913514,0.019870115
913566,0.1732904
913567,0.14007965
913568,0.1308514
913569,0.11666054
913574,0.11481667
913575,0.10149737
913576,0.095115915
913593,0.19061466
913594,0.14516962
913595,0.085118614
913596,0.059942577
913597,0.07156861
913598,0.047108967
913599,0.05214989
913600,0.041495334
913601,0.047299176
913602,0.054896552
913603,0.03746625
913604,0.03771197
913710,0.030796045
913711,0.034719903
913712,0.039967354
913713,0.031787902
913714,0.017902717
913715,0.014208413
913716,0.048813947
913717,0.02339264
913718,0.012501774
913719,0.01649987
913720,0.011603786
913721,0.020173863
913722,0.023424298
913723,0.009775864
913724,0.012363192
913725,0.009775864
913726,0.016333746
913732,0.01570096
913733,0.0076579605
913734,0.01414553
913735,0.02596601
913738,0.017457306
913739,0.025315575
913740,0.012087778
913743,0.02592498
913744,0.022546938
913745,0.021088533
913746,0.034295786
913747,0.046199866
913748,0.017901083
913763,0.058040157
913764,0.08049961
913765,0.0740365
913766,0.069263175
913775,0.052391104
913776,0.06300548
913777,0.038846787
913778,0.042914856
913806,0.10391109
913807,0.056381777
913808,0.061285727
913809,0.050107256
913810,0.06813833
913811,0.04461486
913812,0.074824095
913813,0.045233134
913814,0.03442126
913815,0.036738936
913816,0.02868675
913817,0.03962541
913818,0.058414057
913819,0.02464116
913820,0.03651718
913821,0.027944127
914353,0.018299796
914402,0.14123707
914403,0.07603418
914411,0.056470416
914412,0.071171716
914413,0.06534787
914414,0.06141369
914415,0.07785352
914416,0.05284401
914417,0.053913992
914472,0.03992178
914473,0.030923503
914474,0.0419863
914479,0.021044109
914583,0.05676002
914584,0.0718756
914587,0.061148148
914588,0.036670864
914589,0.025208732
914590,0.04331084
914591,0.041951887
914592,0.04014911
914593,0.033639368
914596,0.026923038
914597,0.0253189
914598,0.023500646
914599,0.01852372
914600,0.028332055
914608,0.017019045
914609,0.017461913
914610,0.029134909
914621,0.009924656
914624,0.01806226
914628,0.0819521
914629,0.025792915
914630,0.03315228
914631,0.022449601
914632,0.032402787
914633,0.026914638
914634,0.026594305
914635,0.017521242
914636,0.016211448
914637,0.026397828
914638,0.026171625
914639,0.011654807
914640,0.03295403
914641,0.019240674
914642,0.020273535
914643,0.017580012
914644,0.032852583
914675,0.09531167
914678,0.10514141
914679,0.071821846
914680,0.08069597
914681,0.04867112
914682,0.057562944
914705,0.07015961
914706,0.072487056
914707,0.04902168
914713,0.07433899
914787,0.093212776
914788,0.07784373
914789,0.06303693
914797,0.102899596
914798,0.117758594
914799,0.10037411
914800,0.10922745
914801,0.09370361
914802,0.06948994
914803,0.08563364
914804,0.063357964
914805,0.059227396
914806,0.07409281
914807,0.07673282
914811,0.055903167
914812,0.06187049
914813,0.046314918
914814,0.05819645
914815,0.03006654
914816,0.045285955
914817,0.049786292
914818,0.049786292
914819,0.036716744
914821,0.03999511
914822,0.05569513
914823,0.02623508
914824,0.050644286
914825,0.05166263
914826,0.050597403
914840,0.058139037
914841,0.030916963
914842,0.030916963
914843,0.050613794
914844,0.03531914
914854,0.03453217
914855,0.055514127
914856,0.040326428
914857,0.052665506
914858,0.052665506
914859,0.035401106
914880,0.06611203
914881,0.026270764
914882,0.052325618
914883,0.050140012
914884,0.03456889
914913,0.05431537
914914,0.045676075
914936,0.038688116
914986,0.11375015
914987,0.11836282
914989,0.09625691
914990,0.052446526
914991,0.10007677
914992,0.08913301
914993,0.08172392
914994,0.058138017
914995,0.07192972
914996,0.04077526
914997,0.07374187
914998,0.046289656
914999,0.06334443
915000,0.0662113
915001,0.040646043
915004,0.07574419
915005,0.04454482
915006,0.039042853
915007,0.07101307
915008,0.057338864
915009,0.05436987
915010,0.038181506
915011,0.10397812
915012,0.048956268
915013,0.03670237
915014,0.043950714
915015,0.031309735
915016,0.029884094
915017,0.02864644
915018,0.037540007
915019,0.021672366
915020,0.024338143
915021,0.024167724
915022,0.02397016
915029,0.060593944
915030,0.023252163
915031,0.070315674
915051,0.005801861
915091,0.13780679
915092,0.064023815
915093,0.10758735
915094,0.057756428
915095,0.094818726
915096,0.08437196
915097,0.076115705
915098,0.047292653
915099,0.07522652
915100,0.04378156
915104,0.061581664
915105,0.041369807
915106,0.038960785
915107,0.038865313
915108,0.04035165
915109,0.035058692
915110,0.060489018
915111,0.04725113
915112,0.054597974
915113,0.03668836
915114,0.054454558
915115,0.05494358
915116,0.054221403
915117,0.026941791
915118,0.04042832
915119,0.035798736
915120,0.053204235
915121,0.036393117
915122,0.026900081
915123,0.033338245
915124,0.053204235
915133,0.1154202
915134,0.053682666
915135,0.05658852
915136,0.03838315
915137,0.053204235
915138,0.05454628
915165,0.08355369
915166,0.03387646
915167,0.11895425
915168,0.052638903
915169,0.07328349
915192,0.06018425
915193,0.038596272
915194,0.04737308
915195,0.04842394
915196,0.053783312
915197,0.10086431
915209,0.041286744
915210,0.03868408
915211,0.025797792
915212,0.029551314
915213,0.028003782
915214,0.034154795
915215,0.036813933
915226,0.031645797
915227,0.02924835
915228,0.03531119
915229,0.046232685
915243,0.03276013
915244,0.027060054
915245,0.022709543
915246,0.037636984
915247,0.021844573
915270,0.028270232
915271,0.022874977
915285,0.03392978
915392,0.09745865
915393,0.07679666
915394,0.0837856
915395,0.099245936
915396,0.09633206
915397,0.096591726
915426,0.12042608
915427,0.088311665
915428,0.080332845
915429,0.07933138
915430,0.07871927
915431,0.06399722
915432,0.07132448
915433,0.043217395
915434,0.071568444
915435,0.04418201
915455,0.08741975
915456,0.053894997
915457,0.039882097
915458,0.039882097
915459,0.064615525
915487,0.070978165
915488,0.033965204
915489,0.040210653
915490,0.049689304
915502,0.029881274
915635,0.043478753
915636,0.021690834
915637,0.027546048
915638,0.021857744
915639,0.018229308
915640,0.020306591
915641,0.021001277
915642,0.026202226
915643,0.023901798
915644,0.014964373
915645,0.017207503
915646,0.016769152
915647,0.01790936
915648,0.024021884
915649,0.015836686
915650,0.0114646675
915651,0.018972024
915652,0.018915294
915653,0.024093619
915654,0.012320877
915655,0.0109723555
915656,0.012486284
915657,0.014329485
915658,0.012983566
915659,0.01610929
915660,0.009063312
915669,0.08997997
915670,0.063122064
915671,0.021014752
915672,0.043389663
915673,0.05301529
915674,0.046903744
915676,0.03881032
915677,0.04543325
915678,0.057559643
915679,0.029211018
915704,0.013543802
915976,0.09919642
915977,0.054405246
915978,0.089191735
915979,0.0768976
915980,0.06866183
915981,0.0813049
915982,0.072095454
915983,0.046262804
915984,0.056048606
916089,0.008164068
916100,0.13040376
916101,0.100930035
916102,0.094606385
916103,0.052220628
916104,0.091057904
916105,0.075197585
916106,0.07105176
916107,0.13526231
916108,0.104000136
916109,0.09729446
916110,0.09179335
916111,0.081255674
916112,0.08946383
916113,0.07221493
916114,0.06569569
916138,0.051089
916139,0.041779492
916140,0.039364196
916141,0.090709664
916148,0.04213672
916149,0.03200139
916150,0.030300187
916151,0.030148707
916152,0.02847862
916160,0.03326753
916161,0.027255483
916162,0.024397546
916163,0.0229161
916164,0.045180928
916175,0.08317633
916176,0.036758244
916177,0.037897
916178,0.023366183
916179,0.03775536
916180,0.022904642
916181,0.030646747
916182,0.045129087
916183,0.03302414
916321,0.09625498
916322,0.0770303
916323,0.062154
916329,0.06619882
916330,0.056490045
916331,0.053297933
916332,0.06453452
916333,0.056489017
916334,0.05143374
916485,0.022691073
916491,0.052588712
916492,0.035226595
916493,0.030526457
916494,0.031913754
916495,0.022626247
916496,0.028158577
916498,0.026853519
916499,0.017924033
916500,0.01826652
916501,0.014843623
916502,0.018445881
916503,0.01617947
916504,0.022281157
916505,0.020183578
916506,0.012091782
916507,0.015022952
916508,0.008604762
916509,0.015444929
916510,0.008893655
916511,0.011605547
916512,0.008581063
916513,0.015430151
916514,0.020806078
916518,0.1332185
916519,0.017645314
916520,0.09215247
916521,0.114287175
916523,0.075116605
916524,0.09974871
916525,0.09346575
916526,0.088801384
916527,0.05978546
916536,0.03167262
916595,0.008953973
916886,0.07277184
916887,0.061197225
916888,0.06873981
916898,0.049736068
916899,0.049430612
916931,0.0777772
916932,0.05932015
916945,0.099616855
916946,0.07869937
916947,0.07620583
916948,0.042279948
916949,0.039344378
916953,0.07181024
916954,0.035201482
916955,0.034860186
916956,0.06197687
916957,0.044962786
916965,0.026063573
916966,0.038450304
916967,0.04510642
916968,0.04510642
917008,0.07477049
917009,0.07633258
917010,0.071047686
917011,0.06347302
917018,0.08708673
917019,0.058315355
917020,0.08202983
917021,0.056880657
917022,0.07059271
917023,0.052704774
917033,0.11775767
917034,0.06908566
917035,0.09506676
917036,0.09095235
917037,0.08792286
917038,0.07673642
917039,0.040572107
917045,0.0681107
917050,0.054975305
917051,0.046425447
917052,0.057393763
917053,0.034801234
917054,0.03379971
917055,0.03998472
917056,0.047139235
917057,0.06283012
917058,0.033716444
917061,0.04089177
917062,0.032454945
917063,0.06128385
917064,0.052795183
917065,0.06112401
917066,0.050585233
917067,0.031522956
917068,0.051445648
917069,0.0532632
917070,0.03147438
917071,0.049336553
917072,0.04907009
917073,0.04907009
917074,0.027354494
917075,0.03899038
917076,0.05136801
917077,0.06831156
917078,0.050917402
917079,0.04085443
917080,0.055670604
917081,0.035395537
917082,0.054086488
917083,0.034076497
917084,0.049332146
917085,0.054772504
917086,0.061059818
917087,0.05482436
917088,0.034323048
917089,0.029262358
917090,0.031532492
917095,0.09374074
917096,0.050624326
917097,0.029262358
917098,0.029858246
917099,0.0414586
917100,0.03781544
917101,0.03195806
917102,0.026333155
917103,0.025808567
917104,0.043848135
917105,0.026582155
917106,0.026333155
917107,0.032109715
917108,0.026333155
917109,0.02618009
917110,0.02618009
917111,0.02618009
917157,0.06491076
917158,0.056866366
917159,0.048387185
917160,0.045151204
917161,0.042619128
917162,0.03596978
917243,0.092183605
917244,0.107269645
917245,0.09527901
917246,0.086915806
917247,0.041822407
917248,0.074612975
917249,0.072392575
917250,0.055354968
917251,0.04066226
917252,0.03908319
917253,0.03608531
917254,0.034730654
917255,0.034002516
917256,0.033095103
917257,0.033095103
917258,0.054910213
917266,0.07041748
917267,0.03036124
917268,0.03139929
917269,0.056098122
917277,0.052789744
917278,0.03179505
917279,0.030880813
917280,0.049764037
917281,0.04877244
917282,0.05543777
917289,0.050097756
917290,0.029182967
917291,0.03963971
917292,0.030685384
917293,0.048385866
917294,0.04884843
917295,0.03256775
917296,0.038961742
917297,0.028303884
917298,0.03076014
917299,0.04965266
917314,0.03511237
917315,0.029285563
917316,0.039218538
917317,0.043372672
917318,0.028061239
917329,0.03496727
917330,0.038911313
917331,0.031682815
917332,0.045099724
917333,0.026448729
917334,0.11835374
917335,0.03613349
917336,0.092720546
917385,0.062281687
917386,0.051993452
917387,0.11968283
917388,0.07319114
917633,0.09722874
917634,0.083227776
917635,0.07012692
917636,0.05394446
917637,0.058418795
917638,0.063216485
917652,0.10897197
917653,0.078207575
917654,0.059506707
917655,0.041897915
917656,0.045876365
917657,0.04923092
917668,0.046050217
917669,0.08338543
917670,0.04343046
917671,0.033731624
917672,0.03512325
917673,0.030534621
917674,0.035053477
917675,0.03853022
917676,0.03145941
917677,0.05059163
917678,0.038984027
917679,0.056686673
917680,0.025249587
917681,0.05658338
917682,0.028915301
917683,0.044779547
917684,0.049245223
917685,0.040367108
917686,0.028783968
917687,0.050754875
917689,0.056759678
917690,0.030385338
917732,0.10330917
917733,0.07979542
917735,0.09673312
917736,0.083698906
917737,0.045362677
917738,0.045360222
917763,0.119801685
917764,0.0953355
917767,0.05208895
917768,0.081790864
917769,0.048817225
917877,0.12987459
917878,0.09938303
917879,0.06588063
917880,0.05748864
917881,0.054051463
917882,0.051856942
917883,0.06861139
917884,0.04857821
917885,0.045404986
917886,0.05890463
917887,0.04338606
917888,0.039612662
917889,0.03730198
917890,0.057028446
917891,0.11723402
917892,0.062930614
917893,0.039843936
917894,0.03715377
917895,0.1255022
917896,0.042811252
917897,0.11946223
917899,0.10403042
917900,0.0716389
917901,0.035269603
917902,0.059146374
917903,0.120029494
917904,0.036176395
917905,0.046268605
917906,0.035203878
917907,0.10663537
917908,0.05903888
917909,0.11992766
917910,0.05903888
917911,0.036176395
917912,0.15073076
917913,0.14829668
917914,0.071910165
917915,0.054722372
917916,0.03391587
917917,0.034960102
917918,0.05718967
917919,0.11544931
917920,0.038411513
917921,0.041886766
917922,0.03607104
917923,0.03722225
917924,0.03066283
917925,0.03210656
917926,0.074592516
917927,0.059041254
917928,0.057236057
917929,0.057236057
917930,0.057236057
917931,0.0456599
917932,0.057249695
917933,0.057249695
917934,0.045432594
917935,0.029600633
917936,0.032689918
917937,0.057249695
917938,0.036821518
917939,0.035426483
917940,0.058490217
917941,0.058490217
917942,0.059657473
917943,0.056968816
917944,0.043054845
917945,0.030084068
917946,0.055463906
917947,0.043054845
917948,0.055463906
917949,0.055463906
917950,0.055463906
917951,0.02936553
917952,0.055463906
917953,0.02715091
917954,0.04806605
917955,0.023019219
917956,0.022706246
917957,0.027643675
917958,0.027274713
917959,0.034772422
917960,0.033517443
917961,0.020164516
917962,0.034772422
917963,0.03392877
917964,0.032115303
917965,0.03187659
917966,0.02039523
917967,0.02039523
917968,0.033344015
917969,0.029024076
917970,0.023153644
917971,0.038597997
917972,0.03649437
918158,0.11458695
918159,0.10803405
918160,0.06687794
918167,0.08624985
918168,0.05311229
918169,0.05676139
918170,0.08215375
918171,0.059682
918172,0.039802648
918178,0.056955088
918179,0.04252574
918180,0.05926394
918181,0.03251051
918182,0.03696187
918183,0.03590406
918184,0.042513233
918185,0.042513233
918186,0.038211066
918187,0.052599855
918188,0.033201996
918200,0.0386312
918201,0.0301543
918202,0.031315047
918203,0.040715717
918204,0.033766355
918205,0.026896331
918206,0.043390345
918207,0.047947448
918208,0.027979014
918209,0.08299689
918210,0.12962136
918211,0.12942487
918212,0.11741708
918213,0.116347395
918214,0.11494645
918215,0.08296033
918336,0.16347824
918337,0.117634945
918338,0.06471912
918339,0.057966407
918340,0.053838216
918354,0.11319036
918355,0.07465536
918356,0.048385445
918357,0.04522422
918373,0.0525188
918374,0.074228995
918375,0.06955359
918376,0.044281527
918377,0.06794075
918378,0.048346646
918401,0.04669712
918402,0.06794075
918403,0.04270547
918404,0.05271957
918405,0.028928602
918406,0.03846398
918407,0.0563026
918408,0.047494832
918409,0.03557385
918410,0.057955265
918411,0.037024695
918412,0.055125937
918431,0.03580808
918432,0.050226215
918433,0.034431886
918434,0.029625691
918435,0.078950346
918464,0.121682085
918465,0.057279386
918466,0.048558433
918486,0.023934025
918487,0.047498424
918513,0.08769973
918514,0.04231037
918515,0.048179384
918516,0.06943451
918517,0.06590613
918518,0.074929945
918519,0.044142433
918583,0.03777039
918584,0.047396015
918585,0.029675482
918586,0.030226262
918598,0.036868356
918599,0.028731108
918600,0.020597152
918601,0.023363784
918609,0.023596246
918610,0.030198375
918611,0.018520677
918612,0.024274364
918628,0.019206222
918629,0.012442433
918630,0.021095473
918631,0.012147616
918632,0.012913997
918659,0.033194855
918660,0.01705546
918661,0.011174991
918662,0.017043984
918663,0.010323489
918683,0.014991375
918684,0.009742341
918685,0.01601013
918686,0.014636018
918699,0.0103428485
918710,0.018035252
918711,0.020892682
918712,0.025681883
918713,0.015258506
918714,0.021161385
918715,0.015957018
918718,0.023656067
918719,0.010205499
918720,0.010205499
918721,0.010175064
918722,0.010169312
918723,0.015271516
918725,0.023283888
918726,0.019694027
918727,0.0104618175
918728,0.013709432
918729,0.018610938
918730,0.034607723
918731,0.018610938
918732,0.04966012
918743,0.030885352
918744,0.02352911
918745,0.035136156
918746,0.042206436
918753,0.040759794
918754,0.03582177
918755,0.049031965
918947,0.09706933
918948,0.015142698
918949,0.017885614
918952,0.04452802
918953,0.031251714
918954,0.031440765
918955,0.020117957
918956,0.022417158
918957,0.027815275
918958,0.01785506
918959,0.018761655
918960,0.013897308
918961,0.017984897
918973,0.024787823
918974,0.019839441
918975,0.015735906
918976,0.012515797
918985,0.014642676
918986,0.011093154
918987,0.008937723
918988,0.015823284
918989,0.009002357
919002,0.017764816
919003,0.008540733
919004,0.021417145
919005,0.008532475
919006,0.009328375
919007,0.014093642
919011,0.019836988
919012,0.010692759
919013,0.008619353
919014,0.009443071
919015,0.01276983
919016,0.01251756
919020,0.025618717
919021,0.013774414
919022,0.025653414
919023,0.012505677
919024,0.018217219
919028,0.020572873
919032,0.010408801
919033,0.008582413
919034,0.012950915
919035,0.008354482
919036,0.008354482
919037,0.008354482
919042,0.010623097
919043,0.008590938
919044,0.008590938
919045,0.008590938
919046,0.008085779
919056,0.010016307
919057,0.008119066
919058,0.008119066
919059,0.008022161
919060,0.008022161
919073,0.009750541
919074,0.020070044
919075,0.009750588
919076,0.018876791
919089,0.0316306
919090,0.01701429
919091,0.02727928
919092,0.03802384
919159,0.07892779
919160,0.06259403
919161,0.0778208
919162,0.04809744
919163,0.048075773
919164,0.035985876
919165,0.04806554
919173,0.038651846
919316,0.07056764
919317,0.057973687
919318,0.07923543
919319,0.05167469
919320,0.03166525
919321,0.04679451
919322,0.030482303
919334,0.085902624
919335,0.04014106
919336,0.037688114
919337,0.042874955
919338,0.048703287
919339,0.043979447
919340,0.05204534
919355,0.058018193
919356,0.023957863
919357,0.037736975
919358,0.029120779
919359,0.032440156
919363,0.049835764
919364,0.0433044
919365,0.024085123
919366,0.026113275
919367,0.036910966
919368,0.021375889
919369,0.022850212
919370,0.0263415
919371,0.028811846
919372,0.029734647
919373,0.0432107
919374,0.02294422
919375,0.029110016
919378,0.025627593
919379,0.03625756
919380,0.033018056
919381,0.02294422
919382,0.026737299
919396,0.025704535
919397,0.041416142
919398,0.041206207
919399,0.028691752
919412,0.031439457
919413,0.02567815
919414,0.035102323
919415,0.06362825
919416,0.045017716
919417,0.036638215
919418,0.058319587
919427,0.03131172
919428,0.02567815
919429,0.024254449
919430,0.024254449
919437,0.043916028
919438,0.0126275765
919439,0.031888094
919440,0.022027502
919441,0.022027502
919447,0.028389664
919448,0.033914153
919552,0.06753812
919553,0.06018671
919554,0.08043609
919555,0.121871635
919557,0.057572514
919558,0.05207644
919559,0.055020485
919560,0.06304266
919571,0.059853796
919572,0.04827651
919573,0.06275863
919574,0.035206594
919575,0.030244278
919611,0.0405484
919612,0.046117127
919613,0.027515747
919618,0.02063728
919627,0.040761296
919628,0.02852155
919629,0.021453451
919630,0.03921562
919638,0.035929024
919639,0.012017486
919643,0.024820235
919644,0.010615872
919645,0.02016382
919646,0.02176543
919647,0.019998707
919648,0.015460577
919650,0.017318198
919651,0.015371439
919652,0.013047314
919653,0.018035352
919654,0.016909538
919655,0.008932521
919656,0.029553555
919657,0.014130343
919658,0.03337645
919659,0.02430391
919660,0.012453999
919661,0.036012735
919662,0.014453414
919663,0.0070442935
919664,0.013335541
919665,0.014256789
919666,0.007738686
919667,0.020639617
919668,0.063301355
919671,0.054555222
919672,0.065030575
919673,0.047410827
919674,0.06829435
919675,0.06722652
919676,0.050433137
919682,0.1284335
919683,0.21706015
919684,0.19702603
919685,0.080632985
919686,0.12847945
919687,0.057813153
919688,0.10073957
919689,0.09997775
919690,0.054247905
919691,0.051059015
919692,0.04809593
919693,0.07239733
919694,0.069544196
919695,0.060453076
919696,0.044289235
919697,0.043154724
919698,0.04047217
919699,0.06795356
919706,0.10735282
919707,0.049725603
919708,0.06438744
919709,0.071077034
919710,0.031944927
919711,0.069381505
919718,0.10427947
919719,0.069256775
919720,0.069256775
919721,0.069256775
919722,0.069256775
919723,0.069256775
919724,0.069256775
919725,0.069256775
919726,0.069256775
919731,0.051424373
919732,0.032602645
919733,0.032602645
919734,0.03297728
919735,0.03284293
919736,0.032778844
919737,0.032924775
919738,0.026953243
919739,0.04401959
919740,0.031655457
919741,0.031655457
919742,0.03628307
919743,0.031655457
919744,0.069061086
919745,0.069061086
919746,0.069061086
919747,0.069061086
919748,0.026298497
919752,0.045840103
919753,0.030860156
919754,0.030860156
919755,0.030477533
919756,0.030477533
919757,0.030477533
919770,0.039189655
919771,0.034202542
919772,0.027576396
919773,0.027285507
919774,0.02712706
919775,0.02712706
919781,0.063302524
919782,0.08352385
919783,0.04344201
919784,0.0626745
919785,0.069633424
919786,0.02599512
919787,0.043815732
919788,0.11844136
919793,0.05038852
919794,0.06308932
919795,0.02599512
919796,0.117872305
919797,0.037384786
919798,0.076634556
919803,0.05426611
919804,0.11870687
919805,0.02650969
919806,0.04314367
919807,0.038089793
919808,0.04314367
919809,0.07309912
919812,0.053863104
919813,0.054710917
919814,0.026812833
919815,0.09397049
919816,0.09168081
919817,0.041090023
919819,0.13178341
919820,0.03939969
919821,0.06406671
919822,0.035095032
919823,0.037392173
919824,0.02624616
919828,0.04252958
919829,0.10016612
919830,0.023894807
919831,0.068100326
919832,0.07910007
919833,0.034910798
919840,0.038252197
919841,0.033007573
919842,0.03479538
919843,0.022310104
919844,0.032143854
919845,0.026483737
919846,0.038996596
919847,0.032143854
919848,0.02629191
919849,0.02629191
919850,0.034164097
919851,0.028345414
919852,0.028479407
919853,0.02854895
919854,0.07581243
919855,0.028653014
919856,0.034164097
919866,0.052237052
919867,0.026936915
919868,0.035328865
919869,0.022920512
919875,0.031946886
919876,0.020221734
919877,0.019989751
919878,0.020968739
919879,0.020968739
919880,0.02214748
919881,0.03176676
919888,0.026554111
919889,0.028294593
919890,0.040594105
919891,0.020968739
919897,0.02688278
919898,0.03262427
919899,0.031048598
919900,0.021213992
919910,0.037065282
919911,0.03683674
919912,0.026073167
919913,0.04708022
919914,0.02757261
920044,0.014105362
920079,0.2874024
920080,0.16818358
920081,0.16771446
920082,0.13524881
920083,0.12453454
920084,0.12514104
920085,0.10607118
920086,0.07904247
920087,0.065353625
920088,0.063656636
920089,0.063157156
920090,0.078981645
920107,0.10370895
920108,0.07490615
920109,0.07490615
920110,0.07490615
920111,0.07490615
920125,0.09732245
920126,0.070646
920127,0.070646
920128,0.070463575
920129,0.070463575
920130,0.048783258
920141,0.07962417
920142,0.05874665
920143,0.05863984
920144,0.05863984
920145,0.033944678
920146,0.05863984
920147,0.048992693
920148,0.05863984
920153,0.07605938
920154,0.056059618
920155,0.056059618
920156,0.056059618
920157,0.056059618
920158,0.056036223
920159,0.05612219
920164,0.08854316
920165,0.03966909
920166,0.03921596
920167,0.062377587
920168,0.039075203
920169,0.07273993
920170,0.047800053
920171,0.06368047
920172,0.07273993
920188,0.058221605
920189,0.044836078
920190,0.053942103
920191,0.031226883
920197,0.056158498
920198,0.036133207
920199,0.042006638
920200,0.03416667
920211,0.056044824
920212,0.0428635
920221,0.035868756
920222,0.037652757
920223,0.0270324
920224,0.04243221
920225,0.04218963
920226,0.04218963
920232,0.035662297
920233,0.027768124
920234,0.027415788
920235,0.026626036
920237,0.033521783
920238,0.026626036
920239,0.026626036
920240,0.026626036
920241,0.026626036
920242,0.05221475
920243,0.055835757
920244,0.062317476
920245,0.026710443
920246,0.026710443
920247,0.07665982
920248,0.026458958
920249,0.024395859
920250,0.029531436
920255,0.03191882
920256,0.03641466
920257,0.024881428
920258,0.039371528
920259,0.033426803
920260,0.03936445
920261,0.048354376
920262,0.038831208
920263,0.03937102
920264,0.08790041
920265,0.01925042
920266,0.028087098
920267,0.023340365
920268,0.02884289
920269,0.061147332
920270,0.049199022
920271,0.09648299
920272,0.027605122
920273,0.031864688
920274,0.023573827
920275,0.03361841
920276,0.033935063
920277,0.030415809
920278,0.026451066
920279,0.06411297
920280,0.031303804
920281,0.035693064
920282,0.022166977
920283,0.021258034
920284,0.034980796
920285,0.0396614
920286,0.05536232
920287,0.026921496
920288,0.048023023
920289,0.04807857
920290,0.022166977
920292,0.06990088
920293,0.031092348
920294,0.019738466
920295,0.04807857
920296,0.034980796
920297,0.04546584
920298,0.03062598
920304,0.029110951
920305,0.050485943
920389,0.06879245
920390,0.051444508
920391,0.04927678
920394,0.062225465
920395,0.043072663
920396,0.056289893
920397,0.030266382
920398,0.053432345
920399,0.052610897
920414,0.06321227
920415,0.049695127
920416,0.045576196
920417,0.06365177
920418,0.03246837
920419,0.034139004
920424,0.055366922
920425,0.060220722
920426,0.045918398
920427,0.028053414
920440,0.10959014
920441,0.057947
920442,0.045949128
920443,0.038863793
920444,0.04165662
920455,0.03583271
920456,0.03845882
920457,0.048590284
920458,0.032588977
920459,0.07676463
920460,0.027113486
920461,0.028569376
920469,0.043923657
920470,0.038578402
920471,0.03755392
920479,0.03380468
920480,0.026153306
920481,0.06829395
920482,0.037172854
920483,0.044058327
920485,0.046457008
920486,0.04559402
920487,0.026012324
920488,0.07737625
920489,0.046573017
920490,0.034478333
920491,0.026585426
920492,0.026050096
920493,0.036746312
920494,0.047709912
920495,0.045480113
920496,0.045728367
920497,0.032334596
920498,0.030017672
920499,0.029969154
920500,0.037533667
920501,0.029745888
920502,0.029745888
920503,0.029499646
920504,0.028895224
920505,0.03161441
920506,0.06927902
920507,0.028338531
920508,0.024558498
920509,0.02337747
920510,0.057135887
920511,0.04243815
920512,0.05031465
920513,0.05805996
920514,0.023087403
920515,0.035715844
920516,0.027140277
920517,0.044454414
920518,0.05249776
920519,0.05249776
920520,0.06475619
920521,0.07942461
920522,0.03186988
920523,0.037037533
920524,0.057807453
920525,0.041057102
920526,0.0765657
920527,0.0395694
920528,0.048881184
920529,0.019424297
920530,0.026475081
920531,0.063980356
920533,0.023253402
920534,0.048746217
920535,0.048746217
920536,0.048746217
920537,0.03759967
920538,0.04232878
920539,0.018800842
920540,0.062366005
920541,0.062366005
920661,0.06942425
920662,0.0444443
920663,0.042073417
920664,0.035760146
920665,0.07751156
920666,0.030400112
920672,0.053205173
920673,0.024008488
920674,0.022369662
920675,0.021682741
920682,0.082529575
920683,0.03357475
920684,0.032607332
920685,0.032905005
920686,0.045913093
920687,0.04179808
920688,0.019127324
920689,0.018194193
920690,0.018194193
920691,0.03340511
920695,0.05371522
920696,0.0324651
920697,0.03202686
920698,0.031750165
920699,0.0678018
920700,0.038509857
920701,0.059225272
920702,0.045829825
920703,0.039628893
920704,0.041064415
920705,0.050718848
920706,0.031117331
920707,0.030456048
920708,0.03123769
920709,0.030456048
920710,0.052189704
920711,0.038396608
920712,0.041477524
920713,0.032409854
920714,0.0454765
920715,0.04711738
920716,0.041476887
920717,0.03863995
920718,0.051102445
920719,0.04086754
920720,0.049533736
920727,0.083320506
920728,0.03354196
920729,0.032498218
920730,0.030397493
920744,0.040680584
920745,0.025977504
920746,0.033646017
920747,0.04163665
920748,0.025594998
920752,0.07821232
920753,0.026828682
920754,0.03787663
920755,0.027994985
920756,0.09592044
920757,0.088066906
920758,0.11334347
920759,0.06855193
920760,0.060210586
920761,0.05983488
920762,0.059100397
920763,0.079154
920764,0.053987123
920765,0.05341789
920766,0.0523057
920767,0.05134229
920768,0.071775526
920769,0.031168895
920770,0.02465897
920771,0.025359694
920772,0.025832225
920773,0.037884474
920774,0.03535264
920775,0.02594508
920776,0.025235381
920777,0.04311189
920778,0.052702807
920779,0.025547285
920780,0.041916028
920781,0.05116953
920782,0.034638446
920783,0.04260189
920784,0.029174961
920785,0.029174961
920786,0.028468855
920787,0.027808562
920788,0.02807713
920789,0.1268249
920790,0.027541157
920791,0.027428268
920792,0.06754432
920793,0.026569763
920794,0.025614759
920795,0.023612263
920796,0.12858911
920797,0.09691177
920798,0.08537181
920799,0.06452077
920800,0.09654224
920801,0.028493138
920802,0.03736667
920803,0.03440909
920804,0.080530554
920805,0.08179089
920806,0.080530554
920807,0.09109389
920808,0.09109389
920809,0.07752103
920810,0.09109389
920811,0.058123607
920818,0.10283495
920819,0.09109389
920820,0.08141683
920821,0.09109389
920822,0.025558462
920823,0.058123607
920824,0.073012225
920832,0.04175826
920833,0.07750502
920834,0.05128911
920835,0.04814703
920836,0.022232309
920839,0.031689983
920840,0.033946626
920841,0.06540109
920842,0.028556287
920843,0.051997285
920844,0.048778746
920845,0.022232309
920846,0.048814055
920847,0.06718804
920848,0.034192573
920849,0.05275473
920850,0.035711057
920851,0.021340877
920852,0.047129348
920853,0.023733988
920854,0.027043043
920855,0.046410907
920856,0.029562222
920857,0.04991257
920858,0.030359862
920865,0.029068144
920866,0.04991257
920867,0.017240806
920868,0.017240806
920872,0.033251554
920873,0.08907608
920874,0.06404952
920875,0.035439454
920876,0.13257964
920877,0.0913297
920878,0.08538287
920879,0.06996601
920880,0.0475555
920882,0.09672881
920883,0.068492785
920884,0.053082217
920885,0.038341098
920886,0.059709266
920887,0.039452802
920897,0.038728002
920898,0.040185824
920899,0.059133932
920900,0.034712777
920901,0.045800053
920904,0.041841462
920905,0.056293022
920906,0.057605356
920907,0.027550615
920908,0.046664327
920909,0.030223362
920910,0.031356335
920911,0.03980436
920912,0.055847194
920913,0.038823407
920914,0.03376193
920915,0.07950802
920916,0.032839227
920917,0.054227408
920918,0.057857756
920919,0.03333813
920923,0.08258116
920924,0.025936544
920925,0.056187507
920926,0.053008564
920927,0.025036342
920928,0.04995017
920985,0.1005025
920986,0.1277555
920987,0.060308434
920988,0.062292714
920989,0.05661885
920990,0.048466474
920992,0.049084254
920993,0.051266536
920994,0.042932857
920995,0.07508085
920996,0.04253587
921006,0.046409763
921007,0.039860576
921008,0.06175471
921009,0.05997225
921010,0.058744617
921027,0.050327133
921043,0.10454654
921056,0.09274059
921057,0.07308286
921087,0.023173755
921088,0.046678465
921089,0.021170795
921105,0.020556672
921106,0.019319303
921107,0.018007852
921108,0.017485768
921134,0.016201032
921135,0.01564633
921136,0.014510948
921137,0.014510948
921152,0.031647135
921153,0.026696803
921154,0.025704868
921155,0.022746367
921156,0.021844894
921157,0.020917788
921158,0.019721197
921167,0.020805543
921168,0.017769035
921169,0.017173417
921170,0.01703203
921177,0.014091245
921178,0.017244022
921179,0.023911195
921180,0.022672608
921225,0.04860907
921233,0.048312947
921234,0.050333984
921235,0.03383871
921236,0.03289022
921237,0.03157063
921238,0.028609842
921239,0.03120142
921247,0.046722397
921248,0.03529653
921249,0.024929611
921250,0.027813425
921285,0.026594551
921286,0.014904606
921287,0.014904606
921288,0.030513264
921289,0.02340127
921290,0.027390707
921291,0.025010366
921302,0.022442548
921303,0.020555083
921304,0.019054508
921305,0.019486787
921306,0.008110606
921313,0.013232419
921314,0.012374317
921316,0.16210926
921317,0.07500946
921318,0.11572227
921319,0.035016946
921320,0.07378587
921321,0.059370875
921322,0.041997667
921323,0.039814513
921324,0.03945281
921325,0.025399135
921326,0.048402354
921360,0.093309395
921361,0.07192326
921362,0.08134337
921363,0.047144737
921364,0.043887045
921377,0.10328345
921378,0.04743892
921379,0.11567382
921380,0.05527903
921381,0.057857066
921382,0.060259152
921400,0.044152997
921401,0.08382033
921402,0.057069715
921403,0.0572342
921409,0.038417034
921410,0.047783203
921411,0.02472837
921412,0.02538878
921413,0.016202036
921414,0.04481573
921431,0.04083379
921432,0.031682737
921433,0.041334383
921439,0.031262785
921440,0.03694489
921441,0.040938534
921513,0.02262516
921514,0.0171049
921539,0.0047384375
921580,0.012732523
921585,0.108947806
921586,0.082280874
921587,0.12199184
921588,0.038131822
921589,0.04958755
921590,0.041936155
921591,0.05214411
921592,0.034201812
921593,0.05366516
921594,0.032516625
921595,0.05286688
921596,0.05293154
921597,0.029256884
921598,0.039656386
921604,0.032119647
921605,0.045448635
921606,0.050027065
921607,0.04200248
921608,0.026551252
921609,0.03109819
921610,0.039291453
921641,0.042431254
921642,0.04831288
921643,0.02472898
921644,0.058262177
921645,0.02292405
921646,0.040035516
921660,0.030587308
921661,0.02469061
921662,0.02469061
921663,0.04341122
921664,0.029990412
921665,0.0379167
921681,0.03917667
921682,0.030978793
921683,0.030978793
921684,0.0524097
921685,0.052098263
921686,0.051998626
921698,0.03221689
921699,0.028944986
921700,0.02885829
921701,0.0280275
921702,0.0280275
921703,0.0280275
921704,0.0280275
921705,0.0280275
921767,0.013989741
921793,0.05472779
921794,0.04227844
921795,0.035417132
921812,0.01687362
921852,0.16931395
921853,0.07236019
921860,0.1164443
921861,0.11368028
921862,0.09989981
921863,0.10047615
921864,0.052126788
921869,0.06592853
921870,0.046269257
921871,0.07496877
921872,0.048343442
921873,0.05103102
921874,0.05868968
921880,0.049154527
921881,0.0639324
921882,0.032151874
921883,0.058123566
921884,0.03842531
921890,0.057589263
921891,0.05352774
921892,0.057068087
921893,0.028595546
921894,0.045568768
921905,0.028827462
921906,0.057903323
921907,0.040333018
921908,0.030482952
922006,0.07169216
922007,0.07279758
922008,0.08302197
922009,0.0626587
922010,0.058303494
922016,0.06071299
922017,0.03953529
922018,0.060511615
922019,0.08341807
922078,0.09138694
922087,0.12587622
922088,0.07928832
922089,0.06797139
922090,0.093524076
922091,0.039016493
922247,0.03271708
922248,0.044498228
922249,0.05322725
922250,0.034497295
922251,0.03879302
922252,0.054223802
922253,0.08900102
922254,0.12306078
922255,0.06405215
922260,0.060564544
922261,0.047096908
922262,0.0397328
922263,0.042840414
922264,0.041800544
922265,0.039409246
922266,0.037861798
922267,0.0375566
922268,0.029324051
922269,0.055829145
922270,0.030324526
922428,0.11144657
922429,0.08521002
922430,0.12285102
922431,0.104968265
922452,0.14163807
922453,0.03858238
922454,0.03301588
922455,0.084546044
922456,0.042675927
922457,0.046162937
922458,0.04648027
922459,0.06448529
922460,0.058090787
922461,0.06013935
922462,0.057530098
922463,0.04678544
922464,0.036451858
922465,0.05380038
922466,0.03513923
922467,0.040945552
922468,0.05146194
922476,0.04289508
922477,0.03532198
922478,0.051944733
922479,0.049814217
922480,0.026181696
922481,0.057989962
922482,0.056932118
922483,0.026602644
922484,0.031100674
922485,0.02642863
922486,0.05657124
922487,0.031026244
922488,0.03196244
922489,0.045954876
922490,0.026901856
922491,0.05624265
922492,0.052786283
922493,0.03816779
922494,0.021657333
922501,0.050111614
922502,0.027534338
922594,0.18278806
922595,0.09195236
922596,0.07835023
922597,0.10798538
922598,0.049867585
922599,0.06022991
922600,0.045535132
922640,0.11848153
922641,0.08070359
922642,0.0612203
922643,0.05311162
922644,0.050245475
922645,0.04761925
922646,0.07186515
922647,0.07458719
922648,0.07458719
922649,0.05224225
922650,0.042417508
922651,0.04153442
922652,0.042417508
922653,0.066594824
922654,0.03362215
922655,0.062725164
922656,0.038101103
922657,0.038101103
922658,0.06192981
922659,0.040875018
922660,0.044358425
922661,0.026474014
922662,0.031786606
922663,0.036610868
922664,0.06114698
922665,0.06114698
922666,0.042527873
922667,0.037029415
922668,0.05065174
922669,0.0587955
922670,0.031132856
922671,0.05991222
922672,0.047005188
922673,0.04063906
922700,0.15888023
922702,0.133404
922703,0.060683504
922704,0.041216675
922705,0.04207902
922706,0.058163088
922725,0.05429427
922726,0.028595757
922728,0.046463966
922729,0.034926675
922730,0.014482901
922731,0.017065493
922732,0.014482255
922737,0.016942816
922738,0.019385373
922739,0.024508663
922740,0.012409267
922741,0.0066525224
922745,0.026603108
922746,0.019037342
922747,0.029338773
922748,0.028410703
922749,0.037801377
922750,0.024639558
922751,0.036076214
922752,0.05919738
922753,0.02820517
922754,0.05106606
922755,0.053507473
922756,0.038061917
922757,0.021408007
922758,0.042449635
922759,0.025091462
922760,0.04430181
922761,0.048614454
922762,0.03383588
922763,0.03383588
922764,0.03383588
922765,0.033745058
922768,0.043320987
922769,0.050645515
922770,0.035108645
922771,0.037846137
922772,0.02927356
922776,0.041748397
922777,0.04994239
922778,0.031992782
922779,0.07829383
922780,0.04835565
922782,0.06826151
922783,0.05217947
922784,0.04835565
922785,0.04994239
922786,0.041576006
922787,0.009602293
922788,0.009596863
922789,0.009577688
922790,0.009245173
922791,0.009245173
922797,0.012265954
922798,0.008946364
922799,0.05223953
922800,0.05223953
922802,0.062013287
922803,0.05223953
922804,0.05223953
922805,0.05223953
922806,0.05223953
922813,0.05729923
922829,0.1898525
922830,0.13351509
922831,0.12517211
922832,0.11087485
922837,0.1468567
922838,0.09487278
922839,0.041330434
922840,0.08572529
922841,0.0803026
922851,0.107246794
922852,0.07704553
922853,0.07218175
922854,0.066458166
922864,0.08510909
922865,0.06543094
922866,0.06543094
922867,0.06543094
922870,0.07839771
922871,0.059893865
922872,0.059893865
922873,0.05973742
922874,0.027902275
922875,0.0292272
922877,0.034903593
922878,0.029303698
922879,0.039682772
922880,0.057606943
922881,0.05824188
922882,0.028597243
922898,0.053194508
922899,0.05963899
922900,0.04380785
922901,0.05079916
922902,0.061381593
922918,0.05629472
922919,0.028082304
922920,0.023125468
922921,0.034900647
922922,0.03653619
922923,0.07757529
922924,0.059678387
922942,0.07597509
922943,0.03220746
922944,0.07605071
922945,0.028491337
922946,0.03526748
922947,0.03673816
922948,0.02840215
922955,0.08161483
922956,0.037043802
922957,0.06705976
922958,0.055633143
922959,0.07662952
922960,0.026792172
922973,0.0593382
922974,0.06477466
922975,0.05533102
922976,0.039370257
922977,0.033486262
922983,0.033692885
922984,0.034152545
922985,0.03914446
922986,0.032605946
922987,0.05501893
922988,0.030151714
922996,0.0686822
922997,0.036726013
922998,0.02954095
922999,0.025443643
923000,0.11103455
923006,0.046450406
923007,0.038220625
923008,0.038220625
923009,0.038220625
923010,0.037341077
923011,0.038220625
923012,0.04674595
923013,0.052057553
923014,0.037747003
923017,0.060716182
923018,0.037747003
923019,0.037747003
923020,0.037747003
923021,0.037747003
923022,0.037747003
923023,0.040129773
923024,0.0348156
923025,0.03474621
923026,0.03474621
923027,0.03474621
923028,0.03948627
923029,0.03474621
923081,0.056407582
923084,0.092503235
923085,0.07368945
923086,0.1089178
923087,0.061305564
923088,0.106673524
923089,0.055020485
923090,0.052601878
923091,0.049420685
923092,0.041054595
923093,0.07559764
923094,0.04654753
923105,0.06188977
923106,0.11711608
923107,0.06854201
923108,0.09538904
923109,0.06308125
923110,0.05564565
923111,0.051886175
923112,0.054704104
923229,0.049071938
923230,0.0639558
923231,0.074338935
923232,0.043900672
923233,0.037915856
923234,0.042642247
923235,0.07366944
923236,0.05976305
923237,0.05239636
923238,0.0631803
923239,0.04372533
923240,0.03714717
923241,0.034225333
923243,0.04454534
923244,0.039342288
923245,0.031187017
923246,0.04087497
923247,0.02028198
923248,0.049321815
923249,0.043866962
923250,0.021592766
923251,0.025911205
923252,0.025799595
923253,0.021773
923254,0.034524947
923255,0.034581017
923256,0.036688857
923257,0.021739114
923258,0.02015109
923259,0.04257894
923260,0.028094037
923261,0.055979267
923262,0.023464281
923263,0.020595716
923264,0.031946857
923265,0.029560847
923266,0.044792205
923267,0.031726
923268,0.029298497
923269,0.027029376
923270,0.019988986
923271,0.10282362
923272,0.034565017
923273,0.09286061
923274,0.028324349
923275,0.030613706
923276,0.022045465
923277,0.025403118
923278,0.017124103
923279,0.032730587
923280,0.05479731
923281,0.024953483
923282,0.017375624
923283,0.05573306
923284,0.024207987
923285,0.043051355
923286,0.015526035
923287,0.034121893
923288,0.027297486
923365,0.09349196
923366,0.020428907
923367,0.019379582
923368,0.01766231
923374,0.024696287
923375,0.014985636
923376,0.014123484
923377,0.013739716
923378,0.012792674
923379,0.012365742
923384,0.058504067
923385,0.0111030545
923386,0.025438555
923387,0.010748752
923388,0.010748752
923394,0.03828923
923395,0.090386964
923396,0.030641679
923397,0.020569574
923404,0.044178963
923405,0.008985552
923406,0.062411517
923407,0.018997537
923408,0.031728532
923409,0.028685354
923419,0.04212626
923420,0.00880553
923421,0.037395082
923422,0.019029966
923423,0.048527256
923424,0.02875773
923433,0.0402516
923434,0.07089671
923435,0.008833755
923436,0.03414313
923437,0.07395941
923447,0.085995734
923448,0.03558049
923449,0.009301625
923450,0.02947222
923451,0.06261546
923452,0.029057132
923460,0.04803978
923461,0.03898588
923462,0.045016125
923463,0.034844335
923464,0.0371613
923465,0.03898588
923466,0.03429577
923480,0.04031988
923481,0.04163491
923482,0.052831285
923483,0.03497437
923484,0.026407963
923485,0.0417618
923486,0.063777134
923487,0.051465373
923488,0.051465373
923489,0.029928446
923490,0.04223535
923491,0.024246765
923492,0.023791289
923493,0.03696165
923494,0.028980047
923495,0.031810928
923496,0.027020881
923497,0.030774254
923498,0.028151227
923499,0.029382307
923500,0.023070669
923501,0.014381079
923502,0.00504365
923516,0.07219094
923517,0.0519814
923518,0.049229164
923519,0.044284984
923522,0.05606742
923523,0.03989277
923524,0.03765247
923525,0.03735281
923534,0.028116664
923535,0.051697187
923536,0.04963544
923537,0.026828716
923538,0.03965521
923539,0.033599656
923540,0.051448572
923541,0.068786435
923542,0.08382547
923543,0.04254101
923544,0.041159354
923545,0.03963863
923546,0.050325826
923547,0.052251197
923548,0.028501915
923549,0.029911313
923550,0.044927306
923551,0.057993848
923552,0.038199745
923553,0.04892152
923554,0.025626205
923555,0.039559625
923556,0.029276049
923557,0.029749282
923558,0.028869798
923559,0.04841616
923560,0.040309083
923561,0.051401846
923562,0.052815165
923569,0.042086508
923570,0.065670125
923571,0.037409957
923572,0.0502458
923592,0.015981978
923625,0.12406276
923626,0.10555559
923627,0.058523104
923628,0.05158711
923629,0.04879526
923630,0.046866115
923631,0.044410948
923632,0.035391655
923633,0.05194202
923634,0.16563012
923635,0.079245076
923636,0.081243046
923637,0.10612545
923640,0.054998178
923641,0.09445123
923642,0.04373305
923643,0.06156688
923644,0.080488674
923645,0.041874077
923646,0.087652646
923647,0.062219057
923648,0.03234096
923649,0.06407068
923650,0.041775417
923651,0.034935668
923652,0.03532044
923653,0.026401976
923654,0.028736059
923655,0.043103218
923656,0.039548114
923657,0.030658768
923658,0.05584622
923659,0.037376594
923660,0.037376594
923661,0.036871582
923662,0.034519337
923663,0.034237165
923664,0.034497824
923665,0.03129641
923666,0.028096585
923702,0.08736257
923703,0.071519636
923709,0.0932977
923710,0.054336365
923711,0.08125329
923712,0.07881885
923713,0.045181803
923734,0.07804918
923735,0.07901656
923736,0.056109678
923737,0.047692973
923738,0.04819011
923739,0.032665245
923740,0.07758439
923741,0.04829177
923742,0.03848402
923743,0.042727042
923744,0.062306654
923745,0.046963587
923746,0.028725
923753,0.074730895
923754,0.03441126
923755,0.065575935
923756,0.03211457
923757,0.05908393
923758,0.042640764
923765,0.07294015
923766,0.028025713
923767,0.057377074
923768,0.040433098
923769,0.0562126
923770,0.023496347
923771,0.02345203
923791,0.035764627
923792,0.023301462
923793,0.027207742
923794,0.05502841
923803,0.023057496
923804,0.019464683
923805,0.03125558
923806,0.0213636
923807,0.02226512
923808,0.04252659
923809,0.021231744
923810,0.029765896
923811,0.12682182
923812,0.072338045
923813,0.05390695
923814,0.19638915
923815,0.17461546
923816,0.05274893
923817,0.19540145
923818,0.08062949
923819,0.077810414
923820,0.035296634
923821,0.06669255
923822,0.064424835
923823,0.06541779
923824,0.12074941
923825,0.039623287
923826,0.04166405
923827,0.035379626
923828,0.08896397
923829,0.031771477
923830,0.052512717
923835,0.039253112
923836,0.02208735
923837,0.058069933
923838,0.10587229
923839,0.04063911
923840,0.025022188
923841,0.025647871
923842,0.021143846
923843,0.028070573
923844,0.033116713
923845,0.020382116
923846,0.02762922
923847,0.024091866
923848,0.023128511
923849,0.050501425
923850,0.032965057
923860,0.092269875
923861,0.07306299
923862,0.06763115
923863,0.04361116
923864,0.041232195
923871,0.11047537
923872,0.16173692
923873,0.035051733
923874,0.13204074
923875,0.052198395
923876,0.051826492
923887,0.027602112
923888,0.041856732
923889,0.037579842
923919,0.09993223
923920,0.05552025
923924,0.08316189
923925,0.06341956
923926,0.067468494
923927,0.08982849
923928,0.053463466
923930,0.035144225
923931,0.042376593
923953,0.07862996
923954,0.052950356
923955,0.041464403
923956,0.03155485
923957,0.026229013
923978,0.16251655
923979,0.0692003
923980,0.112935565
923981,0.057155583
923982,0.06695386
923983,0.06455493
923984,0.05197419
923985,0.04772267
923986,0.07041389
923987,0.06223263
923988,0.029152106
923989,0.11879167
923990,0.06051596
923991,0.10054136
923992,0.04281094
923993,0.06037099
923994,0.06037099
923995,0.021570504
923996,0.054490767
923997,0.054490767
923998,0.052327424
923999,0.028133105
924000,0.027257733
924001,0.051995933
924002,0.08542326
924003,0.051900722
924004,0.021119632
924005,0.031177314
924006,0.020518126
924007,0.051917512
924008,0.038945798
924009,0.036758736
924010,0.030653076
924011,0.026841883
924012,0.051917512
924013,0.04578828
924014,0.04833098
924015,0.044168692
924016,0.031823475
924017,0.04929861
924018,0.030086078
924019,0.04202922
924020,0.032567907
924022,0.033777107
924074,0.15910025
924075,0.067726545
924076,0.06586158
924077,0.093022436
924078,0.08570861
924079,0.050516654
924080,0.07630787
924081,0.047494803
924082,0.03785421
924083,0.060652055
924084,0.066992536
924085,0.03274864
924086,0.05781047
924087,0.05767158
924088,0.05661354
924089,0.045839924
924090,0.03972899
924091,0.03329691
924092,0.05107941
924093,0.05203973
924094,0.047555033
924095,0.027550232
924096,0.046675466
924097,0.049581695
924098,0.045014568
924099,0.08007923
924100,0.049506724
924101,0.031082239
924102,0.0201829
924103,0.021050043
924104,0.049506724
924105,0.03851179
924106,0.034663845
924107,0.049506724
924108,0.031082239
924109,0.049506724
924110,0.021323802
924111,0.038728286
924112,0.03112255
924113,0.043988403
924114,0.048366338
924115,0.021033242
924134,0.029387966
924135,0.048547085
924136,0.048547085
924137,0.032762446
924138,0.037551068
924177,0.03630391
924178,0.0492671
924179,0.030549217
924244,0.13195315
924245,0.07197643
924246,0.07272542
924247,0.07506012
924256,0.0792301
924257,0.03581957
924258,0.03798418
924259,0.042961568
924260,0.0295692
924290,0.03451395
924291,0.033936877
924292,0.03532919
924293,0.051286638
924294,0.028398097
924313,0.043003526
924314,0.031088285
924315,0.027938725
924316,0.037884094
924320,0.035270464
924321,0.020071507
924322,0.04068323
924328,0.14197615
924329,0.041950583
924330,0.047343113
924331,0.041878633
924332,0.090890236
924333,0.064688824
924334,0.07956851
924353,0.16326435
924354,0.12767938
924355,0.09702578
924356,0.10798884
924357,0.037499927
924358,0.056332164
924359,0.03824565
924360,0.07095716
924361,0.07922624
924362,0.1491589
924363,0.06939907
924364,0.06568215
924365,0.034768935
924366,0.06561774
924367,0.08285311
924368,0.087295696
924373,0.040395085
924397,0.065692976
924398,0.03584218
924399,0.046011314
924402,0.022308627
924403,0.01970282
924404,0.01892832
924405,0.03670522
924407,0.030293243
924408,0.024197368
924409,0.024693573
924410,0.015209283
924411,0.017932
924412,0.02243481
924413,0.014485775
924414,0.017940544
924417,0.0574761
924418,0.029416649
924419,0.02881018
924420,0.034637775
924432,0.006771216
924454,0.072465934
924455,0.073772445
924456,0.09689315
924457,0.050124697
924472,0.08488928
924517,0.06628696
924518,0.052699655
924519,0.11686302
924520,0.070356324
924525,0.053828172
924526,0.0393785
924527,0.031412464
924528,0.04323225
924529,0.07949994
924533,0.07222191
924534,0.041986655
924535,0.037456606
924536,0.035666402
924537,0.031142313
924538,0.04559069
924539,0.044107057
924540,0.045533806
924541,0.048120353
924542,0.029665608
924543,0.021253705
924546,0.048449147
924547,0.044395614
924548,0.025342528
924549,0.06606963
924550,0.013702284
924551,0.055326626
924552,0.041320212
924553,0.017886996
924554,0.018367615
924704,0.015353169
924705,0.011631113
924753,0.009675831
924784,0.06739598
924785,0.022888668
924786,0.021117916
924787,0.043102134
924788,0.028821034
924789,0.03377527
924790,0.013817101
924791,0.022219341
924792,0.012576082
924793,0.015360357
924794,0.028867379
924795,0.0093336115
924802,0.024361229
924803,0.019501086
924804,0.012712668
924805,0.015328413
924806,0.016993234
924807,0.011717761
924812,0.014797687
924813,0.0115653975
924814,0.009333034
924815,0.015583003
924816,0.013354992
924819,0.012754533
924820,0.015173045
924821,0.016147751
924822,0.009267782
924828,0.0186116
924829,0.008624024
924830,0.025443757
924842,0.032485507
924843,0.0364343
924844,0.022016164
924845,0.04816242
924846,0.03817261
924847,0.036096293
924855,0.06672269
924856,0.030486483
924857,0.036288332
924858,0.019990537
924859,0.035724122
924860,0.051313814
924876,0.025420997
924877,0.019555895
924908,0.070980504
924909,0.08081182
924910,0.074747406
924916,0.04974291
924917,0.051040385
924918,0.08521935
924919,0.08060722
925041,0.06972393
925042,0.06205213
925043,0.12107671
925044,0.075391196
925045,0.10292132
925051,0.05180382
925052,0.06425609
925053,0.044225335
925054,0.03760611
925055,0.034428623
925056,0.040246405
925058,0.06047835
925059,0.045969136
925060,0.027660985
925061,0.024719533
925062,0.05021732
925064,0.06225684
925065,0.020082844
925066,0.040580627
925067,0.04517231
925068,0.041584745
925069,0.04112148
925070,0.034491584
925075,0.050139207
925076,0.043123156
925077,0.0420663
925078,0.039178524
925079,0.031871557
925080,0.030782636
925081,0.03396003
925082,0.020794341
925083,0.032453254
925084,0.020086922
925085,0.029702522
925086,0.021519475
925087,0.016751464
925088,0.015435838
925089,0.019594537
925090,0.030211275
925092,0.032996435
925093,0.014353414
925094,0.012348394
925095,0.011145017
925096,0.017342601
925098,0.018339448
925105,0.018483452
925106,0.010111126
925107,0.015120755
925108,0.021902336
925109,0.010472114
925110,0.025573181
925122,0.026548252
925123,0.014732821
925124,0.010400734
925125,0.009911817
925126,0.009911817
925127,0.009902246
925135,0.023840655
925136,0.01486279
925137,0.017640894
925138,0.01456541
925139,0.009674894
925145,0.023840655
925146,0.023582643
925147,0.017640894
925148,0.017640894
925149,0.011729783
925150,0.011724506
925153,0.015258915
925154,0.011244094
925155,0.011279121
925156,0.011146515
925157,0.014078372
925158,0.010890301
925159,0.010890301
925160,0.014092279
925161,0.04624379
925162,0.010890301
925163,0.010890301
925164,0.010092563
925165,0.01107253
925166,0.022488967
925167,0.017529305
925168,0.013371569
925169,0.027130485
925170,0.009767757
925171,0.012459589
925172,0.013049322
925174,0.020341387
925175,0.009767757
925176,0.007828983
925177,0.0096949395
925178,0.009953193
925179,0.018142035
925180,0.008553712
925181,0.009980625
925182,0.009827892
925183,0.015412536
925184,0.007458709
925185,0.012435245
925191,0.008876333
925192,0.0090310145
925193,0.023298906
925194,0.00928778
925195,0.009446498
925196,0.00813389
925202,0.015136478
925203,0.017927308
925204,0.011076458
925206,0.015169524
925207,0.009325233
925208,0.010397113
925209,0.029193992
925224,0.034038026
925225,0.036637694
925226,0.026497073
925227,0.034152977
925228,0.02285887
925234,0.032626018
925235,0.073544234
925691,0.089521006
925692,0.10694292
925698,0.060939793
925699,0.09290497
925700,0.033426642
925701,0.081212886
925702,0.029809805
925703,0.03347681
925704,0.06711619
925705,0.025848946
925706,0.045527183
925707,0.03301884
925708,0.05620024
925719,0.3507342
925720,0.26295465
925721,0.23723766
925722,0.1339016
925723,0.20664707
925724,0.19227634
925725,0.17432682
925726,0.047306836
925727,0.038154643
925728,0.026789531
925729,0.13898969
925802,0.31251186
925803,0.17034294
925804,0.10091708
925805,0.14272575
925806,0.08192225
925807,0.12601946
925808,0.15853895
925809,0.028434236
925810,0.06535019
925811,0.13846664
925812,0.03517638
925813,0.032013323
925814,0.1231595
925815,0.07034299
925816,0.065694444
925817,0.024427624
925818,0.03686047
925819,0.038945034
925820,0.0337557
925821,0.044784557
925822,0.027914345
925823,0.028350377
925824,0.04951661
925825,0.02718303
925826,0.048902348
925827,0.10510525
925828,0.026012408
925829,0.04743073
925830,0.104950756
925831,0.02714485
925832,0.0768901
925833,0.100680694
925834,0.05753007
925835,0.05088947
925836,0.093623966
925837,0.049603797
925838,0.050701108
925839,0.019719552
925840,0.07690054
925841,0.06267419
925842,0.05390302
925843,0.021332398
925844,0.05318409
925845,0.026970657
925850,0.022485465
925851,0.026264073
925852,0.019006768
925853,0.06714458
925854,0.051052526
925855,0.08987599
925856,0.08630753
925857,0.045721743
925858,0.08145596
925859,0.045418523
925864,0.1338213
925865,0.112690516
925866,0.13445364
925867,0.08035782
925873,0.11639151
925884,0.15787184
925885,0.12309763
925886,0.116041906
925887,0.103509575
925888,0.04007925
925889,0.09000897
925890,0.07813752
925891,0.08212727
925895,0.085212454
925896,0.039397802
925897,0.0530633
925898,0.02809495
925899,0.060815234
925900,0.060229924
925901,0.057651706
925902,0.2015276
925903,0.14913507
925904,0.13739453
925905,0.11964514
925906,0.11625698
925907,0.111228876
925908,0.10642607
925909,0.040383082
925910,0.04524744
925911,0.07392862
925912,0.07977424
925913,0.068182945
925914,0.033007387
925915,0.06569727
925916,0.060391832
925917,0.059096072
925918,0.056065727
925926,0.12977752
925927,0.13236777
925928,0.074637376
925929,0.06558857
925934,0.09880197
925936,0.05485425
925937,0.043467987
925938,0.020030446
925943,0.035435192
925944,0.028808024
925945,0.041205134
925946,0.02044544
925947,0.016325671
925948,0.01932265
925949,0.024615996
925953,0.03517036
925954,0.01686296
925955,0.024491083
925956,0.030731954
925957,0.013518158
925963,0.014964395
925964,0.028815228
925965,0.020988502
925966,0.0222245
925967,0.015124426
925968,0.012783976
925975,0.013466223
925976,0.021553552
925977,0.011988901
925982,0.020883616
925983,0.015451159
925984,0.017237559
925985,0.007933452
925986,0.025109436
926000,0.07233088
926001,0.06590837
926002,0.112610444
926003,0.040802613
926004,0.042504463
926005,0.036051035
926006,0.035099786
926007,0.051278044
926008,0.03857323
926017,0.108727515
926018,0.064428344
926019,0.03745065
926020,0.04870429
926072,0.06772397
926073,0.11706772
926074,0.06362651
926075,0.10951694
926081,0.13670737
926082,0.043985985
926083,0.05034448
926084,0.048150636
926085,0.04618066
926086,0.06942129
926087,0.09728273
926088,0.06990029
926089,0.042395107
926090,0.03989408
926091,0.03882565
926093,0.08172886
926094,0.032128654
926095,0.042202916
926096,0.05451451
926097,0.038080234
926098,0.05654596
926099,0.047217
926100,0.053656224
926101,0.034465615
926102,0.046721794
926103,0.046302535
926109,0.058968827
926110,0.050351057
926111,0.0279435
926112,0.046936274
926119,0.039997548
926120,0.038156673
926121,0.050351057
926122,0.019953735
926125,0.070038415
926126,0.056209967
926127,0.05075911
926128,0.021939903
926129,0.029922888
926130,0.05137613
926131,0.044047315
926132,0.034687072
926133,0.07078192
926134,0.028364068
926135,0.022880472
926143,0.0753671
926144,0.05968832
926145,0.05968832
926146,0.025071472
926147,0.030749813
926148,0.026649013
926149,0.047969982
926150,0.05768211
926151,0.034127325
926152,0.026678758
926153,0.039396543
926154,0.021853933
926155,0.013001698
926156,0.035422914
926157,0.0255638
926158,0.024204813
926159,0.057371233
926160,0.026116932
926161,0.0391706
926162,0.023706052
926163,0.04835522
926164,0.053806465
926165,0.035923056
926166,0.023996867
926167,0.017490767
926168,0.033578694
926169,0.028020363
926170,0.034085628
926171,0.024172166
926172,0.03572037
926173,0.02041417
926179,0.040465675
926214,0.08860833
926215,0.11440626
926247,0.107750736
926248,0.047951292
926249,0.07878964
926250,0.04295715
926487,0.060041305
926488,0.090920575
926489,0.09727923
926490,0.037658717
926491,0.047719378
926492,0.05918013
926493,0.053104643
926528,0.16051817
926529,0.103969954
926530,0.09457775
926531,0.059026938
926532,0.08577471
926533,0.08140119
926534,0.054467328
926535,0.08555092
926536,0.044511095
926537,0.07337999
926538,0.040181823
926539,0.066972464
926540,0.05153454
926541,0.0530287
926542,0.061582584
926543,0.060461637
926544,0.061582584
926545,0.05179721
926546,0.04978291
926547,0.05179721
926548,0.05170027
926549,0.02632621
926550,0.046807297
926551,0.053965755
926552,0.0524537
926553,0.053597186
926554,0.04369565
926555,0.044743884
926556,0.042358223
926557,0.047683522
926558,0.041731346
926559,0.040072653
926560,0.041731346
926561,0.045311637
926562,0.041731346
926563,0.041957464
926564,0.041053575
926578,0.08861282
926579,0.06368576
926580,0.07783759
926581,0.035993174
926582,0.0453131
926583,0.03816947
926584,0.04047462
926585,0.029851433
926586,0.05291516
926587,0.051313847
926588,0.0427108
926589,0.02903948
926590,0.05807679
926591,0.044462115
926592,0.03693887
926593,0.05478168
926594,0.057937305
926595,0.027415114
926596,0.048582945
926597,0.024892107
926598,0.048454523
926599,0.032960024
926600,0.043422777
926601,0.051852595
926602,0.07329504
926603,0.039832454
926604,0.047679305
926605,0.039616156
926606,0.039616156
926607,0.03952951
926608,0.039727453
926609,0.04302438
926610,0.02706357
926611,0.039389957
926612,0.05004164
926613,0.05018201
926614,0.029374257
926615,0.028149504
926616,0.019610763
926617,0.03836526
926618,0.03924925
926619,0.044593703
926620,0.06023279
926621,0.050588652
926622,0.032276563
926623,0.028717523
926624,0.028717523
926625,0.046203602
926630,0.040328708
926631,0.034710053
926632,0.043028306
926633,0.043028306
926634,0.023745677
926642,0.057099797
926643,0.030177996
926644,0.029592011
926645,0.042002533
926646,0.03791984
926647,0.047239542
926648,0.02329788
926649,0.041036315
926652,0.056791868
926653,0.026767401
926654,0.03316156
926655,0.019090371
926656,0.026875708
926657,0.057029735
926658,0.033134744
926659,0.023579992
926660,0.046888784
926661,0.020693537
926662,0.028735878
926663,0.012148251
926664,0.022142097
926665,0.020390244
926666,0.021710824
926667,0.019044094
926668,0.03794429
926669,0.028313162
926670,0.022150146
926671,0.018356282
926672,0.03177813
926673,0.028879056
926674,0.03732184
926675,0.019256515
926676,0.030488292
926677,0.029650405
926678,0.017035445
926679,0.021837132
926721,0.12449097
926731,0.057477288
926732,0.09336619
926733,0.10275243
926734,0.07763739
926735,0.07390136
926736,0.070867926
926737,0.04732747
926738,0.074973434
926739,0.062091094
926756,0.06396395
926757,0.040093835
926758,0.037555076
926759,0.02812712
926760,0.03676705
926761,0.048369862
926787,0.06638915
926788,0.027563648
926789,0.022110172
926790,0.042018615
926791,0.02156497
926797,0.020706054
926798,0.02191238
926799,0.026459245
926800,0.01885758
926801,0.034809757
926802,0.014936671
926803,0.03580688
926812,0.01891593
926813,0.011391216
926814,0.022808151
926815,0.024590202
926825,0.02609036
926826,0.016660485
926827,0.017145704
926828,0.013895478
926829,0.019149339
926830,0.012192818
926858,0.0049104756
926885,0.02442584
926886,0.027471576
926892,0.04791083
926893,0.025975024
926894,0.0162547
926895,0.016796691
926898,0.021102436
926899,0.013562252
926900,0.012959006
926901,0.020300848
926902,0.011677293
926904,0.01813835
926905,0.010357951
926906,0.010700882
926907,0.021673454
926908,0.010700882
926915,0.020243168
926916,0.009453215
926917,0.009662972
926918,0.017165475
926924,0.012090836
926925,0.019934932
926926,0.012195357
926927,0.007827049
926928,0.014217666
926935,0.02492739
926936,0.011892184
926937,0.017360918
926938,0.013004947
926939,0.008475901
926940,0.008475901
926956,0.010106699
926957,0.008475901
926958,0.013991082
926959,0.00842749
926979,0.0103074
926980,0.015376485
926981,0.018916713
926982,0.017796194
926983,0.012917615
926993,0.012116243
926994,0.007590233
926995,0.0045953006
926996,0.008839013
926997,0.012450392
927002,0.052826818
927003,0.042241685
927004,0.047745846
927005,0.011549181
927006,0.042241685
927008,0.04961258
927009,0.040099856
927010,0.039832365
927013,0.05391276
927014,0.042960286
927015,0.042960286
927016,0.042960286
927017,0.041814525
927018,0.042960286
927019,0.042960286
927029,0.025016552
927030,0.03381652
927031,0.028037224
927032,0.035989005
927033,0.02691152
927034,0.01563559
927035,0.037955973
927039,0.04636252
927040,0.037955973
927041,0.037955973
927042,0.015639206
927075,0.061074484
927076,0.12500794
927077,0.11712469
927084,0.11542636
927085,0.03806274
927086,0.0644013
927087,0.084466405
927088,0.08116031
927100,0.07169334
927121,0.12817673
927122,0.043049388
927123,0.09331819
927131,0.08595328
927132,0.07834352
927284,0.073327176
927285,0.12142743
927286,0.113740675
927294,0.078032546
927295,0.06285192
927296,0.032993995
927297,0.03150076
927311,0.10880156
927312,0.030606879
927313,0.045889694
927314,0.07059463
927315,0.065869
927316,0.060613286
927317,0.060468093
927318,0.024480201
927323,0.07696341
927324,0.059275776
927325,0.05349616
927326,0.05349616
927327,0.05349616
927328,0.06896244
927329,0.053355478
927330,0.052225344
927331,0.05178348
927332,0.05178348
927333,0.05168863
927334,0.05170536
927335,0.065679066
927336,0.018879462
927337,0.03988882
927338,0.035731252
927339,0.033303656
927340,0.022672676
927341,0.019449994
927342,0.023662109
927343,0.022063112
927344,0.035785135
927345,0.029166954
927346,0.029109826
927347,0.01766047
927348,0.0275699
927349,0.033365186
927350,0.026571836
927351,0.03588882
927352,0.042537037
927353,0.06049853
927354,0.026571836
927355,0.023932656
927419,0.010972656
927539,0.0648028
927540,0.05573109
927541,0.053271607
927542,0.06264516
927543,0.05762469
927544,0.07787503
927545,0.025582053
927546,0.063333094
927547,0.06797627
927548,0.050449736
927549,0.069281206
927550,0.044171
927551,0.064799175
927552,0.03710539
927553,0.034075163
927554,0.028491983
927555,0.041356597
927556,0.046488572
927557,0.04114625
927558,0.034125265
927559,0.037229583
927560,0.04417069
927561,0.040279053
927562,0.038696866
927563,0.020096438
927564,0.031812433
927565,0.024806129
927566,0.028577901
927567,0.03163121
927568,0.041910656
927569,0.024077721
927570,0.025078237
927571,0.017333876
927572,0.017916422
927573,0.020125877
927574,0.018872155
927575,0.03312628
927576,0.031995505
927577,0.04244501
927578,0.020125877
927579,0.029294288
927580,0.032807052
927581,0.0386547
927582,0.036374107
927583,0.023009365
927584,0.01937626
927585,0.031083407
927586,0.03429923
927587,0.019821733
927588,0.022404075
927589,0.02568516
927590,0.01860768
927591,0.02445448
927592,0.024773033
927593,0.01831662
927600,0.02928302
927601,0.029219327
927602,0.034219008
927603,0.033824638
927604,0.021802122
927605,0.025253754
927627,0.24104713
927628,0.16271026
927629,0.0768174
927655,0.20317473
927656,0.1172357
927657,0.11003956
927658,0.10380023
927659,0.08726205
927662,0.12759502
927663,0.07816144
927664,0.07755758
927665,0.073288806
927666,0.069650136
927667,0.069484904
927668,0.0694579
927669,0.0694579
927670,0.10563985
927671,0.06548568
927672,0.064945556
927673,0.027227703
927677,0.06011355
927678,0.046668824
927679,0.05070913
927680,0.029114151
927681,0.063218474
927682,0.04544096
927683,0.03453284
927684,0.09356707
927685,0.028945012
927686,0.024708696
927687,0.062264964
927688,0.045552842
927689,0.030888984
927695,0.09356707
927696,0.034413535
927697,0.023343926
927698,0.031457316
927699,0.06303579
927700,0.029368617
927707,0.108676806
927708,0.07198427
927709,0.07166805
927710,0.032396577
927711,0.029176394
927712,0.03351389
927713,0.041605428
927714,0.04409081
927725,0.10382864
927726,0.070376724
927727,0.070376724
927728,0.058969557
927729,0.02750165
927733,0.088905014
927734,0.05046981
927735,0.027343212
927736,0.05231636
927737,0.04953657
927740,0.07169219
927741,0.048220553
927742,0.02819943
927743,0.060215343
927744,0.04370207
927745,0.039333176
927746,0.037091106
927747,0.03687325
927748,0.05891827
927749,0.030095695
927750,0.030095695
927751,0.03806713
927752,0.0680608
927753,0.0680608
927754,0.04347094
927755,0.030095695
927756,0.02940016
927757,0.05727448
927758,0.021442974
927759,0.03186754
927760,0.03636459
927761,0.068456076
927762,0.025718804
927763,0.054696176
927764,0.038953707
927765,0.054696176
927766,0.022583144
927767,0.024623742
927768,0.024623742
927769,0.0215992
927770,0.056176785
927771,0.047224026
927772,0.056176785
927773,0.021301273
927774,0.022864513
927775,0.024590695
927776,0.052912794
927777,0.030713206
927778,0.040547296
927779,0.052456338
927784,0.08685814
927785,0.050634135
927786,0.06322997
927787,0.028033197
927793,0.048940133
927794,0.027918182
927795,0.025563931
927800,0.031716544
927801,0.038350523
927802,0.046745926
927803,0.042238213
927804,0.021470927
927814,0.02934092
927815,0.029043447
927816,0.053889114
927817,0.027108902
927842,0.04073563
927843,0.03506042
927844,0.021226618
927845,0.019163782
927846,0.01932477
927847,0.029178325
927848,0.024851266
927864,0.039566297
927865,0.025499672
927866,0.018728646
927867,0.031127598
927868,0.022994809
927869,0.024060434
927870,0.02205003
927871,0.027087618
927875,0.03195961
927876,0.045754783
927877,0.045754783
927878,0.045651402
927879,0.02639675
927880,0.02051435
927882,0.042170346
927883,0.032339625
927884,0.031700034
927885,0.018414658
927886,0.045497335
927888,0.058427002
927889,0.04560626
927890,0.018460883
927891,0.02039516
927892,0.030712469
927893,0.039534803
927900,0.02786354
927901,0.020405505
927902,0.04614796
927903,0.030848691
927904,0.04614796
927905,0.030703306
927906,0.017953511
927907,0.044303518
927908,0.043863203
927915,0.059388395
927916,0.019087719
927917,0.017953511
927918,0.049162496
927919,0.04614796
927920,0.027043363
927921,0.031701706
927922,0.019782366
927928,0.040372513
927929,0.04614796
927930,0.042934768
927931,0.06282863
927932,0.018596094
927933,0.017953511
927934,0.037584722
927935,0.019782366
927936,0.023186123
927937,0.04614796
927941,0.027823308
927942,0.019685868
927975,0.09202479
927976,0.0954787
927977,0.10040449
927990,0.1011384
927991,0.030305916
927992,0.030454773
927993,0.060025617
927994,0.054549396
928000,0.047536258
928001,0.04077405
928002,0.044038814
928003,0.056641128
928004,0.08055533
928013,0.06920987
928014,0.04061358
928015,0.022929015
928016,0.022929015
928017,0.020944618
928028,0.026503107
928029,0.020944618
928030,0.020887649
928031,0.019536454
928032,0.019107277
928045,0.023448028
928046,0.018940015
928047,0.018904125
928048,0.018910453
928049,0.018910453
928061,0.05379525
928062,0.04338908
928063,0.04593059
928064,0.029204424
928065,0.019563064
928066,0.018802509
928067,0.018533299
928068,0.018802509
928081,0.022371724
928082,0.042213913
928083,0.032187726
928084,0.03544979
928085,0.04505556
928086,0.10053752
928103,0.038850773
928104,0.04100096
928105,0.040468223
928106,0.024093317
928107,0.025688054
928118,0.09585193
928119,0.04385864
928120,0.0261475
928121,0.052982565
928122,0.08782093
928127,0.11304502
928128,0.042054743
928129,0.02455234
928130,0.059388705
928131,0.050797123
928267,0.13606334
928268,0.10329649
928269,0.09906283
928270,0.08888847
928271,0.0832871
928272,0.07861792
928280,0.09999777
928281,0.07140638
928282,0.067023635
928283,0.06514269
928284,0.064632356
928291,0.061531313
928292,0.057087053
928293,0.040682614
928294,0.056949798
928295,0.02130036
928306,0.040400814
928307,0.021896789
928308,0.02038535
928309,0.040611334
928310,0.022392489
928311,0.019313175
928314,0.06412494
928315,0.033741467
928316,0.03621053
928317,0.03010808
928318,0.021740919
928319,0.033014145
928321,0.04452018
928322,0.018627847
928323,0.021723092
928324,0.050248373
928325,0.03176184
928326,0.12913539
928327,0.027399626
928328,0.029206658
928329,0.026950523
928330,0.026786096
928331,0.049115833
928332,0.054627553
928333,0.024796875
928338,0.019125476
928339,0.037121996
928340,0.037471462
928341,0.017814273
928342,0.020459231
928343,0.017814273
928344,0.046842657
928345,0.017814273
928383,0.036437336
928384,0.08952142
928385,0.0831389
928386,0.026721438
928387,0.0692708
928402,0.048876993
928403,0.04733493
928404,0.1022509
928405,0.063101
928406,0.06469354
928407,0.03976315
928408,0.07781688
928409,0.025166152
928410,0.034625836
928411,0.024855264
928412,0.04724642
928413,0.044916965
928414,0.022254497
928415,0.03002474
928416,0.031075202
928421,0.047630917
928422,0.018223453
928423,0.028668799
928424,0.020749731
928425,0.03643553
928426,0.051987335
928434,0.04321828
928435,0.0106064165
928447,0.018925004
928448,0.019630997
928449,0.033615783
928450,0.048225224
928451,0.043944255
928462,0.051787585
928463,0.03178722
928464,0.028273128
928465,0.029938877
928466,0.025977336
928467,0.016609838
928468,0.044128157
928471,0.035301775
928472,0.017782448
928578,0.056284364
928579,0.11995101
928580,0.11186602
928581,0.09845066
928582,0.091369756
928583,0.085182406
928584,0.08050228
928585,0.07768728
928587,0.09797974
928588,0.06999035
928589,0.024318546
928590,0.06495399
928591,0.05976661
928592,0.059190758
928593,0.0451872
928594,0.023762966
928595,0.048004795
928596,0.05427415
928597,0.02850578
928598,0.038644522
928599,0.024048235
928600,0.05413154
928601,0.04375809
928602,0.020529097
928603,0.038327266
928604,0.025280884
928605,0.030824145
928606,0.061751906
928607,0.062472444
928608,0.0479779
928609,0.036367673
928610,0.020497108
928612,0.020943228
928613,0.02021792
928614,0.06033748
928615,0.028941633
928616,0.020116132
928617,0.019735916
928618,0.035082575
928619,0.044957526
928620,0.026581673
928621,0.032842863
928626,0.0477389
928627,0.024984032
928628,0.018629793
928629,0.049669877
928630,0.032092247
928631,0.035426743
928635,0.0477389
928636,0.013218778
928665,0.112364374
928666,0.050014056
928667,0.08264321
928668,0.05416531
928801,0.050714523
928802,0.03390892
928804,0.06008723
928805,0.054519434
928806,0.022790033
928807,0.027189871
928808,0.052367296
928809,0.01950363
928815,0.02601671
928816,0.020574724
928817,0.017523205
928818,0.013375477
928819,0.0130536165
928820,0.01672152
928821,0.015351178
928822,0.023822729
928823,0.013343046
928824,0.014299774
928825,0.025006203
928826,0.014299774
928827,0.024755046
928828,0.044194557
928829,0.012278507
928830,0.010790587
928832,0.034769095
928833,0.012564322
928834,0.017041562
928835,0.017050311
928836,0.015114919
928837,0.016866067
928838,0.012529755
928839,0.01659082
928840,0.012589756
928841,0.010469189
928842,0.029888457
928843,0.016848445
928844,0.01056169
928846,0.013418625
928847,0.024474923
928848,0.01588075
928849,0.020848583
928850,0.025262842
928858,0.03514685
928859,0.02653989
928895,0.057419334
928896,0.032735933
928905,0.06487228
928906,0.047755525
928907,0.02396706
928908,0.043170866
928909,0.020639168
928910,0.0503752
928911,0.032714225
928912,0.035706427
928913,0.030189302
928914,0.03486795
928915,0.026796944
928916,0.02375748
928917,0.042023256
928918,0.021462768
928919,0.03640956
928920,0.023242569
928921,0.045625545
928922,0.026769884
928923,0.049563725
928924,0.048780832
928925,0.04740563
928926,0.022286523
928927,0.034041177
928928,0.039226606
928929,0.043790087
928930,0.0439855
928931,0.02824011
928932,0.032626845
928933,0.022286523
928934,0.04740563
928935,0.022286523
928936,0.047486495
928937,0.038491596
928938,0.047498275
928939,0.038523737
928940,0.024563694
928941,0.039746232
928942,0.027541263
928943,0.05494908
928944,0.028333649
928945,0.027766356
928946,0.039734412
928947,0.038960837
928948,0.04656713
928949,0.030004585
928957,0.05940497
928958,0.018239418
928959,0.038859215
928960,0.024678878
928961,0.03135302
928966,0.05799676
928967,0.01966852
928968,0.021353692
928969,0.01890856
928973,0.055015266
928974,0.020769436
928975,0.035534557
928976,0.03089268
928977,0.04681165
928987,0.03480689
928988,0.054736804
928989,0.039127484
928990,0.054352514
928991,0.03269687
928997,0.045174584
928998,0.025918469
928999,0.025110705
929000,0.029922293
929001,0.043717656
929002,0.046359535
929003,0.050436925
929004,0.074354984
929005,0.049921896
929006,0.07844772
929007,0.025918469
929011,0.15478371
929012,0.10566299
929013,0.044255227
929014,0.103310965
929015,0.051880214
929020,0.039812908
929021,0.043232925
929022,0.03596919
929023,0.06325818
929024,0.033219267
929025,0.042727113
929026,0.048258703
929027,0.041100897
929028,0.030770488
929029,0.026824383
929030,0.032508075
929064,0.031100618
929076,0.01804379
929129,0.07472584
929130,0.035795003
929131,0.054706678
929132,0.061109103
929133,0.045283843
929134,0.052566424
929135,0.028946003
929136,0.04901365
929137,0.03427396
929153,0.081181064
929154,0.08984187
929155,0.07322469
929156,0.034365706
929157,0.086957484
929158,0.030485071
929164,0.0382754
929165,0.05350159
929166,0.026686335
929167,0.053241663
929168,0.038970552
929169,0.024665928
929170,0.055400606
929171,0.021612555
929172,0.053222917
929173,0.056304578
929174,0.021612555
929184,0.02252775
929185,0.020729635
929186,0.037929036
929187,0.032769203
929188,0.024836358
929196,0.044491295
929197,0.02059837
929198,0.025650071
929199,0.048035648
929200,0.014937477
929204,0.03205476
929207,0.008700089
929238,0.0838737
929244,0.048035987
929245,0.05753723
929246,0.05576431
929247,0.07144741
929248,0.06798579
929249,0.07832209
929250,0.060504965
929266,0.05987452
929267,0.123690814
929269,0.03167082
929270,0.02474467
929271,0.025767805
929272,0.023847558
929277,0.023969274
929284,0.021023367
929285,0.019887684
929287,0.00667695
929302,0.0073360694
929413,0.03922303
929414,0.024171295
929420,0.031800173
929421,0.020059666
929422,0.018956574
929423,0.018299516
929424,0.01725006
929425,0.025821159
929426,0.016056523
929427,0.015468882
929428,0.01305699
929429,0.015493671
929430,0.01364526
929431,0.011246331
929432,0.011246331
929433,0.011246331
929442,0.027320806
929443,0.045124095
929444,0.010099483
929445,0.013368915
929481,0.02035548
929482,0.014429579
929483,0.037886214
929484,0.014350473
929485,0.017203713
929486,0.04325188
929501,0.012902873
929502,0.010452654
929503,0.020431373
929506,0.012902873
929507,0.008374579
929508,0.019777268
929509,0.014457653
929510,0.008820793
929511,0.008581931
929528,0.013185946
929529,0.014537
929530,0.008823281
929531,0.007711748
929532,0.009986568
929540,0.015650678
929541,0.0075942525
929542,0.013039316
929543,0.016202295
929544,0.007915244
929552,0.011533525
929553,0.009467098
929554,0.024160145
929555,0.013451452
929556,0.00668589
929562,0.021844791
929563,0.0441817
929564,0.034197085
929565,0.023731913
929594,0.02405471
929595,0.010548956
929627,0.05388875
929628,0.058331575
929696,0.015321367
929697,0.02883797
929698,0.03017395
929699,0.016663134
929700,0.02274789
929703,0.016344873
929765,0.026965408
929766,0.015229388
929767,0.015401691
929822,0.033115983
929823,0.06322352
929824,0.022149185
929832,0.019978797
929833,0.031196129
929834,0.01540661
929835,0.015110114
929853,0.022876166
929854,0.010192256
929855,0.011451333
929856,0.020965362
929857,0.008742285
929877,0.034011424
929878,0.010605685
929879,0.014982294
929880,0.019186364
929918,0.11401165
929919,0.039888628
929920,0.08784445
929921,0.04069465
929922,0.01959543
929923,0.03091964
929940,0.046642218
929941,0.053244818
929942,0.072602116
929943,0.054323316
929950,0.08299925
929951,0.058083404
929952,0.03750545
929953,0.030976094
929954,0.05710344
929959,0.056961987
929960,0.08872776
929961,0.044291496
929962,0.04072106
929963,0.028788375
929968,0.027002359
929969,0.024879588
929970,0.054991387
929971,0.032421622
929972,0.017908143
929977,0.033299517
929978,0.039296035
929979,0.031238008
929980,0.02134975
929981,0.01730423
929987,0.041577145
929988,0.03765632
929989,0.036715392
929990,0.026649185
929995,0.038527243
929996,0.037245978
929997,0.01773251
929998,0.020222321
930003,0.022132961
930004,0.037245978
930005,0.030256042
930006,0.03238131
930007,0.024246806
930017,0.04204749
930018,0.027302165
930019,0.028528798
930020,0.038583957
930021,0.02245451
930029,0.03282288
930030,0.017529765
930031,0.017802231
930032,0.027305167
930033,0.017802231
930034,0.018035192
930039,0.048702803
930040,0.018035192
930041,0.017019993
930042,0.008286992
930043,0.020927288
930044,0.03263026
930045,0.015999416
930046,0.0338108
930203,0.25912958
930204,0.20520377
930218,0.24436772
930219,0.1745965
930220,0.163456
930221,0.15395321
930222,0.030055726
930223,0.0570021
930224,0.05462601
930255,0.03465276
930256,0.0807386
930257,0.0233615
930258,0.050089397
930272,0.036259618
930273,0.025603646
930274,0.04881928
930275,0.028992627
930292,0.031265892
930293,0.034353152
930294,0.02913549
930295,0.024709936
930296,0.02188675
930297,0.025084406
930561,0.062826596
930562,0.045273535
930571,0.0909232
930572,0.04867624
930573,0.045675173
930574,0.03807167
930575,0.0349812
930576,0.03564335
930577,0.03742442
930578,0.028041763
930579,0.031687476
930580,0.02489849
930581,0.047339898
930582,0.026595643
930583,0.031146638
930584,0.021340637
930585,0.029166609
930586,0.020109085
930587,0.01931451
930588,0.023492858
930589,0.023799408
930590,0.025064023
930591,0.025992481
930592,0.019693313
930593,0.031527452
930598,0.029369425
930599,0.02463589
930607,0.02792935
930608,0.020396302
930609,0.017813273
930610,0.021483107
930611,0.01706819
930612,0.016025906
930617,0.0312179
930618,0.021304432
930655,0.076657705
930656,0.06719711
930657,0.039119918
930658,0.049573753
930664,0.058653064
930665,0.048560522
930666,0.026327297
930667,0.042948123
930668,0.031928115
930678,0.043607432
930679,0.051351156
930680,0.026423573
930681,0.035114612
930687,0.027972091
930688,0.023352934
930689,0.038510527
930690,0.018640572
930691,0.018659642
930699,0.040993404
930700,0.02094185
930701,0.02645012
930702,0.02088489
930703,0.043551393
930710,0.023428103
930711,0.019972267
930712,0.0344525
930713,0.030423447
930722,0.038638562
930723,0.043215726
930724,0.046923112
930725,0.018847413
930726,0.038663458
930727,0.019568158
930740,0.051350083
930741,0.028032057
930742,0.018660322
930743,0.01881695
930744,0.018807612
930745,0.018770382
930753,0.07390831
930754,0.059490036
930755,0.01821736
930756,0.034832835
930757,0.030897569
930761,0.06799966
930762,0.054666016
930763,0.054666016
930764,0.054666016
930769,0.06799966
930770,0.054666016
930771,0.05409131
930772,0.05409131
930773,0.053735707
930779,0.057635233
930780,0.047033574
930781,0.047033574
930782,0.047033574
930802,0.31838542
930803,0.09718105
930804,0.09411231
930805,0.039322343
930806,0.07079799
930807,0.0686183
930808,0.06455722
930809,0.049026284
930810,0.022674529
930811,0.021946417
930812,0.021766607
930813,0.02025964
930831,0.038853087
930832,0.019922717
930833,0.019922717
930834,0.019922717
930835,0.019922717
930850,0.057057
930851,0.01880543
930852,0.075588755
930853,0.064478286
930854,0.04533769
930855,0.04019769
930874,0.090658434
930875,0.04648868
930876,0.025291556
930877,0.077282265
930878,0.045353323
930879,0.060626425
930880,0.071389675
930881,0.029571675
930882,0.032686234
930893,0.04388098
930894,0.03171317
930895,0.060626425
930896,0.060626425
930897,0.060657248
930898,0.060628425
930899,0.060513515
930900,0.060692664
930901,0.060692664
930902,0.05983422
930903,0.059890565
930904,0.059890565
930905,0.059890565
930919,0.11937479
930920,0.028460545
930921,0.04235073
930922,0.025643308
930923,0.039275337
930924,0.039621253
930925,0.040391315
930934,0.040727917
930935,0.050617885
930936,0.052684695
930937,0.04113249
930938,0.061972063
930939,0.02462983
930940,0.035397734
930941,0.040798713
930942,0.029704114
930943,0.03474469
930944,0.049074028
930945,0.030909209
930946,0.06348721
930950,0.08631658
930951,0.025810461
930952,0.03758635
930953,0.034116723
930954,0.023576014
930955,0.028976878
930964,0.041522313
930965,0.02871231
930966,0.020684524
930967,0.026369097
930968,0.022807604
930982,0.05092418
930983,0.039582923
930984,0.022320263
930985,0.022126265
930986,0.025022509
930987,0.038862783
930988,0.034477945
930989,0.020204147
931002,0.042038713
931003,0.019692939
931004,0.043500334
931005,0.064427726
931012,0.0630632
931013,0.024774404
931014,0.022286627
931015,0.020119399
931016,0.039360818
931017,0.03563063
931018,0.028661402
931019,0.02596561
931020,0.019984368
931021,0.036341146
931022,0.020427749
931023,0.02330642
931024,0.02628972
931025,0.029006975
931026,0.035474516
931027,0.02823726
931028,0.028166533
931029,0.0201383
931030,0.029471396
931031,0.02582886
931034,0.040375005
931035,0.026959835
931036,0.020838128
931037,0.021591783
931038,0.02582198
931047,0.033474572
931048,0.017951973
931049,0.03358584
931050,0.022957932
931058,0.03414512
931059,0.018303491
931060,0.023215942
931061,0.02000992
931078,0.032808483
931079,0.03781215
931080,0.019042846
931102,0.044768862
931103,0.0172739
931104,0.030560639
931105,0.059233338
931106,0.038017787
931107,0.048887655
931108,0.028379342
931109,0.03694192
931110,0.054139562
931111,0.023514608
931112,0.027661124
931113,0.019781146
931114,0.08235568
931115,0.019714156
931116,0.056044962
931117,0.043225322
931118,0.050498944
931119,0.03955903
931120,0.017321663
931121,0.03358745
931122,0.037146922
931123,0.03595543
931124,0.053779803
931125,0.029954435
931126,0.016997918
931127,0.026989698
931128,0.017543089
931129,0.037666116
931130,0.02178921
931131,0.022365052
931132,0.029574838
931143,0.03680051
931144,0.018409796
931145,0.021533525
931146,0.01842516
931147,0.023940371
931148,0.022750149
931150,0.032166887
931151,0.02654655
931152,0.028419282
931153,0.017589593
931154,0.025074456
931155,0.026275625
931159,0.024394833
931160,0.022473667
931161,0.025685687
931162,0.022419488
931163,0.02440697
931176,0.031333134
931177,0.031956274
931178,0.033017788
931179,0.020637063
931180,0.027180165
931181,0.020243969
931182,0.016834628
931183,0.044733446
931184,0.020705324
931185,0.020705324
931186,0.0229654
931187,0.018033363
931188,0.018502202
931189,0.018502202
931190,0.018502202
931191,0.02287672
931192,0.018548643
931193,0.017918376
931194,0.02287672
931195,0.018548643
931196,0.017796844
931197,0.041218184
931198,0.0623182
931199,0.021482335
931200,0.021482335
931201,0.021482335
931203,0.04486067
931204,0.02150233
931205,0.02150233
931206,0.02150233
931209,0.026848536
931210,0.020643713
931211,0.020643713
931212,0.020643713
931213,0.029889237
931215,0.022516247
931216,0.018006708
931217,0.018006708
931285,0.008258485
931303,0.1582979
931304,0.10768533
931309,0.14070085
931310,0.08988521
931311,0.081293136
931312,0.07611299
931313,0.071201056
931317,0.08939432
931318,0.060730502
931319,0.05854892
931320,0.05808703
931321,0.05474474
931325,0.06781993
931326,0.02793997
931327,0.051849477
931328,0.020670535
931329,0.037707515
931330,0.048754055
931346,0.03352454
931347,0.019600423
931348,0.019197399
931349,0.047707267
931350,0.03508894
931351,0.03121812
931358,0.04303528
931359,0.04304956
931360,0.045012824
931361,0.018215995
931362,0.033402786
931363,0.043822184
931364,0.073082425
931365,0.040579744
931366,0.030816576
931370,0.05116116
931371,0.018103926
931372,0.03782485
931373,0.033494093
931374,0.018079106
931375,0.039988924
931381,0.05432997
931382,0.018540675
931383,0.06313996
931384,0.018921068
931385,0.0226758
931391,0.033386778
931392,0.025065737
931393,0.030661287
931394,0.028094249
931395,0.021600796
931397,0.035101812
931398,0.023189092
931399,0.017778981
931400,0.017794944
931401,0.024419175
931402,0.035126384
931403,0.03159681
931404,0.020971773
931405,0.02809189
931406,0.029515505
931407,0.024168253
931408,0.026147123
931409,0.023574494
931410,0.02270293
931411,0.017094448
931412,0.02722077
931413,0.031961642
931414,0.03368635
931415,0.02213601
931416,0.016254624
931418,0.018715728
931419,0.017222693
931420,0.024939993
931421,0.014052134
931422,0.017222693
931423,0.022633957
931424,0.046383344
931425,0.017167881
931426,0.026430672
931427,0.0160209
931428,0.01848434
931429,0.026083399
931430,0.017004667
931431,0.030529281
931621,0.09131935
931622,0.10602719
931624,0.10735791
931625,0.0884076
931626,0.081207454
931627,0.07528251
931628,0.06965352
931629,0.061805744
931641,0.15213364
931642,0.116007894
931651,0.08423015
931652,0.07520303
931653,0.039758936
931654,0.06801805
931655,0.060692735
931656,0.051534973
931657,0.06290198
931658,0.07058368
931659,0.029780995
931660,0.052967142
931661,0.025618449
931662,0.060313277
931663,0.0478214
931664,0.054304533
931665,0.04784565
931734,0.06464101
931735,0.035374377
931737,0.055893343
931738,0.018044956
931739,0.024387872
931740,0.018331394
931742,0.029057065
931743,0.016791204
931744,0.03266464
931745,0.031479415
931746,0.029239338
931747,0.016071506
931748,0.028027277
931761,0.07405633
931764,0.035385486
931765,0.04963952
931766,0.033263236
931767,0.020333735
931769,0.10981853
931770,0.06087912
931771,0.083149
931772,0.029755373
931773,0.027929345
931782,0.11348793
931783,0.048598763
931784,0.0814261
931785,0.08246358
931786,0.070782244
931787,0.07194397
931788,0.047902945
931801,0.070743196
931802,0.03949611
931803,0.037930854
931804,0.03762512
931805,0.0496519
931827,0.065340884
931828,0.050612684
931829,0.025787247
931830,0.03259551
931831,0.04558785
931832,0.029460538
931833,0.03441996
931873,0.054574966
931874,0.018148271
931875,0.040584754
931876,0.040212113
931878,0.031415414
931879,0.032680083
931880,0.041831687
931881,0.02156411
931886,0.0440923
931887,0.0400685
931888,0.021983005
931889,0.018715436
931890,0.041845363
931899,0.023282705
931900,0.04457757
931901,0.03816946
931902,0.049058072
931903,0.035749186
931904,0.044793386
931905,0.023663828
931906,0.020799484
931907,0.019429797
931908,0.048250925
931909,0.02280662
931917,0.042232726
931918,0.016304336
931919,0.04392002
931920,0.0318033
931921,0.028429091
931922,0.031880416
931923,0.04594985
931924,0.028279115
931928,0.01849239
931929,0.028397491
932013,0.048729893
932014,0.088923484
932015,0.07156564
932016,0.085992545
932017,0.075807236
932018,0.048052836
932142,0.085648954
932143,0.07022029
932144,0.08812444
932145,0.081030846
932146,0.07458776
932245,0.10897201
932246,0.08616727
932247,0.0774254
932248,0.07012857
932250,0.14334442
932251,0.109744474
932252,0.10179631
932253,0.09107763
932254,0.08368
932255,0.08345301
932256,0.072722994
932257,0.0325081
932258,0.06493108
932342,0.054679044
932343,0.109095365
932344,0.06509507
932345,0.060780928
932374,0.075387955
932375,0.05208584
932376,0.048951782
932377,0.048084788
932378,0.025864055
932379,0.066437446
932380,0.043512378
932381,0.058179494
932382,0.037954587
932405,0.032404657
932418,0.068211004
932419,0.021242756
932420,0.020805316
932439,0.04367184
932440,0.08232905
932441,0.023754349
932442,0.030216465
932443,0.05007499
932452,0.03992355
932453,0.045838486
932454,0.04880849
932455,0.029304992
932456,0.029314699
932457,0.045768898
932464,0.036185548
932465,0.036887344
932466,0.045662276
932467,0.045662276
932477,0.04426629
932478,0.03371945
932479,0.039622523
932480,0.019357374
932481,0.01767204
932482,0.048098933
932486,0.021404
932487,0.045662444
932488,0.028064635
932489,0.017443981
932490,0.043223605
932491,0.03294466
932503,0.09319068
932504,0.11342139
932507,0.14296626
932508,0.0983937
932509,0.035591226
932510,0.085723184
932511,0.08101597
932515,0.075602345
932516,0.028537469
932517,0.046609193
932518,0.0638099
932523,0.04419173
932524,0.023180021
932525,0.05070118
932526,0.030855963
932527,0.02470106
932528,0.025993839
932533,0.031261552
932534,0.027074018
932535,0.02442376
932536,0.020573627
932537,0.02395866
932656,0.054229915
932657,0.07175366
932658,0.10578882
932659,0.096633136
932660,0.03607881
932661,0.035881363
932662,0.051680695
932663,0.07342836
932664,0.05191657
932665,0.05009391
932666,0.049695205
932667,0.04615089
932668,0.04340733
932669,0.043301456
932670,0.043301456
932671,0.024019789
932672,0.043301456
932673,0.019296162
932674,0.035375144
932675,0.039410233
932676,0.017801639
932677,0.03180453
932765,0.02341314
932766,0.04589218
932767,0.0155786015
932768,0.015794186
932776,0.043162495
932777,0.034174077
932778,0.025233714
932779,0.029894043
932780,0.013514827
932781,0.0123793185
932784,0.036829118
932785,0.02099985
932786,0.022233153
932787,0.02364
932788,0.01061007
932789,0.025848797
932790,0.024177892
932792,0.018030383
932793,0.024430636
932794,0.014882072
932795,0.008388902
932796,0.021255873
932797,0.012312541
932827,0.023562532
932887,0.029125389
932888,0.037014455
932889,0.06720876
932890,0.09292473
932891,0.050683267
932892,0.027702311
932893,0.05665188
932894,0.03808135
932895,0.027011286
932896,0.054026555
933308,0.088717364
933309,0.026725793
933310,0.035820257
933311,0.0128060505
933319,0.041289594
933320,0.012817576
933321,0.011919604
933322,0.019159315
933332,0.03418106
933333,0.010524958
933334,0.02189514
933335,0.021422831
933336,0.024233824
933337,0.020357434
933343,0.029340154
933344,0.020807065
933345,0.008871968
933346,0.020200338
933347,0.0141331665
933348,0.0137299495
933350,0.008862329
933351,0.014094458
933352,0.008602943
933353,0.007639563
933354,0.010273741
933355,0.017749023
933356,0.016218454
933357,0.016345786
933358,0.017260838
933359,0.0076275053
933364,0.058240756
933365,0.018849367
933366,0.03637035
933367,0.049746834
933368,0.007392153
933369,0.016354276
933382,0.057705265
933383,0.018284647
933384,0.03435168
933385,0.021220922
933386,0.027293714
933400,0.031569455
933401,0.016730899
933402,0.04066637
933403,0.023415664
933404,0.0440949
933477,0.10666749
933478,0.10677917
933479,0.07944925
933480,0.0696167
933481,0.06413585
933482,0.053259727
933483,0.04992057
933489,0.06293895
933490,0.036025442
933491,0.04139785
933492,0.04325187
933493,0.040241536
933494,0.032363843
933501,0.047774807
933502,0.028908525
933503,0.031953346
933504,0.03801432
933505,0.031722914
933506,0.033429332
933507,0.043904718
933513,0.04813577
933514,0.052613996
933515,0.01827962
933516,0.033969868
933517,0.017286109
933518,0.06377867
933525,0.14626622
933526,0.034556217
933527,0.03391766
933528,0.023279175
933529,0.0481363
933530,0.03391766
933531,0.051257078
933532,0.041585106
933541,0.03995199
933542,0.034020964
933543,0.055097166
933544,0.051924564
933545,0.029279746
933546,0.051064122
933547,0.045814477
933552,0.046927165
933553,0.028437931
933554,0.033346627
933555,0.02971995
933556,0.050537262
933557,0.031595837
933562,0.047917243
933563,0.033346627
933564,0.02971995
933565,0.045059536
933566,0.031640917
933567,0.028251916
933568,0.03490083
933573,0.08234495
933574,0.04156465
933575,0.04176139
933576,0.03482538
933577,0.030951496
933578,0.017413
933583,0.042026184
933584,0.048391078
933919,0.19251756
933920,0.1128611
933928,0.071588695
933929,0.059177294
933930,0.059705246
933931,0.05495274
933932,0.033470854
933933,0.036170453
933934,0.0576583
933935,0.040043153
933936,0.031442326
933937,0.028452076
933938,0.03815082
933939,0.038437933
933940,0.038437933
933941,0.0406423
933942,0.03504769
933943,0.037215307
933952,0.03247766
933953,0.034840323
933954,0.024543218
933955,0.034640566
933956,0.020216152
933957,0.034783814
933958,0.030620582
933959,0.021973027
933977,0.030996727
933978,0.036263
933979,0.04461304
933980,0.021828465
933981,0.024011215
933982,0.02278328
933983,0.021759667
933984,0.036263
933985,0.030251803
933986,0.033500362
933987,0.034236155
933988,0.030585274
933989,0.040675685
933990,0.023950255
933991,0.03425671
933992,0.04500932
934008,0.04453282
934009,0.03425322
934010,0.03425322
934011,0.03069144
934012,0.02386293
934013,0.03425322
934020,0.039871346
934021,0.03408139
934022,0.033189017
934023,0.030178923
934029,0.036072128
934030,0.05203867
934031,0.02365
934032,0.09273958
934033,0.047245055
934046,0.06122577
934047,0.05193287
934048,0.0369504
934049,0.028659226
934050,0.02849304
934051,0.049119998
934058,0.05502817
934059,0.02069757
934060,0.034797534
934061,0.029966636
934062,0.041458227
934069,0.037610326
934070,0.04931729
934071,0.031432062
934072,0.036613442
934073,0.041602537
934076,0.035483964
934077,0.040182024
934078,0.04931729
934079,0.02040221
934080,0.041309834
934081,0.049177613
934082,0.023559004
934083,0.021972207
934084,0.019742403
934085,0.039979514
934086,0.03295145
934087,0.03295145
934088,0.032432135
934089,0.03918348
934090,0.047534704
934091,0.03836739
934092,0.0320079
934093,0.020073542
934094,0.04598796
934095,0.031457577
934096,0.017924864
934097,0.03771199
934098,0.030509738
934099,0.032426815
934100,0.02961805
934101,0.031098021
934111,0.12124971
934112,0.043977845
934113,0.064377345
934114,0.08423284
934115,0.06313405
934116,0.052907236
934117,0.057527024
934119,0.06956225
934120,0.05381405
934121,0.028493917
934122,0.10795491
934123,0.02608486
934124,0.04094474
934125,0.04829185
934126,0.025211487
934127,0.025047729
934128,0.04479505
934129,0.042425625
934130,0.042698685
934131,0.041871652
934132,0.034026835
934135,0.13346812
934136,0.088456646
934137,0.08231029
934138,0.06400407
934139,0.0590834
934140,0.05259689
934148,0.078113735
934149,0.046118952
934150,0.045272667
934151,0.048326988
934169,0.07828601
934170,0.059742562
934171,0.028414864
934172,0.049907673
934187,0.048960153
934188,0.042159665
934189,0.051465128
934190,0.029451838
934191,0.0345158
934192,0.034936994
934193,0.04403083
934194,0.022972897
934195,0.025269037
934196,0.047157295
934200,0.051346075
934201,0.031007687
934202,0.03391552
934203,0.03391552
934206,0.051631466
934207,0.029905502
934208,0.0253433
934209,0.033229113
934210,0.033229113
934211,0.04720869
934212,0.07697293
934213,0.055309694
934214,0.047632728
934215,0.037785165
934216,0.05045956
934217,0.034854088
934218,0.04410593
934219,0.029502677
934220,0.04758781
934221,0.029531356
934229,0.056947723
934230,0.02035326
934231,0.030854715
934232,0.04626142
934233,0.031978533
934243,0.063750334
934244,0.040168192
934245,0.020874288
934246,0.04288765
934247,0.035783928
934253,0.036278278
934254,0.03489436
934255,0.049347106
934256,0.024981022
934257,0.051122855
934258,0.02884579
934259,0.048946865
934260,0.022058485
934261,0.019577587
934262,0.027578281
934263,0.03369658
934264,0.026457133
934265,0.027130578
934266,0.107610665
934267,0.03389246
934268,0.039291553
934269,0.08139565
934270,0.027130578
934271,0.032318763
934274,0.11567655
934275,0.08139565
934276,0.037554532
934277,0.039291553
934278,0.117535576
934284,0.050122656
934285,0.08117797
934286,0.051797017
934287,0.028360186
934288,0.027916595
934294,0.026795471
934295,0.07946479
934296,0.027916595
934297,0.0534615
934298,0.04954799
934306,0.09414846
934307,0.042177945
934308,0.027582353
934309,0.020935716
934310,0.037866447
934311,0.087232485
934332,0.046523094
934333,0.036333214
934334,0.020921534
934335,0.07086337
934336,0.039206717
934337,0.040223993
934347,0.030593676
934348,0.024815677
934349,0.023103831
934350,0.016234796
934351,0.03518926
934352,0.034779217
934353,0.03475253
934356,0.025796765
934357,0.023336485
934358,0.023336485
934359,0.023336485
934360,0.023159144
934361,0.01877969
934374,0.027519979
934375,0.06335784
934376,0.027944088
934377,0.027944088
934378,0.027944088
934379,0.027944088
934381,0.038924817
934382,0.03666203
934383,0.03580742
934384,0.03666203
934385,0.03648841
934386,0.027810562
934387,0.027810562
934388,0.037000194
934389,0.03702127
934390,0.051161658
934391,0.03474746
934392,0.03939617
934393,0.03220167
934399,0.09081479
934401,0.07972089
934402,0.03744398
934403,0.05028098
934404,0.042824764
934405,0.02657111
934406,0.04786808
934407,0.034220874
934408,0.0243136
934409,0.028705617
934410,0.034981858
934411,0.024826942
934413,0.042410005
934414,0.022345407
934415,0.021539507
934416,0.033961013
934417,0.022345407
934418,0.019069342
934419,0.020175738
934420,0.015172083
934421,0.016277805
934422,0.043051198
934426,0.020121181
934427,0.027514955
934428,0.021557802
934429,0.017455008
934430,0.017421251
934431,0.021198135
934432,0.023087155
934433,0.024413686
934434,0.016970476
934435,0.013974923
934542,0.054281067
934543,0.056478597
934544,0.07432106
934556,0.053443637
934557,0.031655867
934558,0.03179561
934559,0.04118596
934560,0.023355665
934571,0.029622333
934572,0.054684833
934573,0.025981348
934574,0.017209737
934575,0.02137509
934581,0.035406828
934582,0.021472154
934605,0.01983534
934632,0.08291614
934633,0.06060581
934635,0.08569627
934636,0.06923829
934637,0.064682126
934638,0.069253825
934639,0.052196935
934640,0.062451817
934641,0.053677935
934642,0.045133874
934643,0.024357812
934644,0.035338048
934645,0.0937122
934646,0.030139891
934647,0.030139891
934648,0.03094172
934649,0.030139891
934650,0.027209295
934651,0.026501544
934652,0.06581349
934653,0.025909418
934654,0.025909418
934655,0.027927816
934656,0.08726149
934657,0.08712244
934661,0.07159298
934662,0.05529477
934663,0.050735474
934664,0.048008148
934672,0.0503069
934673,0.04449372
934674,0.041560635
934676,0.022253912
934677,0.03977851
934678,0.01989991
934679,0.018845936
934704,0.049522635
934705,0.03867137
934706,0.036110878
934713,0.082620546
934714,0.06718642
934715,0.027864197
934716,0.027469443
934717,0.1264304
934718,0.029457206
934719,0.05664683
934720,0.023755241
934728,0.050731253
934729,0.044225518
934730,0.019358637
934731,0.035359528
934736,0.024936637
934737,0.04947485
934738,0.025476357
934739,0.044489633
934740,0.019771153
934744,0.02505933
934745,0.028792718
934746,0.02545918
934757,0.06644159
934758,0.044524148
934759,0.040483445
934760,0.035681773
934761,0.041381285
934762,0.030888475
934772,0.042553917
934795,0.051634025
934806,0.046154093
934807,0.023392985
934808,0.024130238
934809,0.028189534
934810,0.022021715
934811,0.024689456
934812,0.0145089375
934821,0.029064344
934822,0.015750654
934823,0.020852525
934824,0.0158306
934825,0.028725991
934826,0.017704004
934827,0.013583932
934829,0.014591214
934830,0.010991218
934831,0.010313366
934832,0.017035093
934833,0.011415331
934834,0.01254459
934835,0.021421976
934836,0.010295576
934837,0.015258792
934838,0.0103095705
934839,0.008596162
934840,0.013751333
934841,0.009552972
934842,0.013405746
934843,0.01886997
934844,0.009159274
934846,0.043370754
934847,0.0237605
934848,0.0332135
934870,0.085428104
934871,0.06728751
934872,0.061647043
934873,0.069506995
934874,0.04676318
934875,0.04729481
934902,0.049312707
934903,0.045708627
934904,0.041243862
934935,0.15494825
934936,0.07446571
934937,0.0687502
934938,0.032613613
934939,0.028513895
934940,0.029741544
934949,0.08117644
934950,0.051735222
934951,0.04391793
934952,0.04933541
934953,0.04220708
934955,0.069433585
934956,0.042195268
934957,0.03130531
934958,0.05711097
934959,0.036266215
934960,0.045001913
934961,0.026349181
934962,0.04200559
934963,0.033515178
934964,0.040809155
934965,0.01914959
934966,0.05311873
934967,0.03484441
934968,0.031845495
934973,0.021824723
934974,0.037815187
934975,0.04514895
934976,0.035873093
934977,0.032358117
934978,0.013925382
934984,0.041005954
934985,0.017053036
934986,0.03266242
934987,0.04980064
934988,0.03043803
934989,0.017844025
934990,0.045559414
934991,0.050553888
934995,0.01906876
934996,0.031926256
934997,0.016951427
934998,0.024059173
934999,0.016742647
935016,0.0057274136
935039,0.031240467
935040,0.024079228
935096,0.05642192
935097,0.03936015
935103,0.040371165
935104,0.029404428
935105,0.014777943
935106,0.030828184
935107,0.014427564
935108,0.028548421
935120,0.016325971
935121,0.01931369
935122,0.03000169
935123,0.013896772
935124,0.009689652
935127,0.026846275
935128,0.023506114
935129,0.02256731
935130,0.010816061
935131,0.011141828
935135,0.011442639
935136,0.0084024705
935137,0.009838659
935138,0.010337046
935139,0.0072105695
935143,0.018420178
935144,0.014685979
935151,0.018563058
935152,0.011145959
935153,0.011599007
935154,0.014273841
935155,0.011215857
935156,0.013279391
935157,0.016237553
935158,0.008457962
935159,0.007310044
935160,0.012256864
935161,0.009980055
935213,0.017668936
935214,0.011501229
935215,0.007713806
935216,0.007112328
935232,0.011433814
935233,0.006288889
935234,0.0066184173
935235,0.0070901117
935236,0.005963154
935237,0.015957909
935242,0.003773753
935457,0.0732088
935458,0.058908645
935459,0.040573087
935460,0.044956442
935462,0.0672747
935463,0.043789137
935464,0.026725458
935465,0.04382535
935491,0.07669233
935492,0.05594443
935493,0.05230519
935494,0.061511338
935495,0.057192314
935496,0.046958312
935518,0.076316155
935519,0.061183326
935520,0.0697406
935521,0.057268698
935522,0.060053173
935523,0.044062864
935524,0.04856049
935525,0.040167484
935533,0.04034277
935534,0.021645702
935541,0.09520406
935542,0.01775096
935543,0.01689621
935544,0.037150726
935545,0.018063828
935546,0.07912175
935547,0.025076892
935552,0.03420322
935553,0.030482491
935554,0.04165276
935555,0.021809684
935575,0.015849326
935576,0.014207318
935577,0.015058647
935578,0.012060732
935579,0.017503776
935587,0.012988731
935588,0.01875675
935589,0.01037849
935590,0.016461132
935591,0.019847209
935600,0.012942073
935601,0.009099275
935602,0.016776104
935603,0.045030087
935604,0.015380687
935605,0.015326362
935613,0.0113532385
935614,0.020515539
935615,0.04518458
935616,0.0091110105
935617,0.016781729
935618,0.009656134
935628,0.012284513
935629,0.01171976
935630,0.024423402
935631,0.010252481
935632,0.008219464
935633,0.0139592085
935651,0.008297439
935652,0.020624394
935653,0.015365521
935654,0.0088029085
935655,0.01713988
935668,0.03900373
935669,0.013249134
935670,0.0073594064
935671,0.0088029085
935675,0.007713802
935676,0.0460291
935677,0.028384017
935678,0.015535033
935679,0.023610812
935680,0.016677579
935681,0.02673566
935682,0.028070046
935683,0.011476827
935718,0.021617884
935719,0.031329855
935720,0.05285653
935721,0.029691735
935722,0.038423367
935723,0.030636497
935724,0.022259472
935725,0.023437766
935726,0.019217702
935728,0.022912694
935729,0.020870628
935730,0.01897287
935731,0.012298209
935742,0.026556399
935743,0.00949097
935744,0.0150528485
935745,0.021686258
935746,0.008710557
935770,0.017977495
935771,0.008884857
935772,0.008976466
935773,0.016181065
935774,0.018504398
935791,0.009266533
935792,0.009299179
935793,0.015467095
935794,0.007784981
935795,0.013116598
935796,0.010715951
935797,0.009850675
935803,0.016970491
935804,0.007688099
935805,0.0097894855
935806,0.015472287
935807,0.017383166
935808,0.019209156
935829,0.016733756
935830,0.017418997
935831,0.0077363877
935832,0.014527992
935833,0.008612852
935854,0.019248158
935855,0.017148606
935856,0.020676585
935857,0.007075889
935858,0.011335573
935859,0.016651846
935860,0.009316247
935861,0.023519065
935862,0.019094564
935874,0.029272083
935875,0.030028462
935876,0.033791848
935877,0.03947978
935878,0.07100498
935879,0.01784955
935890,0.098242015
935891,0.076181695
935892,0.07093969
935893,0.06324131
935894,0.05841546
935895,0.0550158
935900,0.031427342
935901,0.050347935
935902,0.047047935
935903,0.04550771
935908,0.051886477
935909,0.059940536
935910,0.04197775
935911,0.03795462
935912,0.018590065
935913,0.036060024
935914,0.042128377
935927,0.07769674
935928,0.08032439
935929,0.075017445
935930,0.066581964
935931,0.07165956
935932,0.05776572
935933,0.053968657
935934,0.058878213
935935,0.04795625
935936,0.04638774
935937,0.0460171
935938,0.041744974
935940,0.036938332
935941,0.03754302
935942,0.035898846
935944,0.079283096
935945,0.045993287
935946,0.041825477
935947,0.03766748
935977,0.017221725
935978,0.03725736
935979,0.019062648
935984,0.025874395
935985,0.016502842
935986,0.021154398
935987,0.014606025
935988,0.017434992
935989,0.017643547
935990,0.021854091
935991,0.009214845
935994,0.011569072
935995,0.019882517
935996,0.0094204405
936073,0.074101955
936092,0.08149919
936093,0.056054484
936094,0.061694093
936095,0.03910992
936096,0.026079698
936105,0.03215839
936106,0.048915558
936107,0.044055697
936108,0.040324442
936109,0.038036156
936118,0.01645134
936119,0.022507837
936120,0.07199367
936329,0.10210521
936330,0.075052015
936337,0.100190744
936338,0.030419867
936339,0.054916017
936340,0.03148209
936341,0.04205814
936359,0.06566305
936360,0.045193754
936361,0.026492829
936362,0.03372235
936363,0.020457128
936364,0.031913385
936373,0.033278182
936374,0.026065545
936375,0.038948394
936376,0.02887394
936377,0.01735964
936378,0.019809676
936379,0.03289789
936380,0.023064265
936381,0.018179854
936382,0.021449823
936395,0.019550702
936396,0.033377156
936397,0.016444165
936398,0.028256094
936399,0.02875713
936412,0.033608016
936413,0.036006883
936414,0.014125581
936415,0.026099678
936416,0.03476812
936427,0.029484147
936428,0.023539433
936429,0.015690845
936430,0.016597264
936431,0.018029476
936432,0.03422532
936450,0.020417068
936451,0.024152422
936452,0.021396967
936469,0.027266616
936470,0.020136902
936471,0.017309688
936472,0.020136902
936493,0.034120645
936494,0.025614318
936495,0.015706893
936496,0.030772662
936497,0.012750572
936509,0.041040357
936510,0.012663095
936511,0.025600322
936512,0.02189995
936513,0.030690169
936632,0.008314225
936649,0.08859947
936654,0.07761339
936655,0.061071027
936656,0.05463265
936657,0.05012505
936658,0.0474289
936681,0.04951964
936682,0.042960003
936683,0.04012378
936684,0.03871258
936685,0.038400795
936687,0.0327232
936688,0.032882795
936689,0.032882795
936690,0.048452344
936691,0.06752363
936692,0.09116039
936693,0.049981534
936694,0.06705755
936695,0.034709495
936696,0.02375012
936697,0.024649367
936698,0.022885798
936699,0.040580496
936700,0.023188028
936701,0.020935971
936702,0.020325065
936703,0.039842416
936704,0.0306614
936705,0.025715306
936706,0.020079033
936707,0.018169135
936708,0.034484826
936709,0.03341618
936710,0.018119574
936711,0.044138037
936712,0.03333833
936713,0.032917812
936714,0.03246201
936715,0.029740114
936716,0.029749963
936717,0.029749963
936718,0.029749963
936719,0.030134436
936720,0.017303897
936721,0.016406095
936722,0.016406095
936723,0.016406095
936724,0.030134436
936725,0.038006805
936726,0.029508466
936727,0.029162593
936728,0.029105475
936729,0.028508574
936730,0.028508574
936731,0.028279703
936732,0.028164431
936733,0.034247555
936734,0.028142344
936735,0.02710301
936736,0.026810767
936737,0.026810767
936738,0.026810767
936739,0.02545483
936740,0.024032215
936741,0.028936548
936742,0.02386924
936743,0.02386924
936744,0.022819415
936745,0.022674615
936746,0.022674615
936747,0.022521552
936867,0.10415274
936904,0.18218547
936905,0.057000652
936906,0.044584505
936907,0.050122987
936908,0.04840966
936909,0.10786748
936923,0.07447743
936924,0.06680334
936925,0.095809996
936926,0.029064748
936927,0.05806457
936928,0.10346167
936935,0.03807213
936936,0.042327657
936937,0.09269766
936938,0.0613277
936939,0.041648146
936940,0.053685173
936941,0.032744147
936942,0.038747367
936943,0.06112706
936944,0.023349246
936945,0.043884475
936946,0.022187838
936947,0.048353862
936950,0.05014006
936951,0.054229256
936952,0.059073593
936953,0.039717138
936954,0.030320423
936955,0.055901848
936957,0.03643692
936958,0.03960177
936959,0.039857414
936960,0.040857412
936961,0.03839115
936962,0.058660742
936963,0.040793814
936964,0.040992662
936965,0.032163806
936966,0.025278045
936967,0.025302725
936968,0.025302725
936969,0.032194987
936970,0.025302725
936971,0.014996241
936972,0.031808827
936973,0.02285397
936974,0.024897054
936976,0.027110456
936977,0.055351194
936978,0.031231508
936979,0.03601957
936980,0.035018485
936981,0.03438979
936982,0.11868532
936983,0.031209009
936984,0.052489616
936985,0.024411164
936986,0.04387455
936987,0.033462964
936988,0.035203442
936989,0.024268994
936990,0.030581322
936991,0.032654647
936992,0.041296676
936993,0.0289803
936994,0.023035917
936995,0.031777967
936996,0.026536802
936997,0.021491962
936998,0.03798353
936999,0.031777967
937000,0.020881642
937001,0.023109213
937002,0.029167557
937003,0.035505358
937004,0.03272934
937005,0.022818403
937006,0.027522989
937007,0.049531154
937008,0.03272934
937009,0.04094794
937010,0.038683213
937011,0.020609887
937012,0.056300484
937013,0.022762459
937017,0.023236606
937018,0.030922243
937019,0.02996153
937020,0.020020055
937026,0.023247538
937027,0.02254307
937028,0.024629613
937029,0.028146276
937030,0.022342423
937031,0.08922562
937032,0.026732355
937033,0.018582249
937034,0.076436184
937035,0.019106084
937057,0.05731636
937058,0.07406254
937059,0.109322906
937060,0.034262653
937061,0.03195061
937062,0.04024805
937063,0.2169792
937064,0.040346697
937065,0.10395934
937066,0.038839754
937067,0.038526986
937068,0.025287688
937069,0.06840798
937070,0.02449192
937071,0.03453231
937072,0.029596345
937073,0.07534881
937074,0.035075326
937075,0.063109055
937076,0.054841783
937077,0.03378958
937078,0.07995028
937079,0.02157614
937081,0.037682988
937082,0.04775366
937083,0.02025927
937084,0.046319086
937085,0.02855341
937086,0.07080444
937097,0.050638236
937098,0.039016232
937099,0.036477298
937100,0.03236842
937101,0.030351644
937102,0.02863367
937112,0.033396196
937113,0.026208451
937114,0.021796532
937115,0.021075573
937116,0.020902745
937117,0.019265749
937121,0.021765474
937122,0.017908184
937123,0.019090073
937124,0.019090073
937125,0.019090073
937126,0.017502833
937128,0.0204415
937129,0.017502833
937130,0.017455058
937131,0.017226744
937132,0.016820878
937133,0.01657732
937134,0.01906345
937135,0.015351186
937136,0.014351391
937137,0.014351391
937251,0.04670127
937252,0.037316162
937253,0.034883842
937254,0.031843394
937255,0.029699365
937256,0.028512012
937257,0.02689293
937258,0.026361601
937259,0.02456619
937260,0.023866212
937261,0.023671057
937262,0.02036891
937263,0.019241335
937264,0.019375073
937265,0.019375073
937266,0.019375073
937267,0.019375073
937268,0.017606335
937269,0.017606335
937270,0.017606335
937271,0.017558292
937272,0.017558292
937273,0.017144717
937274,0.01689655
937275,0.01689655
937276,0.01686447
937277,0.016037527
937278,0.016037527
937279,0.015592041
937280,0.015417667
937281,0.015380175
937282,0.01542792
937283,0.01542792
937284,0.01542792
937302,0.015628355
937303,0.014059542
937304,0.0137934
937367,0.03532778
937368,0.029373163
937369,0.02709548
937370,0.02454321
937371,0.05530173
937372,0.022087237
937373,0.07049348
937374,0.044690084
937429,0.10727384
937430,0.075673245
937431,0.03923657
937432,0.06176955
937467,0.07999597
937468,0.052817956
937469,0.048606556
937470,0.047384456
937478,0.06114552
937479,0.042816285
937480,0.042472906
937481,0.03942233
937482,0.036649015
937483,0.036558993
937484,0.050345585
937485,0.019346325
937486,0.03618945
937487,0.032582875
937488,0.043270323
937489,0.042032253
937490,0.030524975
937491,0.049954362
937492,0.03188495
937493,0.01701635
937494,0.02484989
937495,0.03593376
937496,0.019293344
937497,0.03618036
937498,0.022335164
937499,0.026149776
937500,0.06669601
937501,0.031560738
937506,0.02070109
937507,0.021682248
937508,0.03305255
937509,0.024157325
937510,0.01942586
937521,0.026857395
937522,0.03223732
937523,0.031919874
937524,0.023701893
937525,0.01442968
937526,0.079790555
937534,0.01969434
937535,0.031791396
937536,0.06410959
937537,0.031484384
937538,0.028748509
937545,0.057835054
937546,0.03284259
937547,0.03900205
937548,0.01657223
937549,0.031531435
937563,0.09564668
937564,0.08338208
937565,0.058322906
937566,0.060138065
937567,0.04787733
937568,0.04567115
937569,0.050804976
937570,0.062046196
937571,0.031310342
937572,0.044096973
937573,0.03863188
937574,0.044588182
937575,0.04051025
937576,0.03142635
937577,0.041670837
937639,0.108565815
937640,0.06688714
937641,0.03479181
937642,0.053909294
937643,0.05021461
937644,0.048044577
937650,0.040732678
937651,0.04912403
937652,0.042468984
937653,0.024329284
937654,0.04912301
937666,0.028363746
937667,0.015350119
937668,0.041012883
937669,0.0131393755
937670,0.02248448
937671,0.023837687
937672,0.01777636
937677,0.0040619234
937845,0.042962395
937846,0.034434583
937847,0.055228714
937848,0.042658847
937849,0.039702855
937850,0.052841973
937861,0.09168719
937862,0.051652674
937863,0.03844735
937864,0.059150737
937865,0.058684397
937866,0.054955725
937867,0.05068734
937868,0.050564647
937869,0.050480615
937870,0.030401632
937871,0.020107469
937872,0.04278695
937873,0.065377235
937874,0.02804898
937875,0.03334008
937876,0.02797324
937877,0.033752438
937878,0.06112902
937879,0.05829412
937880,0.027764013
937881,0.05638322
937882,0.061037704
937883,0.08134491
937884,0.027313387
937899,0.0554595
937900,0.033293888
937901,0.041681424
937902,0.04441857
937903,0.027359333
937911,0.02419003
937912,0.04087946
937913,0.024594892
937914,0.032252558
937919,0.05716075
937920,0.019339617
937921,0.020832473
937922,0.044037517
937923,0.021977568
937933,0.04300534
937934,0.023409232
937935,0.01939642
937936,0.032345764
937937,0.026953619
937945,0.042014122
937946,0.031195268
937947,0.031195268
937948,0.023698373
937949,0.030985255
937950,0.023336235
937954,0.037427735
937955,0.014970827
937956,0.030515246
937957,0.04086596
937958,0.016908048
937964,0.055255115
937965,0.016808823
937966,0.03153212
937967,0.030338634
937968,0.031887636
937969,0.020005237
937970,0.039635018
937979,0.026578903
937987,0.032911513
938028,0.084405705
938029,0.14051622
938030,0.07116093
938031,0.05460367
938032,0.05751394
938033,0.07501152
938098,0.028634671
938099,0.02021723
938100,0.04146627
938101,0.018856816
938102,0.021273136
938103,0.04093049
938104,0.03242825
938110,0.021244824
938111,0.013356348
938116,0.019741355
938117,0.015562221
938118,0.01079774
938119,0.020069964
938125,0.017821575
938126,0.018193848
938127,0.01877599
938128,0.017883621
938129,0.014325916
938130,0.013989208
938131,0.018210355
938132,0.010806132
938133,0.0133380685
938134,0.010617596
938135,0.009573446
938136,0.014210804
938137,0.010218257
938138,0.00926417
938139,0.012144985
938140,0.014741468
938141,0.012970435
938245,0.19152561
938246,0.017202698
938247,0.051076483
938248,0.045437165
938249,0.055740286
938250,0.050455607
938251,0.045474358
938252,0.021753859
938253,0.029445974
938254,0.028208626
938257,0.017301416
938473,0.09359025
938474,0.07376941
938475,0.0358803
938476,0.049242545
938477,0.05956164
938481,0.06615312
938482,0.026725966
938483,0.04497023
938547,0.021629596
938548,0.014343804
938549,0.03321004
938550,0.011528981
938553,0.014472276
938554,0.013283647
938555,0.020704491
938556,0.013541019
938557,0.019821461
938560,0.013729808
938561,0.011731153
938562,0.007732241
938563,0.014336
938565,0.013462619
938566,0.014665274
938567,0.01413694
938568,0.011830138
938569,0.012522312
938570,0.0096057085
938571,0.011378405
938572,0.010465673
938573,0.0084178
938574,0.0062569473
938576,0.06859002
938577,0.048347488
938578,0.02795521
938579,0.06541377
938580,0.033752017
938581,0.012379394
938582,0.026982453
938590,0.046585497
938591,0.032240316
938592,0.02383518
938593,0.02674562
938594,0.023310333
938595,0.019246506
938612,0.029368717
938613,0.029188046
938660,0.060182165
938661,0.049636427
938662,0.053905696
938663,0.054945707
938675,0.026201598
938676,0.046215355
938677,0.03876552
938678,0.040134653
938688,0.026217388
938689,0.043819923
938702,0.04193514
938703,0.039423548
938728,0.011851004
938783,0.11254131
938784,0.11570269
938785,0.07169153
938786,0.04206525
938787,0.05658339
938788,0.055706877
938789,0.040179413
938790,0.050502714
938791,0.024665114
938874,0.0834931
938875,0.07708197
938876,0.12029592
938877,0.055750627
938878,0.06321071
938879,0.060767513
938892,0.0796405
938893,0.044134222
938894,0.053453
938895,0.025817852
938896,0.026133673
938897,0.042976122
938905,0.042911075
938906,0.03699796
938907,0.057885095
938908,0.04608668
938914,0.03021365
938915,0.034930732
938916,0.054535206
938917,0.017386276
938918,0.017829081
938919,0.030778494
938930,0.014893674
938953,0.039202712
938954,0.017118454
938955,0.022773854
938959,0.030824963
938960,0.020092146
938961,0.028656865
938962,0.012616369
938963,0.014803193
938964,0.018897405
938965,0.016483715
938966,0.0143263545
938967,0.015865771
938968,0.008541661
938969,0.012883192
938970,0.013816822
938971,0.010624906
938972,0.009184343
938973,0.009483366
938974,0.008112667
938975,0.011381072
938977,0.021558989
938978,0.008169958
938979,0.012038259
938980,0.009447453
938981,0.0072731543
938982,0.012772793
938983,0.007010697
938984,0.0077592107
938985,0.019849105
938986,0.008881268
938987,0.014135864
938988,0.016638158
938989,0.015818644
938992,0.008147084
938993,0.007578306
938994,0.007542567
938995,0.014063329
938996,0.013714603
939002,0.012690006
939003,0.0060238102
939004,0.006471309
939012,0.035961106
939013,0.040499553
939014,0.02438076
939015,0.017947795
939016,0.018044991
939017,0.011767314
939018,0.019851977
939019,0.015479831
939020,0.024978869
939021,0.01658354
939025,0.022719758
939026,0.022316722
939027,0.016997471
939028,0.015729386
939029,0.01332044
939030,0.018449476
939031,0.020535545
939032,0.019517615
939040,0.01642525
939041,0.018793965
939042,0.018387286
939043,0.01185302
939044,0.011088289
939045,0.018340142
939051,0.024239333
939052,0.012576236
939053,0.017255887
939054,0.011297285
939055,0.017530628
939056,0.011902795
939058,0.015186923
939059,0.0183115
939060,0.012580465
939061,0.011919609
939062,0.011413529
939063,0.017530628
939064,0.018144267
939065,0.024199804
939066,0.015756804
939067,0.011075628
939068,0.016634226
939069,0.011508778
939070,0.0075710113
939075,0.014405391
939076,0.03967635
939077,0.059628554
939078,0.016262503
939079,0.019049492
939080,0.032078315
939081,0.032078315
939082,0.029465837
939084,0.03588712
939085,0.02812336
939088,0.072119914
939089,0.021989511
939090,0.025246926
939091,0.021989511
939092,0.021989511
939093,0.05573317
939094,0.021989511
939097,0.07209748
939098,0.07253179
939099,0.071100734
939100,0.05100776
939101,0.10283024
939102,0.035196632
939103,0.0360232
939104,0.079287685
939105,0.031128524
939106,0.029968169
939107,0.039114505
939108,0.02709445
939109,0.026308669
939110,0.02841057
939113,0.08097292
939114,0.061335888
939115,0.12984864
939116,0.023915986
939117,0.05653744
939118,0.05653744
939119,0.024114955
939120,0.024114955
939121,0.02371687
939122,0.023510223
939123,0.025178883
939124,0.09217216
939125,0.023103777
939126,0.05497009
939127,0.114659995
939129,0.08357989
939130,0.051979788
939131,0.03247202
939132,0.03518109
939133,0.02232665
939134,0.037735745
939135,0.03247202
939136,0.051985864
939138,0.046100486
939139,0.035401743
939140,0.03550936
939141,0.05591456
939142,0.023993466
939143,0.0302628
939153,0.045965947
939154,0.035381418
939155,0.035381418
939156,0.035381418
939157,0.031775422
939158,0.0398081
939159,0.021327535
939160,0.023256132
939166,0.023391236
939167,0.02287362
939168,0.02418923
939169,0.02048697
939170,0.03275632
939177,0.03320403
939178,0.03211895
939179,0.027555073
939180,0.027077649
939181,0.028715355
939182,0.029841075
939183,0.024790794
939188,0.02265139
939189,0.02827975
939190,0.021856317
939191,0.020280624
939192,0.017806
939193,0.017806
939202,0.021258904
939203,0.019970896
939204,0.036323942
939205,0.02399699
939206,0.025139645
939207,0.030227702
939208,0.024918666
939209,0.025946377
939222,0.024124594
939223,0.02519518
939224,0.025034044
939225,0.019302774
939239,0.042112015
939240,0.02226912
939241,0.018347476
939242,0.020448793
939251,0.02869517
939252,0.016082874
939253,0.016617145
939254,0.08159819
939255,0.0469828
939434,0.10447418
939435,0.13339211
939436,0.047541507
939437,0.06596459
939448,0.053415928
939449,0.075959094
939450,0.055452604
939451,0.045669023
939452,0.07173687
939469,0.038437746
939470,0.023639217
939471,0.028022842
939472,0.040782385
939478,0.048852187
939479,0.024863956
939480,0.040682644
939481,0.022985367
939482,0.02499075
939483,0.033864364
939484,0.033781685
939485,0.038649537
939487,0.024689369
939488,0.035654943
939489,0.032945186
939490,0.01864298
939491,0.028191056
939508,0.051780753
939509,0.02040353
939510,0.033978242
939511,0.036494594
939512,0.02040353
939550,0.05859583
939551,0.018325469
939552,0.01980812
939553,0.032302376
939554,0.04780782
939555,0.021935457
939568,0.042054523
939569,0.027925624
939570,0.030635092
939571,0.02133311
939572,0.024262803
939573,0.035164926
939574,0.025211334
939575,0.03141523
939576,0.032139998
939577,0.024318246
939578,0.019662885
939585,0.028077682
939586,0.031138062
939587,0.041433875
939588,0.034895796
939589,0.030141996
939590,0.049499273
939591,0.026909256
939592,0.04922873
939593,0.052375518
939594,0.052375518
939595,0.02499673
939596,0.045508966
939601,0.05304509
939602,0.04073251
939603,0.018483037
939604,0.02953221
939605,0.045758624
939611,0.048576888
939612,0.043002263
939613,0.03932155
939614,0.018766444
939615,0.026372762
939616,0.033955704
939622,0.04241569
939623,0.042263344
939624,0.01860355
939625,0.023152964
939626,0.017247384
939627,0.031515773
939628,0.02485327
939629,0.042142764
939638,0.02440376
939639,0.020652339
939640,0.017317021
939641,0.028787341
939642,0.022587154
939700,0.066402026
939704,0.10235519
939705,0.081739865
939706,0.057030406
939707,0.040785354
939708,0.031416845
939709,0.0408329
939710,0.052585635
939711,0.06268485
939713,0.07028633
939714,0.030061085
939715,0.023888513
939716,0.021020694
939717,0.053204224
939718,0.0408678
939719,0.026214322
939720,0.057194103
939721,0.048662707
939722,0.022621175
939758,0.088806994
939759,0.08188402
939760,0.066113815
939761,0.05888619
939762,0.054138556
939763,0.051238168
939764,0.05279716
939765,0.046427842
939766,0.04337305
939767,0.041947834
939768,0.041611124
939769,0.03420752
939770,0.034869306
939862,0.09634603
939863,0.050085645
939864,0.04742876
939865,0.042297166
939866,0.039185517
939884,0.048823066
939885,0.03534516
939886,0.035063192
939887,0.03313017
939904,0.038305573
939905,0.036037672
939906,0.032849755
939907,0.02669912
939919,0.03256984
939920,0.026632864
939921,0.026632864
939922,0.026632864
939942,0.035574652
939943,0.11642219
939944,0.09276889
939945,0.031015024
939955,0.032467086
939956,0.03428028
939957,0.019297259
939958,0.03365683
939959,0.019260705
939960,0.03197347
939961,0.026482113
939962,0.023518918
939963,0.023257984
939964,0.049113397
939965,0.048618663
939966,0.027258668
939967,0.027258668
939994,0.06674667
939995,0.09747135
939996,0.09057841
939997,0.15287286
939998,0.020209825
939999,0.07018596
940000,0.06562935
940007,0.062445674
940008,0.055714354
940009,0.053897757
940090,0.13621908
940091,0.04990775
940092,0.062317424
940093,0.033773545
940094,0.06434998
940095,0.03489459
940096,0.06769206
940097,0.026322959
940098,0.06145906
940099,0.046664104
940100,0.029670393
940101,0.02055814
940102,0.036325455
940103,0.02266962
940104,0.047139544
940105,0.04205644
940106,0.031444985
940107,0.051117696
940108,0.051117696
940109,0.051117696
940110,0.047205642
940111,0.05105087
940112,0.049391855
940113,0.022609599
940114,0.024715245
940115,0.03132119
940116,0.029312257
940117,0.029312257
940118,0.01901238
940186,0.07238455
940187,0.051411126
940198,0.07219859
940199,0.028050603
940200,0.02620478
940201,0.04472235
940202,0.021212144
940203,0.044961568
940216,0.046648853
940217,0.050934814
940218,0.022108309
940219,0.018336352
940220,0.040732995
940241,0.0227035
940242,0.023216294
940243,0.029695436
940244,0.026111063
940245,0.015120259
940246,0.019632198
940247,0.02559136
940248,0.022859853
940249,0.017260619
940250,0.02327416
940251,0.02569943
940252,0.027531158
940263,0.0241014
940264,0.014600391
940265,0.024564385
940266,0.025795933
940267,0.028568134
940268,0.022674108
940269,0.023128474
940270,0.02470862
940287,0.024374567
940288,0.023946617
940289,0.036370095
940296,0.035822958
940297,0.02096287
940298,0.019540459
940299,0.016659938
940309,0.020030914
940310,0.016685234
940311,0.020847479
940312,0.01875733
940313,0.032585993
940317,0.025430813
940318,0.024691058
940319,0.019609973
940320,0.020847479
940328,0.043551143
940329,0.019803246
940330,0.035004403
940331,0.030889537
940332,0.017660124
940357,0.052016106
940358,0.028887836
940359,0.040758714
940360,0.029652111
940378,0.022792768
940379,0.0458887
940380,0.024487557
940402,0.058719497
940403,0.030612955
940404,0.04727681
940405,0.026473977
940406,0.027390115
940407,0.027061261
940410,0.034559112
940411,0.01437876
940434,0.109952904
940435,0.08567087
940436,0.102450736
940437,0.08235618
940463,0.04254861
940464,0.03273104
940465,0.038916092
940466,0.017230693
940467,0.021435989
940468,0.032540485
940469,0.015804293
940470,0.026453823
940471,0.024618262
940472,0.023093615
940473,0.0131628355
940478,0.018710058
940479,0.019318577
940480,0.011051196
940485,0.010254127
940486,0.012608269
940487,0.0240254
940488,0.02248404
940540,0.004157343
940650,0.10514766
940651,0.084502876
940652,0.07709849
940656,0.06905629
940657,0.06374907
940694,0.08091463
940695,0.06274689
940700,0.056573644
940739,0.13338448
940740,0.076301396
940741,0.070821315
940742,0.06313491
940743,0.057497997
940760,0.08346129
940761,0.049696375
940762,0.020536127
940763,0.045265645
940776,0.055172537
940777,0.056738738
940778,0.053228024
940916,0.14556842
940922,0.15723234
940923,0.11203496
940924,0.09973974
940925,0.09179842
940926,0.08645876
940927,0.08121673
940928,0.07837887
940929,0.07093775
940930,0.0686718
940931,0.068135835
940932,0.065267086
940933,0.06014978
940934,0.059570473
940935,0.059570473
940936,0.059570473
940937,0.059570473
940938,0.05305031
940939,0.05305031
940940,0.05305031
940941,0.052910738
940950,0.06680436
940951,0.05572232
940961,0.05967131
941010,0.01356481
941011,0.017007075
941012,0.027042992
941013,0.022075556
941044,0.014739427
941067,0.1598201
941068,0.10936839
941069,0.10203525
941070,0.08938526
941071,0.0821931
941072,0.07736456
941073,0.07237818
941074,0.06982569
941075,0.06314096
941076,0.06110768
941077,0.0606269
941078,0.057968624
941079,0.05339087
941080,0.053262
941081,0.053262
941082,0.053262
941083,0.053262
941084,0.04809761
941085,0.04809761
941086,0.04809761
941087,0.047970407
941088,0.047970407
941089,0.04662655
941090,0.046046406
941091,0.046046406
941092,0.045961555
941093,0.04597652
941094,0.04597652
941095,0.04597652
941111,0.063494585
941112,0.04597652
941113,0.04597652
941114,0.04597652
941115,0.04597652
941116,0.04597652
941117,0.04597652
941118,0.04529711
941119,0.045025926
941120,0.044939175
941121,0.04337285
941122,0.04256917
941123,0.04244345
941124,0.04223471
941125,0.04223471
941126,0.04223471
941127,0.04284096
941163,0.15476547
941164,0.03904568
941165,0.055538237
941176,0.0354315
941177,0.037586585
941178,0.043990277
941179,0.020776596
941180,0.035497382
941181,0.06485021
941182,0.020091616
941183,0.031007657
941184,0.046924748
941189,0.028099617
941190,0.019015474
941191,0.03980338
941192,0.015625326
941193,0.024164295
941194,0.026113492
941198,0.029390203
941199,0.019306058
941200,0.017083997
941201,0.017362561
941202,0.022763574
941203,0.021926994
941206,0.029455768
941207,0.028576493
941208,0.029603872
941209,0.023636114
941210,0.020932466
941211,0.027721953
941212,0.026759649
941213,0.0256385
941214,0.015077733
941215,0.027859673
941216,0.029453158
941217,0.028010063
941218,0.02520223
941219,0.03573871
941220,0.017227514
941221,0.016022515
941222,0.019625193
941223,0.02685782
941224,0.013174757
941225,0.018022044
941226,0.018997341
941231,0.019287538
941311,0.1560244
941312,0.12100256
941313,0.11440519
941314,0.101220876
941315,0.09387772
941316,0.08842889
941317,0.083990835
941318,0.0810646
941319,0.073388815
941320,0.03254556
941327,0.08156423
941328,0.06693169
941329,0.061335728
941330,0.060745742
941331,0.058146805
941332,0.057781797
941333,0.057781797
941334,0.05016775
941349,0.044796783
941350,0.026067844
941351,0.03162658
941352,0.028140882
941353,0.026605688
941354,0.02587776
941355,0.02440451
941363,0.026768476
941364,0.0227777
941365,0.027296169
941366,0.014598402
941374,0.027943859
941375,0.0130243935
941376,0.013824517
941377,0.01996719
941378,0.020584105
941379,0.025780143
941380,0.018027153
941381,0.0125865135
941382,0.01476919
941383,0.024054237
941387,0.013468137
941388,0.020556714
941389,0.0108260345
941390,0.010062016
941395,0.011467516
941396,0.010452994
941397,0.020768575
941398,0.015731681
941399,0.011268969
941405,0.019010115
941406,0.0089841
941407,0.013041342
941408,0.011460286
941409,0.013258501
941412,0.018773716
941413,0.012715392
941414,0.012709801
941415,0.015077621
941416,0.012315939
941420,0.011045122
941421,0.011177905
941422,0.011851881
941423,0.0133985095
941424,0.008944648
941425,0.015376687
941426,0.016129542
941427,0.008483775
941428,0.009228141
941429,0.010640261
941430,0.008924039
941431,0.008370564
941432,0.012560057
941433,0.0073664146
941434,0.008038901
941446,0.017155921
941471,0.02469479
941472,0.031836905
941473,0.019322213
941474,0.01665854
941475,0.021739347
941476,0.017876511
941477,0.011788865
941478,0.019782264
941479,0.02614019
941480,0.02570004
941481,0.017004404
941482,0.023544848
941618,0.1560894
941619,0.116492786
941620,0.05241863
941621,0.043363355
941622,0.04069033
941623,0.04284415
941624,0.036990367
941625,0.03063205
941626,0.046990268
941627,0.035173517
941628,0.045448966
941629,0.055455543
941630,0.055333965
941631,0.027816415
941632,0.038825016
941633,0.058099125
941634,0.030548904
941635,0.052369628
941636,0.052369628
941637,0.052369628
941638,0.05223174
941639,0.05223174
941640,0.051028203
941641,0.050314657
941642,0.050314657
941643,0.050222356
941644,0.047839396
941645,0.047839396
941646,0.04598615
941647,0.04473825
941648,0.04463269
941649,0.04463269
941650,0.04463269
941653,0.019888353
941654,0.017340885
941655,0.039838284
941673,0.052524235
941674,0.04893566
941675,0.046126578
941678,0.048133098
941679,0.044811398
941680,0.03880832
941681,0.036626596
941682,0.035764635
941684,0.03363705
941685,0.038893756
941686,0.03232431
941687,0.033918347
941688,0.023724593
941702,0.057661343
941703,0.052817468
941704,0.06185215
941705,0.039822433
941774,0.05194944
941775,0.024917362
941776,0.024028776
941780,0.022833938
941781,0.025303485
941782,0.012078739
941783,0.019843386
941784,0.019351875
941785,0.021332955
941786,0.0102201095
941787,0.010135376
941788,0.015949525
941789,0.007992995
941790,0.015967024
941810,0.020311017
941811,0.008467766
941812,0.009657219
941813,0.010637505
941814,0.018151293
941866,0.016768815
941870,0.021980807
941871,0.01767507
941872,0.027239753
941873,0.022002837
941874,0.014943393
941875,0.01187237
941878,0.01886616
941879,0.009002918
941880,0.013130134
941881,0.0153921945
941882,0.013382621
941883,0.011272588
941884,0.013888481
941885,0.0106055
941886,0.010574584
941897,0.075892955
941898,0.0588319
941899,0.053653773
941900,0.047774978
942005,0.14926906
942006,0.10419506
942007,0.0485483
942008,0.060039002
942027,0.16706418
942028,0.051040757
942029,0.07055939
942030,0.06353895
942031,0.032946985
942032,0.031869218
942046,0.042801227
942047,0.028352728
942048,0.026680615
942049,0.026614401
942050,0.026510378
942062,0.05307861
942063,0.03180185
942064,0.023844538
942065,0.023844538
942066,0.02861955
942072,0.046476826
942073,0.03494339
942074,0.029989619
942075,0.029698838
942076,0.02885587
942077,0.028970676
942081,0.03670313
942082,0.028078562
942083,0.027855786
942084,0.027748236
942087,0.034467757
942088,0.026956344
942089,0.027147466
942090,0.026798192
942098,0.0355
942099,0.027622527
942100,0.028342111
942101,0.028395565
942102,0.028339904
942103,0.027374053
942104,0.02730248
942105,0.027220568
942106,0.022753095
942107,0.022753095
942173,0.010670084
942204,0.030040827
942205,0.025255429
942212,0.021485724
942213,0.011375466
942214,0.020081708
942215,0.017662233
942216,0.017308421
942217,0.020515995
942229,0.016903896
942230,0.008574923
942238,0.020216998
942239,0.019738052
942240,0.02415281
942241,0.013389195
942242,0.019139517
942243,0.04063622
942244,0.012257661
942245,0.014724124
942246,0.022839788
942255,0.021213796
942256,0.010922929
942257,0.017471159
942258,0.0082066115
942272,0.012380403
942273,0.007865588
942274,0.009636537
942275,0.012087522
942276,0.007098095
942277,0.010126659
942291,0.017109783
942292,0.010398741
942293,0.009634831
942294,0.0077356333
942295,0.011075822
942296,0.011413781
942308,0.014709493
942309,0.007523377
942310,0.009957306
942311,0.010148971
942312,0.0075736064
942321,0.009930473
942322,0.007482833
942323,0.0114316195
942324,0.014039171
942335,0.009341119
942336,0.007441396
942337,0.011569666
942338,0.006688003
942339,0.007026302
942340,0.007376684
942350,0.0119552
942351,0.006517153
942352,0.01257295
942358,0.007876732
942359,0.0063253394
942360,0.008949231
942366,0.0092024505
942367,0.0057333116
942368,0.010352024
942369,0.013341935
942370,0.013687179
942371,0.008476161
942462,0.098867476
942463,0.03440222
942464,0.085446246
942465,0.063571915
942466,0.0578984
942484,0.059207182
942485,0.050628815
942486,0.04896362
942487,0.045604352
942575,0.009209227
942839,0.06096348
942848,0.061667904
942849,0.042430684
942850,0.037269384
942851,0.034514282
942852,0.032981664
942853,0.04167476
942854,0.030867588
942855,0.035017807
942856,0.028048825
942857,0.06247161
942861,0.078115106
942862,0.056924134
942863,0.056787245
942864,0.056787245
942865,0.056787245
942866,0.056787245
942875,0.067363136
942876,0.051569443
942877,0.051569443
942878,0.051433552
942879,0.051433552
942880,0.049841046
942902,0.063499995
942903,0.017818246
942904,0.030742673
942905,0.03354609
942906,0.025975702
942907,0.02101333
942908,0.04919329
942914,0.051865727
942915,0.020811101
942916,0.025726972
942917,0.04919329
942918,0.051500626
942919,0.040018294
942920,0.071453266
942931,0.03827825
942932,0.04859765
942933,0.020234842
942934,0.014243836
942935,0.077557325
942936,0.0494541
942937,0.02485486
942948,0.04737916
942949,0.03843259
942950,0.024586247
942951,0.06365346
942952,0.0470129
942953,0.07725716
942954,0.020322714
942966,0.027525803
942967,0.043494876
942968,0.045181442
942969,0.022190155
942970,0.034296624
943380,0.1254667
943381,0.08556422
943382,0.07943921
943383,0.070627846
943397,0.06525986
943398,0.061160143
943399,0.057153504
943419,0.0801169
943420,0.06619216
943421,0.05989378
943430,0.050591655
943450,0.13940905
943451,0.06909767
943461,0.08668862
943462,0.056561787
943463,0.020125506
943464,0.0486671
943465,0.045439266
943466,0.04429309
943467,0.04137266
943469,0.033856504
943470,0.01600528
943471,0.034473058
943472,0.026388299
943473,0.019713152
943474,0.046771877
943475,0.038529
943477,0.020036668
943478,0.019916909
943479,0.024883555
943480,0.016659368
943481,0.018448178
943482,0.03599543
943483,0.028298998
943484,0.020308062
943485,0.021615827
943486,0.026034882
943487,0.038198356
943488,0.019279025
943489,0.03736888
943490,0.019719994
943495,0.019483658
943496,0.021320682
943497,0.012900285
943498,0.014041903
943499,0.019445043
943500,0.018105999
943504,0.06811416
943505,0.06395193
943506,0.04397949
943507,0.044985674
943508,0.06806924
943509,0.064684205
943511,0.034980968
943512,0.058349013
943513,0.030439591
943514,0.02951483
943515,0.029274868
943516,0.035839595
943517,0.025894882
943518,0.052929472
943519,0.036561083
943528,0.082785375
943529,0.08276771
943530,0.04055117
943531,0.019544557
943532,0.025404962
943533,0.0536697
943543,0.025924265
943544,0.025802476
943545,0.05180542
943546,0.04717319
943547,0.051701814
943560,0.026682662
943561,0.023465794
943562,0.028431574
943570,0.05067893
943571,0.043619532
943572,0.040853273
943579,0.037473414
943580,0.033700485
943581,0.03245157
943582,0.030727193
943586,0.028574664
943587,0.027510444
943588,0.026544228
943690,0.05649556
943691,0.04314057
943692,0.040344518
943693,0.034816477
943694,0.046960864
943695,0.027561374
943696,0.041550227
943697,0.022647955
943698,0.02138421
943699,0.020823509
943700,0.020652706
943718,0.029651763
943719,0.01816375
943720,0.018382382
943728,0.06454269
943729,0.03228945
943731,0.031705987
943732,0.041122824
943733,0.031796187
943734,0.027147517
943746,0.034196794
943747,0.026416233
943748,0.03510509
943749,0.024095146
943750,0.02773405
943775,0.033129625
943776,0.024427276
943777,0.036366746
943778,0.025783565
943779,0.02968398
943791,0.034344707
943792,0.025368964
943793,0.025642354
943794,0.034193724
943801,0.0636115
943802,0.034193724
943803,0.048566595
943804,0.025038693
943805,0.036359802
943806,0.036842924
943833,0.03357336
943834,0.027813772
943835,0.03208811
943836,0.02632007
943837,0.028134238
943838,0.02632007
943839,0.02632007
943855,0.047973834
943856,0.026811097
943857,0.026811097
943858,0.034862697
943859,0.021104436
943860,0.02257453
943879,0.039594173
943880,0.02732517
943881,0.021071196
943882,0.031016197
943883,0.021861441
943884,0.025191361
943891,0.033528876
943892,0.038243983
943893,0.020946719
943894,0.03158472
943898,0.02694549
943899,0.021284048
943900,0.034350537
943901,0.019780835
943902,0.02126317
943903,0.025644768
943911,0.027231228
943912,0.022398492
943913,0.020159645
943914,0.019262984
943915,0.02161065
943916,0.021534078
943932,0.034205806
943933,0.027036734
943934,0.02469306
943935,0.019926554
943936,0.026117077
943937,0.025029529
943938,0.016602853
943950,0.026996592
943951,0.022281785
943952,0.02174498
943953,0.021250373
943954,0.023625767
943966,0.03685484
943973,0.049671497
943974,0.042643335
943975,0.042643335
943976,0.042643335
943977,0.041981183
943978,0.041981183
943979,0.041981183
943980,0.041981183
943981,0.04161489
943982,0.0401118
943983,0.03955979
943984,0.03955979
943985,0.036829036
943986,0.022674704
943987,0.03955979
944011,0.035865407
944012,0.07110591
944013,0.050633512
944014,0.08230858
944015,0.04192697
944016,0.026224257
944025,0.046151333
944026,0.028413719
944027,0.039421245
944035,0.03584884
944036,0.018376397
944037,0.04039429
944038,0.014775207
944039,0.033669483
944085,0.016748346
944091,0.024335725
944255,0.015838826
944256,0.02056235
944257,0.028931377
944258,0.031113714
944259,0.019708378
944260,0.01906642
944269,0.01755951
944270,0.020452717
944287,0.014032453
944288,0.03220365
944289,0.013698481
944290,0.023995683
944291,0.020727253
944293,0.011462361
944294,0.0147991665
944295,0.027749844
944296,0.0116920285
944301,0.011867711
944302,0.012547697
944303,0.030256063
944304,0.014104348
944305,0.018897993
944306,0.02529031
944307,0.0109875025
944358,0.09100423
944378,0.062348347
944379,0.03284331
944380,0.024239833
944553,0.085839964
944554,0.06833693
944555,0.045021426
944565,0.03204081
944568,0.044759206
944569,0.051945556
944570,0.03438155
944624,0.06907964
944625,0.08420943
944626,0.061823573
944627,0.09894533
944628,0.037612554
944629,0.043180123
944630,0.040656764
944677,0.029440382
944678,0.031034924
944679,0.022836242
944680,0.015855076
944684,0.029069586
944685,0.017501324
944686,0.023324152
944687,0.023767196
944688,0.012366406
944689,0.01983147
944690,0.016103381
944701,0.029165559
944702,0.0154037895
944703,0.017974768
944704,0.010862841
944717,0.026268702
944718,0.01727533
944719,0.013858988
944720,0.0109646795
944728,0.012265029
944729,0.0113025205
944730,0.009907264
944738,0.015622062
944739,0.008143043
944740,0.008639529
944743,0.023288848
944744,0.0224507
944745,0.018897856
944746,0.02742788
944747,0.015165706
944748,0.019994026
944750,0.01797838
944751,0.013036389
944759,0.020361647
944765,0.041650523
944766,0.041016225
944767,0.020291766
944768,0.025612378
944769,0.026670652
944774,0.041667666
944775,0.021476978
944776,0.013171881
944777,0.012750229
944778,0.0120802475
944779,0.0108336555
944780,0.018864756
944781,0.0135308495
944782,0.016312353
944783,0.023591368
944784,0.023591368
944785,0.025280949
944786,0.02096869
944787,0.02096869
944788,0.020911656
944789,0.019385569
944807,0.043532904
944808,0.03428963
944809,0.03428963
944810,0.034225665
944811,0.0339263
944812,0.018943511
944813,0.018851044
944814,0.046062388
944843,0.04060259
944844,0.033312786
944845,0.033312786
944846,0.033312786
944847,0.033312786
944853,0.04060259
944854,0.037037805
944859,0.027466409
944987,0.081018135
944988,0.046551593
944989,0.057207715
944990,0.038849767
944991,0.03644437
944993,0.044724703
944994,0.033117164
944995,0.032466963
944996,0.030268664
944997,0.037480604
944998,0.029051973
944999,0.026050594
945005,0.055729385
945006,0.043490563
945007,0.030661667
945008,0.024226747
945009,0.036360655
945010,0.04457835
945015,0.025911933
945016,0.032536995
945017,0.059926286
945018,0.027346168
945020,0.023625938
945021,0.030887492
945022,0.030349178
945023,0.029543383
945024,0.01957491
945112,0.084157504
945113,0.050680757
945114,0.06560174
945115,0.05518166
945117,0.03126813
945118,0.05518023
945119,0.025654672
945120,0.043069124
945121,0.05412305
945122,0.022764057
945129,0.061756328
945130,0.023227364
945131,0.029504165
945132,0.027161663
945142,0.033137232
945143,0.015685307
945144,0.027888278
945145,0.018312044
945146,0.030693812
945147,0.037770312
945157,0.020759935
945158,0.017899541
945159,0.02390696
945275,0.0554457
945276,0.048809152
945293,0.06686476
945294,0.055778008
945295,0.029741623
945296,0.034286566
945297,0.040563002
945298,0.026732726
945299,0.04006475
945310,0.084718466
945311,0.064663514
945312,0.030577209
945326,0.044841163
945327,0.042096045
945350,0.035607614
945351,0.054665096
945352,0.02591089
945353,0.03693186
945369,0.025048515
945370,0.03881468
945401,0.03710665
945402,0.033505164
945403,0.029679056
945404,0.037742272
945405,0.03151763
945416,0.049370725
945417,0.030122021
945418,0.031014219
945453,0.009168158
945464,0.07278297
945465,0.064236194
945466,0.060357597
945467,0.035907973
945468,0.034830205
945469,0.039576534
945558,0.050936673
945559,0.049514204
945560,0.036761515
945571,0.04747841
945572,0.030010026
945573,0.02451518
945589,0.023806484
945590,0.025115244
945591,0.010228085
945592,0.017468147
945593,0.018684722
945609,0.010222907
945610,0.01991191
945611,0.015505009
945612,0.007435781
945630,0.013180791
945631,0.014552022
945701,0.015796226
945702,0.018184418
945703,0.030140134
945712,0.011414227
945713,0.019224178
945714,0.012405457
945715,0.009968387
945716,0.011824821
945717,0.022084357
945718,0.01641256
945729,0.017181227
945730,0.02626394
945731,0.031388678
945732,0.024941714
945733,0.013008791
945745,0.100048736
945746,0.017514488
945747,0.061596893
945748,0.025745826
945749,0.04653427
945750,0.023037178
945751,0.05574587
945752,0.049494755
945753,0.02869255
945754,0.028915513
945755,0.021784432
945756,0.012912137
945761,0.056937624
945762,0.042097915
945763,0.04140384
945764,0.040604692
945765,0.028832695
945772,0.043843377
945773,0.03204113
945774,0.023698488
945775,0.036930658
945776,0.023765022
945777,0.021146294
945778,0.0222259
945779,0.02979725
945786,0.04974476
945787,0.037685875
945788,0.037685875
945789,0.037685875
945790,0.03412092
945791,0.03412092
945792,0.03412092
945793,0.034632426
945794,0.054127242
945795,0.033474796
945802,0.04311857
945803,0.03318602
945804,0.033124045
945805,0.033134975
945806,0.033134975
945811,0.054663133
945812,0.032464877
945813,0.016250156
945814,0.03215878
945815,0.08238276
945816,0.031351753
945824,0.060791794
945825,0.032751586
945826,0.025155134
945827,0.0327316
945828,0.032667723
945838,0.035625376
945839,0.03580878
945840,0.022997499
945841,0.027447782
945842,0.04576106
945843,0.03331174
945844,0.043705277
945845,0.04576106
945846,0.043705277
945847,0.027447782
945848,0.027447782
945849,0.04408375
945850,0.025145175
945851,0.043200105
945852,0.025833024
945853,0.018364139
945854,0.01867862
945855,0.042552948
945856,0.037939556
945857,0.01867862
945858,0.02359856
945859,0.03164066
945860,0.0423097
945861,0.04288886
945862,0.0410507
945872,0.050591562
945873,0.03661076
945874,0.037106678
945875,0.029004619
945876,0.01649444
945885,0.044473946
945886,0.01649444
945887,0.022193182
945959,0.11647213
945960,0.07916943
945961,0.07754308
945962,0.06551705
945963,0.061190154
945964,0.059138693
945965,0.05631722
945966,0.03363312
945967,0.05267797
945968,0.05096329
945969,0.04953288
945970,0.04677273
945971,0.042641703
945972,0.04435976
945973,0.04435976
945974,0.04435976
945975,0.04435976
945976,0.040460464
945977,0.03945609
945985,0.0266924
945986,0.034353636
945987,0.026327468
945988,0.019528024
945989,0.019357152
945996,0.060406715
945997,0.036782175
945998,0.028238745
945999,0.04743535
946000,0.02842572
946001,0.047039036
946002,0.046574347
946003,0.03579292
946004,0.037487004
946005,0.024397472
946006,0.04743535
946007,0.04743535
946008,0.04864132
946009,0.051979788
946010,0.051880367
946011,0.02326097
946012,0.023057157
946013,0.022884471
946014,0.022906868
946015,0.0202924
946016,0.0199513
946017,0.038426
946018,0.02493754
946019,0.048008684
946020,0.028433742
946021,0.048008684
946022,0.017447617
946023,0.09053864
946024,0.02700607
946025,0.029813768
946026,0.017735278
946027,0.022673547
946028,0.022173613
946029,0.016996922
946030,0.033417467
946031,0.016587926
946032,0.04554884
946033,0.016223948
946034,0.018616239
946035,0.045289285
946036,0.030114267
946037,0.014669526
946223,0.08224496
946224,0.051830187
946225,0.050254077
946234,0.05567013
946235,0.05039418
946236,0.039713837
946237,0.051432632
946238,0.022503285
946239,0.02838845
946240,0.041380897
946241,0.023227662
946242,0.061413527
946243,0.03239246
946244,0.03172389
946255,0.05325243
946256,0.02093465
946257,0.030328318
946258,0.04018013
946259,0.022429472
946268,0.03979794
946269,0.03040325
946270,0.055394012
946271,0.015406538
946272,0.036603082
946273,0.018212993
946274,0.015179743
946282,0.0839446
946283,0.049940187
946284,0.03717609
946285,0.03717609
946286,0.05493417
946287,0.03717609
946288,0.03202817
946289,0.025456045
946290,0.018920798
946291,0.018897627
946292,0.0188585
946293,0.031908486
946294,0.025299555
946295,0.01845098
946296,0.03115119
946302,0.10821709
946303,0.024125667
946304,0.024125667
946305,0.024125667
946306,0.03521005
946307,0.06529784
946308,0.0653206
946309,0.035261046
946310,0.07433161
946311,0.04925889
946312,0.047983266
946313,0.033052374
946314,0.04504399
946315,0.029293805
946316,0.031922307
946359,0.07376558
946360,0.08219119
946361,0.076534286
946362,0.043186024
946363,0.03297568
946375,0.06973491
946376,0.050009325
946377,0.06977949
946378,0.047747448
946379,0.04522215
946380,0.044110995
946381,0.054174658
946382,0.039605156
946383,0.054217737
946384,0.029695196
946385,0.03679015
946386,0.021883298
946387,0.018918745
946388,0.018918745
946389,0.018543383
946390,0.018492823
946391,0.045991767
946392,0.023828119
946399,0.10709688
946400,0.054504495
946401,0.033126023
946402,0.030016793
946403,0.041594394
946571,0.06919206
946572,0.04729348
946573,0.025241246
946574,0.02113102
946575,0.052866563
946576,0.020235859
946577,0.042635772
946578,0.04596883
946579,0.04294288
946580,0.041531187
946581,0.05797067
946582,0.041726094
946583,0.03695576
946584,0.036591135
946585,0.036591135
946586,0.017185468
946587,0.046714626
946588,0.037471488
946589,0.049181093
946590,0.018953731
946591,0.018365769
946592,0.02538435
946593,0.03253539
946594,0.019868866
946595,0.024013361
946596,0.025380887
946597,0.014374875
946598,0.0146986395
946599,0.022537777
946600,0.021420414
946601,0.015122169
946602,0.02295919
946603,0.02715252
946604,0.025199143
946605,0.019394098
946606,0.01821793
946607,0.016957998
946609,0.023918206
946610,0.019841334
946611,0.022188796
946612,0.013742185
946613,0.02197394
946614,0.02142844
946615,0.022964751
946616,0.02327426
946617,0.02597628
946618,0.021058895
946619,0.0133
946739,0.051901296
946740,0.042100802
946763,0.05227303
946764,0.036561202
946765,0.03454871
946766,0.03284287
946767,0.030985702
946783,0.029594742
946784,0.028141703
946785,0.01425289
946798,0.032796696
946799,0.019452114
946800,0.027858974
946801,0.018201835
946802,0.04607533
946815,0.037004545
946816,0.023713117
946817,0.019135848
946818,0.03650553
946819,0.030003805
946820,0.054450102
946821,0.027698584
946835,0.03195616
946836,0.01587944
946837,0.027310994
946838,0.046781167
946839,0.029841738
946840,0.020254606
946841,0.01684542
946849,0.01894808
946850,0.025780948
946851,0.08285354
946852,0.038749445
946875,0.087746784
946876,0.04349738
946877,0.06266817
946878,0.049402367
946879,0.030146582
946880,0.030028004
946881,0.025739366
946882,0.044930868
946883,0.03439069
946884,0.015545173
946885,0.030955743
946887,0.022819849
946888,0.03508948
946889,0.0135592725
946890,0.03344153
946891,0.026932098
946894,0.026073644
946895,0.015773017
946896,0.033615272
946897,0.021901589
946898,0.015751394
946903,0.043593876
946904,0.012428735
946905,0.019105602
946911,0.022938902
946912,0.015264017
946913,0.020605085
946914,0.016852284
946915,0.022221051
946916,0.02104382
946922,0.020621957
946923,0.024059273
946924,0.024791624
946925,0.017192654
946926,0.021588394
946927,0.027678968
946928,0.024858011
946941,0.029708548
946942,0.018270636
946943,0.038736265
946944,0.010230953
946945,0.014235388
946946,0.023858728
946947,0.010168535
946955,0.020609109
946956,0.01773895
946957,0.02628252
946962,0.037063766
946963,0.017509991
946964,0.032814097
946965,0.02076404
946966,0.03885862
946967,0.028232465
946970,0.020021234
946971,0.036727488
946972,0.023889286
946990,0.11614645
946991,0.08060785
946992,0.09151153
946993,0.037313998
946994,0.034814876
946995,0.060939018
946996,0.08623204
946997,0.08355951
946998,0.033328872
946999,0.042749625
947000,0.06641441
947001,0.049073517
947002,0.033484396
947003,0.044663135
947004,0.053261664
947087,0.07154263
947088,0.07293261
947089,0.042411506
947090,0.03771409
947091,0.052396514
947092,0.049423914
947276,0.058466196
947277,0.063915364
947278,0.038941603
947279,0.051476464
947280,0.04740485
947281,0.0221293
947282,0.029007366
947283,0.048551977
947284,0.033611104
947285,0.025630122
947286,0.045085154
947287,0.040606234
947288,0.015482098
947289,0.04265337
947290,0.015443255
947291,0.017878763
947292,0.032979507
947293,0.022244778
947294,0.026881753
947295,0.015856288
947296,0.031520378
947297,0.022856595
947298,0.032564323
947299,0.024770131
947300,0.01678904
947301,0.032765083
947302,0.01376615
947303,0.020938521
947308,0.028950475
947309,0.020691846
947310,0.021953853
947311,0.016762778
947318,0.06401556
947319,0.03943034
947320,0.0189815
947321,0.0189815
947322,0.025626343
947323,0.0572455
947324,0.025561735
947325,0.017743919
947326,0.029452393
947327,0.01757135
947331,0.041289605
947332,0.04788806
947333,0.07302848
947334,0.046113674
947335,0.04572086
947336,0.04330959
947337,0.020649705
947389,0.08223975
947390,0.06421948
947391,0.029926402
947403,0.0723123
947404,0.05519456
947405,0.116393216
947406,0.04323343
947407,0.040239297
947408,0.09362713
947409,0.049975988
947410,0.047913685
947411,0.05429463
947412,0.057195887
947413,0.064149454
947414,0.058643557
947477,0.07314351
947478,0.055341195
947479,0.036460754
947480,0.03084495
947481,0.091737375
947482,0.027501455
947483,0.04902277
947484,0.049790185
947485,0.021908093
947486,0.059166677
947487,0.053709768
947488,0.023000548
947489,0.033665605
947490,0.050030258
947491,0.020431187
947569,0.034448728
947570,0.039622415
947571,0.035275348
947572,0.049224187
947573,0.049676236
947589,0.0052329875
947626,0.084866114
947627,0.024552073
947628,0.09152803
947629,0.038295534
947630,0.09074123
947631,0.04485957
947632,0.03852614
947651,0.08421381
947652,0.05815703
947653,0.03144378
947654,0.05582866
947655,0.028193695
947656,0.026530702
947657,0.047853634
947658,0.045227356
947659,0.047640093
947660,0.0451673
947661,0.04840312
947662,0.035259385
947663,0.04640989
947664,0.02220901
947665,0.05310817
947666,0.041097682
947682,0.047834907
947683,0.045350425
947684,0.038649738
947764,0.11899283
947765,0.04897002
947766,0.09104245
947767,0.17635836
947768,0.06991759
947769,0.06658611
947770,0.033978604
947771,0.061273072
947772,0.049449515
947773,0.05559887
947776,0.1093718
947777,0.0254198
947778,0.052808966
947779,0.04290895
947780,0.020526608
947781,0.027409742
947782,0.020392645
947800,0.04916094
947801,0.04061085
947802,0.03826143
947803,0.0655365
947829,0.028395519
947830,0.022743374
947831,0.021970047
947832,0.018837396
947838,0.02213917
947839,0.017020026
947840,0.01784741
947841,0.015912207
947842,0.015018542
947847,0.01740415
947848,0.016156405
947849,0.01331187
947850,0.012669291
947853,0.013355506
947862,0.014862448
947863,0.011799324
947864,0.011799324
947871,0.01788863
947872,0.013404598
947873,0.018863628
947874,0.009927792
947875,0.041931108
947928,0.07668865
947929,0.030424178
947931,0.021362202
947932,0.023873046
947933,0.019140422
947934,0.036723007
947935,0.02192373
947936,0.014277933
947937,0.024105284
947938,0.012512045
947939,0.021356542
947940,0.027607284
947941,0.01759471
947942,0.0153728165
947943,0.0146415215
947944,0.035755664
947945,0.014379963
947946,0.02356591
947947,0.018823056
947948,0.0089119645
947955,0.056056753
947956,0.0140828
947957,0.009839993
947958,0.020892018
947959,0.016683029
947960,0.022273991
947961,0.021799495
947962,0.020852508
947963,0.013517422
947964,0.022273991
947965,0.013843024
947966,0.013471653
947967,0.014610184
947968,0.039000608
947969,0.017491126
947970,0.020656254
947971,0.013504234
947972,0.011699796
947973,0.009266051
947974,0.014236238
947975,0.016980255
947976,0.019224286
947977,0.020621976
947978,0.015405982
947979,0.007278947
947983,0.011169244
947984,0.018659841
947985,0.012362673
947986,0.012134429
947987,0.0034276585
947988,0.018495243
947989,0.016097436
947996,0.06284549
948006,0.06284549
948007,0.04919009
948008,0.04919009
948009,0.06286038
948010,0.064783156
948011,0.050717346
948014,0.064783156
948015,0.050717346
948016,0.05042989
948017,0.021752052
948018,0.044800162
948028,0.10034642
948029,0.03790546
948030,0.071173266
948031,0.020564862
948032,0.047618516
948042,0.051680986
948043,0.036971524
948044,0.11700337
948045,0.038807947
948046,0.07863759
948052,0.04493251
948053,0.024354907
948108,0.038358983
948109,0.025016678
948110,0.019409081
948111,0.017512076
948112,0.02677719
948118,0.011134774
948119,0.019552805
948120,0.018907791
948121,0.0152218165
948122,0.008285405
948133,0.016776577
948136,0.00796589
948137,0.012312506
948140,0.012536052
948152,0.017974388
948153,0.019727794
948154,0.030449845
948163,0.015553778
948164,0.01120117
948165,0.024598261
948166,0.008451935
948174,0.011665666
948175,0.016938144
948176,0.017292233
948179,0.02562489
948180,0.014068871
948181,0.017360797
948182,0.029563185
948183,0.011009261
948184,0.012988591
948185,0.015909422
948186,0.011864318
948187,0.02035373
948188,0.014234177
948189,0.009717852
948190,0.01388745
948191,0.0149265565
948192,0.0112440195
948193,0.011594301
948194,0.012898064
948195,0.016734092
948196,0.008017992
948197,0.015327045
948198,0.008680662
948199,0.007883715
948200,0.0070143654
948201,0.007069781
948202,0.03332126
948203,0.014559395
948204,0.025880814
948205,0.018593455
948206,0.007480142
948207,0.0083195465
948208,0.036220904
948209,0.02432109
948210,0.011455187
948211,0.018470835
948212,0.033040885
948219,0.025983967
948230,0.014320429
948231,0.025055312
948232,0.013153603
948233,0.020977067
948234,0.031142864
948252,0.012834088
948253,0.018800464
948266,0.027262209
948267,0.062021915
948268,0.044575945
948269,0.021242037
948270,0.028641332
948271,0.034061372
948272,0.052472744
948273,0.05507112
948274,0.02571326
948275,0.037909918
948276,0.024049591
948277,0.030401183
948278,0.019291688
948279,0.022414573
948280,0.024876967
948289,0.030631986
948290,0.016245889
948291,0.031868093
948292,0.028490037
948293,0.026305342
948294,0.021613497
948295,0.01790681
948296,0.02909469
948313,0.04071919
948314,0.015584692
948315,0.018728344
948335,0.016309706
948336,0.0240995
948337,0.017698241
948366,0.04399273
948367,0.035428893
948368,0.049256902
948373,0.05758258
948374,0.037501484
948383,0.06392074
948384,0.03438167
948385,0.04696606
948386,0.03142794
948387,0.041629117
948388,0.030151377
948389,0.030569406
948395,0.044912126
948396,0.03497288
948397,0.025338765
948398,0.025338765
948399,0.04367611
948400,0.0141374925
948401,0.02656715
948402,0.03294188
948405,0.029465007
948406,0.022667056
948407,0.011042793
948439,0.019864654
948440,0.02930709
948441,0.024315791
948442,0.013161981
948443,0.014228063
948444,0.023334198
948445,0.024504792
948446,0.0121989995
948447,0.021614294
948448,0.009607555
948449,0.011433166
948450,0.006914635
948451,0.017833782
948452,0.0097966995
948453,0.007946076
948454,0.009692495
948455,0.008914454
948456,0.010459275
948457,0.00713073
948458,0.012079382
948459,0.010777362
948460,0.01297223
948461,0.012633422
948462,0.010136562
948463,0.0105769485
948464,0.0075789774
948465,0.0100022
948466,0.00985993
948467,0.011065803
948468,0.014398128
948469,0.0076366575
948474,0.010493566
948475,0.0074018715
948476,0.0107398275
948479,0.009449988
948480,0.008280184
948481,0.006797126
948482,0.007568633
948488,0.008670115
948489,0.009833203
948490,0.0073727253
948491,0.006460759
948492,0.012150364
948497,0.010917032
948498,0.00576435
948499,0.012305143
948500,0.010447609
948504,0.010697416
948505,0.014623674
948506,0.009059351
948507,0.013820084
948610,0.024891604
948611,0.013328935
948623,0.067402
948624,0.034011617
948625,0.04311258
948626,0.019826405
948632,0.041279987
948633,0.027122349
948634,0.05444804
948635,0.01783333
948636,0.029094722
948637,0.036457885
948638,0.01893598
948639,0.025939979
948900,0.029496828
948901,0.040433686
948902,0.036613677
948914,0.09853076
948915,0.07110764
948916,0.020065885
948917,0.060361788
948918,0.024315972
948919,0.072631665
948921,0.09122971
948922,0.03809703
948923,0.04492149
948924,0.04292371
948925,0.04332405
948926,0.08846605
948927,0.04590875
948928,0.04564998
948929,0.041167643
948930,0.021842754
948931,0.021842754
948932,0.031196633
948933,0.025170697
948934,0.011987765
948935,0.018055068
948936,0.018055068
948937,0.030837126
948979,0.09955369
948982,0.16823316
948983,0.100080915
948984,0.08140483
948985,0.07277638
948986,0.07077197
948990,0.09540445
948991,0.0390958
948992,0.051346622
948993,0.026921365
948994,0.022013659
948995,0.046898957
948996,0.05947085
948999,0.06568455
949000,0.057000637
949001,0.07676431
949002,0.04495122
949003,0.022574702
949004,0.04201612
949005,0.02824919
949006,0.08282487
949007,0.033103418
949008,0.041708183
949009,0.01793012
949010,0.034712695
949011,0.05520161
949012,0.041441184
949013,0.0572097
949014,0.023951186
949016,0.062538356
949017,0.038660586
949018,0.042460386
949019,0.023463586
949020,0.023951186
949021,0.018144961
949022,0.040126506
949023,0.052237928
949024,0.022835927
949025,0.023958176
949026,0.041593432
949027,0.10580005
949028,0.02223981
949034,0.036058445
949035,0.041633356
949036,0.041633356
949037,0.01825025
949038,0.040669814
949039,0.03760916
949040,0.024089338
949041,0.06467584
949042,0.09002654
949043,0.03546376
949044,0.051188562
949045,0.022240106
949046,0.02291473
949047,0.040569022
949048,0.04048024
949049,0.040569022
949056,0.034356505
949057,0.02254697
949058,0.02254697
949059,0.022415407
949067,0.034158442
949068,0.022415407
949069,0.022459613
949071,0.033635966
949077,0.032150354
949078,0.021509778
949079,0.021509778
949080,0.05731431
949086,0.038844932
949087,0.021509778
949088,0.05846581
949089,0.025729097
949090,0.041924633
949097,0.037420228
949098,0.03588864
949099,0.042129982
949100,0.020448579
949107,0.038008146
949108,0.020775668
949109,0.019533476
949110,0.019533476
949111,0.019533476
949112,0.019533476
949121,0.031174708
949122,0.019758465
949123,0.019506827
949124,0.019761618
949125,0.019761618
949131,0.033476457
949132,0.019761618
949133,0.019805713
949134,0.019805713
949135,0.019805713
949136,0.024022538
949137,0.023809044
949146,0.033773847
949147,0.019699242
949148,0.019699242
949149,0.019699242
949150,0.019699242
949151,0.01961773
949153,0.032980006
949154,0.01961773
949155,0.01961773
949156,0.019831866
949157,0.019831866
949159,0.03203404
949160,0.019831866
949161,0.019831866
949162,0.019831866
949163,0.019831866
949164,0.019831866
949166,0.031047717
949167,0.019213792
949168,0.036599703
949169,0.034649473
949170,0.05169331
949171,0.08305096
949172,0.022833189
949174,0.031047717
949175,0.034992173
949176,0.02199921
949177,0.020463966
949178,0.035428103
949179,0.05075856
949180,0.0343466
949181,0.03307352
949182,0.043884132
949183,0.0343466
949184,0.028420748
949185,0.022312477
949186,0.020463966
949187,0.033950884
949188,0.03233276
949190,0.041449435
949191,0.018929731
949192,0.03036027
949193,0.05132447
949194,0.020391759
949195,0.022264175
949196,0.0342846
949197,0.04052861
949198,0.017543616
949199,0.02281565
949200,0.022784315
949201,0.019159596
949202,0.017543616
949203,0.019544145
949204,0.05292063
949205,0.041798234
949206,0.017036604
949207,0.032309577
949208,0.019159596
949209,0.022983504
949210,0.04958209
949211,0.019159596
949212,0.027817382
949213,0.053658567
949214,0.040894512
949215,0.04028593
949216,0.04028593
949217,0.04028593
949218,0.04028593
949219,0.052870512
949220,0.04028593
949221,0.04028593
949222,0.04028593
949223,0.04028593
949224,0.04028593
949225,0.03636204
949226,0.04740835
949227,0.03636204
949228,0.03636204
949229,0.03636204
949230,0.060432944
949231,0.05154271
949232,0.030388169
949233,0.041648723
949234,0.056794256
949235,0.030149726
949236,0.022585353
949237,0.05632064
949238,0.05632064
949239,0.044146594
949240,0.03430377
949241,0.03430377
949242,0.03430377
949243,0.03430377
949244,0.03430377
949245,0.03430377
949246,0.03430377
949247,0.03430377
949248,0.03430377
949249,0.03430377
949250,0.03430377
949251,0.05632064
949252,0.03430377
949253,0.043491814
949254,0.03430377
949255,0.03430377
949309,0.03204393
949310,0.023574159
949311,0.022017075
949321,0.033352286
949322,0.018549945
949323,0.016753491
949324,0.01579131
949326,0.022306705
949327,0.012915536
949328,0.012485895
949329,0.012382619
949330,0.011273884
949331,0.010154928
949332,0.030244242
949333,0.0273044
949334,0.027626555
949335,0.02317117
949337,0.03799842
949350,0.01394087
949351,0.05123575
949352,0.036491863
949353,0.034662083
949354,0.037069313
949357,0.048439782
949358,0.036236566
949359,0.01903251
949360,0.008957228
949361,0.026900219
949362,0.06690712
949363,0.03523083
949364,0.008957228
949365,0.07926736
949366,0.023446504
949367,0.028737746
949368,0.03656913
949369,0.027014859
949373,0.030101946
949374,0.03681944
949375,0.02007615
949376,0.009085385
949377,0.023677565
949384,0.035620354
949385,0.009094405
949386,0.07512906
949387,0.023700718
949388,0.029035253
949389,0.036081746
949396,0.03565476
949397,0.009094405
949398,0.019545685
949399,0.02266356
949400,0.018452697
949407,0.023044953
949408,0.018438034
949409,0.018442608
949410,0.018442608
949411,0.018442608
949412,0.018442608
949417,0.023050645
949418,0.018442608
949419,0.018442608
949420,0.02744049
949421,0.018334545
949422,0.039958335
949423,0.060178477
949424,0.03133631
949425,0.05109417
949428,0.042022094
949429,0.017402282
949430,0.027584126
949431,0.031590004
949432,0.06629328
949433,0.047021907
949435,0.03840038
949436,0.044152655
949437,0.017402282
949438,0.03664904
949492,0.12230013
949493,0.09627255
949494,0.027487002
949496,0.062569186
949497,0.05555688
949498,0.051827632
949499,0.048573654
949767,0.06614874
949768,0.20225252
949769,0.28144348
949770,0.08970158
949771,0.037454993
949772,0.079142354
949773,0.07450825
949774,0.06087762
949775,0.05746042
949776,0.06147888
949777,0.070422724
949778,0.11949194
949779,0.052854422
949780,0.025592098
949781,0.025592098
949782,0.04058578
949783,0.109760724
949784,0.03647123
949787,0.057910983
949788,0.04974229
949789,0.089313075
949790,0.054512173
949791,0.053275406
949792,0.083589174
949793,0.15572113
949794,0.045501407
949795,0.045442514
949796,0.043332223
949797,0.08637306
949798,0.01986912
949804,0.047637917
949805,0.01982102
949806,0.03949016
949807,0.03949016
949808,0.08595706
949809,0.01982102
949810,0.08350744
949824,0.093914494
949825,0.0596591
949826,0.09760369
949837,0.04130029
949838,0.08171423
949839,0.07695772
949840,0.072441466
949841,0.06988691
949842,0.065394446
949859,0.08003427
949860,0.058810584
949861,0.05477879
949862,0.05036026
949863,0.049870234
949868,0.07048288
949869,0.054057673
949870,0.054057673
949871,0.048439935
949872,0.048439935
949873,0.048439935
949874,0.04831187
949875,0.04831187
949876,0.047283236
949877,0.046881113
949878,0.014137532
949879,0.013679372
949880,0.03046006
949881,0.03245995
949882,0.015614723
949883,0.04685277
949884,0.017809259
949894,0.02672589
949895,0.051757984
949896,0.011475042
949897,0.015151307
949898,0.032874625
949899,0.015247139
949900,0.032128386
949908,0.019235482
949909,0.033966284
949910,0.034350116
949911,0.033441283
949912,0.04110547
949913,0.032744464
949914,0.032744464
949915,0.027681164
949916,0.024709597
949926,0.04867993
949927,0.0746643
949928,0.023280162
949929,0.029376458
950019,0.251535
950020,0.10266568
950021,0.14319134
950022,0.09229357
950023,0.14219594
950024,0.042624652
950025,0.19051027
950026,0.06142045
950027,0.057974663
950028,0.05761471
950029,0.056422953
950040,0.03014481
950041,0.11980948
950042,0.06181382
950070,0.09879583
950071,0.05303965
950072,0.11434883
950077,0.08344017
950078,0.05399918
950079,0.04094226
950080,0.041286923
950081,0.073293425
950091,0.013941807
950092,0.028184177
950093,0.017229708
950094,0.015763277
950095,0.014979648
950097,0.017642811
950098,0.018981019
950099,0.014898285
950100,0.012018216
950101,0.01447252
950102,0.013853646
950103,0.006761426
950104,0.019390503
950105,0.008239316
950106,0.010802138
950107,0.018569328
950110,0.030059207
950111,0.01578971
950120,0.049530502
950121,0.02755706
950122,0.016943697
950123,0.030060675
950124,0.009974652
950127,0.022720579
950128,0.010971047
950129,0.013061587
950131,0.027792988
950132,0.014865668
950133,0.010990969
950134,0.015268404
950135,0.00911253
950136,0.010993213
950137,0.016896052
950141,0.016700553
950142,0.014011766
950143,0.009105584
950148,0.016121099
950149,0.009655911
950150,0.013140265
950151,0.016760342
950152,0.010943251
950153,0.0086344415
950154,0.010086239
950155,0.008650681
950156,0.008071587
950157,0.008071587
950158,0.01245289
950159,0.007203606
950160,0.019515416
950161,0.008071587
950162,0.012465399
950163,0.008637365
950164,0.009422981
950165,0.012724787
950166,0.006770113
950173,0.019682711
950174,0.017106423
950175,0.010388138
950176,0.011135304
950177,0.012877548
950178,0.013645003
950184,0.015062666
950185,0.006721754
950186,0.006721754
950187,0.012751737
950188,0.006721754
950189,0.0063871043
950299,0.06534812
950300,0.06573877
950301,0.04367179
950302,0.019095529
950303,0.060868017
950304,0.03527857
950305,0.04253526
950306,0.045736663
950307,0.030223133
950308,0.029231774
950309,0.06027992
950310,0.028917115
950311,0.05180321
950312,0.024425521
950313,0.011940052
950314,0.040484417
950336,0.02004568
950337,0.036778383
950338,0.010500322
950339,0.028316861
950340,0.014344688
950341,0.02342873
950342,0.034578472
950343,0.022183178
950447,0.0653722
950448,0.20012096
950449,0.04107017
950450,0.1532446
950451,0.055571932
950452,0.032106485
950453,0.1325251
950454,0.028822742
950456,0.04617936
950457,0.049988035
950458,0.03334294
950459,0.116841584
950460,0.050325766
950461,0.106712766
950462,0.027870249
950463,0.026564911
950464,0.048600085
950465,0.038128283
950466,0.069639444
950467,0.038128283
950468,0.02360803
950469,0.079922505
950470,0.048196647
950471,0.046551593
950472,0.038847513
950473,0.042176202
950474,0.09244968
950475,0.05094355
950476,0.069668196
950477,0.027445484
950478,0.12074005
950479,0.040922023
950480,0.09155182
950483,0.018775854
950484,0.033486854
950485,0.033486854
950486,0.0332289
950487,0.033210553
950488,0.033150032
950489,0.03198085
950490,0.03176913
950493,0.05148807
950494,0.02853092
950495,0.028431404
950496,0.015467365
950497,0.043964192
950498,0.023340957
950499,0.024788862
950686,0.025686013
950687,0.019104408
950688,0.022345632
950689,0.025972547
950690,0.014750267
950691,0.033090014
950692,0.020915756
950693,0.01225051
950694,0.013326903
950695,0.016795188
950696,0.013176469
950697,0.0064539765
950698,0.019011814
950699,0.011561794
950700,0.00813944
950701,0.012831756
950702,0.010497646
950703,0.010406409
950704,0.016876208
950705,0.020155676
950706,0.008675457
950707,0.009029129
950708,0.0063328035
950709,0.016387822
950710,0.0051971627
950711,0.012217486
950712,0.029292667
950713,0.02297979
950714,0.026544357
950715,0.051504612
950716,0.026544357
950717,0.019877749
950718,0.016874444
950719,0.017624209
950720,0.017196586
950727,0.037897266
950728,0.028735617
950729,0.017665071
950730,0.023098316
950731,0.027101811
950732,0.027952146
950747,0.041313414
950748,0.02708608
950749,0.014961577
950750,0.025533874
950751,0.032724556
950752,0.032724556
950753,0.032724556
950769,0.04100543
950770,0.03271797
950771,0.029936172
950772,0.029936172
950773,0.02973438
950877,0.07906524
950878,0.06465
950879,0.04022801
950885,0.03557245
950886,0.03455118
951044,0.065012
951045,0.053199638
951046,0.07826683
951047,0.0309485
951048,0.042707242
951049,0.018825185
951050,0.042413443
951051,0.04104201
951052,0.038426705
951053,0.037029687
951054,0.050552055
951055,0.050416477
951056,0.030978126
951058,0.025651459
951059,0.0138307195
951060,0.010085182
951061,0.011407659
951062,0.007112628
951063,0.014884122
951064,0.013956551
951065,0.007125202
951066,0.014559005
951067,0.012543403
951068,0.009114318
951069,0.015053491
951070,0.014020405
951071,0.01254632
951072,0.008221427
951073,0.006249534
951074,0.0103806695
951078,0.013875465
951079,0.012267612
951096,0.020075493
951101,0.014187838
951102,0.015309164
951103,0.011601943
951104,0.017871866
951105,0.010670985
951106,0.009974285
951111,0.023659317
951112,0.01056983
951115,0.007652805
951116,0.022203978
951157,0.13317591
951158,0.21077311
951159,0.075763665
951160,0.034146782
951161,0.03214088
951170,0.08220185
951171,0.03402159
951172,0.13911779
951173,0.11703669
951174,0.061873082
951175,0.11515441
951176,0.05603578
951177,0.046539087
951178,0.10149048
951179,0.049961545
951180,0.043445844
951183,0.04318026
951231,0.054926027
951232,0.08067674
951233,0.05498741
951234,0.052679956
951236,0.08269517
951237,0.056862544
951238,0.0531215
951239,0.051792063
951240,0.014522642
951241,0.04681985
951244,0.040276855
951253,0.03579156
951254,0.050814386
951255,0.0355627
951256,0.039898783
951257,0.016417557
951258,0.040510025
951269,0.015362514
951270,0.032876156
951271,0.029905051
951272,0.038084917
951273,0.012759746
951274,0.00922035
951275,0.060820255
951282,0.051353674
951283,0.031402554
951284,0.040823437
951285,0.015496225
951286,0.026053568
951287,0.010071443
951301,0.08151638
951315,0.055798575
951316,0.14589942
951317,0.06406987
951318,0.07911595
951319,0.05644372
951320,0.072342336
951343,0.08997246
951344,0.096897446
951345,0.04600523
951346,0.064874984
951347,0.11588893
951369,0.015318528
951370,0.049561016
951371,0.037550334
951372,0.0673854
951373,0.039414942
951374,0.04521448
951383,0.03183198
951384,0.025608132
951385,0.02553881
951386,0.0662628
951387,0.032261696
951388,0.061488807
951389,0.024510588
951397,0.028150326
951398,0.02261377
951399,0.02261377
951400,0.020243201
951401,0.020017866
951402,0.019969411
951409,0.022790246
951424,0.050321802
951425,0.03768681
951426,0.035783418
951427,0.066083424
951438,0.14698964
951439,0.087873474
951440,0.051329125
951441,0.165395
951442,0.03405134
951443,0.03316976
951444,0.13318297
951445,0.018267648
951446,0.017839087
951447,0.017963247
951448,0.017963247
951449,0.03591248
951466,0.038837876
951467,0.02775503
951468,0.04420759
951469,0.034832176
951470,0.026917052
951486,0.126883
951487,0.10727719
951488,0.05102286
951489,0.060710207
951490,0.026194578
951491,0.030490909
951520,0.04606981
951521,0.03442619
951522,0.03442619
951523,0.03442619
951524,0.03442619
951525,0.03464727
951526,0.03464727
951527,0.03464727
951528,0.03464727
951529,0.03476083
951530,0.034619477
951531,0.03455205
951532,0.034705587
951533,0.034705587
951534,0.034705587
951535,0.034739144
951536,0.034739144
951537,0.0539128
951538,0.034739144
951539,0.034739144
951540,0.034739144
951541,0.034739144
951542,0.034739144
951543,0.034115
951544,0.033987124
951545,0.07003883
951546,0.024761759
951547,0.028226173
951548,0.10547854
951549,0.10811415
951550,0.10547854
951551,0.10375951
951552,0.10375951
951553,0.17499529
951554,0.03200217
951555,0.102645345
951556,0.102645345
951557,0.17504077
951558,0.14415595
951559,0.030497514
951560,0.026544528
951561,0.026544528
951562,0.026544528
951563,0.026544528
951564,0.026544528
951565,0.026477689
951566,0.13704714
951579,0.034017917
951580,0.026135234
951581,0.058662105
951582,0.025858939
951583,0.041739825
951591,0.033356123
951592,0.027124232
951593,0.038831167
951594,0.052181523
951595,0.052181523
951596,0.05850135
951621,0.04066004
951622,0.04039537
951623,0.041424673
951624,0.041424673
951625,0.025665352
951626,0.034312982
951627,0.05889198
951628,0.043746382
951629,0.0364449
951630,0.022094995
951631,0.047015816
951633,0.029104762
951634,0.038498495
951635,0.02542139
951636,0.033062242
951637,0.04431747
951638,0.018814363
951639,0.02082519
951640,0.019193606
951641,0.044138677
951642,0.033014532
951643,0.017822035
951648,0.021869605
951649,0.028994408
951780,0.07777567
951781,0.11522765
951782,0.049727608
951783,0.24225375
951784,0.16299507
951785,0.05478173
951786,0.1521575
951788,0.09207478
951789,0.067531645
951790,0.11249811
951791,0.028874481
951792,0.055145446
951793,0.14952244
951794,0.15430291
951795,0.04048889
951796,0.05440793
951797,0.04618931
951798,0.093068354
951799,0.096710086
951800,0.06955843
951801,0.037218645
951802,0.052751534
951803,0.051757075
951804,0.051318955
951805,0.036297537
951806,0.04246012
951807,0.055757683
951808,0.09372218
951809,0.06375886
951810,0.04246012
951811,0.048469726
951812,0.04246012
951813,0.04713493
951814,0.038773302
951815,0.102839455
951816,0.022155387
951817,0.024077844
951826,0.038324453
951827,0.017804023
951828,0.034963362
951829,0.0443562
951830,0.028612424
951831,0.017902073
951832,0.017862244
951833,0.016486721
951834,0.03355693
951835,0.011601178
951836,0.021395393
951837,0.027933726
951838,0.026195863
951839,0.018782299
951840,0.030250916
951841,0.025880922
951842,0.023791766
951843,0.014590049
951844,0.017527597
951845,0.025668995
951846,0.034491245
951847,0.018904805
951848,0.03363647
951853,0.025871282
951854,0.018382343
951855,0.01297466
951856,0.02572825
951857,0.010371827
951858,0.022474222
951863,0.017454755
951864,0.015902273
951865,0.01438575
951866,0.022592232
951869,0.027975267
951870,0.023208417
951871,0.01606709
951872,0.025490614
951876,0.028500728
951877,0.02211482
951885,0.0095069595
951886,0.01629471
951965,0.0673796
951972,0.08672787
951973,0.07220084
951974,0.032990273
951975,0.030805968
951984,0.20355004
951985,0.057425942
951986,0.056161027
951987,0.052993644
951988,0.020936904
951989,0.020765191
951997,0.06086054
951998,0.050486162
951999,0.040081166
952000,0.024219258
952001,0.10080648
952002,0.10055667
952003,0.051984616
952004,0.049508687
952005,0.049508687
952006,0.047995914
952007,0.0415461
952008,0.040595703
952009,0.03842393
952010,0.046057988
952011,0.12468702
952012,0.039796807
952013,0.038365148
952014,0.08535869
952015,0.03992038
952016,0.046129957
952017,0.042109273
952018,0.04112066
952019,0.021244174
952020,0.044323124
952021,0.036787387
952022,0.08482378
952023,0.042671327
952024,0.04258891
952025,0.040271536
952026,0.07561743
952027,0.038955607
952028,0.109518
952035,0.082323804
952036,0.043463457
952266,0.37903878
952267,0.057343494
952268,0.05367855
952269,0.047400642
952270,0.04660463
952271,0.15908697
952272,0.06359203
952273,0.15591499
952274,0.111188024
952338,0.052888375
952341,0.032991264
952342,0.024604635
952343,0.021713544
952344,0.03154712
952345,0.011159078
952346,0.01954474
952350,0.0230917
952351,0.017256211
952352,0.009118095
952353,0.02221627
952355,0.013796436
952356,0.016077714
952357,0.019410457
952358,0.010152369
952359,0.016604807
952362,0.03176479
952363,0.012343161
952364,0.008759524
952365,0.02179972
952366,0.006946903
952372,0.012716127
952373,0.007910932
952374,0.011472484
952375,0.018767599
952376,0.014987537
952377,0.010107543
952395,0.012595934
952396,0.008078061
952397,0.015411638
952398,0.013791018
952399,0.009834238
952400,0.01577486
952401,0.01638943
952402,0.016581455
952403,0.014271721
952404,0.008266523
952405,0.012578
952406,0.03964757
952407,0.021032589
952408,0.020633936
952409,0.024687245
952410,0.10087864
952411,0.008518364
952412,0.015848916
952413,0.016246993
952431,0.26795366
952432,0.094393276
952433,0.087737225
952434,0.09149631
952435,0.035551026
952436,0.06327809
952437,0.046509698
952438,0.03219268
952439,0.026341744
952440,0.027876295
952449,0.077134535
952450,0.048210796
952451,0.0541719
952452,0.063566156
952453,0.05404125
952454,0.045489002
952455,0.055193763
952456,0.08321875
952457,0.09265049
952458,0.044761233
952459,0.14383663
952460,0.03920575
952461,0.09803361
952465,0.055598427
952466,0.048586253
952467,0.029393228
952468,0.10100881
952469,0.07269344
952488,0.044346124
952489,0.016649833
952490,0.02235761
952491,0.012768826
952492,0.02213467
952532,0.021774087
952533,0.02653244
952534,0.036932584
952535,0.022815166
952536,0.016802795
952560,0.03134711
952561,0.031017093
952562,0.025731178
952563,0.037867617
952564,0.0129577685
952565,0.022875633
952567,0.024077905
952568,0.016319348
952569,0.01995038
952573,0.023206698
952574,0.029400826
952576,0.03635035
952577,0.019392027
952578,0.027922101
952579,0.029648155
952580,0.028515017
952581,0.0269887
952582,0.016778369
952583,0.029122079
952584,0.020079842
952585,0.024413753
952586,0.030492093
952587,0.016494587
952588,0.024125556
952589,0.016211493
952590,0.014824488
952591,0.016245797
952592,0.017258856
952593,0.015245092
952594,0.0142967235
952595,0.027190754
952596,0.015245092
952597,0.029562974
952598,0.016416516
952599,0.016542995
952600,0.03680806
952601,0.041168895
952602,0.028996741
952603,0.016174696
952604,0.036368836
952605,0.02175041
952606,0.033134248
952627,0.09764866
952628,0.07670114
952629,0.08229249
952630,0.07427636
952631,0.07695858
952635,0.07142039
952636,0.06651749
952715,0.04059483
952716,0.019904243
952717,0.019062657
952718,0.016943991
952719,0.024349922
952720,0.008532197
952732,0.02197807
952733,0.015576904
952734,0.014725459
952744,0.017565943
952745,0.015090386
952746,0.007895614
952747,0.005699175
952748,0.010506333
952833,0.015151484
952849,0.015415596
952850,0.021194797
952851,0.027675288
952852,0.014438852
952853,0.025424413
952863,0.015329774
952864,0.013022739
952865,0.017164454
952866,0.006142175
952867,0.020496245
952868,0.012861538
952869,0.012487519
952870,0.013359352
952871,0.006855851
952872,0.008692541
952873,0.0066758175
952874,0.0086032525
952875,0.016015675
952876,0.013593584
952877,0.01082801
952878,0.011360562
952879,0.0062862225
952880,0.0102991145
952881,0.008147419
952882,0.011090062
952883,0.034276634
952896,0.22606957
952897,0.0920602
952898,0.08596379
952899,0.024010025
952900,0.16292399
952904,0.116505675
952905,0.056186393
952906,0.08074253
952907,0.05584461
952908,0.053999204
952909,0.120804384
952910,0.05966583
952911,0.061977968
952912,0.061829727
952913,0.046662416
952914,0.049538977
952915,0.061865125
952916,0.02496535
952917,0.040790565
952918,0.03988986
952919,0.041847084
952920,0.0413557
952921,0.04742936
952922,0.11317364
952923,0.036681443
952924,0.08456336
952925,0.038910422
952926,0.043049086
952938,0.14301667
952939,0.10775505
952940,0.08657702
952941,0.07568195
952942,0.07755238
952943,0.061935853
952944,0.058245532
952945,0.08168614
952946,0.14090067
952947,0.08569156
952948,0.04345425
952949,0.027489716
952950,0.0484345
952951,0.04831698
952952,0.04831698
952953,0.04379458
952954,0.04379458
952955,0.037136216
952956,0.023206506
952957,0.037136216
952958,0.04808825
952959,0.07978573
952960,0.02270471
952961,0.045947358
952962,0.03507246
952963,0.09978486
952964,0.052706484
952965,0.042095523
952966,0.042095523
952967,0.041923735
952968,0.023364045
952969,0.020292614
952970,0.023364045
952971,0.04182452
952972,0.04182452
952973,0.034335393
952974,0.040891267
952975,0.04064534
952976,0.040566668
952977,0.039146498
952978,0.025589095
952979,0.087695196
952980,0.036138564
952983,0.13262713
952984,0.09406748
952985,0.087659284
952986,0.07663945
952989,0.101454355
952990,0.06833693
952991,0.06429135
952992,0.062448535
952993,0.058948692
952994,0.06876541
952995,0.15352446
952996,0.042655136
952997,0.04372991
952998,0.049104486
952999,0.08969175
953000,0.044074748
953007,0.056215353
953008,0.03912631
953009,0.03912631
953010,0.03912631
953011,0.039021853
953015,0.050395824
953016,0.03838917
953017,0.038059667
953018,0.11503678
953019,0.038389158
953020,0.038401756
953021,0.038401756
953022,0.038401756
953023,0.06722042
953024,0.023843866
953025,0.0504163
953026,0.12501256
953027,0.12584807
953028,0.047781218
953029,0.11493027
953030,0.03605314
953031,0.036358174
953032,0.044380665
953033,0.038393922
953034,0.035827067
953035,0.043485068
953036,0.04352673
953037,0.04356972
953038,0.04356972
953039,0.0959708
953040,0.04762069
953041,0.07855415
953042,0.04670169
953043,0.038339242
953044,0.04387975
953045,0.08478967
953046,0.044792634
953047,0.049648013
953048,0.031505853
953049,0.04663737
953050,0.083041504
953051,0.08345117
953052,0.08319335
953053,0.0404254
953054,0.03222656
953055,0.08021759
953056,0.04387091
953057,0.030927662
953058,0.10793872
953067,0.03282924
953068,0.026487425
953069,0.026487425
953070,0.026487425
953071,0.008923985
953083,0.0235193
953106,0.012966011
953122,0.1551448
953123,0.11051863
953133,0.14454773
953134,0.09048175
953135,0.08493615
953136,0.08137371
953137,0.07661981
953138,0.07521344
953148,0.09474782
953149,0.06704066
953150,0.06651651
953151,0.063050546
953152,0.11305949
953168,0.08172433
953169,0.063168935
953170,0.05953876
953171,0.032986242
953172,0.047808323
953173,0.047808323
953174,0.057264145
953175,0.057724573
953176,0.04307352
953177,0.056595918
953178,0.052309398
953179,0.046266846
953180,0.055423517
953181,0.046021633
953182,0.12923293
953183,0.15260535
953184,0.04398417
953185,0.08588166
953186,0.10212659
953187,0.055606466
953188,0.1199341
953189,0.046271767
953190,0.028837329
953191,0.054504506
953192,0.053815216
953193,0.053712487
953194,0.051256876
953195,0.045745198
953196,0.100814104
953197,0.04134211
953198,0.045567274
953199,0.13546266
953202,0.053429574
953203,0.043990236
953207,0.025296386
953208,0.01948465
953209,0.030756824
953210,0.017146412
953211,0.01925268
953212,0.02187115
953213,0.055343322
953214,0.02443335
953215,0.05409559
953216,0.035178687
953217,0.018759452
953218,0.027919482
953238,0.04274305
953239,0.029934432
953240,0.09405033
953241,0.025329717
953242,0.033277314
953243,0.032057725
953244,0.020289993
953245,0.018400196
953246,0.017137494
953247,0.02419014
953248,0.022645853
953249,0.018861974
953250,0.010475292
953251,0.014500056
953252,0.01560081
953253,0.012990877
953254,0.013550194
953255,0.013829432
953256,0.01690934
953257,0.012646104
953258,0.019642238
953259,0.019887883
953260,0.011540735
953261,0.009411661
953262,0.019141389
953269,0.019215917
953270,0.012118622
953271,0.015128569
953272,0.010524219
953273,0.008842238
953283,0.012304425
953284,0.010693919
953285,0.010724184
953286,0.009970674
953287,0.014768393
953288,0.017128581
953289,0.010525326
953290,0.015370522
953291,0.014677275
953292,0.012355118
953293,0.012544341
953294,0.010758928
953297,0.019418372
953298,0.009912833
953299,0.013633115
953300,0.011492868
953303,0.011045809
953304,0.008808864
953305,0.009227806
953306,0.012274009
953307,0.008166663
953308,0.011123203
953309,0.01026584
953310,0.009481754
953311,0.017180534
953313,0.011165868
953314,0.008743062
953315,0.012064375
953316,0.008650845
953319,0.020482656
953320,0.011827323
953321,0.018709248
953322,0.008700627
953323,0.012717535
953324,0.015577839
953336,0.016108194
953337,0.017718606
953338,0.0142447455
953339,0.008568821
953340,0.008568821
953341,0.008568821
953344,0.010774607
953345,0.014395461
953346,0.009418126
953347,0.0124627575
953348,0.02056434
953349,0.02562165
953350,0.014128902
953351,0.008731234
953352,0.020154776
953353,0.012363274
953354,0.01336801
953359,0.011792648
953360,0.00900017
953361,0.019225415
953362,0.013992905
953363,0.019414831
953364,0.019922629
953365,0.017045446
953366,0.02300538
953372,0.013428671
953373,0.02300538
953374,0.01957589
953375,0.008941601
953376,0.011678404
953377,0.0102682
953378,0.029992247
953386,0.04293668
953387,0.012309614
953388,0.018421942
953389,0.022360006
953390,0.008446465
953401,0.02577987
953402,0.008317772
953403,0.009502286
953404,0.017812295
953405,0.014818687
953406,0.014565226
953413,0.054202124
953414,0.019623606
953415,0.023026519
953421,0.019302052
953422,0.030166127
953423,0.013654723
953424,0.020233525
953425,0.020356996
953434,0.017348038
953435,0.018029215
953436,0.02025065
953437,0.014874615
953477,0.052596435
953479,0.057411518
953480,0.03845071
953481,0.03362985
953482,0.031653322
953483,0.032217935
953484,0.016430898
953485,0.021304958
953486,0.10948352
953487,0.059563696
953488,0.024777057
953489,0.02220722
953490,0.02085593
953491,0.06654541
953492,0.043247443
953493,0.038955413
953494,0.04949539
953495,0.044690765
953499,0.056877725
953500,0.043586146
953501,0.043470327
953502,0.043470327
953503,0.042607777
953504,0.042243652
953510,0.038092654
953511,0.03637676
953512,0.041913316
953513,0.02095181
953514,0.02095181
953515,0.058791228
953516,0.042179283
953517,0.02095181
953524,0.040821988
953525,0.020644575
953526,0.019084733
953527,0.040410373
953528,0.048021328
953529,0.023178402
953537,0.023170672
953538,0.03087855
953539,0.050266992
953540,0.038690634
953541,0.03330616
953542,0.0134171415
953543,0.031597346
953544,0.027008783
953545,0.027008783
953546,0.033455186
953547,0.0134171415
953548,0.021737954
953549,0.018480442
953550,0.031011919
953551,0.035864998
953552,0.025758298
953553,0.02926716
953554,0.02727759
953555,0.01792479
953556,0.02926716
953557,0.014766255
953604,0.10518681
953605,0.080086745
953606,0.03572936
953616,0.09314991
953617,0.04835135
953618,0.04835487
953619,0.057396308
953620,0.02810437
953635,0.05752915
953636,0.04227237
953637,0.048074074
953638,0.022261765
953639,0.02952016
953655,0.025492588
953656,0.04064228
953657,0.020087719
953658,0.033812508
953659,0.04765855
953673,0.040497165
953674,0.033725217
953675,0.030550906
953676,0.036510814
953677,0.03634401
953678,0.017617853
953692,0.029417418
953693,0.034494862
953694,0.022870874
953695,0.012818306
953696,0.036004648
953697,0.022618378
953698,0.022618378
953699,0.032867793
953700,0.08080275
953701,0.03141157
953702,0.029388694
953703,0.024474729
953721,0.0177159
953722,0.030145291
953723,0.019494291
953724,0.020166269
953725,0.019097734
953726,0.01761929
953727,0.02606419
953728,0.022896279
953729,0.026630843
953730,0.024758402
953731,0.03894868
953732,0.029942436
953733,0.024255747
953734,0.012451161
953735,0.022579616
953736,0.015545676
953737,0.023833426
953738,0.01653807
953739,0.014754619
953740,0.033050414
953741,0.035326656
953763,0.033821374
953808,0.022748983
953809,0.016217647
953810,0.015743596
953811,0.013686059
953812,0.01300018
953831,0.017558226
953832,0.011788787
953833,0.011692458
953834,0.011579169
953839,0.014197898
953840,0.010312543
953841,0.009222053
953842,0.009184507
953843,0.008700521
953847,0.011399301
953848,0.008700521
953849,0.009161308
953850,0.036408287
953852,0.04201369
953853,0.03477311
953854,0.047813788
953855,0.008352081
953856,0.0119221425
953859,0.011253391
953860,0.017932
953861,0.043875284
953862,0.0068929335
953863,0.008469387
953870,0.023254642
953871,0.016187433
953872,0.018357174
953873,0.011876439
953874,0.019165078
953879,0.008841324
953880,0.012184746
953881,0.0068929335
953885,0.014640455
953886,0.017795302
953887,0.0060202996
953888,0.0060111415
953889,0.0060111415
953890,0.0072879116
953891,0.005854263
953892,0.005854263
953893,0.005854263
953894,0.0072951596
953895,0.005854263
953896,0.005854263
953897,0.014086125
953900,0.021055596
953901,0.013506793
953902,0.019692773
953903,0.011987551
953904,0.02080386
953905,0.0054861284
953906,0.005541071
953907,0.025241422
953908,0.01905695
953920,0.0067732916
953921,0.016857577
953922,0.021641426
953923,0.010590271
953924,0.013933562
953945,0.025763312
953961,0.021470532
953962,0.021222556
953963,0.020555606
953969,0.05528871
953970,0.04092179
953971,0.038497783
953972,0.033760298
953973,0.031776354
953974,0.030508574
953975,0.028779475
953976,0.028211953
953977,0.026293924
953978,0.03710947
953979,0.030408753
953980,0.013182944
953981,0.03317743
953982,0.021177718
953983,0.03326791
953984,0.015939087
953985,0.01719052
953986,0.034544382
953987,0.027867278
953988,0.019213015
953989,0.02848958
953990,0.019160664
953991,0.018740479
953992,0.018526971
953993,0.018526971
953994,0.018318329
953995,0.018324465
953996,0.077938445
953997,0.020202963
953998,0.034918357
953999,0.046970617
954000,0.007765619
954001,0.01763535
954002,0.026651487
954003,0.025838172
954004,0.031592105
954005,0.030685822
954006,0.015716774
954007,0.014817999
954008,0.01638929
954009,0.015091356
954010,0.023764513
954013,0.011479008
954088,0.0461405
954089,0.06708138
954090,0.03503336
954091,0.030286908
954097,0.04979216
954104,0.06012652
954105,0.027246427
954106,0.047763243
954107,0.044624697
954110,0.045658037
954111,0.042814203
954112,0.03891396
954113,0.04429513
954114,0.034986567
954115,0.033450462
954142,0.118020535
954143,0.10295049
954144,0.1011018
954145,0.0898039
954159,0.09727983
954160,0.08075803
954161,0.07603713
954162,0.07464059
954168,0.075880826
954169,0.067963496
954170,0.06743265
954171,0.062374294
954172,0.057180863
954173,0.05756282
954174,0.044887036
954187,0.046188585
954188,0.033043925
954189,0.031695325
954190,0.037860714
954191,0.026633171
954192,0.18607172
954193,0.021356193
954194,0.023642695
954195,0.022060541
954196,0.02706244
954197,0.021200128
954198,0.019580303
954199,0.018319268
954200,0.018273417
954201,0.01828297
954202,0.02205476
954203,0.01828297
954204,0.015754862
954205,0.03497691
954206,0.015969263
954207,0.017312413
954208,0.015399039
954209,0.033241656
954225,0.052114125
954226,0.03380032
954227,0.032012444
954228,0.02788902
954229,0.038742572
954230,0.025196133
954231,0.023639707
954232,0.022933554
954233,0.025853012
954234,0.029414253
954235,0.17034087
954236,0.12548013
954237,0.018260803
954238,0.018283734
954239,0.028471077
954240,0.12861326
954241,0.11701131
954242,0.036634557
954243,0.016478095
954244,0.022542415
954245,0.04406666
954246,0.016433071
954247,0.03033902
954248,0.013699022
954249,0.022529788
954250,0.0163152
954251,0.11066285
954252,0.0163152
954253,0.0163152
954256,0.022487253
954257,0.0163152
954258,0.0163152
954259,0.0163152
954260,0.0163152
954261,0.0163152
954266,0.060967676
954267,0.046763107
954268,0.04593925
954269,0.015611214
954270,0.04598869
954271,0.04546679
954280,0.05778825
954281,0.04485956
954282,0.04485956
954283,0.04485956
954284,0.04469457
954285,0.04469457
954286,0.04469457
954303,0.057632927
954317,0.057632927
954318,0.043138918
954319,0.07004509
954320,0.043138918
954321,0.043138918
954332,0.0439506
954333,0.034365643
954334,0.021646963
954335,0.034365643
954336,0.01845861
954337,0.043547746
954338,0.046492696
954343,0.043699726
954344,0.03416753
954345,0.018350456
954346,0.039861154
954347,0.020814532
954348,0.03871043
954349,0.026083108
954350,0.030515382
954351,0.020757318
954352,0.023121769
954353,0.042085353
954354,0.020590136
954355,0.033327498
954356,0.019527841
954357,0.020892281
954358,0.04067585
954359,0.01937675
954365,0.03448166
954366,0.02689995
954367,0.019013215
954368,0.019112332
954480,0.04780629
954481,0.019885657
954482,0.051731855
954483,0.03259021
954484,0.03903689
954485,0.029917607
954486,0.014835565
954813,0.08393857
954814,0.051027697
954829,0.11670451
954830,0.0761726
954831,0.07156463
954832,0.0688691
954851,0.08182623
954852,0.059254088
954853,0.055424124
954854,0.05350479
954868,0.06037017
954869,0.052329566
954870,0.072150566
954871,0.05056009
954872,0.050168164
954873,0.07316015
954874,0.04748887
954875,0.038619056
954876,0.043489154
954877,0.043489154
954887,0.050732236
954888,0.04565778
954889,0.044363193
954890,0.043601245
954891,0.021233866
954892,0.041429225
954893,0.041285
954894,0.043534897
954895,0.08601928
954896,0.10572368
954897,0.08306946
954898,0.08306946
954899,0.043352053
954900,0.03641683
954901,0.03776158
954909,0.048493404
954910,0.041757405
954911,0.041506488
954912,0.04127332
954913,0.039100107
954914,0.03764245
954916,0.078820065
954917,0.071194954
954918,0.06602428
954919,0.051418114
954920,0.047076058
954921,0.044118505
954922,0.10150396
954923,0.07308079
954924,0.067783155
954925,0.060229536
954926,0.0764778
954927,0.05193966
954928,0.048505843
954929,0.04728614
954930,0.054387264
954931,0.052501842
954932,0.02930093
954933,0.04707635
954934,0.046706665
954935,0.023432566
954936,0.051966526
954937,0.019109838
954938,0.019109838
954939,0.021615636
954940,0.032096796
954941,0.049229175
954942,0.023817219
954943,0.017450986
954944,0.01350687
954945,0.028957719
954946,0.009307898
954947,0.0191953
954948,0.02627335
954949,0.020169118
954962,0.039775204
954963,0.02230111
954964,0.012155075
954965,0.020674575
954966,0.012155075
954977,0.016693382
954978,0.019367995
954979,0.03422457
954980,0.024704915
954981,0.034158114
954989,0.012088057
954990,0.018406402
954991,0.022551777
954992,0.018831098
954993,0.019084238
954999,0.012235603
955059,0.08766945
955060,0.041836485
955061,0.04307217
955062,0.034160387
955063,0.031919807
955080,0.21427037
955081,0.037491553
955082,0.054593544
955083,0.050213445
955084,0.063439034
955085,0.064255185
955086,0.08992423
955087,0.039205834
955088,0.10233493
955089,0.053789828
955090,0.052430525
955091,0.053395543
955092,0.04870281
955093,0.050342564
955094,0.027638376
955095,0.027563713
955096,0.03759573
955102,0.06897638
955103,0.049126144
955104,0.0882441
955105,0.02202775
955106,0.02202775
955107,0.034363
955108,0.02202775
955109,0.04743659
955110,0.04903591
955111,0.04743659
955112,0.04743659
955113,0.04743659
955114,0.04743659
955115,0.034389768
955116,0.08081757
955117,0.048826866
955118,0.047257215
955119,0.048927262
955120,0.04690431
955125,0.054464515
955126,0.042955257
955127,0.042955257
955128,0.021137476
955129,0.021137476
955130,0.021137476
955131,0.021137476
955132,0.021207858
955133,0.021207858
955134,0.020496551
955135,0.020496551
955136,0.020496551
955143,0.07096779
955144,0.06152978
955145,0.023089688
955146,0.023089688
955147,0.023089688
955148,0.023089688
955162,0.060795043
955163,0.023089688
955164,0.022955036
955165,0.022955036
955166,0.022955036
955181,0.038401958
955182,0.030003307
955183,0.018711193
955184,0.01210826
955185,0.045119
955186,0.017990498
955195,0.0575785
955196,0.030107366
955197,0.028957305
955198,0.045119
955199,0.021851832
955200,0.033176947
955209,0.026033238
955210,0.028816337
955211,0.022273898
955212,0.01902145
955213,0.04499065
955214,0.04673968
955215,0.031510882
955217,0.049467843
955218,0.025514718
955219,0.03167084
955220,0.036891833
955221,0.04426703
955222,0.018165804
955274,0.1480952
955275,0.102308474
955276,0.09515294
955277,0.08376633
955278,0.07859675
955282,0.11681029
955283,0.07085306
955284,0.13273385
955285,0.104712225
955286,0.10736032
955287,0.049919676
955288,0.05852733
955289,0.049493443
955290,0.028352182
955291,0.028352182
955298,0.036442757
955299,0.028352182
955300,0.025651626
955301,0.025651626
955302,0.025651626
955315,0.029209489
955316,0.04078402
955317,0.024956627
955318,0.026972309
955319,0.047945358
955320,0.04525576
955321,0.020566106
955322,0.020566106
955323,0.024600904
955324,0.020566106
955325,0.035236567
955326,0.03286809
955327,0.029818792
955328,0.022438679
955329,0.013652667
955330,0.03337164
955332,0.05357876
955333,0.021522507
955334,0.04213285
955335,0.011946511
955345,0.052083958
955346,0.034793854
955347,0.041508604
955348,0.034109842
955349,0.08736681
955350,0.045330588
955351,0.041508604
955352,0.039483305
955353,0.041508604
955354,0.04570825
955355,0.043229364
955356,0.042684674
955357,0.0800709
955358,0.020926734
955365,0.024866853
955366,0.027520074
955367,0.029821321
955368,0.016490743
955369,0.04019002
955370,0.023618832
955371,0.01979786
955372,0.032472093
955373,0.017739573
955374,0.017540567
955375,0.10293626
955376,0.02971923
955377,0.023801746
955378,0.02802646
955393,0.020790745
955460,0.13848498
955461,0.042549208
955462,0.039789885
955463,0.11197114
955464,0.0717474
955465,0.068886735
955466,0.064810865
955472,0.09089303
955473,0.059525583
955474,0.057736423
955475,0.057280555
955476,0.05334252
955483,0.1317247
955484,0.0423149
955485,0.08305586
955486,0.050151132
955487,0.04105604
955488,0.04999392
955489,0.04596076
955490,0.037227403
955491,0.07213697
955492,0.040954363
955493,0.08738818
955494,0.04484522
955495,0.080262005
955496,0.044762477
955497,0.048695855
955498,0.048695855
955499,0.08704919
955505,0.048940994
955512,0.048940994
955513,0.03845956
955514,0.03845956
955515,0.03845956
955516,0.03845956
955517,0.03845956
955520,0.041580565
955521,0.0328362
955522,0.032772128
955523,0.08672077
955524,0.038161416
955525,0.041555632
955526,0.04591154
955527,0.036105726
955528,0.036105726
955529,0.036105726
955530,0.036105726
955531,0.04591154
955532,0.036105726
955533,0.036105726
955534,0.03497572
955535,0.03497572
955536,0.03497572
955542,0.05086315
955543,0.036627725
955544,0.03498425
955545,0.03498425
955546,0.025233962
955547,0.011995183
955552,0.03838922
955553,0.035676926
955554,0.011060179
955555,0.031957462
955556,0.026456213
955557,0.0141308345
955562,0.053261794
955563,0.015934952
955569,0.037486736
955570,0.02303818
955571,0.015934952
955572,0.01977992
955573,0.028805036
955574,0.018392632
955580,0.035558376
955581,0.014240917
955582,0.015830623
955583,0.01591712
955589,0.02826902
955590,0.012486513
955591,0.013231723
955592,0.015765602
955593,0.013803295
955594,0.029110894
955600,0.017894026
955601,0.015765602
955602,0.021706372
955666,0.06474
955671,0.11143633
955672,0.049747135
955673,0.05180541
955674,0.080422916
955675,0.034554817
955676,0.052981235
955681,0.050661027
955682,0.047709037
955683,0.027219728
955684,0.02720703
955685,0.044896666
955686,0.016027387
955692,0.11044576
955693,0.09903145
955694,0.051033136
955695,0.10612694
955696,0.10631761
955697,0.04176552
955698,0.047701214
955699,0.044491053
955700,0.047575004
955701,0.0507797
955702,0.050349414
955703,0.04629772
955704,0.046212435
955712,0.048371103
955713,0.046227474
955714,0.046227474
955715,0.046227474
955716,0.044494104
955717,0.05027334
955742,0.058290537
955743,0.046227474
955744,0.046227474
955745,0.046227474
955746,0.045506917
955747,0.04523453
955748,0.0451474
955749,0.04357415
955750,0.04279647
955751,0.042670112
955752,0.041458674
955753,0.041458674
955754,0.041458674
955755,0.041458674
955770,0.044948924
955771,0.04062134
955948,0.088723
955949,0.03770157
955950,0.0654112
955951,0.08112947
955952,0.04432266
955953,0.036330804
955954,0.029350685
955955,0.028772231
955956,0.0911542
955957,0.056656398
955958,0.05620855
955959,0.036858395
955976,0.029401643
955977,0.03311373
955978,0.023207365
955979,0.011294541
955980,0.038011774
955981,0.018184341
955982,0.010212249
955983,0.021556817
955984,0.0332017
955985,0.018134741
955986,0.020503554
955996,0.044965684
955997,0.04105877
956018,0.22828385
956019,0.090879
956020,0.08466772
956021,0.07443263
956022,0.07034775
956023,0.07510847
956024,0.06353727
956025,0.06895527
956033,0.03868999
956034,0.056858502
956035,0.056409154
956036,0.08227411
956037,0.019982394
956038,0.03065289
956046,0.05363124
956047,0.028736735
956048,0.053595696
956049,0.07906028
956050,0.026094917
956051,0.018037565
956057,0.0331499
956058,0.059015177
956059,0.027677739
956067,0.05452343
956068,0.03953919
956069,0.023241833
956070,0.059996825
956071,0.016155487
956072,0.043910913
956079,0.072826475
956080,0.05712133
956081,0.023096979
956082,0.063812494
956083,0.038771678
956084,0.027746351
956091,0.022420157
956092,0.030292578
956093,0.07607077
956094,0.047831822
956095,0.03287821
956096,0.032875404
956097,0.06551151
956124,0.08503161
956125,0.08527762
956126,0.080449805
956132,0.08071926
956133,0.06643431
956134,0.063593954
956135,0.060022112
956136,0.0583485
956144,0.052842375
956145,0.05263388
956168,0.011600073
956213,0.07024383
956214,0.061344434
956215,0.055624563
956264,0.14649579
956265,0.09905905
956266,0.10302122
956267,0.081313506
956268,0.076282695
956269,0.081173435
956270,0.21592134
956271,0.07458432
956272,0.1052964
956273,0.11413316
956274,0.061092578
956275,0.046464402
956276,0.030134331
956277,0.05258559
956278,0.05331881
956282,0.0688003
956283,0.15046057
956284,0.1397859
956285,0.043795556
956286,0.04742541
956297,0.061591323
956298,0.052152615
956299,0.12649874
956300,0.041906424
956301,0.05128854
956323,0.14739378
956324,0.042643823
956325,0.112184435
956326,0.12252886
956327,0.042643823
956328,0.07253097
956345,0.054727543
956346,0.041772086
956347,0.11827335
956348,0.041772086
956349,0.041772086
956350,0.107625835
956351,0.057729352
956352,0.07387173
956353,0.10614891
956364,0.041160263
956365,0.037306227
956366,0.03624131
956367,0.03624131
956368,0.03624131
956376,0.03910577
956377,0.28699896
956378,0.103609815
956379,0.08483756
956380,0.15530397
956381,0.06993748
956382,0.06695809
956395,0.04905179
956396,0.06999174
956397,0.047493886
956398,0.056290388
956399,0.055793215
956400,0.103569925
956401,0.03963395
956402,0.06151036
956403,0.044186644
956404,0.048090953
956417,0.05218159
956418,0.043763172
956419,0.048773177
956420,0.048773177
956421,0.04864428
956422,0.039412625
956423,0.042188037
956424,0.037707593
956425,0.04632172
956426,0.04098795
956427,0.08524253
956439,0.057256747
956440,0.04082476
956441,0.033558693
956442,0.04056159
956443,0.04056159
956444,0.04056159
956445,0.045222417
956446,0.04056159
956447,0.036974218
956448,0.0329334
956449,0.038174145
956450,0.07672735
956451,0.03683423
956452,0.040727656
956453,0.07739413
956511,0.17330082
956512,0.07969508
956513,0.119585186
956520,0.038488224
956521,0.028463082
956522,0.041657623
956523,0.02992356
956524,0.03591037
956525,0.056472197
956526,0.04053368
956529,0.07833118
956530,0.04496978
956531,0.047236126
956533,0.060534753
956534,0.049220037
956535,0.045949254
956536,0.075362265
956537,0.075718306
956538,0.040938184
956543,0.03604549
956544,0.043752134
956545,0.048607264
956546,0.10987794
956547,0.017203817
956549,0.019096177
956550,0.025676325
956612,0.06901665
956613,0.11247357
956629,0.11905352
956630,0.084082484
956631,0.07889508
956632,0.16048932
956633,0.0416092
956634,0.06358031
956635,0.12670772
956636,0.038052134
956637,0.03532597
956649,0.047136396
956650,0.058391195
956651,0.024472794
956652,0.028770568
956653,0.035750937
956654,0.029580291
956655,0.029989088
956656,0.019695135
956657,0.025098637
956658,0.019304674
956714,0.03542769
956715,0.029634517
956716,0.027622981
956717,0.02462656
956959,0.05964669
956960,0.060402162
956961,0.057473917
956962,0.037892044
956963,0.018139925
956964,0.03493099
956965,0.032537762
956966,0.032311983
956967,0.04847825
956968,0.019398497
956969,0.029431349
956970,0.0128902355
956971,0.016179895
956972,0.037866037
956973,0.039050154
956974,0.020973135
956975,0.02157691
956976,0.02926292
956977,0.02127323
956978,0.03427444
956979,0.04528347
956980,0.021215387
956981,0.026440792
956982,0.026201727
956983,0.016222691
956984,0.05958129
956985,0.013114424
956986,0.01707271
957048,0.07260692
957060,0.033812217
957061,0.015430426
957103,0.012133628
957334,0.047722965
957335,0.057085168
957336,0.039011657
957337,0.02055706
957338,0.03094682
957339,0.014797708
957340,0.032409504
957341,0.035122175
957342,0.012772126
957343,0.020914117
957344,0.020742586
957345,0.033041906
957346,0.03401733
957347,0.03832983
957348,0.017993134
957349,0.048716854
957350,0.027024837
957351,0.017302357
957352,0.029084645
957353,0.014645705
957354,0.023156567
957355,0.01725512
957365,0.019515306
957366,0.011386149
957367,0.018643342
957368,0.031338107
957386,0.007962564
957730,0.10541019
957731,0.12274694
957732,0.080019794
957733,0.071418695
957734,0.034850642
957735,0.027531045
957736,0.05456115
957737,0.054828353
957738,0.07517256
957739,0.053014595
957740,0.044900365
957741,0.019990144
957742,0.019617597
957743,0.01956856
957744,0.024010349
957745,0.017892316
957746,0.017892316
957747,0.016612977
957748,0.016612977
957749,0.022236248
957750,0.016567592
957751,0.016597435
957752,0.03868207
957753,0.038196813
957754,0.038196813
957755,0.03812585
957756,0.046010267
957757,0.036899388
957758,0.036899388
957759,0.036899388
957760,0.036899388
957761,0.036899388
957762,0.046010267
957763,0.036899388
957764,0.036899388
957765,0.036899388
957766,0.036898516
957767,0.023165558
957768,0.029854601
957769,0.015587817
957770,0.036717847
957771,0.036550447
957772,0.03658572
957773,0.03658572
957778,0.028072115
957779,0.026151272
957780,0.031992946
957781,0.021199135
957782,0.029354855
957783,0.017837457
957789,0.09081809
957790,0.05215219
957791,0.020647252
957792,0.02771714
957793,0.027776474
957794,0.01928844
957795,0.051867936
957796,0.032425515
957802,0.05556046
957803,0.043750998
957804,0.051867936
957805,0.03070227
957806,0.07647269
957807,0.03959229
957823,0.09709084
957824,0.049791414
957825,0.029174166
957826,0.02974597
957827,0.042062063
957828,0.033613328
957829,0.04838917
957847,0.015287579
957848,0.04838917
957849,0.015790354
957850,0.03396932
957851,0.018992784
957852,0.06509931
957858,0.045826994
958040,0.06750191
958041,0.02982664
958042,0.068812124
958043,0.03060332
958044,0.03393746
958045,0.069081455
958046,0.02443088
958047,0.040277664
958049,0.027889654
958050,0.023893794
958051,0.011388419
958052,0.03198382
958053,0.03353116
958054,0.019312425
958055,0.018202143
958056,0.016273675
958057,0.027678309
958058,0.02263182
958059,0.008966176
958060,0.01722024
958061,0.024557417
958062,0.011796989
958063,0.032894522
958064,0.019671053
958065,0.02868051
958066,0.011239473
958067,0.010630828
958068,0.029419195
958069,0.013468218
958137,0.060650874
958138,0.017705439
958139,0.016735982
958140,0.015633909
958154,0.022444522
958155,0.012978062
958156,0.012229974
958157,0.012167689
958158,0.011074902
958159,0.010704695
958173,0.01590584
958174,0.043797348
958175,0.042075515
958176,0.05762241
958177,0.009331297
958178,0.009331297
958194,0.053312708
958195,0.03841888
958196,0.03841888
958197,0.03841888
958198,0.038316246
958215,0.04434764
958216,0.033991955
958217,0.03347559
958218,0.03347559
958219,0.033413094
958228,0.0128602665
958229,0.020970212
958230,0.03352859
958231,0.03339054
958232,0.03331082
958241,0.012706343
958242,0.031403173
958243,0.058076102
958244,0.041060865
958245,0.03331082
958246,0.020988327
958256,0.036926072
958257,0.046254907
958258,0.06346277
958259,0.057435825
958260,0.027371632
958280,0.26613566
958281,0.06484986
958282,0.06604737
958283,0.080659576
958284,0.02629906
958285,0.07092161
958286,0.048129313
958292,0.11827585
958293,0.04002644
958299,0.06307495
958300,0.047970664
958301,0.0447557
958302,0.04348061
958307,0.055031035
958308,0.043374564
958309,0.043374564
958310,0.043374564
958311,0.039800745
958312,0.039800745
958318,0.050044052
958319,0.039110884
958320,0.039110884
958321,0.038199652
958322,0.037720207
958323,0.037720207
958325,0.0474678
958326,0.03769719
958327,0.03769719
958328,0.07365382
958329,0.037814494
958330,0.037814494
958336,0.09011594
958337,0.037814494
958338,0.037814494
958339,0.037814494
958340,0.037814494
958341,0.0378136
958342,0.037587818
958343,0.01645631
958348,0.020622736
958349,0.01652094
958350,0.016470825
958357,0.02058061
958358,0.016487055
958359,0.016487055
958360,0.016487055
958361,0.016487055
958367,0.027756266
958368,0.016237844
958369,0.016967373
958370,0.026533395
958371,0.030325579
958372,0.0154812755
958389,0.019090336
958390,0.038065918
958391,0.015033088
958392,0.030476665
958393,0.028867537
958394,0.015554712
958395,0.015033088
958403,0.032931462
958404,0.009894864
958407,0.022879492
958408,0.024226246
958425,0.067880034
958434,0.04252727
958435,0.017572
958436,0.028225537
958437,0.047643695
958438,0.032830544
958439,0.06519472
958440,0.029508568
958441,0.017034095
958442,0.030960577
958443,0.016230997
958444,0.035914835
958445,0.010846438
958446,0.021804007
958447,0.025398618
958448,0.023957863
958449,0.018004145
958450,0.013303974
958451,0.013892622
958452,0.016854543
958453,0.014673545
958454,0.04646346
958455,0.056152977
958456,0.015643444
958457,0.04986081
958458,0.036225826
958459,0.045301482
958460,0.01358939
958461,0.019435186
958462,0.019930732
958463,0.02147776
958466,0.012952609
958517,0.048138954
958525,0.10621661
958526,0.03423413
958527,0.036116973
958528,0.029700479
958529,0.040488996
958535,0.058773987
958536,0.026297856
958543,0.020061286
958544,0.04147646
958545,0.026808655
958546,0.02172738
958547,0.018341688
958548,0.03223162
958553,0.03374344
958554,0.0148225585
958555,0.011337348
958556,0.017261518
958557,0.03247334
958558,0.019763295
958559,0.018209806
958560,0.011986743
958561,0.030324476
958597,0.08921372
958598,0.066308275
958599,0.037299585
958600,0.08478181
958601,0.062044773
958602,0.033642065
958603,0.038940284
958604,0.089816645
958605,0.035014994
958606,0.025108038
958673,0.4701364
958674,0.23150311
958675,0.054327384
958676,0.0926377
958677,0.17224675
958678,0.049381264
958679,0.063477345
958690,0.08863825
958691,0.06044108
958692,0.05848931
958693,0.058027864
958694,0.053922977
958695,0.05082172
958696,0.05069872
958697,0.05705871
958698,0.05705871
958699,0.05705871
958700,0.045714766
958708,0.121817335
958709,0.08746926
958710,0.089993715
958711,0.08463683
958712,0.13815032
958719,0.052497618
958720,0.04127283
958721,0.07845834
958722,0.04692461
958723,0.04692461
958730,0.03355033
958731,0.092766784
958732,0.026754433
958733,0.0464357
958742,0.087971
958743,0.044090066
958744,0.025362654
958745,0.026754433
958746,0.026691401
958747,0.02514978
958753,0.05407788
958754,0.045749944
958755,0.045749944
958756,0.04333392
958757,0.04351329
958758,0.04543265
958759,0.04867486
958760,0.066663966
958761,0.03380031
958762,0.03380031
958763,0.05144005
958764,0.028717265
958765,0.021762567
958766,0.059289336
958767,0.03747577
958768,0.041880038
958769,0.056228768
958770,0.030993432
958771,0.061301135
958772,0.047239937
958773,0.021110337
958774,0.024797099
958777,0.059850585
958778,0.047509138
958779,0.09004743
958780,0.13275845
958781,0.064398274
958782,0.06130948
958783,0.057654183
958784,0.06622014
958785,0.061969582
958786,0.060142163
958787,0.051602986
958788,0.060235403
958789,0.045088667
958790,0.04749425
958791,0.04703958
958792,0.050679523
958793,0.04426352
958794,0.0666935
958795,0.03829288
958796,0.043034237
958797,0.037547838
958810,0.09505184
958811,0.09752965
958812,0.09087225
958813,0.080314085
958814,0.07534004
958815,0.072148345
958824,0.13439451
958825,0.119539626
958826,0.090896025
958827,0.08451046
958828,0.051138993
958829,0.05335011
958855,0.45014468
958856,0.15008733
958857,0.3439827
958858,0.14145038
958859,0.24482378
958860,0.13212334
958861,0.08459241
958862,0.10325722
958863,0.067085676
958864,0.065085016
958865,0.049016695
958866,0.045550846
958867,0.15111633
958868,0.055889416
958870,0.146263
958871,0.05372229
958872,0.05372229
958873,0.08403379
958874,0.089695305
958875,0.09856813
958876,0.07256497
958877,0.09771332
958878,0.07467752
958879,0.027070483
958880,0.09372625
958881,0.077981226
958882,0.038282033
958902,0.05809657
958903,0.050547477
958904,0.050539024
958905,0.06288138
958906,0.050539024
958907,0.050539024
958908,0.044146013
958909,0.044146013
958910,0.044146013
958911,0.044525806
958912,0.050670683
958913,0.085927695
958914,0.078407034
958915,0.06288051
958916,0.09111951
958917,0.04941755
958918,0.04941755
958919,0.027059786
958920,0.076532215
958921,0.038925804
958922,0.038925804
958923,0.1330694
958924,0.04941755
958931,0.05496084
958932,0.042836368
958933,0.042836368
958934,0.05602337
958935,0.055311985
958942,0.09463087
958943,0.037746083
958944,0.12978467
958945,0.037133675
958946,0.082930915
958947,0.07500836
958966,0.06791587
958967,0.05272481
958968,0.05272481
958969,0.08477332
958972,0.03332855
958973,0.025496785
958974,0.025496785
958975,0.025496785
958976,0.024465738
958981,0.061117996
958982,0.037633616
958983,0.037633616
958984,0.04875083
958985,0.024465738
958986,0.055484932
958987,0.041139223
958988,0.036542237
958989,0.03194001
958990,0.046682805
958991,0.029655755
958992,0.029849187
958993,0.03460227
958994,0.034762677
958995,0.034762677
958996,0.04573447
958997,0.059604056
958999,0.04904484
959000,0.10665526
959001,0.03022383
959002,0.03022383
959003,0.05884051
959005,0.048288297
959006,0.039084513
959007,0.039084513
959008,0.039084513
959010,0.058364876
959011,0.04573045
959012,0.045104753
959013,0.045104753
959014,0.045104753
959015,0.043060098
959016,0.03755753
959024,0.05476599
959025,0.04298034
959026,0.03755753
959027,0.035459615
959036,0.19579324
959037,0.07391753
959038,0.069641456
959039,0.09156037
959040,0.025917344
959042,0.037164528
959043,0.033424906
959044,0.03138759
959045,0.0342447
959121,0.035999916
959122,0.12945734
959132,0.10838543
959133,0.068210036
959134,0.06693112
959135,0.034044996
959136,0.058780774
959137,0.031865004
959138,0.05441503
959139,0.051844545
959140,0.052011967
959141,0.047940813
959142,0.045095872
959148,0.056822497
959149,0.04432895
959150,0.044986073
959151,0.044986073
959152,0.040539715
959153,0.040539715
959154,0.040539715
959155,0.040431652
959156,0.040431652
959164,0.048857424
959165,0.03808495
959166,0.03808495
959167,0.03801419
959168,0.038026668
959182,0.062342267
959183,0.044112302
959184,0.16585098
959185,0.12544715
959186,0.044112302
959187,0.049542118
959188,0.038026668
959189,0.038026668
959190,0.038026668
959191,0.03793811
959192,0.055521693
959193,0.033366233
959194,0.12462138
959195,0.05370955
959196,0.040246174
959197,0.045679674
959198,0.040284865
959199,0.043018796
959200,0.043018796
959201,0.048320815
959202,0.048320815
959203,0.043018796
959204,0.09484741
959205,0.04381066
959206,0.04391595
959207,0.037460722
959208,0.040949717
959209,0.036784865
959210,0.04033485
959211,0.06666074
959212,0.13584195
959213,0.021653716
959214,0.021653716
959215,0.03689623
959224,0.049912103
959226,0.32059988
959227,0.05284813
959228,0.081794985
959229,0.10583301
959230,0.05833995
959231,0.17684841
959232,0.16673177
959233,0.03569432
959234,0.09929868
959235,0.060699552
959236,0.1875853
959237,0.13321477
959238,0.12280418
959239,0.041254416
959240,0.066842556
959241,0.04615749
959242,0.05180774
959243,0.0416004
959244,0.0416004
959245,0.04672013
959246,0.046596386
959247,0.04950651
959248,0.042995214
959249,0.0445643
959256,0.049648598
959257,0.03963383
959258,0.044537295
959259,0.044537295
959260,0.044537295
959261,0.044537295
959262,0.03895119
959266,0.049618673
959267,0.039646816
959268,0.04232094
959269,0.04232094
959270,0.07425495
959271,0.06897527
959272,0.110844426
959273,0.034438055
959274,0.033271488
959275,0.05845034
959276,0.040539246
959277,0.043883514
959278,0.040339474
959288,0.3436527
959289,0.11263537
959290,0.10510902
959291,0.08774385
959292,0.08092634
959302,0.11005044
959303,0.072585635
959304,0.06219864
959305,0.05853483
959306,0.05677366
959307,0.056324936
959308,0.052370798
959309,0.049354155
959328,0.056734134
959329,0.0521083
959330,0.042392347
959331,0.049234524
959332,0.03964128
959333,0.046060786
959334,0.046060786
959335,0.045938708
959343,0.053312898
959344,0.038897276
959345,0.038563583
959346,0.038563583
959370,0.051133577
959371,0.038491968
959372,0.038491968
959373,0.038491968
959374,0.038491968
959375,0.038491968
959387,0.051133577
959388,0.016014142
959389,0.023501834
959390,0.038491968
959391,0.04356065
959392,0.031572785
959393,0.04285597
959394,0.019393515
959395,0.020834439
959396,0.03823175
959397,0.03585785
959398,0.016393818
959400,0.02831916
959401,0.02913902
959402,0.04080894
959403,0.04080894
959404,0.04080894
959405,0.07071055
959406,0.067759335
959407,0.042192314
959408,0.03800084
959409,0.03793992
959410,0.10091104
959411,0.037882347
959412,0.04429956
959413,0.037882347
959414,0.100765035
959415,0.036658417
959416,0.03695246
959417,0.036228262
959418,0.026902048
959419,0.034578864
959420,0.034780953
959421,0.050022315
959422,0.03466837
959423,0.032876976
959424,0.057596665
959425,0.0292987
959426,0.028134625
959433,0.05108199
959434,0.037155546
959435,0.037155546
959436,0.037155546
959437,0.037155546
959438,0.041876722
959439,0.041876722
959440,0.041478176
959441,0.025603684
959442,0.02556614
959443,0.04148853
959444,0.056076504
959445,0.032943036
959446,0.025369296
959447,0.03120132
959448,0.041533493
959449,0.038839683
959450,0.040714283
959451,0.022975229
959452,0.040714283
959477,0.030447578
959478,0.028558912
959479,0.0871316
959480,0.03546213
959481,0.0268721
959482,0.044381645
959483,0.031768534
959484,0.023196088
959485,0.021311052
959486,0.022220735
959487,0.034438707
959488,0.022220735
959489,0.122254275
959490,0.08166601
959491,0.049706936
959492,0.020302398
959535,0.010141463
959554,0.02450118
959555,0.06963818
959556,0.06563223
959557,0.042127214
959558,0.06348655
959565,0.031216985
959566,0.023388337
959567,0.03133037
959568,0.046767604
959569,0.04987263
959570,0.03991243
959571,0.04115894
959578,0.019629097
959579,0.027829291
959580,0.03410051
959581,0.014917361
959582,0.017016236
959592,0.10405158
959594,0.13335845
959595,0.08934343
959596,0.09007373
959597,0.073715724
959598,0.0810031
959599,0.07626906
959609,0.05638602
959610,0.12957135
959611,0.06454921
959612,0.064043224
959613,0.061244905
959614,0.08484427
959615,0.043541025
959616,0.05640606
959617,0.124435395
959618,0.0950249
959619,0.08732374
959620,0.03923163
959621,0.050933063
959622,0.046312623
959624,0.03242528
959625,0.02427159
959627,0.030624814
959628,0.022925932
959629,0.022882663
959630,0.05869798
959632,0.051187314
959633,0.046571482
959634,0.046571482
959635,0.040782146
959636,0.040557127
959637,0.046571482
959638,0.05044236
959639,0.039659012
959640,0.059965108
959641,0.031920966
959642,0.025650123
959643,0.027005918
959644,0.052884027
959645,0.042641107
959646,0.030028516
959647,0.029165052
959648,0.08488941
959649,0.039677005
959659,0.13198364
959660,0.09181509
959661,0.052101597
959662,0.07435
959668,0.098369
959669,0.06522343
959670,0.06135004
959676,0.08514052
959677,0.05666434
959678,0.057541773
959679,0.015411205
959680,0.05328224
959681,0.06395851
959682,0.021001376
959683,0.06152161
959684,0.019259835
959685,0.09043
959686,0.03707123
959687,0.034031373
959688,0.02582766
959689,0.022196224
959690,0.042479668
959691,0.017203415
959692,0.026364617
959693,0.030164134
959694,0.027683249
959695,0.018545028
959696,0.016966563
959697,0.016966563
959698,0.03201321
959699,0.011413081
959701,0.024700245
959702,0.01531701
959703,0.011557376
959704,0.030094678
959705,0.025347518
959708,0.033147927
959709,0.0357766
959710,0.015315018
959711,0.021199035
959712,0.03534093
959713,0.033273105
959714,0.023072975
959715,0.01160662
959716,0.03355165
959717,0.0164223
959718,0.022564767
959721,0.027906911
959722,0.024707068
959723,0.016367743
959724,0.01552761
959725,0.017863682
959733,0.03433504
959734,0.016042087
959735,0.025776546
959736,0.025172492
959737,0.01722727
959738,0.026067259
959744,0.037652247
959745,0.028021831
959746,0.015493455
959747,0.02571262
959748,0.022827651
959757,0.033856902
959758,0.033625714
959759,0.013397197
959765,0.02134111
959766,0.014954424
959767,0.0141572645
959768,0.017315587
959769,0.01715412
959770,0.026054103
959778,0.017809117
959779,0.031205717
959780,0.017315587
959793,0.099529006
959794,0.07036153
959795,0.049240105
959796,0.04512454
959801,0.13235748
959802,0.051000655
959803,0.055783544
959804,0.034105107
959805,0.054337796
959806,0.059337996
959831,0.067607425
959832,0.06312965
959833,0.041735835
959834,0.042019226
959835,0.027161947
959844,0.051328745
959845,0.03119183
959846,0.024153963
959847,0.029881155
959848,0.04232201
959849,0.021917397
959850,0.01828424
959851,0.028981844
959852,0.029151242
959853,0.022367503
959854,0.021327196
959855,0.04187405
959856,0.03088082
959857,0.026067464
959858,0.034205165
959859,0.03284475
959860,0.023154965
959861,0.030046066
959862,0.030281447
959863,0.017846482
959864,0.042182885
959865,0.02333229
959866,0.023804016
959867,0.023778962
959868,0.028694252
959869,0.049268514
959870,0.023597838
959871,0.034566503
959872,0.038644228
959873,0.023909165
959874,0.023909165
959875,0.04040054
959876,0.01795928
959877,0.03504645
959878,0.028570589
959879,0.030778617
959880,0.060926832
959881,0.023172507
959882,0.022814656
959883,0.022192623
959884,0.030765222
959885,0.035153903
959886,0.027310902
959887,0.0526705
959888,0.037401985
959889,0.03129888
959890,0.037055362
959891,0.0500644
959892,0.023273934
959893,0.022521531
959894,0.042186797
959895,0.021984989
959896,0.021984989
959897,0.025345756
959898,0.041055374
959899,0.021984989
959900,0.021984989
959901,0.021984989
959902,0.021984989
959903,0.035030555
959904,0.04119484
959905,0.021646895
959906,0.030056225
959907,0.02922885
959908,0.021099808
959909,0.029348444
959910,0.02596809
959911,0.028415581
959912,0.020893173
959913,0.03511273
959914,0.019086635
959915,0.021630723
959916,0.021936977
959917,0.019058827
959918,0.019806681
959919,0.03693291
959920,0.021936977
959921,0.020560492
959922,0.021050526
959923,0.028318008
960103,0.035011105
960112,0.030501043
960113,0.032146525
960114,0.034354568
960115,0.05808074
960116,0.03714018
960150,0.12167721
960151,0.056481086
960156,0.036892697
960157,0.030315222
960158,0.03561202
960159,0.06282244
960160,0.025619775
960162,0.025638118
960163,0.03503436
960164,0.039067283
960165,0.020070236
960166,0.019376278
960167,0.033618927
960172,0.048393253
960173,0.06250754
960174,0.06210398
960175,0.030541757
960176,0.04134896
960178,0.04926555
960179,0.055704184
960180,0.037208363
960181,0.02435255
960182,0.025951745
960185,0.03995462
960186,0.03986002
960187,0.024528975
960188,0.02035005
960189,0.035753734
960190,0.039914355
960191,0.027732018
960192,0.025643503
960193,0.020024406
960194,0.017280156
960195,0.024950733
960196,0.0358276
960197,0.01963979
960198,0.02652712
960199,0.024326721
960200,0.021501774
960201,0.021744767
960202,0.020626219
960203,0.023849256
960205,0.02778672
960206,0.021886257
960207,0.021501774
960208,0.029013934
960209,0.027521158
960210,0.01878023
960211,0.02812771
960212,0.027242046
960213,0.030031769
960214,0.027717419
960215,0.022649072
960216,0.027781794
960219,0.03267333
960220,0.027560567
960221,0.031994473
960222,0.019730002
960228,0.026377985
960229,0.02172776
960230,0.026860654
960231,0.018436998
960232,0.024991304
960237,0.03526395
960238,0.018740037
960239,0.031445395
960243,0.025753578
960244,0.017841099
960245,0.026498426
960246,0.019419556
960247,0.020959191
960248,0.020959191
960252,0.025059896
960253,0.025643118
960254,0.020836696
960255,0.018560883
960256,0.034306023
960257,0.026245454
960258,0.029545914
960259,0.01828288
960260,0.034676805
960261,0.03779536
960262,0.021730654
960263,0.04107311
960264,0.028743336
960265,0.039118655
960266,0.063991874
960267,0.021646665
960268,0.10130109
960269,0.037924435
960270,0.03756203
960271,0.037571445
960272,0.061778594
960273,0.049111743
960274,0.049111743
960275,0.049111743
960276,0.049111743
960277,0.049111743
960278,0.025450593
960279,0.04558111
960280,0.047728285
960281,0.030498859
960282,0.047728285
960283,0.047728285
960284,0.047728285
960285,0.023229938
960286,0.03019416
960287,0.013763632
960288,0.058037754
960289,0.024634413
960290,0.034392286
960291,0.044227634
960292,0.03758987
960293,0.039955325
960294,0.021594716
960295,0.054719713
960296,0.014675316
960297,0.04866594
960298,0.030482817
960299,0.03387289
960300,0.057686325
960301,0.018480463
960302,0.06907792
960303,0.038029604
960304,0.042195912
960308,0.19519423
960309,0.1172459
960310,0.0914697
960311,0.08164464
960312,0.07659506
960313,0.07296688
960314,0.06866741
960331,0.07903989
960332,0.0634658
960333,0.061697047
960334,0.061211944
960337,0.0579568
960338,0.106015876
960339,0.15611859
960340,0.05135327
960341,0.051028594
960344,0.26557368
960345,0.16356353
960346,0.29599723
960347,0.24326533
960348,0.1344828
960350,0.17916137
960351,0.106622696
960352,0.089638
960353,0.08426681
960354,0.045305308
960355,0.081524044
960356,0.043972373
960357,0.09080453
960358,0.05960029
960359,0.05960029
960360,0.05960029
960361,0.060751203
960362,0.089819975
960363,0.09690719
960364,0.09375445
960365,0.12233917
960366,0.04446183
960367,0.04314698
960368,0.089009844
960369,0.05726759
960370,0.08366431
960371,0.057163306
960372,0.15639238
960373,0.03422433
960374,0.03422433
960375,0.03422433
960376,0.03422433
960377,0.090162225
960378,0.032758616
960379,0.032758616
960380,0.07172852
960381,0.04905834
960382,0.04903474
960383,0.0757336
960384,0.05138457
960385,0.071834944
960386,0.05910967
960387,0.059165377
960388,0.05120246
960389,0.05829831
960390,0.03827439
960391,0.056480806
960392,0.043497857
960393,0.14972389
960394,0.032084174
960395,0.09585085
960396,0.031969257
960398,0.06986459
960399,0.053939033
960400,0.05363669
960401,0.05363669
960402,0.032526318
960403,0.032605413
960411,0.072952
960412,0.047644526
960413,0.046379723
960414,0.04611566
960415,0.04611566
960417,0.11999414
960418,0.07891875
960419,0.102223344
960420,0.033368923
960421,0.033368923
960422,0.06855278
960431,0.12273114
960432,0.06619264
960433,0.0530506
960434,0.0530506
960438,0.05850896
960439,0.054853942
960440,0.027813377
960441,0.040329676
960442,0.054853942
960443,0.054867443
960444,0.057681933
960445,0.027551804
960446,0.026364047
960447,0.027551804
960448,0.027551804
960449,0.026364047
960452,0.058582257
960453,0.04171596
960454,0.041032873
960455,0.057503395
960456,0.032362375
960457,0.045865722
960458,0.04262622
960459,0.043010473
960460,0.043010473
960461,0.058801778
960462,0.043010473
960463,0.042635597
960464,0.041097224
960465,0.040532228
960466,0.060069826
960467,0.043870945
960468,0.043870945
960469,0.04369387
960470,0.04369387
960471,0.05983146
960472,0.04369387
960473,0.041004147
960474,0.041004147
960475,0.051976115
960476,0.04024308
960477,0.04024308
960478,0.04024308
960479,0.04024308
960480,0.04024308
960481,0.025757395
960482,0.020208409
960483,0.03470377
960484,0.023942325
960485,0.028174536
960486,0.04024308
960487,0.0504783
960488,0.026013482
960489,0.040156744
960490,0.034265753
960491,0.019468391
960492,0.01788548
960493,0.031046437
960497,0.047505524
960498,0.04569949
960499,0.018387966
960500,0.01637059
960501,0.019580998
960508,0.021583086
960509,0.040256288
960510,0.034125738
960511,0.017222969
960512,0.021335866
960513,0.025751501
960514,0.038511254
960523,0.042207215
960524,0.03451052
960525,0.03451052
960526,0.03852645
960527,0.033486083
960545,0.11414327
960546,0.11724271
960547,0.06687967
960548,0.076140195
960549,0.031211372
960550,0.08405665
960553,0.06758236
960554,0.04187194
960555,0.07150936
960556,0.048084985
960557,0.035601385
960558,0.04376765
960559,0.061391894
960560,0.050561752
960561,0.060168587
960562,0.043152392
960563,0.016622826
960564,0.050707396
960565,0.03268223
960572,0.059878144
960573,0.033282794
960574,0.037728
960575,0.02923974
960593,0.04833562
960594,0.028986402
960595,0.019368578
960596,0.052490503
960597,0.06322989
960598,0.049005114
960607,0.054787666
960608,0.027639676
960609,0.033484384
960610,0.019368693
960611,0.061332013
960612,0.090752445
960619,0.03554693
960620,0.09001727
960621,0.061039593
960622,0.08238492
960623,0.029603925
960628,0.021672195
960629,0.016602315
960630,0.016118482
960631,0.035769075
960632,0.02600952
960633,0.016118482
960634,0.0261259
960640,0.022291377
960641,0.012721996
960642,0.013610275
960643,0.016224343
960916,0.12610237
960917,0.034661796
960938,0.12430839
960939,0.02817545
960940,0.039031073
960941,0.056762923
960942,0.06134887
960958,0.08700362
960959,0.059104566
960960,0.05719333
960961,0.056741495
960962,0.053050417
960963,0.050984215
960974,0.06572964
960975,0.050860837
960976,0.050860837
960977,0.050860837
960997,0.060016967
960998,0.046160925
960999,0.046160925
961000,0.046038594
961001,0.046038594
961002,0.045053974
961011,0.05492349
961012,0.06226268
961013,0.04953297
961014,0.033901192
961015,0.015342698
961016,0.035875324
961018,0.045360584
961019,0.017377894
961020,0.04505301
961021,0.02839996
961022,0.016285991
961023,0.018368632
961024,0.023045052
961025,0.028210364
961026,0.016051989
961027,0.017094497
961028,0.016163949
961029,0.030128596
961030,0.01412958
961032,0.013435673
961033,0.012028667
961034,0.012763645
961035,0.022752339
961036,0.023518035
961039,0.026234882
961046,0.087922625
961047,0.025665246
961048,0.03094004
961049,0.023862315
961050,0.033077672
961051,0.049910102
961052,0.032899648
961053,0.05143341
961054,0.03520028
961055,0.026769282
961056,0.02655103
961057,0.047820676
961058,0.023282744
961059,0.023224762
961060,0.023224762
961061,0.023224762
961062,0.023224762
961063,0.09109148
961064,0.022125889
961065,0.08519497
961066,0.08497842
961067,0.08497842
961068,0.078743085
961069,0.07650952
961070,0.07611836
961071,0.022261279
961072,0.018591048
961073,0.068431266
961074,0.047376554
961075,0.13862178
961076,0.055787023
961077,0.032179702
961080,0.03047042
961081,0.05731846
961082,0.053887445
961090,0.14393477
961091,0.076443076
961092,0.2539076
961093,0.067125246
961094,0.052708782
961095,0.060202107
961096,0.056608856
961097,0.037089344
961098,0.031675246
961099,0.06458204
961100,0.036107793
961101,0.027850278
961102,0.027043188
961103,0.032178503
961104,0.032178503
961105,0.0269761
961106,0.0269761
961107,0.055451915
961108,0.025367137
961116,0.061284702
961117,0.032313723
961118,0.039239973
961119,0.057042334
961120,0.04343888
961121,0.0669286
961122,0.053170837
961123,0.053170837
961124,0.053170837
961125,0.03770003
961126,0.046887793
961127,0.046887793
961128,0.035124883
961129,0.043663405
961130,0.0377292
961131,0.03103682
961132,0.030926738
961133,0.033929106
961134,0.10671593
961135,0.048271023
961136,0.05330829
961137,0.046476886
961138,0.04626713
961139,0.03390792
961140,0.03390792
961141,0.06032173
961142,0.04169516
961143,0.06670787
961144,0.052521378
961149,0.10042676
961150,0.1634806
961151,0.08115289
961152,0.13988951
961153,0.040362205
961154,0.03635541
961155,0.05925307
961156,0.07949765
961157,0.17359602
961158,0.028178107
961159,0.16740005
961160,0.07336748
961161,0.15355872
961162,0.04969599
961163,0.04969599
961164,0.15278217
961165,0.10314646
961166,0.043341286
961167,0.030792579
961168,0.0965322
961169,0.12202021
961170,0.121217474
961171,0.029080953
961172,0.039721534
961173,0.047449715
961174,0.029241314
961175,0.1309827
961176,0.079475835
961177,0.071909465
961178,0.032555502
961179,0.11741985
961180,0.12813349
961181,0.09747613
961182,0.0586126
961183,0.07451117
961184,0.07926284
961185,0.13065124
961186,0.055791017
961187,0.036876746
961188,0.13211156
961189,0.036375932
961190,0.039257646
961191,0.026596941
961192,0.08297531
961193,0.08343107
961194,0.11783323
961195,0.05753824
961196,0.11521279
961197,0.13719305
961198,0.068487756
961199,0.039263308
961200,0.1092392
961201,0.063475825
961202,0.10923748
961203,0.057742484
961204,0.077881135
961205,0.031930167
961206,0.031930167
961207,0.02930333
961208,0.0654632
961209,0.05394175
961210,0.037758294
961211,0.024092901
961212,0.085271284
961213,0.05282276
961214,0.042186074
961215,0.040476196
961216,0.023223491
961217,0.10475553
961218,0.025778472
961219,0.025778472
961220,0.11416494
961221,0.12208624
961222,0.024092901
961223,0.033084124
961224,0.115266636
961225,0.11245806
961226,0.024827357
961227,0.07564775
961228,0.06654379
961229,0.10475499
961230,0.025179861
961232,0.053454407
961233,0.13597836
961234,0.057428114
961235,0.13576329
961236,0.10649983
961237,0.13494326
961238,0.10495279
961239,0.08918798
961240,0.035063315
961241,0.062460836
961242,0.12651564
961243,0.05153207
961244,0.056665555
961245,0.13239112
961246,0.09077216
961247,0.086362295
961248,0.022430422
961249,0.081449784
961250,0.024831623
961251,0.025618555
961252,0.067538135
961253,0.024674378
961254,0.024674378
961255,0.037780788
961256,0.11948256
961257,0.019264357
961258,0.021597348
961259,0.066128284
961260,0.06385117
961261,0.05855286
961262,0.06408165
961263,0.06355056
961264,0.019264357
961265,0.11948256
961266,0.026155064
961267,0.079790466
961268,0.055278722
961269,0.10340282
961270,0.026149413
961271,0.13013762
961272,0.045380462
961273,0.056201734
961274,0.14658459
961275,0.105294645
961276,0.13883114
961277,0.11651335
961278,0.11805894
961279,0.12225629
961280,0.045380462
961281,0.06700067
961282,0.13286541
961283,0.08624827
961284,0.050778195
961285,0.045380462
961286,0.06504075
961287,0.07258965
961288,0.05199879
961289,0.11848417
961290,0.045380462
961291,0.111145124
961292,0.12480283
961293,0.06332443
961294,0.118082896
961295,0.02459535
961296,0.028810607
961297,0.091212295
961298,0.051024176
961299,0.083874576
961300,0.10510399
961301,0.10623651
961302,0.10184816
961303,0.07193149
961304,0.064328335
961305,0.06039003
961306,0.05814302
961310,0.22796082
961311,0.054029036
961312,0.050820384
961313,0.049163032
961314,0.06296093
961320,0.043532833
961321,0.03339291
961322,0.03331061
961323,0.031995893
961324,0.031995893
961325,0.031995893
961326,0.03996648
961327,0.07924158
961328,0.060936358
961329,0.06999656
961330,0.039859876
961331,0.03679229
961346,0.029488439
961347,0.085899554
961388,0.033190984
961389,0.027740758
961456,0.13829516
961458,0.138348
961459,0.09425809
961460,0.0840962
961461,0.07566759
961462,0.071503945
961468,0.089078344
961469,0.1905321
961470,0.05866574
961471,0.057156213
961472,0.056704648
961473,0.054172974
961481,0.026347443
961482,0.05271699
961483,0.05271699
961484,0.05271699
961485,0.05271699
961486,0.025660256
961494,0.024537327
961495,0.037159305
961496,0.035686035
961497,0.020381922
961498,0.03132594
961499,0.019927597
961500,0.048290752
961501,0.024976201
961502,0.017998815
961503,0.020081958
961504,0.019952916
961514,0.036761943
961515,0.019994447
961516,0.019757269
961517,0.04124887
961518,0.022544011
961519,0.031978726
961520,0.019994447
961521,0.029723732
961522,0.029709145
961523,0.029650988
961524,0.023578987
961525,0.015312688
961526,0.041361827
961536,0.07013914
961537,0.055260096
961538,0.055260096
961539,0.055260096
961540,0.055260096
961541,0.028221307
961542,0.037047595
961549,0.07013914
961550,0.053188205
961551,0.052992754
961552,0.052992754
961560,0.06541014
961561,0.051599197
961562,0.051599197
961563,0.05164591
961564,0.05164591
961565,0.05164591
961566,0.05164591
961567,0.05164591
961568,0.05105946
961569,0.05105946
961576,0.028607853
961577,0.045008432
961578,0.032901347
961579,0.0305804
961580,0.013558762
961581,0.048040673
961587,0.050583053
961588,0.021209352
961589,0.015787732
961590,0.0327558
961591,0.035694346
961598,0.030085264
961601,0.16677949
961602,0.054504015
961603,0.18872444
961604,0.044792276
961605,0.0896948
961606,0.044587675
961607,0.037823506
961608,0.049867585
961609,0.06522099
961610,0.04731957
961611,0.051451523
961612,0.04709317
961613,0.08373098
961616,0.09036053
961617,0.030027658
961618,0.029770484
961619,0.07603407
961620,0.0946406
961627,0.057767276
961628,0.04381464
961629,0.043698244
961630,0.07913271
961636,0.027518956
961637,0.022410214
961638,0.021439226
961639,0.021418767
961640,0.021425921
961654,0.026792876
961655,0.059227396
961656,0.03621296
961657,0.036206808
961658,0.0428276
961659,0.0428276
961664,0.055949137
961665,0.03647237
961666,0.036708582
961667,0.03680858
961668,0.052671853
961669,0.029990772
961673,0.046855222
961674,0.037318047
961675,0.04198025
961676,0.042020533
961677,0.029885689
961678,0.042020533
961680,0.04697858
961681,0.03776091
961682,0.041100238
961683,0.040635
961684,0.07207053
961688,0.072987944
961689,0.061457295
961690,0.08601845
961691,0.024638291
961692,0.024262147
961704,0.024016824
961705,0.0466775
961706,0.070937864
961707,0.0466775
961708,0.0466775
961731,0.054614402
961732,0.04367876
961733,0.04367876
961734,0.033346836
961735,0.053950228
961736,0.02804556
961737,0.016631559
961738,0.016631559
961739,0.016631559
961740,0.016631559
961741,0.016631559
961832,0.09508867
961837,0.06917703
961838,0.04890035
961839,0.10804651
961840,0.043083567
961841,0.031515837
961842,0.09410501
961843,0.051331006
961844,0.009466678
961845,0.060098354
961846,0.046599034
961847,0.0081309555
961848,0.08213457
961850,0.029870087
961851,0.038359385
961852,0.03842631
961853,0.03648203
961854,0.032825608
961869,0.062087554
961870,0.0532488
961871,0.08760255
961872,0.057593085
961873,0.087667696
961874,0.06884767
961875,0.07057683
961876,0.121402375
961877,0.053361394
961881,0.028340483
961882,0.018592648
961883,0.037671354
961884,0.033370662
961885,0.010860638
961886,0.020835835
961887,0.027949132
961888,0.026049245
961889,0.009781705
961891,0.015925735
961892,0.031093262
961893,0.02293706
961894,0.014040847
961895,0.012221504
961896,0.013112562
961897,0.018235773
961898,0.0331673
961899,0.019573392
961900,0.013059465
961901,0.029135145
961903,0.017334769
961904,0.020170933
961905,0.021809535
961906,0.019139284
961907,0.02174883
961908,0.012972864
961909,0.029020596
961910,0.014242348
961911,0.022034284
961912,0.018640272
961913,0.015185776
961914,0.012226028
961915,0.021267531
961916,0.18107483
961917,0.099775665
961918,0.07984482
961919,0.12618521
961920,0.0706147
961921,0.068681255
961923,0.12037798
961924,0.05487244
961925,0.073251896
961926,0.06763831
961927,0.08271927
961930,0.09632367
961931,0.0352929
961932,0.035987753
961933,0.033612065
961934,0.036579236
961935,0.03241627
961944,0.06677435
961945,0.030418534
961946,0.031543035
961947,0.031458165
961948,0.045796804
961949,0.029468613
961959,0.051375434
961960,0.029537758
961961,0.036870353
961962,0.041198324
961963,0.033742912
961979,0.07947685
961980,0.033909433
961981,0.039722316
961982,0.05114252
961983,0.033909433
961984,0.03297001
962002,0.0558408
962003,0.04787317
962004,0.037373364
962005,0.03335387
962006,0.031257395
962015,0.06314171
962016,0.032764625
962017,0.03840871
962018,0.029852198
962019,0.027954439
962020,0.026002051
962037,0.058922097
962038,0.032387998
962039,0.025353348
962040,0.03687874
962041,0.038159106
962042,0.032456145
962051,0.06081864
962052,0.036640674
962053,0.03065669
962054,0.036521196
962055,0.035923444
962056,0.052552603
962057,0.04269342
962058,0.026535563
962060,0.083987735
962061,0.05830378
962062,0.043761045
962063,0.057646316
962064,0.02752496
962065,0.0577559
962090,0.073326804
962091,0.049896766
962092,0.049896766
962093,0.049896766
962094,0.044140026
962095,0.04330414
962097,0.113291554
962098,0.07055434
962099,0.08600259
962100,0.09090946
962101,0.028727407
962102,0.028727407
962103,0.07771634
962104,0.05449207
962105,0.08846033
962106,0.05449207
962109,0.0463155
962110,0.029270668
962111,0.029270668
962112,0.029270668
962113,0.029270668
962119,0.046834227
962120,0.05807939
962121,0.040020503
962122,0.040020503
962123,0.05654751
962124,0.05654751
962125,0.056608103
962136,0.061698843
962137,0.029886588
962138,0.05365291
962139,0.043523077
962140,0.04198501
962143,0.041505836
962144,0.05012454
962145,0.024709892
962146,0.05012454
962147,0.03534919
962148,0.021367662
962150,0.13199496
962151,0.06302314
962152,0.0900366
962153,0.060492415
962154,0.08959324
962155,0.11357217
962156,0.060492415
962157,0.12316703
962158,0.051400825
962159,0.041796263
962160,0.043360684
962161,0.041796263
962162,0.038720343
962163,0.04525093
962167,0.055918332
962168,0.0458609
962169,0.10195637
962170,0.06270819
962171,0.036411345
962172,0.058764856
962173,0.039838467
962178,0.09972023
962179,0.04039527
962180,0.06544422
962181,0.04724438
962182,0.024580631
962183,0.044329964
962184,0.086772904
962189,0.080372654
962190,0.047129244
962191,0.032663286
962192,0.020075532
962193,0.07978655
962194,0.037204076
962195,0.057984523
962196,0.04365557
962197,0.08625473
962198,0.05868365
962199,0.04370432
962200,0.05357595
962201,0.042789478
962202,0.100222066
962203,0.109813735
962204,0.02660617
962205,0.10470003
962206,0.051968243
962207,0.051446307
962208,0.026735276
962209,0.060377665
962210,0.02670115
962211,0.02557154
962212,0.02435839
962213,0.07235864
962214,0.025307765
962215,0.07235864
962216,0.048694253
962217,0.07831586
962218,0.036829755
962219,0.048335206
962220,0.07235864
962221,0.036829755
962222,0.048335206
962223,0.03228445
962224,0.02557154
962225,0.04781517
962226,0.02000084
962227,0.04781517
962228,0.07763104
962229,0.03532897
962230,0.04766134
962231,0.07763104
962232,0.01987356
962233,0.07763104
962234,0.03483613
962235,0.07662149
962236,0.019809596
962237,0.019809596
962242,0.0448482
962243,0.03266642
962244,0.04004175
962245,0.041796945
962246,0.037147075
962247,0.05256185
962249,0.025174482
962250,0.038896367
962251,0.019760884
962252,0.023943702
962253,0.02291972
962256,0.026001327
962257,0.039778735
962258,0.028891087
962259,0.019421682
962260,0.017710058
962263,0.024581244
962264,0.017574487
962265,0.03204299
962266,0.015355808
962272,0.03890982
962273,0.02887015
962274,0.015719393
962275,0.038493715
962276,0.027648436
962283,0.03883607
962291,0.021902122
962377,0.049017373
962378,0.046885565
962379,0.0884637
962380,0.07829717
962381,0.059246648
962382,0.057582628
962383,0.054136716
962384,0.06669261
962385,0.05480671
962386,0.06633421
962387,0.0658152
962388,0.023823842
962389,0.05614296
962390,0.25827202
962391,0.08233798
962392,0.11152402
962393,0.09978102
962394,0.0803836
962395,0.093865246
962396,0.045002986
962397,0.0704075
962398,0.066104956
962399,0.09892994
962400,0.06993979
962401,0.06407051
962403,0.07931101
962404,0.042132802
962405,0.059926722
962406,0.059926722
962407,0.056168385
962408,0.0517127
962409,0.03874482
962410,0.08547549
962411,0.051999424
962412,0.053940106
962413,0.032407887
962414,0.044452146
962415,0.03931772
962416,0.092816174
962417,0.055415213
962418,0.08662252
962419,0.07481833
962420,0.050141197
962421,0.03209388
962427,0.055694614
962428,0.09698473
962429,0.06455812
962430,0.052157767
962431,0.056525856
962432,0.056552447
962433,0.046591777
962434,0.055732418
962435,0.046092927
962436,0.039682545
962437,0.04479758
962438,0.055322714
962439,0.04484044
962440,0.0911631
962441,0.046136964
962446,0.05242921
962447,0.04570009
962448,0.04570009
962449,0.04570009
962450,0.043969955
962451,0.048713483
962455,0.04905307
962456,0.07526955
962457,0.07043499
962458,0.08393045
962459,0.030322729
962467,0.03850901
962468,0.05770346
962469,0.0498919
962470,0.0498919
962471,0.04932433
962487,0.031026194
962488,0.024951477
962489,0.025467522
962490,0.07882957
962491,0.023463849
962503,0.028291008
962504,0.023463849
962505,0.052990854
962506,0.038384583
962507,0.03859903
962508,0.04740268
962510,0.057482455
962511,0.04740268
962512,0.04007479
962513,0.039950207
962514,0.03956924
962521,0.050040085
962537,0.252308
962538,0.15524527
962539,0.14371441
962540,0.11812023
962547,0.17140786
962548,0.100326
962549,0.09401048
962550,0.07976409
962551,0.07468768
962560,0.113207884
962561,0.072116464
962562,0.06713261
962563,0.06253681
962564,0.06238733
962565,0.037802793
962566,0.06238733
962567,0.04219646
962568,0.02747064
962569,0.043185897
962570,0.042752378
962584,0.1595009
962585,0.044354413
962586,0.027034355
962587,0.018927775
962588,0.05610638
962605,0.037486877
962606,0.041411854
962607,0.018909667
962608,0.06542387
962609,0.023624413
962610,0.06888315
962611,0.056054734
962635,0.033454176
962636,0.06395015
962637,0.06395015
962638,0.06395015
962639,0.0639229
962640,0.063892625
962641,0.05589723
962659,0.09405918
962660,0.0639601
962661,0.057869364
962662,0.057923965
962663,0.057923965
962688,0.08222717
962689,0.056116533
962690,0.056116533
962691,0.056116533
962692,0.056116533
962716,0.080034524
962717,0.05320951
962718,0.05320951
962719,0.05320951
962720,0.05320951
962727,0.08134349
962728,0.05624441
962729,0.03757994
962730,0.04092877
962731,0.0523637
962732,0.029840467
962733,0.055101477
962734,0.043088518
962739,0.075783335
962740,0.054790605
962741,0.035057917
962742,0.04345614
962743,0.024617083
962744,0.04131241
962746,0.059494834
962747,0.048476897
962748,0.036838915
962749,0.04731956
962750,0.08210997
962751,0.034600303
962760,0.106087096
962761,0.04731956
962762,0.04731956
962763,0.069283895
962764,0.050013255
962781,0.07086005
962782,0.12851596
962783,0.028768094
962784,0.044674236
962785,0.0811673
962804,0.05463521
962805,0.045169357
962806,0.055936433
962807,0.027119586
962808,0.06759915
962817,0.06364644
962818,0.07986385
962819,0.04506114
962820,0.07066618
962821,0.049629804
962822,0.046005536
962823,0.03274129
962824,0.0456058
962825,0.076632164
962826,0.030599019
962827,0.057597496
962828,0.119348206
962829,0.03471789
962830,0.046600528
962831,0.043372355
962832,0.025595076
962833,0.052325014
962834,0.055051345
962835,0.035393152
962836,0.10022022
962837,0.04089177
962838,0.10022022
962839,0.035393152
962840,0.041595683
962841,0.026034772
962842,0.041595683
962855,0.059064344
962856,0.04089177
962857,0.043602288
962858,0.04089177
962859,0.043602288
962860,0.041595683
962861,0.043602288
962866,0.05560762
962867,0.03909485
962868,0.03119442
962869,0.031048868
962870,0.06120811
962871,0.052214984
962875,0.06539966
962876,0.036358975
962877,0.036358975
962878,0.036358975
962879,0.0407727
962880,0.023717262
962881,0.043321658
962882,0.027635314
962883,0.030794641
962884,0.017701998
962885,0.04823082
962886,0.037713304
962887,0.04127117
962888,0.041498967
962889,0.041162137
962890,0.023198405
962891,0.04705092
962892,0.06347136
962893,0.0482196
962894,0.06802922
962895,0.022495875
962896,0.022495875
962897,0.044473328
962898,0.044473328
962899,0.045246605
962900,0.024296561
962901,0.044473328
962902,0.024296561
962903,0.024290888
962904,0.024296561
962905,0.024296561
962906,0.024290888
962907,0.032807287
962908,0.06761126
962909,0.032681268
911885,0.3464266
911886,0.27117243
911887,0.173207
911896,0.19066714
911897,0.15022138
911898,0.14540486
911899,0.1752816
911900,0.14350463
911901,0.12267615
911902,0.13927297
911903,0.13969097
911904,0.13848355
911913,0.10629664
911914,0.09603236
911915,0.089855164
911916,0.09071102
911917,0.09069533
911918,0.061461806
911919,0.062453408
911920,0.0696527
911928,0.06722884
911929,0.06696037
911956,0.040624283
913138,0.16264015
913139,0.14406903
913140,0.13823383
913141,0.13900498
913142,0.13352565
913144,0.13276716
913145,0.11519405
913146,0.28423658
913147,0.2436659
913148,0.24104393
913149,0.23325403
913150,0.23120542
913152,0.18589054
913158,0.1822312
914569,0.2459149
914570,0.21534748
914571,0.1996106
914572,0.18027326
914573,0.17504665
914574,0.17019488
914576,0.1798267
914577,0.15663671
914578,0.12559088
914579,0.1240311
914580,0.124144785
914581,0.12137979
914582,0.10779376
914585,0.08212262
914601,0.06131439
914676,0.281342
914677,0.26955777
914683,0.30683067
914684,0.23092593
914685,0.21896379
914686,0.21292797
914687,0.21025409
914688,0.20208263
914689,0.17044595
914690,0.16779447
914691,0.16828133
914692,0.16434003
914693,0.14899473
914698,0.08536081
914699,0.0796433
914700,0.11503625
914714,0.075903356
915528,0.24365339
915529,0.20125392
915530,0.18807115
915531,0.16443896
915532,0.12351001
915533,0.11636743
915534,0.115844734
915535,0.10295311
915561,0.14052717
915562,0.11275399
915563,0.11310287
915564,0.10991746
915582,0.15975268
915583,0.13653874
915584,0.13427255
915585,0.095576
915586,0.095576
915587,0.07874086
915597,0.10029866
915802,0.17656566
915803,0.16164453
915804,0.26374978
915805,0.23874953
915806,0.2323007
915807,0.22600366
915808,0.22341387
915809,0.21504015
915810,0.18247697
915811,0.17985994
915812,0.18037423
915813,0.17770633
915814,0.1627057
915815,0.15945086
915816,0.1459583
915824,0.23608649
915825,0.15929002
915826,0.13041086
915827,0.10857478
915828,0.16616046
915829,0.15229188
915830,0.10758388
915831,0.097210534
915832,0.09720211
915833,0.14291836
915883,0.0649821
915985,0.27894458
915986,0.2847187
915987,0.1521085
915988,0.21878895
915989,0.21387577
915991,0.2685183
915992,0.1990238
915993,0.189518
915994,0.15945525
915995,0.15694241
915996,0.15597579
915997,0.15339665
915998,0.13761371
915999,0.1220753
916000,0.1214724
916001,0.1214724
916002,0.12215263
916003,0.10403058
916004,0.10245409
916005,0.10375858
916006,0.10455011
916007,0.10524039
916008,0.10082431
916009,0.106946476
916010,0.09772701
916011,0.0955172
916012,0.09566378
916013,0.09566378
916014,0.09566378
916017,0.112492874
916018,0.09563716
916019,0.09638474
916020,0.095533974
916021,0.09116649
916022,0.09002373
916023,0.089113034
916024,0.089310594
916025,0.08939081
916026,0.089226566
916027,0.089324936
916028,0.08817386
916029,0.08792583
916030,0.088006146
916031,0.08755582
916032,0.08755582
916033,0.08733565
916034,0.08214556
916035,0.08214556
916036,0.08214556
916037,0.08214556
916038,0.078798726
916039,0.078798726
916040,0.076216266
916041,0.076216266
916042,0.07451824
916043,0.07451824
916044,0.07451824
916045,0.07451824
916046,0.07278341
916047,0.07278341
916048,0.072325006
916049,0.071894765
916050,0.07149648
916055,0.06908877
916056,0.058781598
916057,0.051194966
916058,0.084127724
916059,0.18483847
916060,0.05040751
916090,0.053099606
916540,0.12852915
916541,0.09598051
917450,0.24145705
917451,0.15978093
917452,0.15102136
917453,0.16850623
917454,0.16207413
917464,0.17542495
917465,0.13129596
917466,0.17802612
917467,0.14484583
917468,0.12548281
917469,0.11240022
917470,0.12387525
917471,0.11097912
917472,0.101586424
917473,0.10105576
917474,0.10759394
917511,0.11868274
917512,0.091044664
917513,0.08837579
917514,0.08570379
917515,0.08497151
917516,0.07116441
917517,0.07199453
917518,0.068113945
917519,0.07795023
917582,0.07403714
917619,0.049716208
917989,0.15931399
917990,0.16414638
917991,0.14293042
917992,0.15641333
917993,0.15174514
917994,0.1474124
917995,0.12620157
917996,0.11414146
917997,0.09402253
917998,0.081054516
917999,0.0736756
918000,0.072449654
918001,0.06494153
918002,0.06329132
918003,0.05094838
918501,0.14124559
918509,0.13846526
918510,0.13105895
918511,0.109091155
918512,0.043304645
918546,0.16128096
918547,0.1327882
918549,0.10678449
918550,0.10089499
918562,0.037318263
918962,0.3168985
918963,0.2671953
918964,0.2552063
918965,0.23169371
918966,0.22506012
918967,0.21882369
918968,0.16596003
918969,0.15929802
918977,0.15051301
918978,0.12622908
918979,0.12661369
918980,0.12310069
918981,0.110869676
918990,0.09507753
918991,0.10795692
918992,0.10795692
918993,0.10747045
918994,0.08811586
918995,0.08491368
918996,0.08331661
919017,0.05599246
921058,0.57589
921059,0.45930174
921060,0.4402402
921061,0.4038603
921062,0.21381061
921063,0.38697404
921064,0.37948334
921065,0.20397553
921066,0.31519797
921067,0.3113253
921068,0.3120725
921069,0.29888904
921070,0.27450314
921071,0.26882237
921072,0.25917128
921090,0.26506138
921091,0.19912454
921092,0.09470405
921093,0.13247657
921094,0.09506106
921095,0.09066753
921096,0.110211335
921097,0.08761881
921098,0.08690207
921109,0.18829766
921110,0.15971509
921111,0.15487036
921112,0.15487036
921113,0.15062495
921114,0.14916925
921115,0.14794348
921116,0.14781645
921117,0.14679109
921118,0.14679109
921119,0.14679109
921120,0.14556092
921121,0.14180787
921122,0.14049457
921123,0.13788138
921124,0.09656601
921139,0.07583206
922601,0.33343545
922602,0.28177235
922603,0.2694089
922604,0.24033013
922605,0.23410021
922606,0.22859834
922607,0.22598748
922608,0.2202306
922609,0.18404537
922610,0.18256752
922611,0.18450467
922612,0.08562847
922613,0.12725198
922614,0.074734196
922615,0.16022375
922616,0.16022375
922617,0.16022375
922618,0.13385844
922619,0.09215891
922620,0.1318431
922621,0.098279506
922622,0.10528602
922623,0.12601782
922624,0.12470813
922625,0.116480514
922626,0.11667981
922627,0.115410686
922628,0.115410686
922629,0.112934105
922630,0.11162998
922631,0.11138498
922632,0.070551045
922633,0.11138498
922674,0.06077191
922675,0.058178727
922676,0.05545655
922677,0.05409122
922684,0.038783044
924433,0.10307853
924434,0.09087809
924435,0.072731696
925712,0.032978617
925846,0.13122636
925847,0.11421599
925848,0.09866948
925849,0.08853681
925860,0.033221524
925861,0.09445585
925862,0.119544365
925863,0.058089286
926216,0.3964742
926217,0.30110624
926218,0.2875177
926219,0.2540012
926220,0.24727422
926221,0.23664027
926222,0.23396544
926223,0.225311
926224,0.18988283
926225,0.18672545
926226,0.18725489
926227,0.18485728
926228,0.16914468
926229,0.16441047
926230,0.16363744
926231,0.11807363
926232,0.11392146
926233,0.09677815
926234,0.09529987
926235,0.09529987
926236,0.09423257
926237,0.09247979
926238,0.08870742
926239,0.087567136
926240,0.1334111
926241,0.08519183
926251,0.10606121
926252,0.08689543
926253,0.07731289
926254,0.067902036
926255,0.07247295
926256,0.06444217
926257,0.06246688
926258,0.06308474
926259,0.06269188
926260,0.060720183
926261,0.060834315
926262,0.061043907
926263,0.08255731
926264,0.086555034
926265,0.08649778
926266,0.05684016
926273,0.1480092
926274,0.12021799
926275,0.12700458
926276,0.12700458
926277,0.12700458
926278,0.12700458
926279,0.12749578
926280,0.12731114
926281,0.122920826
926282,0.097552694
926283,0.122920826
926284,0.112959996
926285,0.11298532
926286,0.11264018
926287,0.11264018
926288,0.110529676
926289,0.110529676
926290,0.10931695
926291,0.10931695
926292,0.10931695
926293,0.10931695
926294,0.080305524
926295,0.08187028
926296,0.10074547
926297,0.098119885
926298,0.098119885
926299,0.09708481
926300,0.096965894
926301,0.0967368
926302,0.095514275
926303,0.095514275
926304,0.095514275
926305,0.09533455
926306,0.09533455
926307,0.09073731
926308,0.0952794
926309,0.093631916
926310,0.093631916
926326,0.058809225
928568,0.16890715
928569,0.19194807
928570,0.17988895
928571,0.15960994
928576,0.1250667
928586,0.111592926
929016,0.15594058
929017,0.13254648
929018,0.13289015
929019,0.08077662
929031,0.09402561
929032,0.07942643
929033,0.0749131
929034,0.071586445
929035,0.06309074
929036,0.062251914
929037,0.061467174
929038,0.05931603
929039,0.05341155
929053,0.049763467
930205,0.29435503
930206,0.23537625
930207,0.22396131
930208,0.15588638
930209,0.19691409
930225,0.24470969
930226,0.18316978
930227,0.17461199
930228,0.14407963
930229,0.13904317
930230,0.14556007
930231,0.14331706
930232,0.12895507
930233,0.11639443
930234,0.12303558
930235,0.11581586
930236,0.11581586
930237,0.09831042
930238,0.09681125
930239,0.09681125
930240,0.09656828
930241,0.09656828
930242,0.09286803
930243,0.09131458
930259,0.111846976
930260,0.096779205
930261,0.10853172
930262,0.10366275
930263,0.080718994
930276,0.08501069
930277,0.076777086
930278,0.073526956
930279,0.07317309
930280,0.07317309
930281,0.0694886
930330,0.21959527
930331,0.16768521
930333,0.37872285
930334,0.18032707
930335,0.27210885
930336,0.17025772
930337,0.16446182
930338,0.15637158
930339,0.12620434
930340,0.11967644
930341,0.124517255
930342,0.11979866
931300,0.2253411
931301,0.17832379
931305,0.17237765
931306,0.13814224
931307,0.13562126
931308,0.13149083
931314,0.13252133
931315,0.116965495
931316,0.09322014
931331,0.043641727
931367,0.17066517
931368,0.14532463
931369,0.1378408
931376,0.12359836
931377,0.120521255
931378,0.11074885
931386,0.09984994
931593,0.17462419
931594,0.15176758
931595,0.1404438
931596,0.13363148
931597,0.12030503
931598,0.116166234
931606,0.10729802
931692,0.21919595
931693,0.1811871
931694,0.16314885
931695,0.14325607
931696,0.13632487
931697,0.1328057
931702,0.160478
931703,0.12216363
931704,0.09855264
931705,0.09522816
931706,0.1275705
931707,0.09277893
931708,0.07953217
931709,0.116962194
931710,0.09623574
931711,0.09234107
931712,0.16168645
931713,0.08030378
931714,0.08002804
931715,0.06266615
931716,0.06250294
931717,0.062785655
931718,0.06134932
931719,0.07933038
931722,0.08000796
931723,0.0732267
931724,0.06639548
931725,0.06639548
931726,0.0663118
931727,0.065760426
931728,0.06206272
931729,0.083378054
931730,0.060021248
931731,0.058602538
931732,0.058002666
931733,0.055962186
931736,0.053577874
931749,0.03924247
932019,0.13344556
932020,0.12199865
932021,0.11656665
932022,0.10388027
932023,0.11251269
932039,0.1818065
932040,0.15592429
932041,0.14959288
932042,0.12488747
932043,0.12282268
932044,0.12319839
932045,0.090367675
932046,0.06394501
932047,0.07892249
932048,0.10678245
932069,0.12671402
932070,0.10340429
932071,0.08665782
932072,0.08506983
932073,0.08303199
932074,0.09251747
932075,0.070254795
932076,0.070400044
932077,0.067055926
932078,0.06319418
932079,0.07800234
932096,0.14437063
932097,0.114467815
932098,0.10249562
932099,0.07053393
932100,0.07037198
932101,0.06986601
932102,0.06986601
932147,0.04540948
932947,0.27456424
932948,0.22497055
932949,0.21296003
932950,0.18889706
932951,0.18299077
932952,0.17864308
932953,0.17066184
932954,0.16384816
932955,0.123984754
932956,0.13070592
932957,0.13110213
932958,0.12765792
932959,0.13772321
932960,0.13347697
932961,0.12617303
932962,0.12568936
932963,0.12101347
932964,0.094484
932965,0.124045596
932966,0.1027949
932967,0.102538615
932968,0.102538615
932969,0.09995451
932970,0.09915107
932971,0.09915107
932972,0.09897851
932973,0.09855453
932974,0.09855453
932975,0.092578106
932976,0.08962272
932977,0.17174685
932978,0.08874142
932979,0.15904887
932980,0.09954022
932981,0.09954022
932982,0.09416471
932983,0.09398734
932984,0.09394427
932985,0.09319174
932986,0.10802269
932987,0.09318316
932988,0.09292247
932989,0.09300689
932990,0.09300689
932991,0.09300689
932992,0.09300689
932993,0.09300689
932994,0.10339587
932995,0.098086454
932996,0.098086454
932997,0.093525775
932998,0.093525775
932999,0.09326465
933000,0.09326465
933001,0.09193957
933002,0.09193957
933003,0.08654344
933004,0.086099885
933005,0.08582893
933006,0.08582893
933007,0.08529237
933008,0.08529237
933009,0.08529237
933010,0.08529237
933011,0.09739689
933675,0.19488585
933676,0.20122325
933677,0.17344876
933678,0.15308324
933679,0.14590608
933680,0.14419404
933681,0.13405696
933682,0.254834
933683,0.21730244
933684,0.17490102
933685,0.08218589
933686,0.09409394
933687,0.06936497
933688,0.06819786
933699,0.26697907
933700,0.13179496
933701,0.12309532
933702,0.10244642
933703,0.07346685
933704,0.09207164
933705,0.09978524
933706,0.08981132
933707,0.08301814
933708,0.08158319
933709,0.0833214
934627,0.18879333
934628,0.14871979
934629,0.14911903
934630,0.115253866
934631,0.103309035
934682,0.12747265
934683,0.1086126
934686,0.08544241
934707,0.10834659
934721,0.08791711
934796,0.24412984
934797,0.17789318
934798,0.18234952
934799,0.16292524
934800,0.15506789
934801,0.14461432
934813,0.14487958
934814,0.1250161
934815,0.09613155
934816,0.0950083
934817,0.096923985
934818,0.0939326
934819,0.079892114
934820,0.076623894
934828,0.03940146
934876,0.20086509
934877,0.1482218
934878,0.13538428
934879,0.11811071
934880,0.20874952
934881,0.203685
934882,0.1991136
934884,0.21868943
934885,0.1611209
934886,0.15018333
934887,0.14972961
934888,0.14468603
934889,0.13054621
934890,0.13178459
934891,0.12958546
934892,0.118990265
935041,0.26291505
935042,0.23360126
935043,0.17083862
935044,0.14975499
935045,0.1452513
935046,0.14164482
935047,0.13560838
935048,0.26233482
935049,0.11108192
935050,0.09378086
935051,0.08789427
935052,0.10405928
935053,0.07875566
935054,0.07627838
935074,0.090829335
935075,0.11425598
935076,0.080374524
935077,0.06744219
935078,0.06449201
935079,0.06419425
935090,0.06945873
935091,0.06693532
935125,0.03917562
935997,0.25926137
935998,0.19499432
935999,0.18542524
936000,0.16974919
936001,0.13516718
936002,0.13101383
936003,0.124145076
936004,0.1189224
936005,0.099868044
936018,0.10265358
936019,0.09324773
936020,0.08791186
936021,0.07824196
936022,0.07397073
936023,0.0732179
936024,0.07413276
936025,0.07439538
936026,0.060990896
936027,0.06198646
936040,0.053495184
936054,0.053634882
936312,0.15736566
936313,0.1539072
936314,0.12276798
936315,0.109574154
936316,0.11838549
936317,0.100760244
936318,0.1111251
936319,0.09116784
936320,0.078286335
936321,0.080696456
936322,0.07569686
936323,0.071375586
936324,0.06334007
936325,0.06250517
936326,0.0536507
936327,0.061380386
936328,0.055297337
936528,0.17323133
936529,0.13140802
936530,0.1486687
936531,0.11078915
936532,0.103410505
936533,0.18425064
936534,0.2938339
936535,0.28378534
936536,0.16573685
936537,0.16332306
936538,0.2637631
936539,0.24737331
936540,0.22233224
936541,0.21989368
936542,0.21659106
936543,0.21210362
936544,0.20683983
936545,0.17153968
936549,0.061812
937198,0.20039852
937199,0.1701296
937200,0.16012375
937201,0.14930429
937214,0.1700662
937215,0.13776137
937228,0.19751231
937229,0.14094669
937230,0.106574394
937231,0.10029466
937232,0.11170925
937285,0.108303815
937578,0.25985557
937579,0.23396069
937580,0.22243793
937581,0.20560944
937582,0.19982079
937583,0.18921864
937584,0.18158364
937585,0.17344682
937586,0.14696193
937587,0.14385389
937588,0.14428334
937589,0.13669977
937590,0.12089274
937591,0.11758537
937592,0.117001675
937593,0.11669032
937594,0.102157116
937605,0.15667698
937606,0.122991174
937607,0.122991174
937608,0.12269145
937609,0.10661295
937610,0.11948715
937611,0.10172261
937612,0.101010375
937613,0.11773432
937630,0.120611876
937631,0.10234577
937632,0.09953913
937633,0.09880553
937634,0.0977187
937635,0.098484516
937636,0.098715894
937637,0.098715894
937645,0.096900724
937646,0.084102266
937647,0.08040479
937662,0.04698486
938391,0.24666399
938392,0.21391417
938393,0.1996649
938394,0.1866435
938395,0.18522933
938396,0.1789373
938397,0.1688791
938398,0.16298522
938399,0.13569166
938400,0.13265286
938401,0.13214229
938402,0.13462678
938403,0.11876861
938404,0.1159288
938405,0.13335444
938406,0.12799482
938407,0.11430423
938408,0.09366207
938410,0.089806706
938411,0.07880404
938412,0.07860233
938413,0.07860233
938425,0.07967026
938431,0.07685003
938499,0.57678723
938500,0.44981858
938501,0.43449372
938502,0.41349974
938503,0.40484098
938504,0.3918548
938505,0.2184339
938506,0.21019635
938507,0.33124202
938508,0.4079555
938509,0.31465438
938510,0.30896562
938511,0.1642072
938512,0.28406033
938513,0.2829152
938514,0.2809334
938515,0.2724256
938516,0.23243327
938517,0.22361034
938518,0.22361034
938519,0.22023056
938520,0.22023056
938521,0.21342888
938522,0.21025665
938523,0.21025665
938524,0.21009468
938525,0.20875876
938526,0.20875876
938527,0.20793614
938528,0.20606093
938529,0.20101075
938530,0.20101075
938531,0.20045751
938532,0.19831245
938533,0.19476326
938534,0.18944442
938536,0.20109734
938537,0.17079116
939974,0.13315663
939977,0.11353673
939978,0.10656312
939979,0.09716608
939980,0.09409422
939981,0.079038896
939987,0.050904233
940438,0.24736686
940439,0.23144808
940440,0.21133436
940446,0.23992074
940447,0.19047353
940448,0.18384103
940449,0.1747597
940450,0.1678155
940451,0.1093892
940452,0.14045903
940453,0.10753194
940454,0.15509039
940457,0.16893208
940458,0.13942298
940459,0.14360167
940460,0.14268652
940461,0.13609183
940462,0.12173648
940905,0.024085581
940942,0.25680408
940943,0.19304246
940944,0.1721971
940952,0.22371277
940953,0.18314227
940954,0.161751
940955,0.15486015
940962,0.1647894
940963,0.16295445
940964,0.15775274
940965,0.09241816
940966,0.12434748
940971,0.09126652
940999,0.04660135
944203,0.17065066
944204,0.23297237
944205,0.21001925
944206,0.19999914
944207,0.18497752
944208,0.17746235
944209,0.16589724
944210,0.15923727
944211,0.13511686
944212,0.120731525
944213,0.1657121
944214,0.15846494
944215,0.103908956
944221,0.15641625
944222,0.1427921
944223,0.14238067
944224,0.11263777
944225,0.116088234
944226,0.088530034
944227,0.10913646
944234,0.10481649
947032,0.37942648
947033,0.29986498
947034,0.281685
947035,0.26847613
947036,0.25797993
947037,0.24882336
947038,0.16731632
947039,0.15743868
947040,0.13469362
947041,0.18211511
947042,0.1324706
947050,0.1234686
947051,0.16846916
947052,0.12668552
947053,0.1218364
947054,0.12261236
947055,0.11946925
947056,0.1272637
947057,0.099542506
947062,0.080536805
947063,0.06967372
947064,0.06967372
947065,0.092555635
947066,0.13401666
947067,0.09471271
947068,0.09451985
947075,0.10056775
947492,0.2479559
947493,0.21337514
947494,0.20376225
947495,0.19785225
947496,0.18678483
947497,0.18045169
947498,0.16482973
947499,0.13684118
947500,0.10123571
947501,0.09953172
947502,0.20719333
947503,0.09346494
947504,0.11646502
947505,0.11527171
947506,0.080768794
947507,0.079051755
947508,0.079687
947509,0.066206396
952095,0.037288275
953782,0.042424086
953851,0.072605185
954210,0.25710076
954211,0.22125618
954212,0.21033767
954213,0.19757171
954214,0.19195466
954215,0.18129967
954216,0.17374864
954217,0.18000527
954218,0.13196918
954219,0.12792902
954220,0.12831806
954221,0.10582865
954222,0.12497466
954224,0.056691226
954360,0.22637485
954361,0.18383631
954362,0.15135531
954369,0.16449265
954370,0.19819319
954371,0.14947972
954372,0.12396268
954373,0.16124433
954374,0.13103653
954463,0.04715153
954487,0.17461303
954488,0.12568225
954489,0.111393906
954512,0.043072004
954559,0.13539231
954560,0.13588665
954561,0.06906791
954637,0.08849893
954650,0.07374596
955032,0.079942636
955033,0.06060148
955039,0.12070337
955040,0.10615688
955041,0.09670365
955042,0.088448726
955043,0.085305095
955044,0.13512391
955064,0.04405839
956591,0.2719104
956592,0.23549937
956593,0.22408022
956594,0.21124645
956595,0.20534009
956596,0.20418796
956597,0.1841248
956598,0.1757026
956604,0.17915998
956605,0.14223439
956606,0.14197335
956607,0.13419595
956614,0.1370857
956615,0.11803183
956616,0.12952344
956617,0.12922174
956618,0.11892228
956638,0.093264826
956725,0.3300303
956726,0.25708988
956733,0.47290748
956734,0.33512208
956735,0.32718894
956736,0.3135531
956737,0.31011343
956738,0.2997444
956739,0.2564871
956740,0.25212938
956741,0.25288856
956742,0.24732614
956743,0.22778754
956744,0.13312668
956745,0.22432403
956746,0.22432403
956747,0.14731593
956748,0.19078745
956749,0.122844346
956750,0.089012794
956751,0.11976565
956752,0.13486062
956753,0.114433736
956754,0.11252246
956755,0.11252246
956756,0.11279984
956757,0.1098753
956758,0.10715053
956759,0.10483007
956760,0.10376288
956761,0.16806729
956767,0.10708619
956768,0.09303239
956769,0.056801036
956770,0.056801036
956780,0.0637787
957356,0.11504358
957357,0.12491732
957358,0.1117724
959453,0.11884542
959454,0.10744172
959455,0.1010678
959456,0.089813076
959457,0.08695129
959458,0.1469828
959459,0.080549255
959519,0.05811953
959600,0.11415336
959601,0.1019794
959623,0.1263095
959626,0.11016302
960404,0.086558916
960405,0.09818799
960423,0.21691902
960424,0.161744
960435,0.17004201
960436,0.08334754
960437,0.12228614
960450,0.13348536
913560,0.16486296
913561,0.14605327
913562,0.117702454
913563,0.11694599
913581,0.20106535
913582,0.36129275
913587,0.1710499
913588,0.21106352
913589,0.23722386
913590,0.3103581
913591,0.30899125
913592,0.18914618
913727,0.24642748
913728,0.21283102
913729,0.31425628
913730,0.25109196
913731,0.17939232
914308,0.25913322
914324,0.28657523
914325,0.20235743
914326,0.18565695
914327,0.18900119
914328,0.1817762
914339,0.22524533
914340,0.15620255
914341,0.14252663
914342,0.12767275
914343,0.13538808
914354,0.15765236
914355,0.091148995
914356,0.13272855
914357,0.117346086
914358,0.12721054
914367,0.13111894
914368,0.10692704
914369,0.10654662
914370,0.046776883
914371,0.09648693
914394,0.27629924
914399,0.27769762
914400,0.10302405
914401,0.20167783
914404,0.2579883
914405,0.2379218
914406,0.29639256
914407,0.16532275
914408,0.11244972
914418,0.121212125
914419,0.14836897
914420,0.13464263
914421,0.11778513
914422,0.15516426
914423,0.12951949
914431,0.14676374
914432,0.11549634
914433,0.053103287
914434,0.09388059
914435,0.12418691
914436,0.1028253
914437,0.051191375
914438,0.11135216
914439,0.09566328
914441,0.20438059
914442,0.11577089
914443,0.10519124
914444,0.07841792
914445,0.09982183
914446,0.095722266
914594,0.13321096
914595,0.11582594
914602,0.21235561
914603,0.15287018
914604,0.31241757
914605,0.12336522
914606,0.23002428
914611,0.13128491
914612,0.12769555
914613,0.088360675
914614,0.2925106
914615,0.082728095
914725,0.2790757
914730,0.20991634
914731,0.287395
914732,0.20999853
914733,0.15434423
914734,0.18567362
914735,0.14259483
914736,0.1568912
914737,0.10061126
914738,0.26705495
914739,0.09740417
914740,0.12088736
914741,0.10782167
914755,0.11836368
914756,0.1660642
915661,0.24056877
915662,0.18497926
915663,0.15642859
915664,0.21243404
915665,0.17202236
915666,0.15790698
915680,0.21900047
915681,0.17063883
915682,0.19012074
915683,0.16287291
916369,0.030524932
916379,0.25021657
916380,0.22871855
916381,0.14737612
916399,0.25585225
916400,0.14198259
916401,0.17769645
916402,0.14517382
916403,0.16804631
916404,0.1989079
916405,0.10911071
916406,0.10911071
916419,0.125041
916420,0.09895605
916421,0.09801265
916422,0.09801265
916423,0.09801265
916433,0.11391184
916434,0.090618655
916435,0.090618655
916436,0.090618655
916437,0.09038968
916446,0.11343618
916447,0.10358081
916448,0.24969266
916449,0.091155395
916450,0.090746105
916451,0.15365823
916458,0.28259572
916459,0.11566138
916460,0.08854391
916461,0.122925594
916462,0.117591724
916463,0.2081752
916464,0.08534493
916465,0.16787736
916466,0.15039434
916467,0.09501213
916468,0.10910086
916469,0.092713125
916471,0.14841305
916472,0.07887654
917709,0.15633526
917728,0.15725982
917729,0.13908467
917730,0.13102569
917731,0.122480184
917765,0.25002372
917770,0.2671952
917785,0.33944917
917786,0.25272566
917787,0.20224771
917788,0.16072571
917812,0.27157182
917813,0.32998645
917814,0.26951492
917815,0.119741544
917816,0.23208645
917817,0.20098811
917844,0.1076406
917845,0.18786135
917846,0.25667515
917847,0.115393795
917848,0.17321292
917862,0.19906332
917863,0.17147768
917864,0.18555057
917865,0.16825852
917866,0.15878375
917867,0.24151789
917868,0.1365124
917870,0.27280292
917871,0.1993931
917872,0.17096846
917873,0.12944478
917874,0.11961596
918700,0.24715489
918701,0.16047294
918702,0.19651431
918837,0.03563565
918865,0.269586
918866,0.2867025
918867,0.31431863
918868,0.17526226
918869,0.13271056
918870,0.22394145
919061,0.6641479
919062,0.23353034
919063,0.3400146
919064,0.24974562
919065,0.28168148
919077,0.24340722
919078,0.18803993
919079,0.23409858
919080,0.2087381
919081,0.19451195
919082,0.17931025
919093,0.16713654
919094,0.17606902
919095,0.13038932
919096,0.13038932
919104,0.15161692
919105,0.13403325
919106,0.14754082
919107,0.12265958
919108,0.11317923
919109,0.112900324
919140,0.1597732
919601,0.24239048
919602,0.2222145
919603,0.20746739
919604,0.4189625
919605,0.22741894
919606,0.18095255
919607,0.40532607
919608,0.16782543
919609,0.38355744
919610,0.18275732
919614,0.3180406
919615,0.19097343
919616,0.11870398
919619,0.19087961
922077,0.024174146
923082,0.11364337
923083,0.09236456
923605,0.19455554
923606,0.18376876
923607,0.17565286
923608,0.18956299
923609,0.15073046
923610,0.14544015
923611,0.12919737
923612,0.13997863
923613,0.096176244
923614,0.09406665
923615,0.09141216
923616,0.08752394
923623,0.10360378
923624,0.058306348
925618,0.0089739375
926025,0.19895916
926026,0.15261005
926027,0.13945107
926045,0.15305023
926046,0.12674843
926680,0.018218221
926740,0.22168134
926762,0.23746078
926763,0.17760026
926775,0.1991978
926776,0.15510868
926777,0.14818613
926778,0.16842993
926779,0.1980348
926792,0.180596
926941,0.31902933
926942,0.24914004
926943,0.3766471
926960,0.3078308
926961,0.33474112
926962,0.17264485
926963,0.1401292
926964,0.2943249
926965,0.22251235
926984,0.22627175
926985,0.19567157
926986,0.20141146
926987,0.08727697
926998,0.15185404
926999,0.14234404
927000,0.1651704
927001,0.15343338
927738,0.317075
927739,0.2624146
927780,0.18943176
927781,0.13070846
927782,0.12442583
927783,0.13180807
927788,0.12992117
927789,0.10256484
927790,0.07950489
927791,0.089698814
927796,0.22469701
927797,0.12053762
927798,0.067033574
927799,0.06434281
927945,0.2058484
927946,0.13392495
927955,0.28891018
927956,0.18629602
927957,0.13037285
927958,0.2341048
927978,0.2347444
927979,0.3693784
927980,0.1995428
927981,0.14462514
927982,0.14038254
927983,0.09668559
927984,0.12923281
927985,0.27294904
927986,0.123918556
927987,0.12215243
927995,0.2223867
927996,0.09546993
927997,0.14428331
927998,0.09546993
928005,0.11564431
928006,0.09522997
928007,0.09303026
928008,0.1457137
928009,0.091640376
928018,0.10777361
928019,0.089827284
928020,0.089827284
928033,0.102229364
928034,0.086934015
928035,0.08673792
928036,0.08673792
928037,0.08673792
928038,0.08673792
928050,0.100163944
928417,0.23571771
928418,0.1958668
928419,0.18660319
928420,0.22509369
928427,0.31720173
928428,0.1630041
928429,0.15726902
928430,0.15016755
928431,0.12098555
928436,0.15159553
928437,0.118625216
928438,0.11476479
928439,0.10706686
928452,0.13155727
928453,0.10572048
928469,0.13599932
928473,0.13599932
928474,0.09576913
928475,0.09576913
928476,0.09576913
928477,0.0955285
928478,0.0955285
928484,0.16501597
928485,0.09562523
928486,0.09171062
928487,0.07072758
928505,0.11486842
928506,0.090588994
928507,0.1211357
928508,0.09073269
928509,0.09490706
928521,0.17134452
928522,0.11055794
928523,0.09058666
928524,0.07189877
928525,0.09064906
928533,0.11170008
928534,0.089379996
928535,0.08380695
928536,0.08584835
928544,0.12750332
928545,0.08598861
928546,0.081754096
928547,0.08543807
928548,0.077889815
928555,0.087739244
928556,0.06299266
928557,0.08232822
928572,0.1502298
929139,0.26398486
929140,0.21890341
929141,0.28075895
929142,0.24093825
929143,0.172896
929144,0.22204909
929145,0.21923667
929146,0.15458916
929147,0.16370963
929148,0.12223468
929149,0.12223468
929150,0.118430704
929151,0.10786077
929152,0.10650562
929159,0.13080987
929160,0.106424145
929161,0.106424145
929162,0.093310826
929163,0.09217264
929175,0.111641616
929176,0.09194012
929177,0.09194012
929178,0.08949308
929179,0.0881509
929180,0.0881509
929181,0.08757872
929189,0.10024206
929190,0.085644
929191,0.08374562
929192,0.0828732
929193,0.08268544
929194,0.08268544
929195,0.065642685
929201,0.1384508
929202,0.08903312
929203,0.08826607
929205,0.08931868
929212,0.050548796
929836,0.30296996
929837,0.19459207
929838,0.3416258
929839,0.19814503
929858,0.298542
929859,0.27040195
929860,0.23393773
929861,0.3017319
929862,0.15554643
929863,0.17903173
929864,0.14938864
929881,0.210384
929882,0.24942364
929883,0.18530004
929884,0.16613394
929885,0.16654816
929886,0.19183786
929887,0.13961636
929906,0.13807
929907,0.13191633
930210,0.4012311
930211,0.26176187
930212,0.24287966
930244,0.2393978
930245,0.22928858
930246,0.3119356
930247,0.31056494
930248,0.34122938
930249,0.17705257
930250,0.24363802
930264,0.21339707
930265,0.24735548
930266,0.124776706
930267,0.2175528
930268,0.1513253
930269,0.21312343
930282,0.14182478
930283,0.12941265
930284,0.19888037
930285,0.21058978
930298,0.14918175
930299,0.14705108
930300,0.11721451
930301,0.114282995
930302,0.1897779
930303,0.10385058
930304,0.10108076
930329,0.06871257
930619,0.34594285
930620,0.26152316
930621,0.26243958
930622,0.19415238
930623,0.22539614
930629,0.5384763
930630,0.23752221
930631,0.21731427
930632,0.25512296
930633,0.17905073
930643,0.17099804
930644,0.1847901
930645,0.18846959
930646,0.12821974
930652,0.22473522
930653,0.22302294
930654,0.1574378
930669,0.33330613
930682,0.4469161
930683,0.2587252
930684,0.27039692
930685,0.19611491
930686,0.19155584
930692,0.23007944
930693,0.2637698
930694,0.18982281
930695,0.17914344
930696,0.23709859
930704,0.21034853
930705,0.13285598
930706,0.21186563
930707,0.15879227
930708,0.1331124
930709,0.15879227
930714,0.15830128
930715,0.13630038
930716,0.17170206
930717,0.1317147
930718,0.1317147
930728,0.15410998
930729,0.16537365
930730,0.107900046
930731,0.10699052
930732,0.122618034
930733,0.122618034
930746,0.16242884
930747,0.14720325
930836,0.015802514
931218,0.009368999
931806,0.21706118
931807,0.17878594
931808,0.16466348
931809,0.18306847
932235,0.23209131
932236,0.16516191
932237,0.22951789
932238,0.17799611
932239,0.1723222
932240,0.16632287
932241,0.15992743
932242,0.15146582
932243,0.13161099
932244,0.11888903
933092,0.026500462
937088,0.01942788
937202,0.2884086
937203,0.28685436
937204,0.18436293
937216,0.2940725
937217,0.23857982
937218,0.23082234
937219,0.22836933
937220,0.21961519
937233,0.3116768
937234,0.17025504
937235,0.27121466
937236,0.17674963
937237,0.16140257
937238,0.20252246
937286,0.32769448
937287,0.30038622
937288,0.15805417
937289,0.10354652
937375,0.45375428
937376,0.2821603
937377,0.34159526
937378,0.25081977
937379,0.34099612
937380,0.18384479
937381,0.31291962
937382,0.36383414
937383,0.13154125
937384,0.12858056
937385,0.12836717
937386,0.10060894
937387,0.11315256
937388,0.11179335
937395,0.121514685
937396,0.110040195
937397,0.10872232
937398,0.09182736
937399,0.09113422
937400,0.08903357
937408,0.08736746
937502,0.2120449
937503,0.16773061
937504,0.1448227
937505,0.1514912
938920,0.02867117
939757,0.018909454
940789,0.18932837
940790,0.19784392
940791,0.17159393
940792,0.13736847
940805,0.12205009
940806,0.1691689
941656,0.2663725
941657,0.13868256
941658,0.20323785
941659,0.24027719
941660,0.29463053
941661,0.3155994
941667,0.2018095
941668,0.18938468
941669,0.12821163
941670,0.1118039
941671,0.13790096
941676,0.10087213
941677,0.13414195
942435,0.27482066
942436,0.24582286
942437,0.22954847
942438,0.21983099
942439,0.20972799
942440,0.15661697
942441,0.19797273
942467,0.25245
942468,0.15942234
942469,0.1560735
942470,0.1560735
942471,0.15256499
942472,0.12757434
942473,0.13895127
942474,0.13895127
942488,0.17254382
942489,0.13895127
942490,0.11969455
942491,0.11969455
942492,0.11969455
942493,0.119401775
942494,0.119401775
942495,0.114151224
942535,0.13643846
945561,0.025232472
946733,0.22443317
946741,0.23636213
946742,0.18220524
946743,0.11703043
946744,0.16900085
946745,0.16950917
946746,0.17174132
946747,0.19320187
946748,0.11659208
946749,0.10165836
946768,0.14640227
946769,0.16350536
946770,0.13838921
946771,0.07897394
946772,0.092172354
946786,0.17643388
946787,0.10133357
946788,0.14131513
946789,0.08744214
946790,0.13271041
946791,0.1190363
946803,0.19690402
946804,0.09006542
946805,0.08470603
946806,0.12293238
946807,0.066179216
946822,0.081473984
946823,0.072097264
946824,0.05571054
946825,0.10909602
946826,0.07495236
946827,0.07884228
947415,0.017721884
947443,0.14562696
947465,0.11105445
947466,0.09379768
947758,0.11072735
947759,0.12501228
947760,0.10983193
947997,0.022780906
948560,0.022423025
950234,0.35306856
950235,0.20811905
950236,0.15521656
950237,0.23395443
950238,0.16241759
950239,0.12170754
950253,0.22784936
950281,0.21737173
950282,0.22487174
950315,0.21931282
950316,0.21931913
950344,0.1833664
950540,0.20928065
950541,0.15793726
950542,0.19305968
950543,0.10677472
950544,0.16540912
950549,0.13344869
950550,0.14566115
950551,0.09373352
950552,0.15303785
950553,0.07409095
950566,0.14691724
950567,0.07333606
950568,0.15997082
950569,0.066101804
950570,0.15108995
950578,0.075114846
950579,0.13360837
950580,0.072748564
950581,0.13482663
950582,0.05492858
950588,0.22266044
950589,0.18274988
950590,0.052299306
950591,0.113331534
950592,0.049058184
950593,0.10842806
950594,0.10251828
950595,0.13358334
950596,0.14840779
950597,0.0980711
950598,0.12992759
950793,0.21618849
950794,0.16875324
950808,0.13497344
950809,0.100462355
950810,0.18314089
950811,0.16776021
950819,0.20797673
950820,0.080802664
950821,0.18719311
950822,0.33779457
950823,0.15177949
950824,0.13326511
950825,0.12093082
950826,0.18781753
950827,0.20525803
950841,0.11525354
950842,0.13830996
950843,0.1010104
950844,0.1010104
950903,0.029614897
951259,0.22831626
951260,0.18565074
951261,0.25115204
951262,0.1584613
951276,0.19460204
951277,0.13354152
951278,0.110958494
951694,0.22381298
951704,0.16888314
951705,0.10973286
951706,0.14613235
951712,0.2048651
951755,0.28458312
951756,0.19172463
951757,0.20494442
951758,0.15051337
951759,0.14446472
951760,0.1381659
951761,0.114630595
951762,0.24668072
952213,0.034657706
952462,0.25259104
952463,0.21512459
952464,0.19133951
952470,0.22652806
952471,0.18435654
952472,0.17055827
952473,0.16460969
952474,0.11644192
952475,0.12413188
952476,0.1669719
952493,0.18779367
953584,0.30201876
953600,0.14533134
953601,0.18913582
953602,0.32292
953603,0.14898889
955617,0.23118901
955618,0.07521769
955662,0.099130824
955663,0.07767939
955908,0.27219358
955918,0.28589302
955919,0.20771419
955920,0.18970917
955921,0.18439777
955922,0.17742297
955923,0.17388491
955924,0.25864157
955925,0.1595084
955931,0.19940256
955932,0.14264648
955933,0.1845209
955934,0.1959711
955935,0.16527589
955936,0.050862323
955937,0.15860723
955938,0.12622242
955939,0.07408161
955940,0.08622796
955941,0.04493232
955960,0.11309194
955961,0.095630035
955962,0.08265476
955963,0.101789095
955964,0.11896182
955965,0.07028166
955966,0.06877315
955967,0.10225799
955968,0.2371131
955969,0.04041869
955970,0.1344576
955971,0.09241352
955972,0.10748355
955973,0.09908663
955974,0.075196594
955987,0.13879552
955988,0.07341049
955989,0.10062024
957062,0.021395743
958129,0.2023904
958130,0.1547998
958131,0.16410884
958132,0.1728495
958133,0.1598309
958134,0.14474878
958141,0.23985878
958142,0.13361001
958143,0.10834557
958144,0.10194417
958145,0.09784088
958146,0.1411308
958160,0.11477113
958161,0.1627263
958162,0.14664242
958163,0.096558176
958164,0.06720293
958179,0.13808858
958180,0.084621295
958181,0.123279154
958182,0.1042558
958183,0.1698423
958184,0.08022683
958185,0.07916653
958199,0.11735237
958200,0.117691085
960104,0.26731184
960117,0.21360615
960118,0.25723138
960119,0.2491361
960120,0.22975744
960121,0.21382378
960133,0.32759124
960644,0.26819804
960645,0.113358535
960646,0.10608093
960647,0.13721043
960648,0.17368968
960654,0.1135508
960655,0.16295227
960656,0.11333482
960657,0.11252462
960663,0.08016862
960664,0.13294367
960665,0.05815356
960666,0.12191664
960667,0.07581649
960679,0.12343281
960680,0.052045554
960681,0.12588571
960682,0.045129415
960695,0.05791199
960696,0.098464236
960697,0.04500969
960698,0.08447665
960699,0.044275947
960700,0.119633645
960711,0.1374915
960712,0.06262744
960713,0.1250262
960714,0.043743867
960715,0.101439856
960726,0.052855566
960727,0.07443556
960728,0.09056299
960729,0.09666575
960751,0.13992886
960752,0.08022793
960753,0.14533971
960754,0.10011288
960755,0.04126497
960772,0.13670309
960773,0.0413669
960774,0.0775504
960775,0.0413669
960784,0.08360426
960785,0.037605252
960786,0.037836075
960787,0.037836075
960788,0.10571421
960789,0.09395786
960793,0.10983977
960794,0.03722878
960795,0.08265966
960796,0.10986215
960797,0.0834186
960803,0.070545554
960804,0.08197338
960805,0.07145858
960806,0.12904784
960810,0.077343464
960811,0.12372599
960812,0.058741745
960813,0.060996056
960814,0.08069846
960815,0.09713798
960821,0.06972719
960822,0.0830889
960823,0.10371369
960824,0.06415293
960825,0.09081449
960835,0.14652656
960836,0.09508126
960837,0.095738985
960838,0.095379986
960839,0.061181527
960847,0.053977735
960848,0.091019
960849,0.06436439
960850,0.1158216
960851,0.08527764
960859,0.06545021
960860,0.06205309
960861,0.115118
911345,0.34209678
911346,0.5446947
911347,0.2812352
911348,0.13593292
911349,0.082605205
911350,0.061018992
911351,0.06520233
911352,0.056270495
911389,0.06871112
911390,0.30290166
911391,0.29184482
911392,0.2684724
911393,0.26505867
911394,0.2578993
911400,0.21016891
911401,0.23624855
911402,0.21511723
911418,0.038798638
911429,0.067496076
911450,0.26018158
911451,0.2630288
911472,0.24982542
911473,0.23299535
911474,0.22363433
911475,0.21345983
911489,0.18728319
911490,0.19744515
911491,0.18688345
911492,0.18444875
911493,0.1831869
911501,0.15160307
911507,0.038848538
911508,0.040832378
911509,0.040832378
911510,0.040832378
911511,0.040832378
911520,0.034464885
911521,0.03740575
911522,0.03771562
911523,0.03761479
911524,0.038863063
911534,0.032912023
911535,0.03596567
911536,0.03596567
911537,0.035172086
911553,0.027196461
911554,0.031943284
911645,0.033655174
911646,0.038914774
911647,0.0376758
911648,0.03325886
911649,0.031592097
911650,0.030194608
911651,0.030040076
911652,0.04165042
911653,0.026896449
911658,0.02124122
911659,0.026984086
911660,0.024208853
911661,0.023515217
911670,0.018304512
911671,0.023908723
911672,0.023963502
911697,0.033396028
911698,0.04652269
911699,0.044194892
911700,0.038919393
911701,0.036751863
911705,0.028140726
911706,0.03382705
911707,0.032930255
911708,0.030996174
911709,0.030108504
911710,0.029863862
911726,0.01800138
911843,0.2561106
911844,0.2254103
911845,0.2173683
911846,0.1892926
911866,0.13031642
911867,0.16203867
911868,0.15032807
911869,0.14549877
911870,0.13684542
911888,0.08407599
911889,0.13452742
911921,0.20111276
911930,0.04988379
911931,0.06286295
911932,0.05620836
911942,0.03955227
911943,0.0507437
911944,0.050239295
911976,0.04373594
911979,0.03344709
911980,0.044935152
911991,0.071533315
911992,0.07214321
911993,0.07295171
911994,0.21230352
911995,0.20908846
911996,0.1546681
911997,0.15179953
911998,0.15061225
911999,0.19096455
912000,0.18942872
912001,0.16889973
912002,0.1670752
912003,0.16727072
912004,0.16691545
912005,0.16613299
912006,0.16613299
912007,0.16613299
912008,0.15427607
912009,0.1523156
912010,0.1523156
912011,0.15195677
912012,0.15195677
912013,0.14891973
912014,0.14652781
912015,0.14652781
912016,0.14527093
912017,0.09650648
912018,0.12131445
912019,0.10922242
912020,0.037346106
912029,0.06502989
912030,0.065203026
912033,0.059315387
912034,0.055549577
912035,0.05272924
912043,0.046202008
912044,0.0498318
912045,0.049395617
912046,0.04629648
912090,0.03723227
912091,0.04246081
912092,0.039274503
912093,0.037221763
912094,0.037130393
912124,0.02859338
912125,0.036740556
912126,0.036740556
912127,0.031780403
912183,0.02114473
912184,0.03128909
912252,0.22712567
912253,0.06320596
912254,0.18771598
912255,0.166893
912256,0.15969466
912287,0.15411602
912288,0.13612814
912289,0.13164641
912290,0.121298105
912326,0.11826929
912327,0.11729542
912328,0.11359457
912329,0.10873248
912330,0.107738905
912331,0.10667346
912339,0.09679134
912340,0.2086277
912341,0.08915629
912342,0.08607108
912343,0.045983776
912360,0.18942653
912361,0.16562907
912371,0.15548359
912372,0.13681924
912373,0.12975398
912374,0.12171347
912381,0.11996269
912382,0.12646455
912383,0.116125606
912387,0.08473425
912469,0.06903578
912470,0.059721336
912475,0.039362565
912476,0.050644986
912495,0.0326226
912496,0.03601993
912508,0.063074976
912509,0.16085517
912510,0.16568837
912511,0.14500682
912513,0.12324409
912514,0.13485964
912515,0.12482073
912516,0.12137874
912523,0.085200824
912524,0.11331074
912531,0.033486098
912581,0.0599872
912609,0.057052042
912610,0.04976172
912631,0.04605294
912632,0.040390115
912655,0.041319605
912675,0.040904846
912676,0.038168892
912698,0.03575108
912699,0.03385022
912715,0.033719104
912716,0.031767584
912717,0.031694267
912729,0.029783452
912736,0.027696632
912737,0.031089619
912743,0.02451413
912744,0.02378709
912779,0.006437858
912841,0.18081795
912846,0.14255732
912847,0.14525002
912848,0.12960148
912849,0.12424176
912857,0.104267895
912858,0.11001169
912859,0.10739052
912860,0.10164486
912861,0.10098535
912862,0.10022432
912875,0.06838549
912889,0.026154416
912909,0.010433087
912921,0.010059688
912925,0.1902155
912926,0.17012508
912927,0.16487238
912928,0.13939293
912929,0.14213818
912930,0.13628292
912931,0.12615353
912932,0.12479455
912933,0.10343471
912934,0.11642121
912935,0.115558855
912936,0.107226044
912937,0.10673934
912938,0.10649619
912939,0.10205786
912950,0.13957627
912951,0.34791657
912952,0.1424445
912958,0.088339984
912959,0.11593398
912960,0.26223508
912961,0.21341245
912962,0.10076602
912968,0.059135832
912993,0.06303735
912994,0.06442386
913010,0.058002833
913011,0.05468618
913012,0.051907267
913027,0.04286176
913028,0.04688171
913029,0.046470083
913030,0.04354609
913040,0.036153045
913041,0.04181015
913042,0.038027067
913043,0.03576407
913047,0.028675545
913048,0.035104543
913049,0.035184048
913050,0.035184048
913051,0.018682756
913067,0.07714015
913068,0.05581152
913069,0.053882085
913070,0.04735404
913071,0.05218191
913072,0.04277582
913073,0.042347074
913074,0.04197351
913075,0.039572738
913076,0.038449183
913077,0.04283883
913078,0.03601286
913079,0.03387464
913080,0.0337443
913081,0.034356173
913082,0.033100963
913083,0.03357892
913084,0.031486906
913085,0.030911006
913086,0.030816043
913087,0.03172305
913088,0.030733064
913089,0.030066889
913090,0.029806606
913091,0.03772812
913092,0.032903805
913093,0.0377051
913094,0.032914657
913095,0.032914657
913096,0.033522453
913097,0.038397845
913098,0.040773265
913099,0.035056617
913100,0.035056617
913101,0.035056617
913102,0.035056617
913103,0.2273026
913104,0.1709781
913105,0.12678447
913106,0.17193988
913107,0.12672625
913108,0.23223035
913109,0.15196978
913110,0.14557894
913111,0.35313034
913112,0.1762033
913113,0.14000961
913114,0.14100917
913115,0.13015105
913116,0.25915977
913117,0.18756838
913118,0.16317084
913119,0.15516643
913120,0.13939157
913121,0.21105674
913122,0.27131525
913159,0.2504059
913160,0.22050004
913161,0.21416867
913171,0.13089639
913172,0.16203947
913173,0.1554893
913174,0.1441706
913175,0.084049106
913176,0.13587946
913177,0.09725631
913178,0.096520364
913179,0.09326152
913180,0.092677295
913181,0.07913624
913182,0.07605447
913187,0.08692341
913188,0.066480696
913189,0.063484974
913190,0.06286231
913191,0.060623467
913192,0.05602023
913198,0.065056294
913199,0.054411776
913200,0.052938845
913201,0.05209127
913203,0.058825154
913204,0.051965363
913205,0.051965363
913206,0.058825154
913207,0.046796057
913208,0.046796057
913209,0.046796057
913210,0.046672124
913211,0.055215813
913212,0.048436508
913213,0.046981644
913214,0.046981644
913215,0.047068156
913216,0.04551147
913217,0.045019377
913218,0.04018427
913219,0.04047463
913220,0.012255102
913221,0.18897575
913222,0.16730863
913223,0.16251247
913224,0.14687948
913225,0.14609277
913226,0.13510774
913227,0.12505314
913228,0.12370435
913229,0.11686908
913253,0.1128102
913254,0.11453874
913255,0.1080704
913256,0.1099399
913257,0.10969036
913283,0.09739929
913299,0.22432636
913300,0.030917
913301,0.026721247
913307,0.021797195
913308,0.026306018
913309,0.026306018
913351,0.09304757
913352,0.064495176
913353,0.062285345
913354,0.05264393
913355,0.069751695
913356,0.04824469
913357,0.04776386
913358,0.041878104
913359,0.053285725
913360,0.038334645
913361,0.038025793
913362,0.08792658
913363,0.086135544
913364,0.08593482
913365,0.085493006
913366,0.086201586
913367,0.086201586
913368,0.078793585
913369,0.07851145
913370,0.07851145
913371,0.07831042
913372,0.034222532
913373,0.03366493
913374,0.033374567
913375,0.033374567
913376,0.075520724
913377,0.041060925
913378,0.03440853
913379,0.033977617
913380,0.03460434
913381,0.03460434
913382,0.041292973
913383,0.03460434
913384,0.03460434
913385,0.03460434
913386,0.041292973
913387,0.035001144
913388,0.03498406
913389,0.034915946
913390,0.035571553
913391,0.035571553
913392,0.041624684
913393,0.03496785
913394,0.03496785
913395,0.03496785
913396,0.03496785
913403,0.041081402
913404,0.034474988
913405,0.034474988
913406,0.034474988
913407,0.033672176
913416,0.03967549
913417,0.033672176
913418,0.033672176
913419,0.033602394
913420,0.033602394
913421,0.033602394
913438,0.040615626
913439,0.033913966
913440,0.033913966
913441,0.033913966
913453,0.039729573
913454,0.033293087
913455,0.033293087
913456,0.033975642
913457,0.032549188
913458,0.03166769
913464,0.0630794
913465,0.030814437
913466,0.030814437
913467,0.030814437
913468,0.0700073
913469,0.0700073
913470,0.0700073
913471,0.0700073
913472,0.0700073
913473,0.06979643
913474,0.06915135
913475,0.069168106
913476,0.069168106
913477,0.069168106
913478,0.068273656
913479,0.068273656
913480,0.068273656
913481,0.068273656
913482,0.028881611
913483,0.029882262
913484,0.02947353
913485,0.02947353
913486,0.028200308
913487,0.02947353
913488,0.02947353
913489,0.027132012
913490,0.028358413
913491,0.028230136
913492,0.028230136
913494,0.026374748
913495,0.026577992
913496,0.026207149
913497,0.02520404
913503,0.02397117
913504,0.02520404
913528,0.17902367
913529,0.15160565
913530,0.14556211
913531,0.13340098
913549,0.098799884
913550,0.12207671
913551,0.12377965
913552,0.117393635
913652,0.23489237
913653,0.22048515
913654,0.2141541
913655,0.18524629
913656,0.17751001
913684,0.11086152
913700,0.09419979
913749,0.26072824
913750,0.07739755
913751,0.07437801
913752,0.065315135
913753,0.084642
913754,0.058554046
913755,0.057976745
913756,0.05590153
913757,0.06846959
913758,0.050806534
913759,0.051560465
913760,0.049439408
913761,0.048644982
913762,0.048526984
913767,0.055802573
913768,0.045357566
913769,0.045357566
913770,0.051444337
913771,0.06944143
913772,0.06944143
913773,0.066403925
913774,0.066403925
913779,0.066528045
913780,0.06463583
913781,0.06463583
913782,0.06457687
913783,0.06459748
913784,0.06459748
913785,0.06459748
913786,0.065750554
913787,0.065750554
913788,0.065750554
913789,0.065079644
913790,0.065079644
913791,0.065079644
913792,0.065079644
913793,0.06367109
913794,0.06080144
913795,0.06317757
913796,0.06403296
913797,0.06291416
913798,0.06245398
913799,0.06071649
913800,0.06071649
913801,0.026172584
913802,0.02644359
913803,0.02644359
913804,0.02644359
913805,0.02644359
913866,0.058676105
913868,0.056670588
913869,0.044324256
913870,0.039569277
913871,0.03784223
913872,0.036637425
913873,0.035669282
913874,0.03524574
913875,0.03311353
913876,0.03736291
913877,0.03190642
913878,0.030624013
913879,0.03188004
913880,0.03156386
913881,0.03156386
913882,0.03184103
913883,0.035811085
913884,0.02866552
913885,0.027945409
913886,0.028179204
913887,0.02810312
913888,0.02904527
913889,0.029486483
913890,0.02696485
913891,0.02696485
913892,0.027015548
913894,0.026032131
913895,0.025815971
913896,0.02097928
913897,0.02184393
913923,0.18646266
913924,0.15601383
913925,0.15117499
913935,0.1407656
913936,0.12875181
913937,0.12362458
913938,0.114311405
913939,0.11342165
913940,0.1073923
913948,0.11811454
913967,0.03333724
913968,0.03249905
913969,0.03370221
913970,0.033932984
913971,0.032586355
913997,0.029095836
913998,0.032376286
913999,0.02847675
914036,0.0580869
914037,0.050921053
914038,0.049151886
914039,0.04354431
914040,0.037196405
914041,0.036011394
914042,0.035647932
914043,0.03522463
914044,0.03309366
914045,0.032074146
914046,0.033139985
914047,0.031134201
914048,0.03234566
914049,0.032265857
914050,0.032094743
914058,0.029759508
914059,0.03188774
914060,0.027747296
914061,0.027747296
914062,0.027545257
914213,0.0047990233
914264,0.2899281
914265,0.21984646
914266,0.21196525
914267,0.1900839
914268,0.1830394
914269,0.08688293
914270,0.22041824
914271,0.043423034
914272,0.062103346
914273,0.05904808
914274,0.14721222
914275,0.15689977
914276,0.13748166
914277,0.12579684
914278,0.16442207
914279,0.30409893
914280,0.13149421
914281,0.23585284
914282,0.10898338
914283,0.10918339
914284,0.036908828
914285,0.0381346
914286,0.036104064
914287,0.15174039
914292,0.038375396
914293,0.035217073
914294,0.035086926
914295,0.03853596
914296,0.038880948
914297,0.039967198
914309,0.03911489
914310,0.049141597
914311,0.049242254
914312,0.049242254
914313,0.049242254
914314,0.049256247
914329,0.04545605
914330,0.050630055
914331,0.05053308
914332,0.050272536
914333,0.04975326
914334,0.04926853
914344,0.015519311
914345,0.020704836
914346,0.045100804
914347,0.045100804
914480,0.036934204
914482,0.03403791
914483,0.041041326
914484,0.036287863
914485,0.035018716
914486,0.033881873
914487,0.035323884
914575,0.019610392
914586,0.025059644
914607,0.14486074
914616,0.052729253
914617,0.053606898
914618,0.04805974
914619,0.04560131
914620,0.06600783
914622,0.05636085
914623,0.049112927
914645,0.009337267
914646,0.21358266
914647,0.21721426
914648,0.21029574
914649,0.18643849
914650,0.17822677
914651,0.1348788
914652,0.1571949
914653,0.15195425
914654,0.14339113
914655,0.14113653
914670,0.1023113
914671,0.12603983
914672,0.11890412
914673,0.11863695
914674,0.06568699
914790,0.12696882
914791,0.04460032
914795,0.09388032
914796,0.086661234
914808,0.07414551
914809,0.080816336
914810,0.07445416
914820,0.051312864
914827,0.044568595
915023,0.09870001
915024,0.08730148
915025,0.08175116
915032,0.12909544
915033,0.03352158
915034,0.0311331
915035,0.034357674
915047,0.043390732
915048,0.041415956
915049,0.032093294
915050,0.034804422
915052,0.042366352
915053,0.092307486
915054,0.116123974
915055,0.10236555
915058,0.07121249
915075,0.02875026
915101,0.054897297
915102,0.04383729
915103,0.04216181
915125,0.039530683
915126,0.034219533
915127,0.033145454
915128,0.032809936
915139,0.0974956
915140,0.08812568
915141,0.085746706
915142,0.029339533
915143,0.08044871
915144,0.07864685
915145,0.02799586
915146,0.077660955
915147,0.07782907
915148,0.07782907
915149,0.06538785
915150,0.062301517
915170,0.017807066
915380,0.08183466
915381,0.70536166
915382,0.64236474
915383,0.5197348
915384,0.25562623
915385,0.31389326
915386,0.35033473
915387,0.58776057
915388,0.2994643
915389,0.53914833
915390,0.28983572
915398,0.60706884
915399,0.35679188
915400,0.28020206
915401,0.20922653
915402,0.4942195
915403,0.54827774
915404,0.27415094
915405,0.26693046
915406,0.26693046
915407,0.5217189
915408,0.5196279
915409,0.5186176
915410,0.32783645
915411,0.44564262
915436,0.5278672
915437,0.23162462
915438,0.21475914
915439,0.32762152
915440,0.26584542
915441,0.28490576
915442,0.51499224
915443,0.49776307
915444,0.18585485
915460,0.52761596
915461,0.25776023
915462,0.5152432
915463,0.23329753
915464,0.32627925
915465,0.06544954
915466,0.18891607
915467,0.21736087
915468,0.33002406
915469,0.21620485
915470,0.21620485
915471,0.28217486
915472,0.26552892
915473,0.33002406
915491,0.32932082
915492,0.32937315
915493,0.32468605
915494,0.20841825
915495,0.32468605
915503,0.25529
915504,0.25860396
915505,0.20905764
915506,0.062734514
915507,0.3050361
915508,0.22067967
915509,0.2217435
915510,0.22325958
915511,0.25341508
915512,0.29891658
915513,0.2520115
915514,0.1992755
915515,0.29882753
915516,0.29257116
915517,0.19671655
915518,0.1837595
915519,0.1817374
915520,0.17630607
915521,0.17602779
915522,0.17277698
915523,0.05814584
915524,0.059495613
915525,0.3697728
915526,0.26401168
915527,0.23397173
915536,0.051469944
915537,0.05290259
915538,0.05290259
915539,0.05290259
915540,0.05290259
915541,0.05290259
915542,0.05290259
915543,0.053688142
915544,0.05335473
915545,0.05264236
915546,0.05264236
915547,0.051519837
915548,0.051519837
915549,0.051519837
915565,0.04568808
915566,0.0475911
915567,0.0475911
915568,0.0475911
915569,0.047178272
915570,0.045392174
915571,0.04492927
915572,0.04492927
915588,0.042731736
915589,0.04492927
915590,0.044748124
915591,0.044748124
915592,0.044893518
915593,0.04489921
915594,0.042292897
915684,0.04997145
915685,0.052731574
915686,0.050765704
915687,0.04505622
915688,0.036744986
915689,0.042252373
915690,0.04182866
915691,0.040691286
915692,0.02760173
915693,0.037150744
915694,0.036851056
915696,0.40489468
915697,0.055439234
915698,0.37404528
915705,0.38690737
915711,0.07225747
915712,0.06452232
915713,0.063890174
915714,0.061798584
915715,0.059235465
915719,0.060853377
915720,0.059627213
915721,0.038620323
915722,0.05169569
915723,0.05119337
915725,0.03471323
915726,0.03668724
915727,0.03668724
915728,0.032733094
915729,0.032733094
915730,0.032733094
915731,0.030422384
915732,0.03264513
915733,0.030788753
915734,0.03034917
915735,0.03034917
915736,0.030053752
915884,0.22737111
915894,0.17102677
915895,0.18724404
915896,0.16919017
915914,0.14273658
915936,0.15826899
915937,0.047408264
915952,0.042389832
915953,0.04431768
915954,0.04326157
915955,0.042914785
915956,0.040380172
915957,0.038417194
915966,0.031030627
915967,0.03806115
915968,0.037817165
915969,0.037817165
915970,0.03299242
915971,0.03299242
915990,0.35786074
916015,0.23342842
916016,0.2254816
916051,0.17870297
916052,0.18630672
916053,0.17709756
916061,0.1467719
916062,0.16324472
916063,0.15416092
916064,0.15176697
916065,0.1506874
916066,0.13716152
916067,0.13225849
916072,0.104658686
916073,0.109384395
916074,0.109384395
916075,0.109384395
916076,0.0974904
916077,0.09414659
916078,0.0927835
916079,0.09254961
916080,0.09254961
916091,0.02837207
916134,0.04767627
916135,0.040925194
916136,0.037380386
916142,0.028359594
916143,0.03378258
916144,0.032903124
916145,0.032192957
916153,0.025152154
916154,0.029017493
916155,0.0282547
916156,0.02868409
916165,0.022315005
916166,0.0276854
916167,0.023328856
916168,0.022950405
916190,0.056208916
916191,0.052024726
916198,0.058243945
916199,0.04411427
916200,0.042462245
916201,0.041366506
916208,0.048305687
916209,0.04235311
916210,0.03993152
916211,0.03846479
916212,0.046897575
916217,0.03814521
916218,0.054992124
916219,0.034106795
916220,0.048404153
916221,0.04495604
916223,0.03545497
916224,0.03054079
916225,0.03054079
916226,0.03054079
916227,0.030458532
916228,0.030197784
916232,0.03516715
916233,0.029650917
916234,0.029044779
916235,0.029017277
916236,0.02963267
916239,0.03384957
916240,0.02963267
916241,0.03005706
916242,0.02998505
916243,0.04390834
916244,0.04522136
916245,0.04522136
916246,0.02998505
916247,0.029758723
916249,0.039701786
916250,0.042598147
916251,0.028101511
916252,0.031647515
916253,0.030814076
916254,0.030814076
916255,0.02213513
916346,0.21278574
916347,0.18514965
916348,0.17959945
916349,0.15909514
916370,0.11799141
916371,0.14885545
916372,0.13794082
916373,0.035630792
916374,0.042216584
916375,0.09368037
916376,0.040877353
916377,0.037317842
916407,0.057024185
916408,0.19470447
916424,0.17219576
916425,0.16737649
916426,0.16130714
916427,0.15363453
916428,0.144147
916429,0.13665628
916438,0.09235344
916439,0.11388598
916440,0.11388598
916441,0.10621751
916474,0.02812817
916476,0.19475242
916477,0.19760978
916478,0.19214551
916479,0.17321873
916480,0.13628842
916481,0.1604998
916482,0.14888074
916483,0.14283398
916484,0.13548002
916486,0.09802284
916487,0.1328345
916488,0.11910228
916489,0.11231871
916490,0.11206444
916497,0.062338606
916596,0.02450705
916597,0.021008974
916619,0.15222889
916620,0.15167701
916621,0.14654283
916622,0.13162328
916623,0.12640728
916625,0.03476779
916626,0.033847317
916627,0.037579723
916628,0.030372942
916629,0.040794466
916630,0.10120691
916631,0.091631345
916632,0.086766556
916633,0.035362422
916634,0.025947254
916635,0.03510019
916636,0.03510019
916637,0.030500779
916638,0.04245255
916639,0.059076495
916648,0.05026386
916649,0.043905705
916650,0.042117648
916651,0.04100666
916657,0.044121433
916658,0.041286662
916659,0.03543965
916660,0.034593217
916661,0.03431342
916662,0.0317849
916663,0.07311072
916664,0.071758166
916665,0.07888222
916666,0.07888222
916667,0.07841022
916668,0.06808614
916670,0.05494541
916671,0.064605005
916672,0.06443709
916673,0.06651397
916674,0.061586242
916675,0.060734503
916794,0.031230463
916900,0.010253497
916958,0.051766176
916959,0.0512879
916960,0.04961947
916961,0.044709913
916962,0.04276849
916969,0.042316638
916970,0.041223224
916971,0.04085915
916972,0.038519543
916973,0.03733933
916981,0.037200913
916982,0.03512263
916983,0.034456912
916984,0.03095645
916985,0.03271753
916986,0.107036896
916987,0.107036896
916988,0.09430371
916989,0.093021534
916990,0.09374726
916991,0.029765457
916992,0.09642855
916993,0.090015374
916994,0.088471144
916995,0.088471144
916996,0.08766111
916997,0.08360922
916998,0.026650175
916999,0.076421835
917001,0.020198246
917002,0.024348954
917003,0.024287457
917026,0.044349037
917027,0.046180308
917040,0.11973635
917041,0.12873362
917042,0.123615704
917043,0.12062562
917046,0.08347048
917047,0.115138374
917048,0.1089198
917049,0.10776137
917059,0.06688218
917060,0.0964981
917163,0.10736505
917164,0.088378705
917165,0.08488456
917166,0.07587125
917167,0.07265995
917170,0.06474557
917171,0.06857999
917172,0.06615189
917173,0.05961611
917174,0.058188852
917175,0.05772964
917176,0.055533282
917177,0.053248454
917178,0.053119905
917186,0.042941988
917187,0.038912565
917188,0.038912565
917189,0.033883218
917190,0.03203894
917191,0.031970285
917192,0.0318843
917197,0.028512647
917389,0.036934204
917390,0.033853836
917391,0.032604888
917392,0.0287992
917393,0.027784415
917423,0.019237498
917424,0.027939666
917429,0.02767253
917430,0.05594117
917433,0.03897798
917434,0.049603272
917475,0.17768121
917476,0.15774684
917520,0.110643305
917583,0.091207765
917610,0.03169883
917620,0.029211063
917621,0.04104062
917622,0.12585351
917658,0.024679394
917659,0.028385883
917688,0.010755128
917691,0.009668321
917692,0.16412555
917693,0.1693603
917694,0.16364728
917695,0.14452076
917696,0.1060366
917697,0.13506843
917698,0.12558956
917699,0.12256858
917700,0.116001315
917701,0.07253354
917702,0.11368612
917703,0.057477586
917771,0.023604436
917818,0.019534823
917875,0.017399542
918012,0.20295411
918013,0.17604469
918014,0.17021577
918015,0.14919545
918016,0.14315858
918019,0.13689008
918020,0.16770306
918021,0.16225503
918022,0.119924285
918023,0.15327585
918031,0.09537916
918124,0.30287018
918125,0.25526306
918130,0.21141142
918131,0.15305366
918132,0.14688765
918133,0.20861599
918134,0.19431987
918135,0.19064954
918136,0.18135472
918137,0.179879
918144,0.09522444
918145,0.10522834
918146,0.10474964
918147,0.123406224
918155,0.06849309
918216,0.08459623
918217,0.08444201
918218,0.08091139
918221,0.061544314
918222,0.0685257
918232,0.051875807
918233,0.061922323
918234,0.05880229
918235,0.05531985
918236,0.033413086
918237,0.047996294
918238,0.0739097
918239,0.07143845
918256,0.07561203
918257,0.060027942
918258,0.057816014
918259,0.05634738
918260,0.055790555
918272,0.05891161
918273,0.05147758
918274,0.0502429
918292,0.05560654
918341,0.050340448
918342,0.046543222
918343,0.046088535
918344,0.04553079
918345,0.045924794
918358,0.045477666
918359,0.04105638
918360,0.04105638
918361,0.04154883
918362,0.041438192
918379,0.039281365
918380,0.03933833
918381,0.038459472
918382,0.038459472
918383,0.038423408
918384,0.037351526
918385,0.037351526
918386,0.03642624
918387,0.036690485
918388,0.036603183
918389,0.036603183
918390,0.036603183
918391,0.036607865
918436,0.068783246
918437,0.18159014
918438,0.1748674
918439,0.15757361
918440,0.15234986
918441,0.05822262
918442,0.13639702
918443,0.1336393
918444,0.12668873
918445,0.051750746
918446,0.051339563
918447,0.11348886
918448,0.044799652
918449,0.044361204
918450,0.044128872
918451,0.044227876
918452,0.043706026
918453,0.037292317
918454,0.037292317
918455,0.03671902
918456,0.08016588
918687,0.15485276
918703,0.10731396
918704,0.13359088
918716,0.085590154
918717,0.11208965
918724,0.073325895
918733,0.040176217
918734,0.038026895
918747,0.043025352
918748,0.031606905
918749,0.058598444
918750,0.04116786
918751,0.028183233
918752,0.034373127
918756,0.034612387
918757,0.038867194
918758,0.03612376
918762,0.023179008
918783,0.18005474
918784,0.18391846
918785,0.16149421
918786,0.15841472
918787,0.1531681
918788,0.14802806
918789,0.13760822
918790,0.13651414
918791,0.12943642
918809,0.09999343
918810,0.10951555
918811,0.10086859
918812,0.0935135
918813,0.09264454
918814,0.091713026
918815,0.091908514
918819,0.07289085
918820,0.075780146
918821,0.073120646
918822,0.07203777
918825,0.053383324
918871,0.19765265
918881,0.1780972
918882,0.16300888
918883,0.14746086
918892,0.14944562
918893,0.13564982
918894,0.12556073
918895,0.12459576
918896,0.11805167
918897,0.117299594
918904,0.13797365
918913,0.039059833
918914,0.036733698
918915,0.036519527
918916,0.036519527
918917,0.036519527
918923,0.038327366
918924,0.031711712
918925,0.031711712
918926,0.031221423
918927,0.031137394
918940,0.027288593
918941,0.028901223
918950,0.023430046
918951,0.079010904
919018,0.1493791
919019,0.13784915
919025,0.11236375
919026,0.116508804
919027,0.1116209
919029,0.081446715
919030,0.0993529
919031,0.09525546
919047,0.0282895
919323,0.15319385
919324,0.12854278
919325,0.12511092
919326,0.1107347
919327,0.10686674
919328,0.10296335
919329,0.095812805
919330,0.11961623
919331,0.08838389
919332,0.11230177
919341,0.055814777
919342,0.075068496
919360,0.03702916
919509,0.18778977
919510,0.16570938
919511,0.16062705
919518,0.105830275
919519,0.13484645
919520,0.13097852
919521,0.12174612
919522,0.11907855
919523,0.11245287
919539,0.13802795
919540,0.040463936
919541,0.037895467
919542,0.034618236
919556,0.050509665
919561,0.03336964
919562,0.045862958
919563,0.04068124
919576,0.025855467
919577,0.032879196
919578,0.03254628
919579,0.030785028
919590,0.0460951
919591,0.041681882
919592,0.04551305
919593,0.039974418
919594,0.03791311
919595,0.030398738
919596,0.036471758
919597,0.034850135
919598,0.032736868
919599,0.03180098
919600,0.03228248
919617,0.043210845
919620,0.24898395
919621,0.2487373
919622,0.22470064
919623,0.2174763
919631,0.18709245
919632,0.19285908
919633,0.184158
919634,0.17143479
919635,0.17002296
919640,0.13435484
919641,0.16031562
919642,0.15797825
919649,0.116196096
919669,0.1414774
919670,0.15091996
919677,0.10644525
919678,0.12758943
919679,0.086899616
919680,0.11868019
919681,0.11020484
919700,0.056777257
919701,0.1500557
919702,0.070568636
919703,0.06589605
919704,0.061849587
919705,0.060117133
919712,0.06753743
919713,0.06150842
919714,0.052955795
919715,0.058122143
919716,0.05294788
919717,0.04863921
919727,0.10289464
919728,0.096616425
919729,0.03951634
919730,0.09740738
919749,0.10332067
919750,0.08706582
919751,0.08706582
919758,0.033011083
919759,0.031607024
919760,0.031554744
919761,0.079528436
919762,0.07816777
919763,0.107952476
919764,0.075556375
919765,0.09597382
919766,0.090119205
919767,0.07882871
919768,0.07444172
919769,0.031151643
919776,0.031781115
919777,0.032523137
919778,0.032523137
919779,0.032523137
919780,0.032523137
919789,0.029412068
919790,0.033314582
919791,0.03324961
919792,0.03254035
919799,0.024306228
919800,0.031689472
919801,0.030779758
919802,0.030779758
919810,0.023248086
919811,0.030410593
919825,0.06802387
919826,0.1984824
919827,0.085042834
919834,0.10231235
919835,0.073594026
919836,0.07045655
919837,0.06865844
919838,0.06622776
919839,0.06039444
919857,0.075011835
919858,0.058631096
919859,0.057675608
919860,0.058600336
919861,0.058035042
919862,0.058035042
919870,0.072734006
919871,0.058530618
919872,0.046197418
919873,0.04651241
919882,0.047370873
919883,0.045292325
919884,0.046782997
919885,0.044869825
919886,0.04448727
919887,0.04448727
919892,0.044231012
919893,0.04444582
919894,0.04444582
919895,0.04444582
919896,0.033856247
919901,0.17723419
919902,0.18578793
919903,0.17906706
919904,0.15539005
919905,0.18578793
919906,0.09696907
919907,0.23775662
919908,0.23492597
919909,0.171678
919915,0.16612206
919916,0.22815752
919917,0.17410584
919918,0.22749917
919919,0.10872595
919920,0.14851324
919921,0.12370482
919922,0.16749118
919923,0.15854912
919924,0.14068596
919925,0.12433656
919926,0.1481819
919927,0.24570803
919928,0.25643787
919929,0.24512608
919930,0.24879155
919931,0.28545487
919932,0.18940881
919933,0.16421875
919934,0.1666483
919935,0.15105936
919936,0.16214539
919937,0.11762572
919938,0.103123285
919939,0.103123285
919940,0.16284591
919941,0.14714503
919942,0.17438011
919943,0.13414991
919944,0.17998995
919945,0.15424435
919946,0.2095587
919947,0.11625056
919948,0.041789
919949,0.04059818
919950,0.04059818
919951,0.04059818
919952,0.041014787
919953,0.040086303
919954,0.040096324
919955,0.040096324
919956,0.040096324
919957,0.035248987
919958,0.036207974
920160,0.09201527
920161,0.073451646
920173,0.26646438
920174,0.22154312
920175,0.060794994
920176,0.16025773
920177,0.22461633
920178,0.17181432
920179,0.054117806
920180,0.052823327
920181,0.13416204
920192,0.027991349
920193,0.032028753
920194,0.031949703
920195,0.031780213
920196,0.03157517
920201,0.025760368
920202,0.027474161
920203,0.027474161
920204,0.027274065
920213,0.018376427
920321,0.070368156
920322,0.051825125
920323,0.06673571
920336,0.06275605
920337,0.058546938
920338,0.05338505
920339,0.041060146
920340,0.047629222
920341,0.035080306
920342,0.051570363
920352,0.034821935
920353,0.03524384
920354,0.03925967
920355,0.029754808
920356,0.03800506
920365,0.078782976
920366,0.042712126
920367,0.029367914
920368,0.030791001
920369,0.041489705
920370,0.035666972
920371,0.03282659
920372,0.028664006
920373,0.026559044
920374,0.036017288
920375,0.026518306
920376,0.030890834
920377,0.031640425
920378,0.031212512
920379,0.025308177
920380,0.024223965
920383,0.03096303
920384,0.035689518
920385,0.031364955
920386,0.025117958
920387,0.026801918
921073,0.13586017
921074,0.10849931
921075,0.10149204
921076,0.091406815
921125,0.07216198
921126,0.052681576
921127,0.15545137
921128,0.106334545
921129,0.05292346
921138,0.03595484
921140,0.049722835
921141,0.049815897
921142,0.043322675
921143,0.044093776
921159,0.028867599
921160,0.05307396
921251,0.23397155
921252,0.050432414
921253,0.06505982
921254,0.14588588
921255,0.07281896
921292,0.035806037
921293,0.049707964
921294,0.06618161
921295,0.04541255
921296,0.071677536
921307,0.087506235
921308,0.05434037
921309,0.038587015
921315,0.027252309
921372,0.31486347
921373,0.28834006
921374,0.06134615
921375,0.2669324
921383,0.2732709
921384,0.24340266
921404,0.20150523
921405,0.18227555
921406,0.1716966
921407,0.16843684
921408,0.16726206
921415,0.15955152
921416,0.14539786
921417,0.14508094
921418,0.1443831
921419,0.14550209
921420,0.14550209
921421,0.13125086
921422,0.13080755
921423,0.13080755
921424,0.13049158
921425,0.13049158
921426,0.12763773
921427,0.12664309
921428,0.12664309
921429,0.12642941
921430,0.12642941
921434,0.118247814
921442,0.10990139
921443,0.11956034
921444,0.11956034
921445,0.11956034
921446,0.11294103
921447,0.11294103
921448,0.11294103
921449,0.11220612
921450,0.109542206
921451,0.10949286
921452,0.10929611
921453,0.11133042
921454,0.11133042
921455,0.049475744
921456,0.11142949
921457,0.11142949
921458,0.11142949
921459,0.11142949
921460,0.11142949
921461,0.11142949
921462,0.121736825
921463,0.121736825
921464,0.11862431
921465,0.11862431
921466,0.052958716
921467,0.052958716
921468,0.052491464
921469,0.117649645
921470,0.117649645
921471,0.117649645
921472,0.117649645
921473,0.117649645
921474,0.117649645
921475,0.117649645
921476,0.117649645
921477,0.117649645
921478,0.11785906
921479,0.1150804
921480,0.1120563
921481,0.11196046
921482,0.11196046
921483,0.11196046
921484,0.11196046
921485,0.11196046
921486,0.11196046
921487,0.11196046
921488,0.11196046
921489,0.11196046
921490,0.11163839
921491,0.11163839
921492,0.11166421
921493,0.11166421
921494,0.11166421
921495,0.11166421
921496,0.11166421
921497,0.11166421
921498,0.11166421
921499,0.11166421
921500,0.044045456
921501,0.048973653
921502,0.048973653
921503,0.048973653
921504,0.048973653
921505,0.048973653
921706,0.056126233
921707,0.047490887
921723,0.18246947
921724,0.18778121
921727,0.15008439
921728,0.16301827
921729,0.16015097
921730,0.15443145
921732,0.10889625
921733,0.14046794
921734,0.13321696
921735,0.13227212
921736,0.13130972
921737,0.117073715
921738,0.06460293
921745,0.14579634
921746,0.15244436
921751,0.09613165
921752,0.10860614
921753,0.18756397
921768,0.024265138
921842,0.10441145
921843,0.18999954
921854,0.15012904
921855,0.09645296
921856,0.090026
921857,0.084224895
921865,0.090621404
921866,0.07392777
921867,0.063692614
921868,0.05942284
921875,0.09832512
921876,0.072241135
921877,0.064676195
921878,0.06241996
921879,0.058179926
921885,0.05977711
921886,0.052192207
921887,0.04410994
921888,0.048286118
921895,0.0502228
921896,0.04719078
921897,0.046779223
921898,0.0443572
921899,0.046473507
921909,0.04218639
921910,0.042336315
921911,0.040904947
921912,0.04102827
921924,0.04103946
921925,0.04181312
921926,0.08035978
921927,0.0806027
921928,0.07447038
921929,0.074161865
921930,0.074382134
921931,0.039085615
921932,0.03921519
921951,0.03446482
921952,0.037145566
921953,0.039051488
921954,0.03788629
921955,0.037773855
921968,0.026857289
921969,0.032265343
921970,0.035447206
921972,0.029210592
921974,0.06150005
921975,0.1559486
921976,0.14679207
921977,0.132098
921978,0.098844305
921979,0.105412714
921980,0.09454024
921981,0.09207012
921982,0.08648791
921983,0.0839277
921984,0.082601644
921985,0.07561777
921986,0.06653557
921987,0.065899074
921988,0.06543577
921989,0.069087595
921990,0.06787218
921991,0.014033629
922079,0.013931499
922116,0.057865877
922117,0.059474148
922118,0.057272114
922119,0.05099126
922120,0.048700556
922121,0.04731784
922161,0.04041731
922162,0.046993516
922163,0.04417759
922164,0.042929154
922213,0.047839534
922214,0.052732263
922226,0.032019313
922227,0.039262753
922236,0.010981021
922380,0.039889175
922381,0.033769205
922495,0.24373256
922496,0.069167644
922497,0.19951245
922498,0.17714438
922499,0.17140394
922500,0.16393484
922503,0.16171288
922504,0.0681039
922505,0.06430884
922506,0.09082436
922507,0.06229366
922508,0.30101833
922509,0.20657161
922510,0.053504143
922511,0.053504143
922512,0.20667027
922513,0.3294075
922514,0.127924
922515,0.103555895
922516,0.18678828
922517,0.16509438
922518,0.18629472
922519,0.24996763
922520,0.15982088
922521,0.12432141
922522,0.21788579
922523,0.19573593
922524,0.26264197
922525,0.21794394
922526,0.124252364
922527,0.100503124
922528,0.14986801
922529,0.15560575
922530,0.19219515
922531,0.20137355
922532,0.24042632
922533,0.22124419
922534,0.1887863
922535,0.13108942
922536,0.15245757
922537,0.14044817
922538,0.24130541
922539,0.17447858
922540,0.21097732
922541,0.2622651
922542,0.24053676
922543,0.20364995
922544,0.1545027
922545,0.03989071
922546,0.041350927
922547,0.038629416
922548,0.038629416
922549,0.03837135
922550,0.14799519
922551,0.06394875
922552,0.08321439
922553,0.08321439
922554,0.08321439
922555,0.08321439
922556,0.07256523
922557,0.020664368
922685,0.20694546
922686,0.17775546
922693,0.13992642
922694,0.15114123
922695,0.14503904
922696,0.14132743
922697,0.13147609
922698,0.08876958
922699,0.08843702
922701,0.026068537
922707,0.0531614
922708,0.05643284
922710,0.07833288
922711,0.048592877
922712,0.07698035
922713,0.044941776
922714,0.044715248
922715,0.04303722
922716,0.046943355
922727,0.079291694
922733,0.1116816
922734,0.15404452
922735,0.12524916
922736,0.120044515
922742,0.07119336
922743,0.10801223
922744,0.059171006
922801,0.097033456
922807,0.08250197
922808,0.069024034
922809,0.060430888
922814,0.06277653
922815,0.051373933
922816,0.05086359
922817,0.05006406
922818,0.046925053
922821,0.04988329
922822,0.045167673
922823,0.041460775
922824,0.039538544
922825,0.041202772
922826,0.03944171
922827,0.03978521
922828,0.03978521
922833,0.036561616
922834,0.034827255
922835,0.034827255
922836,0.034733865
922842,0.03633001
922843,0.03416823
922844,0.03387368
922845,0.03387368
922846,0.026846226
922847,0.026846226
922855,0.026617965
922856,0.026846226
922857,0.027345132
922858,0.027345132
922868,0.027034625
922869,0.027597455
922876,0.05844053
922883,0.07684292
922884,0.06320806
922885,0.056228757
922886,0.054250363
922887,0.049271163
922888,0.05201394
922903,0.05821559
922904,0.051508047
922905,0.0632081
922906,0.0632081
922907,0.0632081
922925,0.062974505
922926,0.047711696
922927,0.06306789
922928,0.06306789
922929,0.06306789
922930,0.1176851
922949,0.06018869
922950,0.060955457
922951,0.060955457
922952,0.06023858
922961,0.060533203
922962,0.0613041
922963,0.0613041
922964,0.0613041
922965,0.0613041
922966,0.0613041
922978,0.060193636
922979,0.06096049
922980,0.06096049
922981,0.062173788
922982,0.059486777
922989,0.055854592
922990,0.057919443
922991,0.057919443
922992,0.05593554
922993,0.05593554
922994,0.05593554
922995,0.05593554
923001,0.051297404
923002,0.053607155
923003,0.053607155
923004,0.05344284
923005,0.053421892
923015,0.04839096
923016,0.053274684
923030,0.082393356
923031,0.04125212
923032,0.0397121
923033,0.028051468
923034,0.03423171
923035,0.033024628
923036,0.034825284
923101,0.0515757
923102,0.06527573
923113,0.052931182
923114,0.05585053
923115,0.048604384
923116,0.045251373
923117,0.044798985
923137,0.22659391
923138,0.20302461
923139,0.19652383
923151,0.15099832
923152,0.1635064
923153,0.15397182
923154,0.14274485
923159,0.11284949
923161,0.098269284
923175,0.034319293
923176,0.028408494
923177,0.037507232
923178,0.033236682
923179,0.032070696
923180,0.03102648
923181,0.03086783
923326,0.05988783
923327,0.046365373
923328,0.04938515
923329,0.044028904
923330,0.042236052
923331,0.039393574
923332,0.032102026
923503,0.06719494
923504,0.025638096
923505,0.0315485
923506,0.028591294
923507,0.020786129
923508,0.026675228
923509,0.026095854
923510,0.025121631
923511,0.016188633
923512,0.022502223
923513,0.022317965
923514,0.011874043
923563,0.051671244
923564,0.04565354
923565,0.044108804
923573,0.16844895
923574,0.64788234
923575,0.4170342
923576,0.5008076
923577,0.49114573
923578,0.16075611
923582,0.11307972
923586,0.11271721
923587,0.16297926
923588,0.15895867
923589,0.1592526
923590,0.12520087
923591,0.15212789
923600,0.03249926
923638,0.021284064
923639,0.025240202
923667,0.037257947
923668,0.03183215
923669,0.03888183
923670,0.033912472
923671,0.03181678
923672,0.022422886
923673,0.03015206
923695,0.15132174
923696,0.13261852
923697,0.12768708
923698,0.11121472
923699,0.08421811
923700,0.028865986
923701,0.035133675
923704,0.047578245
923705,0.053519163
923706,0.05158345
923707,0.047283653
923708,0.044990838
923714,0.026206575
923715,0.046161324
923716,0.045781657
923717,0.051740278
923718,0.046603173
923719,0.044255096
923720,0.03531148
923721,0.04467556
923722,0.036606494
923723,0.037618544
923724,0.027141089
923725,0.033422075
923726,0.030350447
923727,0.028690988
923728,0.02210216
923729,0.028158087
923730,0.027975742
923731,0.027975742
923732,0.024495266
923733,0.015244068
923851,0.05027662
923852,0.045629177
923853,0.039300837
923854,0.03820955
923855,0.03647098
923856,0.03504875
923857,0.028483544
923858,0.031290174
923901,0.19642581
923902,0.16312936
923903,0.16748561
923904,0.14252265
923905,0.1367123
923906,0.1310463
923907,0.12125167
923908,0.12031525
923909,0.11641495
923910,0.11323717
923911,0.11239546
923912,0.035309296
923913,0.03459214
923914,0.034828786
923915,0.035086527
923916,0.034828786
923917,0.034828786
923918,0.02699455
923921,0.036609832
923922,0.041681413
923923,0.038420793
923929,0.027918393
923932,0.062426742
923933,0.062020507
923934,0.049514733
923935,0.17666626
923936,0.18559031
923937,0.17551585
923938,0.1435233
923939,0.15536614
923940,0.14332308
923948,0.10686457
923949,0.14058329
923950,0.13472208
923952,0.038632203
924023,0.09559928
924037,0.08230068
924038,0.074990205
924039,0.06674783
924040,0.06303676
924063,0.058622476
924064,0.05854926
924065,0.05549114
924066,0.05077907
924116,0.043641467
924139,0.041809864
924140,0.045198306
924141,0.04356033
924142,0.04356033
924195,0.0928164
924196,0.07957189
924197,0.07622793
924198,0.06831767
924205,0.089197196
924206,0.06695981
924207,0.065244675
924248,0.077236846
924249,0.05762173
924250,0.055905156
924251,0.055462908
924252,0.05402013
924253,0.053156216
924254,0.052640494
924261,0.059238438
924262,0.053092595
924263,0.053092595
924264,0.04750217
924265,0.04750217
924295,0.05018375
924296,0.045056965
924297,0.045056965
924298,0.043898232
924299,0.04327984
924317,0.045126285
924318,0.043359846
924319,0.041465458
924323,0.041911706
924324,0.036450207
924325,0.036714617
924326,0.036627263
924327,0.036354426
924383,0.1575628
924384,0.10316009
924385,0.12816505
924386,0.11277522
924395,0.07919721
924400,0.077631176
924415,0.0774762
924421,0.060684733
924422,0.068692416
924423,0.07328426
924424,0.045878526
924425,0.043521907
924426,0.055952724
924436,0.07685425
924437,0.079939045
924438,0.068890415
924439,0.16073628
924440,0.062254813
924441,0.13505211
924442,0.12500101
924443,0.12515955
924444,0.1182547
924445,0.10982207
924446,0.115900405
924447,0.10868908
924448,0.1095927
924449,0.10934385
924450,0.104800746
924451,0.10417527
924452,0.10417527
924453,0.067656904
924502,0.04498004
924503,0.04147932
924504,0.03991527
924505,0.029895894
924506,0.03242825
924507,0.03110997
924511,0.02538714
924513,0.044516347
924514,0.039138183
924515,0.039608244
924516,0.034887318
924521,0.032447625
924522,0.032410413
924523,0.03155031
924530,0.027242737
924531,0.028638354
924544,0.018425979
924545,0.017564956
924555,0.023498973
924556,0.050254744
924594,0.2065858
924595,0.17742659
924606,0.17387249
924607,0.149103
924608,0.14306922
924609,0.13718161
924615,0.1305818
924616,0.12602082
924617,0.119412094
924618,0.11911275
924619,0.11823312
924620,0.1108199
924621,0.13436812
924622,0.042605277
924623,0.042833876
924624,0.0868261
924626,0.03368267
924627,0.04516173
924628,0.041749142
924629,0.035936527
924630,0.087160714
924631,0.033502508
924665,0.062560886
924682,0.06284852
924683,0.080992326
924684,0.052302465
924685,0.11344731
924686,0.047875986
924687,0.052783605
924706,0.02724319
924707,0.055603765
924740,0.057229582
924754,0.045320857
924755,0.04270356
924756,0.2737465
924757,0.27727702
924758,0.25263643
924765,0.20536467
924766,0.19196732
924767,0.20244004
924768,0.17750876
924769,0.16600509
924770,0.1706861
924772,0.1448696
924773,0.14995073
924774,0.14614555
924775,0.1454272
924776,0.14511022
924777,0.1437348
924778,0.119553484
924779,0.119553484
924780,0.10671141
924781,0.103087455
924782,0.102094255
924783,0.029622799
924861,0.33446246
924862,0.27650246
924863,0.26797143
924864,0.23358233
924865,0.22168721
924866,0.20951624
924867,0.19517373
924868,0.13331982
924878,0.111277066
924879,0.06699504
924880,0.065498546
924881,0.17144342
924882,0.05521165
924887,0.060561355
924888,0.04782697
924889,0.048239835
924890,0.04710396
924895,0.046524476
924896,0.04309537
924897,0.04341431
924898,0.04278683
924904,0.04567371
924905,0.03918579
924906,0.03868261
924907,0.03880192
924911,0.040230375
924912,0.03902189
924913,0.038903005
924914,0.038903005
924915,0.039616853
924920,0.03979928
924921,0.039616853
924922,0.039616853
924923,0.04000488
924924,0.040263012
924925,0.08912838
924926,0.08916106
924927,0.089119986
924928,0.044680554
924929,0.04551086
924930,0.044994134
924931,0.036581732
924932,0.033277676
924933,0.08920299
924934,0.09063213
924935,0.09063213
924936,0.09063213
924937,0.09063213
924938,0.08920299
924939,0.089532055
924940,0.08673224
924941,0.08517717
924943,0.08194193
924944,0.08310832
924945,0.082650945
924946,0.05086519
924947,0.045515534
924948,0.04454201
924949,0.039601054
924950,0.03846718
924951,0.035145964
924952,0.034425694
924953,0.038225096
924954,0.02715398
924955,0.03323054
924956,0.036464944
924957,0.03137692
924958,0.03137692
924959,0.03137692
924960,0.03510592
924961,0.032697752
924962,0.032697752
924963,0.036577784
924964,0.032697752
924965,0.032697752
924966,0.034756273
924967,0.031206386
924968,0.030906115
924969,0.030913915
924970,0.033444233
924971,0.030913915
924972,0.027735692
924973,0.027735692
924974,0.030157318
924975,0.027735692
924976,0.027735692
924977,0.028178751
924978,0.028122207
924979,0.029754974
924980,0.027707743
924981,0.027707743
924982,0.027707743
924983,0.027229276
924984,0.027229276
924985,0.036645915
924986,0.022824401
925007,0.18426603
925008,0.1588668
925015,0.11999697
925016,0.1285697
925017,0.12285264
925018,0.11913408
925019,0.11011673
925020,0.10230746
925021,0.09651271
925030,0.064371
925057,0.041938696
925063,0.034292314
925071,0.033230823
925072,0.041390613
925073,0.037938442
925074,0.036605604
925091,0.042833865
925097,0.14838904
925099,0.14404143
925100,0.16465569
925101,0.1546882
925102,0.14604586
925103,0.13530447
925104,0.095939405
925111,0.16775833
925112,0.18629368
925113,0.18502206
925114,0.17156209
925115,0.16440654
925116,0.16405614
925117,0.08254791
925118,0.08254791
925119,0.08254791
925120,0.07333173
925121,0.07075158
925128,0.09764998
925129,0.13885483
925130,0.13782075
925186,0.050985206
925187,0.048726775
925188,0.04724033
925189,0.043189403
925190,0.041351855
925197,0.034744564
925198,0.04193476
925199,0.0411188
925200,0.035294686
925201,0.034451593
925205,0.03072538
925210,0.027010053
925211,0.029857839
925212,0.029783983
925213,0.029625632
925214,0.029693108
925229,0.023735488
925230,0.025884584
925231,0.025884584
925232,0.025482034
925236,0.016821627
925238,0.05233808
925239,0.2634495
925240,0.04308396
925241,0.037051395
925242,0.035721134
925243,0.033418685
925245,0.026801122
925246,0.03081626
925247,0.029099101
925248,0.028319376
925253,0.06443981
925254,0.059062578
925255,0.053724907
925256,0.04738294
925257,0.03690906
925258,0.039507076
925259,0.056541327
925260,0.05374127
925261,0.05062281
925262,0.037308797
925263,0.048752334
925264,0.04505589
925265,0.04217316
925266,0.042045437
925267,0.07051343
925268,0.17257093
925269,0.38584572
925270,0.10534765
925271,0.2278321
925272,0.13033135
925273,0.26520562
925274,0.13818641
925275,0.16802855
925276,0.29674312
925277,0.16011974
925278,0.27642223
925279,0.19517712
925280,0.17603323
925281,0.1675251
925282,0.12763526
925283,0.10255736
925284,0.12441658
925415,0.022481168
925599,0.032283973
925600,0.036053404
925601,0.03493937
925602,0.09432754
925603,0.08637343
925604,0.043518413
925605,0.04308257
925606,0.041516975
925607,0.03818733
925608,0.03725889
925609,0.036958374
925610,0.022808619
925611,0.03635582
925613,0.05738342
925614,0.05905087
925615,0.059181277
925633,0.2801604
925642,0.47912234
925643,0.41195065
925644,0.3121712
925645,0.5939508
925646,0.23321961
925647,0.3715009
925648,0.2312882
925649,0.5107488
925650,0.347439
925651,0.33731845
925652,0.41371927
925653,0.4866147
925654,0.4875714
925655,0.5697451
925656,0.47689402
925657,0.52347326
925658,0.5466366
925659,0.28658086
925660,0.28614244
925661,0.28212538
925662,0.23135908
925663,0.44760475
925664,0.37471285
925665,0.47612098
925666,0.27808896
925667,0.17754875
925668,0.36106166
925670,0.30914283
925671,0.4428339
925672,0.38144657
925673,0.39037904
925674,0.52738476
925675,0.2788062
925676,0.46668702
925677,0.4504197
925678,0.36166248
925679,0.36153063
925680,0.41867194
925681,0.52358794
925682,0.43908045
925683,0.52251434
925684,0.2742071
925685,0.17062554
925686,0.46032858
925687,0.24938808
925688,0.35504338
925689,0.21569672
925690,0.2742071
925693,0.2909134
925694,0.2385194
925695,0.4164536
925696,0.334223
925697,0.334223
925919,0.22521296
925920,0.19726138
925930,0.14512762
925931,0.16132498
925935,0.11036621
925950,0.06201816
925958,0.065043055
925959,0.06263939
925960,0.057024613
925961,0.072884545
925962,0.051712804
925969,0.054722082
925970,0.058347482
925971,0.04801208
925972,0.04309027
925973,0.04613752
925974,0.045115285
925978,0.0401832
925979,0.043066394
925980,0.04933995
925981,0.041108526
926047,0.021404477
926339,0.21141174
926340,0.17154849
926341,0.16583847
926347,0.1732465
926349,0.20230524
926350,0.2915308
926351,0.525007
926352,0.28777224
926353,0.60714304
926359,0.71970683
926360,0.6760356
926361,0.498769
926362,0.48402387
926363,0.47729433
926364,0.47729433
926365,0.30386215
926366,0.47640803
926367,0.53802705
926368,0.33135685
926369,0.35378653
926370,0.2849096
926375,0.6385834
926376,0.32787666
926377,0.34792423
926378,0.5178463
926379,0.5208614
926380,0.2800586
926381,0.52076614
926382,0.341106
926383,0.609176
926384,0.5202635
926385,0.3256901
926386,0.5172737
926387,0.34031227
926388,0.2800586
926390,0.61753577
926391,0.474489
926392,0.4602026
926393,0.39805108
926394,0.4887984
926395,0.56117326
926396,0.51851594
926397,0.31014568
926398,0.3031339
926399,0.4467115
926400,0.5189475
926401,0.34054202
926402,0.44316027
926403,0.5146114
926404,0.2168292
926405,0.21053067
926406,0.33195207
926407,0.27471277
926408,0.32669747
926409,0.54121304
926410,0.45402837
926411,0.33736408
926412,0.5434199
926413,0.44147018
926414,0.45402837
926415,0.5106976
926416,0.20857851
926417,0.5338881
926418,0.6053486
926419,0.48187438
926420,0.26556855
926421,0.46149248
926422,0.28851014
926423,0.32188708
926424,0.41508427
926425,0.48350692
926426,0.41508427
926427,0.31665948
926428,0.28851014
926429,0.37087297
926430,0.48386586
926431,0.49167904
926432,0.28784484
926435,0.5697858
926436,0.27995256
926437,0.3132094
926438,0.2659178
926439,0.31419468
926440,0.48021242
926441,0.48863694
926442,0.44727176
926443,0.26553547
926444,0.5695619
926445,0.26513255
926446,0.46537998
926447,0.5808263
926448,0.41949752
926449,0.25776702
926460,0.03812454
926462,0.31474355
926463,0.3155799
926464,0.30611947
926465,0.28131247
926466,0.27149323
926467,0.26046455
926468,0.2437095
926469,0.23665632
926470,0.22518355
926471,0.20716791
926472,0.2219925
926473,0.20821892
926474,0.19744061
926475,0.19703643
926476,0.19614606
926477,0.19614606
926478,0.19614606
926479,0.1812703
926480,0.17561209
926481,0.14645442
926482,0.17646521
926483,0.17646521
926484,0.16731481
926486,0.12228215
926626,0.10260332
926627,0.08360466
926628,0.59795064
926629,0.07134468
926635,0.058573343
926636,0.0661903
926637,0.06554296
926638,0.062069908
926639,0.058229733
926640,0.056842808
926641,0.05639357
926681,0.04527847
926682,0.051420037
926683,0.08190356
926684,0.04553451
926690,0.029864077
926691,0.042078633
926793,0.34148568
926804,0.26162398
926805,0.27530926
926806,0.2522785
926807,0.24326313
926808,0.23301435
926809,0.21750583
926810,0.21159384
926811,0.2015321
926816,0.17009686
926817,0.19972618
926818,0.19038032
926819,0.18090612
926820,0.18195508
926821,0.18030404
926822,0.17931822
926823,0.17931822
926824,0.16319768
926831,0.1004789
926832,0.15586631
926862,0.34893686
926863,0.2988052
926864,0.2897695
926865,0.26315656
926866,0.2047906
926867,0.24333206
926868,0.2273401
926869,0.21750268
926870,0.20670706
926871,0.10533345
926872,0.08041426
926873,0.096236624
926874,0.09658739
926875,0.09658739
926876,0.029244015
927020,0.11605634
927021,0.089050256
927022,0.085396
927023,0.076613255
927024,0.07383819
927025,0.07110738
927026,0.07041557
927027,0.0440609
927028,0.06394899
927036,0.041547902
927037,0.035067704
927038,0.033492234
927043,0.038048886
927044,0.03365502
927045,0.03365502
927046,0.033949908
927047,0.038473837
927048,0.031382475
927049,0.034480374
927050,0.034682106
927051,0.032827727
927052,0.03442752
927053,0.03261149
927054,0.03166269
927055,0.027608756
927056,0.027339261
927057,0.021620976
927058,0.024930272
927059,0.0462229
927060,0.043512337
927061,0.058487933
927062,0.058638453
927063,0.0639584
927064,0.028366612
927065,0.032797962
927066,0.056795314
927067,0.053424977
927068,0.05214616
927104,0.13315311
927105,0.09411641
927106,0.12649602
927107,0.09732512
927108,0.09156445
927109,0.08800203
927110,0.087161265
927111,0.08356353
927112,0.07898003
927113,0.07765563
927114,0.084616214
927115,0.07357584
927116,0.06879763
927117,0.06925149
927118,0.040696304
927119,0.03812504
927120,0.03812504
927124,0.06684232
927125,0.06324479
927126,0.06324479
927127,0.06308018
927128,0.06308018
927129,0.062082607
927130,0.06156277
927133,0.062133376
927134,0.06150642
927135,0.06150642
927136,0.06150642
927137,0.06150642
927138,0.06318766
927139,0.06260802
927144,0.0669624
927145,0.06635057
927146,0.06635057
927147,0.06635057
927148,0.06635057
927178,0.066508785
927179,0.06631971
927180,0.06619478
927181,0.03359011
927182,0.03359011
927187,0.06055513
927188,0.05195556
927189,0.05195556
927190,0.033556126
927191,0.05195556
927192,0.05195556
927193,0.05195556
927195,0.22754124
927196,0.2032338
927197,0.19670062
927198,0.19670062
927199,0.19152224
927200,0.19152224
927201,0.18977419
927202,0.046209585
927203,0.046209585
927204,0.047527388
927205,0.19435188
927207,0.2158675
927208,0.19435188
927209,0.19247381
927210,0.29247788
927211,0.19247381
927212,0.19575892
927213,0.18314008
927214,0.17868859
927215,0.17541003
927216,0.17541003
927217,0.2737369
927218,0.17541003
927219,0.19063702
927220,0.17541003
927356,0.015046833
927365,0.0875582
927366,0.07059973
927367,0.067825906
927368,0.060227107
927369,0.25014213
927370,0.068988755
927371,0.055476785
927372,0.11376457
927373,0.049245737
927374,0.048061874
927375,0.048777185
927376,0.04784682
927377,0.047151003
927383,0.053991582
927384,0.04767461
927385,0.04767461
927386,0.04767461
927387,0.042912807
927388,0.042912807
927389,0.042912807
927390,0.042798698
927399,0.047384884
927400,0.041182384
927401,0.040438663
927402,0.040438663
927403,0.04004909
927404,0.03829356
927405,0.03829356
927406,0.034267057
927416,0.00993345
927594,0.23184218
927595,0.04157434
927596,0.1882241
927597,0.26545653
927598,0.16893707
927599,0.3046106
927606,0.25192413
927607,0.15671587
927608,0.1067007
927887,0.17549181
927894,0.07703563
927895,0.078074865
927896,0.07030608
927897,0.06733154
927898,0.06478791
927899,0.064153336
927909,0.059176367
927910,0.060011435
927911,0.058453947
927912,0.059314273
927913,0.055783294
927914,0.05348876
927923,0.2377335
927924,0.16482863
927925,0.17430328
927926,0.053200804
927927,0.04642569
927938,0.17645013
927939,0.12262065
927940,0.14067443
928069,0.2631268
928070,0.0786264
928087,0.09639042
928088,0.06651354
928089,0.063431464
928090,0.059802808
928108,0.0728658
928109,0.056174792
928110,0.051407825
928111,0.049866572
928112,0.050607312
928123,0.048744503
928124,0.041750744
928125,0.041340843
928132,0.04880604
928133,0.041700173
928134,0.041700173
928135,0.037268683
928136,0.0837268
928137,0.08459118
928138,0.084376015
928139,0.08600632
928140,0.036499325
928141,0.080125555
928142,0.080125555
928143,0.035947412
928144,0.03799544
928145,0.03494209
928146,0.033675775
928147,0.03392077
928148,0.033839826
928149,0.033839826
928150,0.03793222
928151,0.03554023
928346,0.3157281
928347,0.2740064
928348,0.45530152
928349,0.22893398
928350,0.22084236
928351,0.21196671
928352,0.19888571
928353,0.055311702
928354,0.1840391
928355,0.054324895
928364,0.050888874
928365,0.049963966
928366,0.10956532
928367,0.04779088
928368,0.095643565
928369,0.046676826
928370,0.047913894
928371,0.0887545
928372,0.041989725
928373,0.042633984
928374,0.032977916
928375,0.043924227
928376,0.08678598
928378,0.032031998
928379,0.036111735
928380,0.03691136
928381,0.035288315
928611,0.08544541
928622,0.03969514
928623,0.04927307
928624,0.043505117
928625,0.041535996
928632,0.028047608
928633,0.038387224
928634,0.034825575
928643,0.17738156
928644,0.15646291
928645,0.15079889
928652,0.082563296
928653,0.12340137
928654,0.1189443
928655,0.11045246
928656,0.123926066
928657,0.032419104
928658,0.042748366
928659,0.03906849
928674,0.05570507
928675,0.05758919
928676,0.05526994
928677,0.049418166
928678,0.04719462
928679,0.045852598
928686,0.041761838
928687,0.045220617
928688,0.04264237
928689,0.041435435
928690,0.041102663
928691,0.037409056
928697,0.029101722
928698,0.03536304
928699,0.0351761
928700,0.034949936
928706,0.028983569
928707,0.03221663
928708,0.03221663
928709,0.031718794
928730,0.059252247
928742,0.06053656
928743,0.055387806
928744,0.049524207
928754,0.16634664
928755,0.16558062
928756,0.15434247
928757,0.15313889
928758,0.14534444
928769,0.13110481
928770,0.142538
928771,0.12966995
928772,0.12499586
928773,0.12471695
928774,0.12410284
928775,0.12410284
928776,0.12410284
928781,0.08447404
928782,0.102091424
928783,0.11330606
928784,0.11302688
928785,0.11302688
928786,0.10635193
928787,0.104559645
928793,0.076323666
928845,0.19474916
928851,0.116212435
928852,0.13878784
928853,0.120977126
928860,0.08859697
928861,0.038176585
928862,0.1047523
928897,0.028550135
928898,0.096302696
928899,0.033719856
928950,0.05000203
928951,0.049008515
928952,0.04701759
928953,0.039581727
928954,0.038092673
928955,0.037105322
928956,0.03691677
928962,0.04015985
928963,0.03694501
928964,0.03581124
928965,0.036351178
928970,0.031686444
928971,0.031345822
928972,0.03103477
928978,0.025877183
928979,0.028259872
928980,0.028259872
928981,0.025246203
928982,0.025287353
928983,0.025287353
928984,0.025218878
928985,0.025218878
928986,0.02469399
928992,0.022783358
928993,0.026319819
928994,0.026062567
928995,0.024689812
928996,0.024689812
929040,0.2421613
929041,0.2103324
929042,0.18749972
929043,0.13394095
929044,0.15140045
929045,0.14593911
929054,0.11196713
929058,0.11139478
929065,0.030620715
929066,0.03573663
929067,0.035447933
929068,0.05231649
929069,0.04764218
929070,0.09964648
929071,0.042178668
929077,0.031289354
929078,0.042178668
929079,0.08463522
929080,0.059363395
929081,0.046812423
929082,0.076916106
929083,0.011166236
929092,0.30511606
929093,0.3047456
929094,0.29546976
929095,0.26976356
929096,0.260341
929097,0.24960993
929105,0.10946643
929106,0.22649
929107,0.21537106
929108,0.21369074
929109,0.21228091
929110,0.19742337
929111,0.106515706
929112,0.10627301
929113,0.10416587
929121,0.07097409
929122,0.10354374
929123,0.09352074
929128,0.029802708
929273,0.22613811
929274,0.21605241
929275,0.2083787
929276,0.18100329
929278,0.14353427
929279,0.153069
929280,0.14189689
929281,0.13537927
929282,0.12672874
929283,0.12641369
929286,0.110838704
929288,0.09111243
929289,0.09365768
929290,0.089833
929291,0.08122719
929292,0.07768938
929293,0.07462243
929294,0.07389914
929295,0.059732374
929296,0.068169355
929297,0.066562414
929298,0.066041745
929299,0.060611904
929300,0.055225044
929303,0.09928316
929304,0.1021037
929305,0.097971395
929306,0.055832576
929307,0.09219203
929308,0.073702015
929309,0.070102625
929310,0.05523677
929311,0.05662686
929312,0.050465364
929313,0.05121451
929314,0.04456058
929328,0.24235897
929329,0.20706825
929330,0.20219532
929331,0.18605284
929332,0.17883804
929333,0.17069133
929334,0.15847367
929335,0.059682723
929336,0.14597228
929337,0.14283752
929338,0.14181082
929339,0.1356597
929340,0.13022591
929341,0.12993705
929350,0.099952504
929351,0.10622134
929352,0.10622134
929353,0.11362487
929354,0.09126082
929355,0.08993537
929356,0.08993537
929391,0.028145343
929596,0.06679978
929597,0.054121215
929598,0.052338105
929599,0.053090557
929600,0.03986618
929601,0.045029055
929602,0.046998024
929603,0.046088282
929605,0.042009745
929606,0.033992212
929607,0.033717114
929608,0.032200295
929609,0.032489005
929610,0.034080666
929611,0.030591842
929612,0.08000395
929613,0.030860748
929614,0.030086154
929615,0.027543148
929616,0.027543148
929617,0.027468735
929618,0.027468735
929619,0.028366046
929620,0.026366167
929621,0.026366167
929622,0.026415767
929623,0.026157701
929624,0.031973414
929625,0.026051767
929626,0.023643412
929635,0.045080874
929636,0.04786317
929643,0.04278749
929644,0.04878478
929645,0.046903253
929646,0.044317015
929683,0.052757088
929684,0.045722805
929685,0.04432373
929686,0.03195306
929687,0.038236685
929688,0.0370213
929689,0.036833163
929690,0.025879517
929691,0.033414066
929692,0.02646491
929693,0.031539343
929694,0.029654348
929701,0.00813144
929704,0.3542171
929705,0.35703042
929706,0.34668133
929707,0.3177189
929708,0.3104181
929713,0.24235633
929714,0.27967733
929715,0.24604523
929716,0.22660004
929717,0.21984737
929718,0.15080704
929740,0.10687627
929741,0.14162506
929742,0.14162506
929813,0.028338958
929814,0.020079149
929840,0.04993184
929841,0.043852672
929842,0.042415302
929843,0.03786997
929844,0.036146272
929865,0.037963662
929866,0.034560982
929867,0.03415013
929868,0.031561658
929869,0.030587845
929888,0.031771623
929889,0.028880112
929890,0.029034816
929891,0.028962936
929892,0.02880882
929893,0.09590354
929894,0.028874492
929895,0.02494879
929908,0.019821271
929909,0.024560409
929910,0.06509218
929911,0.11074733
929912,0.1410783
929913,0.09175198
929914,0.08565472
929915,0.08035645
929924,0.106918745
929925,0.07712917
929926,0.064557284
929927,0.06317645
929932,0.08498846
929933,0.06586236
929934,0.06463901
929935,0.0640194
929936,0.0640194
929944,0.09576458
929945,0.10182657
929946,0.05827051
929947,0.05827051
929948,0.05827051
929949,0.058118045
929955,0.03655975
929956,0.029637408
929957,0.030150954
929958,0.030150954
929964,0.03749362
929965,0.031864982
929966,0.031864982
929967,0.031864982
929973,0.038182635
929974,0.032454047
929975,0.032454047
929976,0.032454047
929982,0.038182635
929983,0.032454047
929984,0.032454047
929985,0.0327367
929986,0.03231329
929991,0.037967406
929992,0.033110242
929993,0.033110242
929994,0.032958724
929999,0.038238607
930000,0.03299065
930001,0.03299065
930002,0.03299065
930008,0.038238607
930009,0.03299065
930010,0.03299065
930011,0.03299065
930022,0.03479881
930023,0.030592391
930024,0.030801198
930025,0.030801198
930026,0.030629558
930027,0.030629558
930035,0.035102498
930036,0.030629558
930037,0.030629558
930038,0.030629558
930047,0.035102498
930048,0.0304523
930049,0.037447155
930050,0.037447155
930051,0.038211502
930052,0.037023455
930053,0.028947396
930054,0.03749984
930055,0.035498615
930056,0.035498615
930057,0.035498615
930058,0.03757653
930059,0.035571363
930060,0.035571363
930061,0.03757653
930062,0.035571363
930063,0.044475567
930064,0.04182109
930065,0.0438182
930066,0.046760377
930067,0.0438182
930068,0.0438182
930069,0.040190753
930070,0.0438182
930071,0.0438182
930072,0.0438182
930343,0.35652313
930344,0.3126872
930345,0.3072228
930346,0.2823627
930347,0.27266425
930348,0.26160502
930349,0.2448009
930350,0.23772608
930351,0.22621681
930352,0.12329258
930353,0.11463632
930354,0.10851213
930355,0.110551
930356,0.11319842
930363,0.027741855
930364,0.029493824
930365,0.029493824
930366,0.026296701
930367,0.025323754
930375,0.023765964
930376,0.023903945
930377,0.024035895
930378,0.022373343
930379,0.021822017
930380,0.021822017
930381,0.02160777
930563,0.03394453
930564,0.03527857
930565,0.034033388
930566,0.031099813
930594,0.025174774
930595,0.030593617
930596,0.032612942
930597,0.029341143
930600,0.037686974
930601,0.040027913
930602,0.038984824
930603,0.03543944
930604,0.033919934
930605,0.032723468
930606,0.032828826
930634,0.059586048
930635,0.06532822
930636,0.03327417
930637,0.055114496
930659,0.116021514
930660,0.12362644
930661,0.120307766
930662,0.10688171
930663,0.103313304
930670,0.09874801
930671,0.12291891
930672,0.1184777
930673,0.112213604
930674,0.08415673
930675,0.08351074
930676,0.07507868
930677,0.0742461
930697,0.01744882
930719,0.06179301
930720,0.06297447
930721,0.06062822
930734,0.056800947
930735,0.27582163
930736,0.27587914
930737,0.033862438
930738,0.03369377
930739,0.03772031
930748,0.04301583
930749,0.036505807
930750,0.03508903
930751,0.036112912
930752,0.03531896
930758,0.04029846
930759,0.035821993
930760,0.035821993
930765,0.021786058
930766,0.03153049
930767,0.03153049
930768,0.031445652
930774,0.02181094
930775,0.022269914
930776,0.02194918
930777,0.02194918
930778,0.0217337
930783,0.01778288
930784,0.020805413
930785,0.018620808
930947,0.06536351
930948,0.053444035
930949,0.051307037
930956,0.05276131
930957,0.04240829
930958,0.040879253
930959,0.040211067
930960,0.039191354
930969,0.038750075
930970,0.03479562
930971,0.035320804
930972,0.03423701
930973,0.035236932
930974,0.035150256
930990,0.036123943
930991,0.035150256
930992,0.035150256
930993,0.030591698
931006,0.02786784
931007,0.030526046
931008,0.030443827
931009,0.03146191
931010,0.029497093
931032,0.16535227
931033,0.048168734
931039,0.14852117
931040,0.14344475
931041,0.13730817
931042,0.13231431
931043,0.13342127
931044,0.12846793
931045,0.11309757
931046,0.11032403
931051,0.095373936
931052,0.10598271
931053,0.100672655
931054,0.100441776
931055,0.09940465
931062,0.071086936
931063,0.09615607
931249,0.16748206
931250,0.13848145
931251,0.13280252
931252,0.12083654
931253,0.115536526
931254,0.23893586
931255,0.19525263
931256,0.3849272
931257,0.31432456
931258,0.16776615
931259,0.16900326
931260,0.12419555
931261,0.25494576
931262,0.26147103
931264,0.15312845
931265,0.13062426
931266,0.2653766
931267,0.18719773
931268,0.15140614
931269,0.15755017
931270,0.18307732
931271,0.13536859
931272,0.13706657
931273,0.15624532
931274,0.14413351
931275,0.13408123
931276,0.15001367
931277,0.18576129
931278,0.13269816
931279,0.109450005
931280,0.15424666
931281,0.16989541
931282,0.12304027
931283,0.22017054
931284,0.15885733
931720,0.038743548
931721,0.03610933
931741,0.012164915
931750,0.07787983
931751,0.07218829
931752,0.07756996
931753,0.06906521
931754,0.06601904
931755,0.06417779
931756,0.05310072
931757,0.061103236
931758,0.057499994
931759,0.05612942
931760,0.056957595
931762,0.022926807
931763,0.027491717
931768,0.022005562
931789,0.24153458
931810,0.13145033
931811,0.14297873
931834,0.11510646
931877,0.11008744
931882,0.35727578
931883,0.15619074
931884,0.1549754
931885,0.033817936
931891,0.027425846
931892,0.031895615
931893,0.028834658
931894,0.027103288
931895,0.027036056
931896,0.02659907
931897,0.02683385
931898,0.02683385
931910,0.15138012
931911,0.14315976
931912,0.13772282
931913,0.1213982
931914,0.11871391
931915,0.044556297
931916,0.11174091
931925,0.10703658
931926,0.087391235
931930,0.091384895
931931,0.084726654
931932,0.080507286
931933,0.07489453
931934,0.07418444
931935,0.07418444
931936,0.074806966
931937,0.072826184
931938,0.06610736
931947,0.067371145
931948,0.06487932
931949,0.032637738
931950,0.06471075
931951,0.06082763
931952,0.060317606
931953,0.060317606
931954,0.060262337
931955,0.031344663
931956,0.031890493
931957,0.031890493
931958,0.032480013
931959,0.032480013
931960,0.032480013
931961,0.032246202
931962,0.032165863
931963,0.032165863
931964,0.032165863
931965,0.059856623
931966,0.060750037
931967,0.06063491
931968,0.06188154
931969,0.033214457
931970,0.03293091
931971,0.061939675
931972,0.061920874
931973,0.06335415
931974,0.06335415
931975,0.06335415
931976,0.06335415
931977,0.062683165
931978,0.062683165
931979,0.060275972
931980,0.060275972
931981,0.060104713
931982,0.060104713
931983,0.057576433
931984,0.059470337
931985,0.05956692
931986,0.05956692
931987,0.05148698
931988,0.05943427
931989,0.05943427
931990,0.05910049
931991,0.058920674
931992,0.058920674
931993,0.06009597
931994,0.057493255
931995,0.051096585
931996,0.054054182
931997,0.054033015
931998,0.054033015
931999,0.05395624
932000,0.03024799
932001,0.03024799
932002,0.03024799
932003,0.027411098
932004,0.029493539
932049,0.24236165
932050,0.31112468
932051,0.3017807
932052,0.26898074
932053,0.2595757
932054,0.24779518
932055,0.15381834
932056,0.15261813
932057,0.145314
932080,0.21098818
932081,0.21943377
932082,0.13946176
932083,0.1939528
932084,0.13030724
932085,0.12966967
932086,0.12966967
932087,0.12966967
932103,0.15058765
932104,0.16758396
932105,0.16758396
932106,0.16719624
932107,0.16719624
932108,0.16229093
932109,0.16028434
932110,0.16028434
932111,0.15880346
932112,0.15201111
932113,0.14406341
932114,0.13003293
932115,0.13088398
932121,0.10151831
932128,0.089869104
932129,0.08430044
932130,0.080775216
932131,0.07105786
932132,0.06793023
932133,0.072680496
932134,0.06458277
932135,0.06267923
932136,0.04022363
932137,0.039261073
932138,0.04838988
932139,0.04213855
932140,0.040233064
932141,0.04050668
932148,0.06335252
932149,0.061577983
932150,0.061577983
932151,0.05577561
932152,0.036626276
932153,0.05577561
932159,0.05687155
932160,0.055629287
932161,0.054608937
932162,0.054092757
932163,0.054092757
932164,0.05404286
932165,0.05218481
932166,0.049300168
932167,0.04589726
932168,0.05100543
932169,0.044673454
932170,0.044673454
932171,0.044673454
932172,0.045401722
932173,0.039863672
932174,0.03538013
932177,0.046375517
932178,0.04442624
932179,0.04434059
932180,0.04495317
932181,0.04361988
932182,0.0434912
932183,0.04216165
932192,0.039723206
932222,0.025383394
932226,0.031278178
932228,0.039868332
932229,0.044950563
932249,0.04595338
932299,0.08299538
932300,0.26674724
932301,0.08111811
932302,0.23310332
932303,0.22456732
932304,0.21488242
932323,0.05545924
932324,0.062455766
932325,0.058955543
932346,0.041085668
932347,0.054245178
932383,0.035246257
932384,0.04508303
932385,0.04508303
932458,0.0748494
932459,0.07628263
932468,0.04250809
932469,0.068828486
932470,0.06631515
932471,0.06384339
932472,0.038534336
932473,0.0591399
932474,0.05581445
932475,0.05435958
932476,0.05516318
932483,0.021651676
932484,0.02868861
932485,0.028600506
932492,0.05618054
932493,0.047990337
932494,0.04605029
932495,0.04092595
932496,0.039388403
932497,0.038368806
932498,0.03817409
932499,0.038604543
932500,0.035917778
932501,0.03506034
932502,0.034776904
932505,0.030619929
932506,0.03002737
932512,0.028023148
932513,0.23113099
932514,0.22892404
932519,0.1722357
932520,0.20468982
932521,0.13350938
932522,0.24036746
932529,0.16855793
932530,0.16043688
932531,0.17672446
932532,0.175933
932538,0.13704745
932539,0.1407632
932540,0.15076885
932541,0.16655111
932640,0.19611894
932641,0.17976071
932642,0.17259729
932643,0.15453534
932646,0.10677805
932647,0.1429512
932648,0.13300413
932649,0.12900043
932650,0.119576186
932651,0.11933189
932652,0.11845086
932653,0.10734974
932654,0.10387881
932655,0.032465547
932678,0.010259466
932688,0.086545855
932689,0.08800345
932690,0.0845734
932691,0.075363524
932692,0.07206108
932693,0.069199644
932694,0.048073787
932695,0.053651646
932696,0.06153002
932697,0.05993563
932698,0.060816348
932699,0.05570763
932700,0.050733097
932755,0.23002075
932756,0.2280187
932757,0.22045048
932769,0.1410429
932770,0.18751243
932771,0.17995593
932782,0.112978496
932897,0.052877054
932898,0.046626933
932899,0.044628266
932900,0.039393485
932901,0.038091257
932902,0.036900297
932903,0.036528204
932904,0.032440934
932905,0.033172544
932906,0.032361925
932907,0.032099582
932908,0.052618183
932917,0.048295565
932918,0.045590725
932919,0.040235586
932920,0.038722925
932921,0.03628764
932922,0.037117116
932923,0.036027364
932924,0.033812772
932925,0.027648546
932926,0.032719802
932927,0.030522492
932928,0.008630504
933017,0.19786546
933018,0.16279449
933019,0.15778463
933020,0.14345938
933021,0.13761717
933033,0.125669
933034,0.11506216
933035,0.115311004
933041,0.026688112
933054,0.06334338
933055,0.035638962
933056,0.044207107
933057,0.04502237
933058,0.04532702
933067,0.029485732
933068,0.0700273
933069,0.04508987
933070,0.02744059
933071,0.042723496
933072,0.08408388
933123,0.06955893
933154,0.086003326
933155,0.080100864
933156,0.066138566
933157,0.045353748
933158,0.07682596
933194,0.06618921
933195,0.08481567
933196,0.1340754
933197,0.058277145
933198,0.042357933
933199,0.042326186
933200,0.046512283
933214,0.041309446
933215,0.08361746
933216,0.038984813
933217,0.04851999
933218,0.045532137
933219,0.06849694
933227,0.036426015
933228,0.04878847
933229,0.04356157
933230,0.045660615
933231,0.029471565
933241,0.040900916
933242,0.041122794
933243,0.04528752
933244,0.05339817
933245,0.03366012
933251,0.04850726
933252,0.02414075
933253,0.036215685
933254,0.030211102
933255,0.037144903
933256,0.039275534
933273,0.1697483
933274,0.1526838
933275,0.14823233
933276,0.13219905
933279,0.11414466
933280,0.12143645
933281,0.098496266
933282,0.10925117
933283,0.103120506
933284,0.09826262
933285,0.09751989
933286,0.08949584
933287,0.089824475
933288,0.089824475
933349,0.022975037
933405,0.05246877
933406,0.053639732
933407,0.051781263
933417,0.038367197
933418,0.042101543
933419,0.040167253
933420,0.039963786
933421,0.03892241
933422,0.036455173
933423,0.035276685
933434,0.026114918
933435,0.031360146
933436,0.02881352
933437,0.08131313
933452,0.061910205
933453,0.1577678
933454,0.055839017
933455,0.04921395
933459,0.14213648
933460,0.045343332
933461,0.04511489
933462,0.04471805
933463,0.041899454
933464,0.040552378
933465,0.040542416
933466,0.0950659
933467,0.08826795
933468,0.08806273
933469,0.087611035
933470,0.08833548
933471,0.035162315
933472,0.07732206
933473,0.07625132
933474,0.03168409
933475,0.03159885
933484,0.03329384
933485,0.032025434
933486,0.03174875
933487,0.03174875
933488,0.031718772
933495,0.072707124
933496,0.07271398
933497,0.07271398
933498,0.07400047
933499,0.0323159
933500,0.073862195
933508,0.073194765
933509,0.071719795
933510,0.071719795
933511,0.071719795
933512,0.06853186
933519,0.06717415
933520,0.06627138
933521,0.06727152
933522,0.06727152
933523,0.067077965
933524,0.06720867
933533,0.039504766
933534,0.040183872
933535,0.075837955
933536,0.040183872
933537,0.06720867
933538,0.06720867
933539,0.06059502
933540,0.068774246
933548,0.049871746
933549,0.050085578
933550,0.050085578
933551,0.049340587
933558,0.049111858
933559,0.050268732
933560,0.050268732
933561,0.050268732
933569,0.049111858
933570,0.050268732
933571,0.049983684
933572,0.049983684
933579,0.048833035
933580,0.050990373
933581,0.043968033
933582,0.043968033
933641,0.41539213
933642,0.35515708
933643,0.34740812
933644,0.31437397
933645,0.30711523
933646,0.31944722
933651,0.2957444
933652,0.2937674
933653,0.26718715
933656,0.2959628
933657,0.054060925
933658,0.050899792
933663,0.04800624
933664,0.04787959
933665,0.047361013
933666,0.047361013
933667,0.047751155
933668,0.0496923
933669,0.0500651
933670,0.049014457
933671,0.048884954
933672,0.041633464
933673,0.04055903
933674,0.04696427
933689,0.04373915
933690,0.04692062
933691,0.045622937
933692,0.045622937
933693,0.044502225
933694,0.044822324
933695,0.044698734
933696,0.044698734
933697,0.044698734
933698,0.044698734
933710,0.10496667
933711,0.096770264
933712,0.093071185
933713,0.08193218
933714,0.07836629
933715,0.07527479
933716,0.0745457
933720,0.07348553
933721,0.063492
933722,0.062074523
933723,0.062372677
933724,0.058162984
933725,0.0540165
933732,0.033886652
933735,0.054037802
933736,0.053457133
933737,0.053457133
933738,0.030703356
933739,0.030703356
933740,0.030703356
933741,0.15597378
933742,0.18082961
933745,0.14707223
933746,0.17414819
933747,0.17414819
933748,0.17400788
933749,0.16904448
933750,0.16904448
933751,0.16281135
933758,0.08015879
933759,0.087872095
933760,0.087872095
933768,0.08163562
933769,0.09112935
933770,0.09112935
933777,0.08163562
933814,0.11441371
933815,0.099246606
933816,0.09566986
933817,0.08424873
933834,0.14670491
933835,0.048625603
933836,0.19786847
933837,0.1538754
933838,0.068381645
933839,0.043646723
933840,0.17453629
933841,0.095269434
933842,0.058847528
933843,0.046571176
933884,0.04427984
933885,0.05270046
933886,0.046379186
933887,0.054766092
933888,0.08235711
933889,0.14242391
933890,0.048224088
933891,0.034248307
933892,0.041216854
933893,0.14031427
933894,0.07895894
933895,0.04066307
933896,0.032821573
933897,0.046243023
933898,0.052872043
933899,0.041407824
933900,0.049251232
933901,0.1380688
933902,0.047084957
933903,0.0802743
933905,0.081689365
933906,0.0802743
933907,0.080087274
933908,0.11509477
933909,0.04198671
933910,0.05478316
933911,0.12251851
933912,0.08143862
933913,0.042604838
933914,0.048361663
933915,0.048361663
933921,0.07700195
933922,0.076747686
933923,0.076747686
933924,0.076747686
933925,0.0699753
933926,0.06730818
933927,0.06730818
933944,0.06678832
933945,0.06730818
933946,0.066980675
933947,0.06776211
933948,0.06776211
933949,0.06776211
933960,0.3574846
933961,0.11238157
933962,0.10145822
933963,0.1006609
933964,0.33780637
933965,0.33780637
933966,0.34251985
933967,0.33157843
933968,0.3249542
933969,0.3249542
933970,0.32578313
933993,0.08906221
933994,0.09181396
933995,0.09126231
933996,0.09126231
933997,0.09126231
933998,0.09126231
933999,0.09126231
934000,0.09051485
934014,0.0871364
934015,0.08948872
934034,0.02945232
934035,0.028709399
934036,0.02785772
934037,0.025243875
934038,0.054560326
934222,0.043843046
934223,0.14468615
934234,0.096482545
934235,0.11380633
934236,0.10906562
934237,0.10425765
934272,0.060707442
934273,0.052742936
934279,0.0606532
934280,0.045284253
934281,0.042038597
934282,0.040006764
934283,0.039352253
934289,0.044188447
934290,0.035629023
934291,0.034754805
934292,0.035279397
934293,0.034449395
934299,0.03841594
934300,0.034929413
934301,0.034929413
934302,0.034929413
934312,0.038278468
934313,0.03187284
934314,0.03187284
934315,0.032138404
934316,0.032051984
934338,0.0351622
934339,0.031117467
934340,0.030549724
934341,0.030549724
934342,0.030606946
934354,0.028859908
934355,0.029559951
934400,0.007035917
934451,0.012708408
934545,0.1227722
934546,0.10774815
934547,0.10291682
934548,0.09231845
934549,0.08967664
934561,0.061191924
934562,0.08539414
934563,0.0811144
934583,0.017103225
934687,0.071862034
934688,0.062382873
934689,0.057861585
934790,0.01895492
934893,0.22883636
934894,0.19696209
934895,0.1896328
934896,0.16407354
934897,0.14132847
934898,0.15088496
934899,0.13984588
934900,0.13406338
934901,0.09320899
934905,0.07885539
934906,0.086309396
934907,0.07982691
934910,0.06169898
934911,0.06974102
934929,0.10256445
934930,0.111203544
934931,0.10596611
934932,0.0949436
934934,0.06825457
934941,0.056976568
934969,0.18213107
934970,0.1637427
934971,0.15829544
934972,0.13563408
934979,0.11630042
934980,0.12240319
934981,0.113546744
934982,0.10782347
934992,0.07444261
934993,0.09758874
934994,0.096850574
935000,0.09607097
935001,0.084337175
935002,0.07542001
935003,0.066910036
935004,0.063092224
935005,0.05918415
935006,0.057655863
935007,0.05038059
935008,0.04977957
935009,0.048393834
935098,0.16374306
935099,0.13864398
935109,0.12304287
935110,0.117116876
935111,0.1103064
935112,0.1065101
935113,0.09834162
935114,0.095858775
935126,0.065487064
935140,0.122302316
935141,0.13779175
935142,0.1291924
935145,0.09424862
935146,0.100508034
935147,0.057467416
935148,0.05690019
935149,0.09166769
935162,0.058280967
935163,0.07252295
935217,0.047791578
935218,0.096358605
935219,0.045080744
935220,0.042763267
935239,0.012586869
935243,0.51679265
935246,0.45706156
935247,0.48426315
935248,0.44929528
935249,0.43626592
935250,0.4179242
935251,0.40745467
935252,0.39698842
935253,0.36286762
935256,0.30310395
935257,0.35704842
935258,0.345837
935259,0.32542017
935260,0.32516062
935261,0.3202687
935262,0.32427472
935263,0.32427472
935267,0.19322121
935277,0.18651636
935467,0.05676112
935468,0.046924893
935469,0.046726
935470,0.039472982
935471,0.036858946
935472,0.03554327
935473,0.03429214
935478,0.031706408
935479,0.03127454
935480,0.030508837
935481,0.030261043
935482,0.06660925
935483,0.02056896
935497,0.15143546
935499,0.050087698
935500,0.04287322
935501,0.037765227
935502,0.035543654
935503,0.03427326
935504,0.03344854
935505,0.037274927
935506,0.032039464
935507,0.031122876
935508,0.030870251
935509,0.029374408
935510,0.029579133
935511,0.028419953
935512,0.029129298
935513,0.029195681
935514,0.059788473
935515,0.025033358
935516,0.019938452
935517,0.024903515
935529,0.059675142
935530,0.04942229
935531,0.0475736
935532,0.042156115
935535,0.03909591
935536,0.03785512
935537,0.03694751
935538,0.035829473
935539,0.03365889
935540,0.03284805
935592,0.04778435
935606,0.04243069
935607,0.049218643
935608,0.044360224
935609,0.04247507
935619,0.032289837
935620,0.041052673
935621,0.040253155
935622,0.037036743
935634,0.027942088
935635,0.036476117
935636,0.032501042
935656,0.019546242
935657,0.029203702
935658,0.02803931
935684,0.052204214
935685,0.15593866
935686,0.1845171
935687,0.166187
935688,0.15959163
935689,0.15388842
935690,0.14330755
935691,0.140809
935692,0.13065141
935693,0.10238873
935694,0.12863675
935695,0.11685271
935696,0.11199826
935697,0.11174462
935702,0.07504954
935703,0.10889196
935704,0.10889196
935705,0.098203294
935710,0.055880357
935727,0.047523092
935732,0.042847913
935733,0.04021247
935734,0.0353422
935735,0.03298667
935736,0.108951114
935737,0.030948287
935738,0.030006131
935739,0.028090283
935747,0.022084141
935880,0.048023373
935881,0.042197224
935884,0.040889986
935885,0.035690937
935886,0.03331297
935887,0.031925067
935888,0.031155033
935896,0.02705647
935897,0.028278492
935957,0.17241697
935958,0.1462574
935959,0.14167036
935960,0.11986268
935961,0.09751099
935962,0.10491215
935963,0.09233352
935964,0.08969559
935965,0.06326086
936006,0.2118434
936007,0.1716405
936008,0.16674498
936009,0.1454761
936028,0.14018863
936029,0.12672988
936041,0.11545735
936042,0.110637866
936043,0.1044384
936044,0.10310242
936045,0.102327265
936046,0.09647345
936047,0.09831106
936048,0.098085
936049,0.0975874
936050,0.0975874
936051,0.0975874
936052,0.08685107
936053,0.08383827
936055,0.066613525
936056,0.083150126
936057,0.083150126
936058,0.07920154
936182,0.04031946
936183,0.090685874
936184,0.08538875
936194,0.05128543
936205,0.042619515
936206,0.039870203
936207,0.03848183
936208,0.03444704
936209,0.027426394
936210,0.14324285
936211,0.12360075
936212,0.119898096
936213,0.099887505
936214,0.09074676
936215,0.08744554
936216,0.06949031
936217,0.0748102
936218,0.070240825
936219,0.06830849
936220,0.05046102
936231,0.18445173
936232,0.20871624
936233,0.18888576
936234,0.17490737
936235,0.16012278
936236,0.15472716
936237,0.13709074
936238,0.13347258
936239,0.12640539
936240,0.12560767
936241,0.12468691
936245,0.078297384
936262,0.04144475
936263,0.048805345
936270,0.0384354
936271,0.047428925
936273,0.012246955
936311,0.011819033
936417,0.26972476
936433,0.25056425
936434,0.2202916
936435,0.19378099
936436,0.17774469
936437,0.17004867
936453,0.055457722
936454,0.045594946
936455,0.04286448
936456,0.041651532
936457,0.04227566
936473,0.04377222
936474,0.0386468
936475,0.03855207
936476,0.03855207
936477,0.03888814
936478,0.03888814
936479,0.102904
936498,0.038182836
936499,0.03497171
936500,0.03487795
936501,0.03487795
936514,0.0332517
936515,0.03243022
936516,0.03243022
936517,0.03249085
936547,0.051834278
936548,0.05865858
936550,0.043506626
936551,0.050303653
936552,0.048521567
936553,0.04714596
936554,0.032505304
936555,0.04113055
936562,0.05527536
936563,0.04668618
936564,0.05814179
936565,0.05163043
936566,0.049404036
936567,0.03411529
936568,0.046618637
936569,0.043334674
936600,0.18699965
936601,0.17358972
936602,0.1683145
936603,0.14287849
936617,0.10021751
936618,0.1258741
936622,0.0893347
936627,0.07047154
936628,0.07316846
936629,0.07030134
936633,0.059224706
936634,0.061828267
936635,0.060230035
936636,0.059637263
936637,0.052300002
936638,0.047777515
936639,0.053557027
936640,0.047966648
936641,0.052732684
936642,0.041792512
936643,0.050775193
936644,0.03749442
936645,0.049042236
936646,0.049042236
936647,0.026599834
936648,0.023842564
936758,0.18577053
936767,0.14296241
936768,0.1502036
936769,0.12697677
936770,0.1167471
936771,0.11315117
936772,0.0996947
936773,0.09686891
936774,0.091084845
936775,0.09009692
936776,0.08940979
936778,0.07685156
936779,0.062077492
936780,0.059748422
936781,0.052227613
936782,0.048902504
936783,0.059729625
936784,0.0456395
936785,0.0451031
936786,0.04240079
936787,0.04120039
936788,0.050824195
936789,0.039993234
936790,0.041617036
936791,0.041208383
936792,0.041208383
936793,0.049513757
936794,0.04156661
936795,0.037881136
936796,0.0373488
936797,0.044395823
936798,0.03724891
936799,0.038485523
936800,0.042424813
936801,0.03667473
936802,0.03667473
936803,0.03664028
936804,0.03665233
936811,0.041246343
936812,0.03676651
936813,0.037442684
936814,0.037442684
936815,0.037442684
936817,0.042131428
936818,0.037442684
936819,0.037442684
936820,0.037442684
936821,0.03764755
936822,0.039339557
936823,0.03533824
936824,0.03492694
936825,0.03492694
936826,0.03492694
936827,0.030939959
936828,0.033473715
936829,0.03305411
936830,0.03258731
936831,0.03217584
936832,0.029737288
936833,0.03217584
936834,0.03217584
936835,0.029715758
936836,0.029715758
936837,0.02640097
936910,0.1652524
936911,0.20154521
936912,0.1737382
936913,0.149417
936929,0.10403848
936930,0.1264285
936931,0.10608624
936932,0.10060943
937036,0.052052952
937037,0.046748742
937038,0.045078956
937039,0.040520478
937045,0.030373871
937046,0.036766358
937047,0.035975408
937080,0.019312799
937103,0.15584277
937104,0.14223991
937105,0.13700715
937106,0.117040746
937107,0.107325725
937108,0.1025723
937109,0.08898017
937110,0.08112314
937111,0.08155661
937118,0.060269486
937119,0.07930764
937120,0.07347915
937127,0.05225449
937138,0.006607066
937158,0.20347922
937159,0.17779717
937168,0.13856007
937169,0.14411624
937170,0.13825148
937171,0.13319004
937172,0.12382405
937173,0.12365041
937174,0.11595962
937175,0.11572174
937176,0.114863865
937177,0.10626845
937178,0.10289682
937179,0.10355063
937180,0.10252184
937181,0.076944984
937188,0.06704952
937189,0.069251046
937190,0.06680412
937191,0.06580815
937205,0.0458285
937239,0.077901475
937240,0.080002
937241,0.077546984
937242,0.07002759
937243,0.066942036
937244,0.064269796
937290,0.05725654
937291,0.06150038
937292,0.058050387
937293,0.056832377
937294,0.05638322
937295,0.05294837
937296,0.048972502
937305,0.057640776
937306,0.071654454
937307,0.07121107
937312,0.049776144
937313,0.12431071
937314,0.12880908
937315,0.12285701
937322,0.09196622
937323,0.10670518
937324,0.10231588
937325,0.10135356
937333,0.07494783
937334,0.086022876
937349,0.020774981
937527,0.06836279
937539,0.042056758
937540,0.05874164
937541,0.053106416
937556,0.062079478
937557,0.06824291
937558,0.05265242
937559,0.06244078
937560,0.059835378
937561,0.05777946
937674,0.07713811
937675,0.06630756
937676,0.04284285
937678,0.0365477
937679,0.034694016
937680,0.045699894
937690,0.034595206
937695,0.065906644
937696,0.055824872
937697,0.06847105
937715,0.0452875
937716,0.058353007
937717,0.05634497
937718,0.055788167
937951,0.05370416
937952,0.077922
937953,0.04128163
937959,0.038694847
937960,0.03477026
937961,0.033865996
937962,0.03313576
937971,0.034261163
937972,0.030722193
937973,0.029915968
937980,0.03144765
937981,0.027615555
937982,0.026208328
937983,0.025946887
937984,0.026068255
937988,0.025863413
937989,0.026298478
937990,0.023307968
937991,0.023307968
937992,0.023307968
937993,0.022318408
937994,0.02324471
937995,0.02263363
938000,0.021602787
938001,0.023924455
938002,0.02390168
938003,0.023225125
938004,0.023225125
938006,0.019937908
938007,0.022467257
938008,0.02241301
938009,0.01986414
938010,0.02241301
938011,0.02241301
938012,0.02241301
938013,0.020038946
938063,0.1577725
938064,0.13858815
938073,0.09002625
938074,0.118451096
938075,0.11379227
938096,0.06340446
938105,0.038254708
938106,0.044292435
938107,0.04281849
938108,0.038525928
938112,0.026503358
938120,0.023933731
938121,0.035401046
938174,0.03288988
938175,0.038293798
938184,0.02471689
938185,0.032444548
938213,0.15972874
938214,0.16308399
938219,0.1361582
938220,0.14708045
938221,0.14111494
938222,0.13596512
938223,0.12643239
938229,0.09397831
938234,0.08695708
938238,0.08338306
938239,0.11722487
938240,0.10433251
938241,0.09828753
938242,0.098061524
938243,0.1344379
938244,0.039520204
938333,0.15893339
938334,0.16510075
938335,0.040047366
938336,0.035498265
938341,0.12431189
938342,0.13754027
938343,0.14150794
938344,0.14088129
938345,0.108898655
938346,0.12486957
938347,0.1245466
938348,0.11181468
938349,0.08231255
938350,0.08044187
938351,0.10266357
938352,0.10287977
938353,0.18064667
938354,0.17614357
938355,0.17235819
938356,0.16339123
938357,0.15062062
938358,0.14658543
938359,0.14947496
938360,0.16251549
938361,0.1473016
938362,0.14418283
938366,0.14516121
938367,0.12293904
938368,0.063770086
938369,0.06315825
938370,0.0628255
938371,0.06335922
938372,0.06335922
938373,0.05444025
938374,0.053667944
938375,0.053667944
938376,0.053526834
938377,0.1032913
938378,0.09499194
938379,0.09945653
938380,0.09945653
938381,0.09936918
938382,0.0967682
938383,0.0967682
938384,0.086521335
938385,0.09479337
938386,0.09479853
938387,0.08493999
938388,0.09479853
938389,0.09479853
938390,0.08493999
938432,0.48338673
938433,0.42059198
938434,0.41268283
938435,0.3864087
938436,0.37840566
938437,0.36830974
938438,0.35782948
938439,0.37087396
938440,0.35455686
938442,0.29905203
938443,0.34371245
938449,0.2528469
938450,0.28970778
938451,0.28856254
938452,0.2813291
938453,0.2799796
938454,0.20653449
938469,0.042266484
938470,0.21736601
938471,0.19538927
938472,0.19821183
938478,0.17217949
938479,0.18821475
938480,0.19331665
938484,0.16767988
938485,0.18129817
938486,0.17760958
938487,0.17355902
938488,0.12736976
938489,0.14758775
938490,0.14568727
938491,0.14200932
938492,0.10277171
938493,0.14119679
938494,0.14557558
938495,0.16302578
938496,0.15812965
938497,0.14535113
938498,0.10177502
938704,0.17193934
938705,0.05528643
938706,0.054167338
938707,0.047453467
938708,0.044335324
938714,0.03974955
938715,0.04046382
938716,0.03924371
938717,0.03676041
938778,0.049755704
938780,0.039926197
938781,0.045063216
938782,0.040367343
938880,0.062046725
938881,0.051054336
938882,0.061546717
938883,0.044596948
938884,0.059835065
938885,0.12955818
938886,0.047436096
938898,0.032735743
938899,0.03773466
938900,0.03709598
938909,0.02575485
938910,0.03081965
938921,0.009056171
939011,0.01107534
939033,0.0734688
939034,0.14508604
939035,0.13656408
939071,0.03149088
939086,0.12963587
939087,0.13748409
939095,0.085268155
939096,0.07263203
939144,0.20450844
939145,0.18742149
939146,0.18095139
939147,0.16090624
939148,0.15584888
939149,0.14923559
939150,0.1382977
939151,0.13411917
939152,0.12714738
939161,0.049347725
939162,0.12342287
939163,0.05043463
939164,0.04834884
939165,0.047877397
939171,0.05249049
939172,0.050308917
939173,0.050308917
939174,0.045355007
939175,0.045355007
939176,0.045355007
939184,0.16162759
939185,0.16171375
939186,0.15513411
939187,0.15396298
939194,0.1520442
939195,0.15383595
939196,0.15388037
939197,0.15388037
939198,0.15388037
939199,0.15388037
939200,0.15388037
939210,0.14805932
939211,0.1509579
939212,0.1509579
939213,0.1509579
939214,0.04422036
939215,0.04504754
939216,0.04352148
939217,0.043437496
939226,0.033894222
939227,0.04241104
939228,0.042285766
939229,0.041084774
939230,0.041323498
939243,0.031774756
939244,0.041323498
939256,0.06856867
939257,0.07088402
939258,0.06826456
939259,0.060692586
939260,0.058099363
939261,0.049881946
939262,0.053977046
939263,0.052191887
939264,0.049236678
939265,0.04805302
939266,0.04766974
939267,0.04432987
939268,0.042082075
939269,0.0368847
939270,0.041005533
939271,0.040743474
939272,0.040743474
939513,0.13097164
939556,0.11332798
939557,0.09715879
939558,0.08595974
939559,0.08238159
939560,0.07931777
939579,0.086371966
939580,0.07592304
939581,0.07169799
939582,0.070014134
939583,0.07103175
939584,0.066852815
939597,0.062138434
939598,0.05958535
939599,0.05958535
939600,0.05958535
939606,0.061881203
939607,0.05417422
939608,0.05417422
939609,0.05461512
939610,0.05447166
939617,0.05804339
939618,0.053153466
939619,0.05249659
939620,0.05249659
939621,0.05244808
939630,0.04982705
939631,0.0501037
939632,0.0501037
939633,0.051012173
939634,0.050604757
939635,0.050604757
939636,0.050604757
939643,0.050325483
939644,0.050604757
939645,0.050604757
939646,0.1324032
939647,0.050555844
939648,0.050459
939649,0.050210405
939660,0.14113575
939661,0.15000492
939662,0.14946982
939663,0.14946982
939670,0.13997293
939671,0.16525014
939672,0.16525014
939673,0.16525014
939681,0.15436606
939682,0.16525014
939683,0.1611854
939692,0.14900629
939693,0.16024503
939694,0.16024503
939695,0.15526855
939696,0.15487184
939798,0.30674645
939799,0.23760015
939800,0.2292695
939823,0.20437564
939824,0.20310298
939825,0.19658087
939826,0.1829187
939827,0.1799415
939828,0.17105824
939843,0.16064042
939844,0.17033598
939845,0.16194123
939846,0.16008335
939847,0.1610353
939857,0.1745334
939867,0.1745334
939868,0.19069363
939869,0.181247
939870,0.17901632
939888,0.1603107
939889,0.17986888
939890,0.18493082
939891,0.18001792
939892,0.17830083
939908,0.14561276
939909,0.17428194
939910,0.17359751
939911,0.17359751
939912,0.17223443
939923,0.14541759
939924,0.17397852
939925,0.17397852
939926,0.17397852
939927,0.17397852
939928,0.17397852
939929,0.17292388
939930,0.17577653
939931,0.17569375
939932,0.1754015
939933,0.17410143
939934,0.17017582
939935,0.16974005
939946,0.105166726
939975,0.032214772
940314,0.19120069
940315,0.16236536
940316,0.15657943
940321,0.11304656
940322,0.13518229
940323,0.13055271
940324,0.121187955
940325,0.11987515
940326,0.113224104
940327,0.11222679
940333,0.07313114
940334,0.09176731
940335,0.08612991
940336,0.0853231
940337,0.0835925
940381,0.0545452
940382,0.272456
940383,0.23014013
940384,0.053628046
940408,0.15704267
940409,0.18551901
940412,0.16183892
940413,0.28305817
940414,0.13345987
940415,0.115114614
940416,0.12100603
940417,0.17312306
940418,0.30384457
940419,0.091671675
940474,0.12534976
940475,0.10628786
940476,0.100581974
940477,0.092404194
940481,0.06749877
940506,0.083069935
940507,0.093611225
940508,0.08663231
940541,0.09813181
940542,0.10674527
940543,0.09921889
940544,0.08988995
940784,0.45205495
940785,0.0500092
940786,0.047979675
940793,0.04483573
940794,0.04489743
940795,0.042962305
940796,0.042044464
940797,0.041673455
940798,0.03903892
940807,0.03387294
940808,0.03826119
940809,0.03476082
940810,0.033001844
940821,0.027873978
940822,0.032674912
940823,0.032961506
940824,0.032961506
940825,0.021352759
940826,0.028121578
940827,0.027685206
940828,0.027610421
940829,0.020222511
940830,0.12946174
940831,0.2325241
940832,0.22394976
940833,0.19996662
940834,0.09194317
940835,0.0875486
940836,0.086938955
940837,0.083305344
940838,0.07236667
940839,0.068583764
940840,0.068583764
940841,0.06687703
940842,0.0650282
940843,0.06440512
940844,0.061926726
940845,0.055636186
940846,0.062063076
940847,0.052894708
940982,0.0545892
940983,0.046863995
940984,0.045280244
940985,0.041140746
940986,0.03938677
940988,0.03156761
940989,0.038179114
940990,0.0375621
940991,0.032224834
940992,0.031597648
940993,0.0313413
940994,0.03642225
940995,0.0344524
940996,0.034688123
940997,0.034131795
941000,0.024325028
941001,0.03440589
941002,0.030595576
941038,0.06966945
941039,0.20446916
941040,0.19905102
941041,0.1678025
941042,0.17073789
941043,0.15465774
941045,0.14926594
941046,0.140738
941047,0.13310446
941048,0.12991218
941049,0.12896447
941050,0.12246927
941051,0.11862361
941052,0.11835698
941053,0.117200315
941054,0.11651047
941055,0.11651047
941056,0.09854654
941057,0.07252134
941058,0.06929735
941185,0.19899102
941186,0.16893932
941187,0.10178386
941195,0.11809453
941196,0.1387133
941197,0.13265972
941204,0.09855291
941205,0.061184913
941227,0.14617273
941228,0.11332636
941229,0.36121273
941230,0.32919592
941232,0.39534107
941233,0.31581464
941234,0.32027346
941235,0.31191823
941236,0.28418356
941237,0.2790093
941238,0.275089
941239,0.2591291
941240,0.25529698
941241,0.25096226
941242,0.25096226
941243,0.0805809
941244,0.0805809
941245,0.070220016
941246,0.22834267
941247,0.22834267
941248,0.25869358
941249,0.25991806
941250,0.29337943
941251,0.27532896
941252,0.27532896
941253,0.27494338
941254,0.27399486
941255,0.27399486
941256,0.27399486
941257,0.26860598
941258,0.26860598
941259,0.26860598
941260,0.26860598
941261,0.26860598
941262,0.3173085
941263,0.26716328
941264,0.26646408
941265,0.26340982
941266,0.26301822
941267,0.21093276
941268,0.21008655
941269,0.20878974
941270,0.20895517
941271,0.20895517
941272,0.20895517
941273,0.20895517
941274,0.2635383
941275,0.2635383
941276,0.2635383
941277,0.26752993
941278,0.25616854
941279,0.2624358
941280,0.25484237
941281,0.25484237
941282,0.2518593
941283,0.2518593
941284,0.2518593
941285,0.2518593
941286,0.2518593
941287,0.2518593
941288,0.25573838
941289,0.26199883
941290,0.25573838
941400,0.050518367
941410,0.031268746
941411,0.042017076
941417,0.026708273
941418,0.03675612
941490,0.008703268
941616,0.120240964
941617,0.10309544
941651,0.093228966
941652,0.086181596
941662,0.031129662
941663,0.073787935
941664,0.029571716
941665,0.028670225
941666,0.026837314
941672,0.021093262
941683,0.0067713573
941770,0.043318406
941771,0.037019305
941772,0.03587654
941773,0.032840673
941777,0.021800773
941778,0.029983586
941791,0.039256457
941792,0.045636225
941793,0.03546914
941815,0.027671726
941816,0.03767443
941817,0.036350515
941867,0.036385033
941868,0.042871874
941876,0.028251382
941877,0.03700541
941887,0.008852684
941890,0.008823974
941993,0.21339633
941995,0.1956178
941996,0.14353496
941997,0.12902847
941998,0.12117103
941999,0.11410342
942009,0.14871511
942010,0.10869748
942011,0.091490105
942012,0.20381774
942013,0.089253575
942014,0.08710841
942015,0.085526526
942016,0.085327104
942017,0.085327104
942018,0.08603444
942033,0.101450115
942034,0.074663796
942035,0.074663796
942036,0.074663796
942037,0.074471824
942051,0.09133292
942052,0.18721798
942053,0.16370407
942054,0.07270165
942055,0.072635904
942056,0.072635904
942057,0.072635904
942058,0.072635904
942059,0.07392112
942067,0.02906797
942068,0.029316608
942069,0.024380589
942070,0.024380589
942078,0.024822107
942079,0.025057198
942080,0.02425148
942085,0.023755318
942086,0.024104245
942091,0.36376017
942092,0.32748333
942093,0.031091673
942094,0.024620706
942095,0.024620706
942096,0.032283437
942108,0.19051647
942109,0.22867301
942110,0.22867301
942111,0.39528653
942112,0.1909205
942113,0.18411754
942114,0.21691863
942115,0.12580712
942116,0.32158
942117,0.16614786
942118,0.31909928
942119,0.12517442
942120,0.3901997
942121,0.11852795
942122,0.19062707
942123,0.14999795
942124,0.21935654
942125,0.21935654
942126,0.1591822
942127,0.16607705
942128,0.211095
942129,0.17946436
942130,0.11650922
942131,0.24153201
942132,0.16163288
942133,0.05778053
942134,0.07447368
942135,0.049991
942136,0.04210428
942137,0.04210428
942138,0.04210428
942139,0.060650133
942140,0.058167435
942141,0.026607107
942142,0.049849518
942143,0.040038012
942144,0.043560687
942145,0.042434268
942146,0.035771854
942147,0.13270539
942148,0.0345921
942149,0.025385883
942150,0.032562688
942151,0.02984472
942174,0.009653002
942231,0.008301685
942383,0.052573524
942384,0.04012143
942385,0.038886767
942386,0.034376644
942387,0.032806523
942388,0.03508531
942389,0.031697184
942411,0.03227818
942412,0.028264232
942413,0.027584272
942414,0.028366335
942415,0.0256796
942416,0.024368552
942417,0.024307936
942442,0.022894405
942443,0.022813482
942475,0.07734919
942476,0.08035342
942477,0.07924431
942478,0.07924431
942479,0.07904157
942496,0.06663854
942497,0.07803891
942498,0.0769783
942499,0.0769783
942500,0.07684104
942501,0.07442837
942502,0.07442837
942503,0.07241246
942504,0.072918
942505,0.07275101
942506,0.07275101
942507,0.07275101
942508,0.07275101
942536,0.051516656
942537,0.067431375
942547,0.047888257
942881,0.17403507
942909,0.22190438
942910,0.22688782
942911,0.20518376
942912,0.19873679
942921,0.16779982
942938,0.021235058
942939,0.026284115
942955,0.018300913
942956,0.023517713
942957,0.023876887
942958,0.02134828
942959,0.020459479
942989,0.18657058
942990,0.04061172
942991,0.20071551
942992,0.21963076
942993,0.14435934
942994,0.16848545
943006,0.2038297
943007,0.14297329
943008,0.46904448
943009,0.19791879
943010,0.17312004
943011,0.24162313
943012,0.17499307
943013,0.18623434
943014,0.19453076
943015,0.42846605
943016,0.12857942
943021,0.31076092
943022,0.17240779
943023,0.21336246
943024,0.158428
943025,0.3865631
943026,0.38690978
943027,0.2162279
943030,0.18920442
943031,0.15316813
943032,0.15673833
943033,0.19397613
943034,0.38365012
943035,0.29496267
943036,0.1482654
943037,0.19718409
943038,0.12907247
943039,0.19718409
943040,0.10431883
943041,0.28133017
943042,0.3337764
943043,0.16578582
943044,0.23856594
943045,0.14543858
943046,0.32924506
943047,0.1535969
943048,0.32288507
943049,0.21950237
943050,0.34816626
943051,0.2289047
943052,0.17461757
943053,0.13810304
943059,0.21193875
943076,0.035194464
943077,0.15852028
943078,0.15559955
943079,0.12943387
943080,0.11390795
943081,0.1082854
943082,0.104152486
943093,0.10940004
943094,0.09443671
943095,0.08905426
943096,0.08864008
943097,0.087962985
943098,0.08413615
943115,0.09517838
943116,0.028414877
943117,0.028944656
943118,0.02919952
943127,0.031983368
943128,0.07092851
943129,0.028319256
943130,0.028319256
943131,0.028242806
943143,0.059885982
943144,0.059183855
943145,0.051658686
943146,0.04797598
943147,0.04656749
943148,0.040893335
943155,0.036697984
943156,0.03641147
943157,0.036932454
943158,0.040555283
943159,0.040791053
943166,0.05000065
943167,0.039559174
943168,0.039472647
943169,0.03793577
943170,0.03760382
943171,0.03293415
943172,0.054223314
943173,0.050970256
943174,0.050970256
943182,0.049938373
943183,0.051018704
943184,0.05074487
943185,0.05084874
943186,0.051284157
943192,0.051152784
943193,0.052397724
943194,0.052218027
943195,0.051704947
943196,0.049352277
943197,0.049247313
943202,0.041211013
943203,0.04288948
943204,0.042371556
943205,0.04272244
943206,0.041474592
943207,0.041474592
943222,0.03485913
943223,0.041474592
943224,0.041131094
943225,0.036240786
943226,0.029053157
943232,0.034823127
943233,0.0427312
943234,0.027254585
943235,0.038636304
943241,0.031103881
943242,0.028150732
943243,0.03894312
943244,0.026356509
943245,0.07275437
943249,0.033740137
943250,0.036888435
943251,0.03990765
943252,0.027952528
943253,0.036773376
943254,0.0391237
943255,0.035752837
943256,0.04684779
943257,0.02707593
943258,0.038786225
943260,0.023411123
943261,0.039753526
943262,0.020724602
943263,0.04836672
943264,0.029788712
943265,0.031696036
943266,0.060368642
943267,0.033169355
943268,0.020487197
943269,0.033855803
943270,0.031581268
943271,0.048736073
943272,0.023065891
943273,0.02550222
943274,0.04077946
943275,0.03495643
943308,0.20798592
943309,0.1895827
943310,0.18253252
943311,0.16124472
943312,0.08143807
943313,0.15094279
943334,0.031869218
943384,0.16619773
943385,0.13752002
943386,0.20978759
943387,0.15643032
943400,0.1156291
943401,0.14391018
943402,0.12833509
943403,0.11012003
943404,0.103934
943431,0.024504593
943589,0.08629501
943590,0.032151483
943591,0.057457946
943592,0.059640072
943593,0.056984164
943594,0.055207085
943595,0.04304995
943596,0.051922474
943597,0.04867752
943630,0.06217814
943631,0.066533685
943632,0.063684806
943638,0.04207779
943639,0.05396466
943640,0.052099288
943641,0.050744087
943701,0.059413727
943702,0.046426333
943721,0.06195459
943722,0.04965173
943723,0.03822856
943724,0.03713156
943730,0.05175901
943735,0.05109158
943736,0.037132397
943751,0.038622446
943752,0.036138285
943780,0.034782972
943781,0.031095587
943782,0.031126756
943783,0.03147139
943795,0.032911878
943807,0.032911878
943808,0.028569464
943809,0.028569464
943840,0.02643134
943841,0.027121115
943861,0.08386928
943862,0.07116365
943863,0.06991798
943864,0.023062143
943865,0.022894021
943866,0.06926591
943885,0.07552854
943886,0.068945065
943887,0.06942821
943888,0.069268614
943889,0.069268614
943890,0.069268614
943895,0.07491846
943896,0.069268614
943897,0.069268614
943904,0.06473374
943917,0.062125467
944104,0.25141048
944105,0.20602942
944106,0.19806553
944107,0.17261206
944108,0.17085871
944114,0.15142347
944115,0.14454585
944116,0.14165033
944126,0.06357818
944127,0.057238623
944129,0.061292034
944130,0.05389339
944131,0.050653566
944132,0.050160825
944135,0.052312743
944136,0.051472474
944137,0.051472474
944138,0.045861267
944139,0.045861267
944140,0.045861267
944144,0.046585374
944145,0.04573969
944146,0.04472182
944147,0.04434047
944148,0.04323859
944149,0.044299144
944150,0.08738936
944151,0.044313602
944152,0.044313602
944153,0.045122072
944154,0.04543218
944155,0.046587255
944156,0.046587255
944157,0.046587255
944158,0.046587255
944159,0.04543218
944160,0.046965178
944161,0.04693961
944162,0.046849355
944163,0.047505844
944164,0.045383897
944165,0.061308
944166,0.045406133
944167,0.045406133
944168,0.045406133
944169,0.086088724
944170,0.08760564
944171,0.09876255
944172,0.09876255
944173,0.09876255
944174,0.06214694
944175,0.09367634
944176,0.09308612
944177,0.08161581
944178,0.020759944
944239,0.28118935
944240,0.23733146
944241,0.22900738
944242,0.20873423
944243,0.20085704
944244,0.20142421
944245,0.18049543
944246,0.1791948
944247,0.17034079
944248,0.16993846
944261,0.14618005
944262,0.16343044
944263,0.15307021
944271,0.15119727
944278,0.04428063
944279,0.051575378
944280,0.051575378
944281,0.04487778
944282,0.04487778
944284,0.032565482
944285,0.044075865
944286,0.044075865
944297,0.03653444
944298,0.041595265
944308,0.036045443
944309,0.039925013
944546,0.17597389
944556,0.047026277
944557,0.055887643
944558,0.049324386
944559,0.12543477
944560,0.035754234
944566,0.03315717
944583,0.05082615
944584,0.054418355
944585,0.05096659
944586,0.046307366
944676,0.012878367
944705,0.046408754
944706,0.19352074
944707,0.14890833
944749,0.011679418
944752,0.18784699
944753,0.20866509
944754,0.19249134
944755,0.14114814
944756,0.16651605
944757,0.15636563
944758,0.108882844
944875,0.07541406
944876,0.09757969
944884,0.091819055
944885,0.07736176
944886,0.07341503
944887,0.068626866
944888,0.0692435
944889,0.06517579
944911,0.050054274
944912,0.05313564
944913,0.05313564
944914,0.051212873
944924,0.040515874
945000,0.011184853
945025,0.2970847
945026,0.25189495
945027,0.24347585
945028,0.21188465
945029,0.19703999
945035,0.19221444
945036,0.17430574
945037,0.16769117
945038,0.14263932
945039,0.13953981
945040,0.13953981
945041,0.13624786
945042,0.13021626
945043,0.1290549
945044,0.12780887
945047,0.11394268
945048,0.1247111
945049,0.10391408
945050,0.098034725
945051,0.07419633
945109,0.34303096
945110,0.28802067
945111,0.27832317
945116,0.3190883
945123,0.41133758
945124,0.3435901
945125,0.35229868
945126,0.34172508
945127,0.30121613
945128,0.29685
945133,0.32595462
945134,0.28156078
945135,0.27873793
945136,0.27761906
945137,0.27761906
945138,0.27761906
945139,0.27761906
945140,0.25274268
945141,0.25274268
945148,0.26679623
945149,0.24900775
945150,0.24900775
945151,0.24394381
945152,0.24121831
945153,0.24121831
945154,0.24157186
945155,0.23652978
945156,0.23652978
945277,0.06418128
945439,0.065192915
945447,0.06427163
945448,0.04932833
945449,0.04385599
945450,0.042213213
945451,0.04089885
945452,0.039822757
945454,0.048232295
945455,0.036980815
945456,0.035998154
945457,0.036540803
945458,0.03475824
945461,0.03931411
945462,0.034144964
945463,0.034144964
945470,0.038896926
945471,0.034443993
945472,0.030556297
945473,0.033842117
945474,0.030556297
945475,0.030473998
945476,0.030473998
945477,0.03336054
945478,0.03058391
945479,0.03058391
945480,0.030286279
945481,0.029466122
945482,0.028945789
945483,0.02540466
945484,0.025591075
945545,0.06330055
945546,0.047847625
945547,0.058784984
945548,0.049687255
945549,0.047587
945550,0.046234358
945553,0.049082283
945562,0.048733387
945563,0.04202034
945564,0.041210625
945565,0.040879577
945567,0.03913614
945568,0.035340875
945569,0.03525395
945570,0.03525395
945574,0.036390707
945575,0.03525395
945576,0.032055773
945577,0.032055773
945594,0.03299428
945595,0.03196957
945596,0.03196957
945597,0.031277448
945613,0.031801414
945614,0.03240765
945615,0.032377068
945616,0.03238776
945617,0.03238776
945632,0.031781886
945633,0.03298616
945634,0.03298616
945635,0.03298616
945655,0.03236947
945656,0.03298616
945657,0.03298616
945666,0.028956847
945667,0.029807707
945668,0.029791193
945673,0.026308523
945674,0.030192351
945675,0.02964642
945676,0.029557688
945679,0.022389129
945680,0.02870737
945681,0.02870737
945682,0.032893952
945817,0.08025518
945829,0.06218368
945830,0.061507143
945831,0.05408732
945832,0.05208216
945863,0.047754627
945864,0.05024686
945865,0.049807232
945877,0.09735901
945878,0.10781505
945888,0.09196172
945889,0.099361196
945890,0.09119177
945891,0.09034222
945892,0.08943158
945899,0.07155425
945906,0.07053788
945907,0.06927119
945908,0.06682361
945909,0.06582737
945910,0.06582737
945929,0.013719681
946098,0.11105988
946099,0.09503179
946100,0.09248717
946101,0.08289637
946102,0.079434656
946109,0.16984874
946110,0.1668503
946111,0.16154626
946112,0.15298505
946113,0.15200311
946114,0.15092213
946115,0.14202763
946116,0.13808346
946117,0.13686289
946118,0.13619827
946119,0.062494963
946120,0.062494963
946121,0.057270568
946122,0.118692465
946125,0.110146575
946126,0.13224608
946127,0.13619034
946128,0.12688002
946129,0.1252457
946148,0.034127418
946245,0.07960614
946246,0.07785103
946247,0.0694375
946260,0.07028212
946261,0.06448906
946262,0.06282665
946263,0.062210012
946275,0.062807746
946276,0.057866696
946277,0.056487903
946278,0.05732105
946279,0.053514645
946280,0.052519303
946297,0.046357818
946298,0.04869688
946299,0.04869688
946317,0.055736646
946318,0.052663743
946319,0.044124287
946320,0.04448724
946321,0.052953355
946330,0.05127488
946331,0.051441822
946332,0.046357594
946333,0.046357594
946334,0.04591373
946335,0.043912884
946336,0.043912884
946339,0.0712781
946340,0.069169365
946341,0.07011055
946342,0.06405104
946343,0.061323676
946344,0.058992658
946347,0.05371883
946348,0.056222655
946349,0.05305199
946353,0.15307732
946354,0.17378008
946355,0.16326588
946364,0.13192731
946365,0.15376423
946366,0.15232134
946367,0.15146025
946368,0.15146025
946369,0.1294754
946370,0.12518673
946371,0.1247171
946372,0.1247171
946394,0.034328256
946519,0.14148054
946520,0.12736231
946521,0.17958444
946522,0.107122466
946535,0.090780266
946536,0.100737266
946553,0.079673745
946554,0.08913814
946555,0.08377287
946556,0.08319152
946568,0.048221026
946620,0.462267
946621,0.35965997
946622,0.38856226
946623,0.35565662
946624,0.3440884
946625,0.33424973
946626,0.32552895
946627,0.31604454
946628,0.2855859
946629,0.28403822
946630,0.06383001
946631,0.07423393
946632,0.07299946
946633,0.26150626
946634,0.25720707
946635,0.25377747
946636,0.07038029
946637,0.037497405
946638,0.007955283
946929,0.030640593
946930,0.0268958
946948,0.024801707
946949,0.023090286
946950,0.022249687
946951,0.021592822
946952,0.021481337
946953,0.020924192
946958,0.016095586
946959,0.018927313
946960,0.018771766
946961,0.017305212
946980,0.027864236
947093,0.066151805
947094,0.08026273
947095,0.19067569
947096,0.05134853
947097,0.058915872
947098,0.045679186
947110,0.047659036
947198,0.010081565
947229,0.5119213
947230,0.4857128
947231,0.20022896
947232,0.40007725
947233,0.20153934
947234,0.39229172
947235,0.18741722
947236,0.13541603
947237,0.22152185
947238,0.13127114
947239,0.133693
947240,0.29647171
947241,0.17662746
947242,0.11873835
947243,0.08200699
947244,0.08200699
947245,0.1514497
947246,0.119053006
947247,0.082122095
947248,0.10221961
947249,0.09731667
947250,0.096357465
947251,0.07833348
947252,0.12058533
947253,0.090632394
947257,0.098115854
947258,0.108865425
947259,0.108865425
947260,0.10457201
947265,0.09284051
947266,0.10504389
947267,0.10504389
947268,0.10504389
947273,0.08934869
947304,0.19640242
947305,0.17064591
947306,0.16376759
947307,0.026006453
947312,0.12207231
947313,0.1216264
947314,0.1077099
947315,0.10236325
947316,0.09599861
947317,0.09380169
947328,0.0684704
947329,0.08053834
947330,0.0770627
947338,0.3055129
947339,0.33848453
947340,0.26910642
947341,0.24215843
947342,0.23309484
947343,0.22214702
947344,0.2711585
947345,0.21620019
947346,0.20475209
947347,0.20023824
947348,0.19959074
947349,0.21563044
947350,0.18202686
947351,0.17863779
947352,0.17863779
947353,0.17996642
947356,0.20562798
947357,0.15924184
947358,0.15924184
947359,0.38316035
947360,0.15886979
947368,0.18473819
947369,0.15626913
947373,0.17384064
947374,0.15509093
947375,0.15496314
947376,0.15500785
947377,0.15500785
947378,0.15500785
947379,0.15500785
947380,0.15500785
947381,0.17152168
947382,0.36526752
947383,0.36468583
947384,0.1529757
947385,0.1529757
947386,0.15228641
947387,0.15221266
947388,0.15195225
947392,0.15564771
947393,0.15381224
947394,0.15341063
947395,0.14954622
947396,0.15133998
947397,0.14954622
947398,0.14954622
947399,0.14954622
947400,0.14954622
947401,0.14954622
947402,0.14939627
947784,0.10278817
947785,0.47700727
947786,0.08184058
947787,0.06742393
947788,0.06936271
947789,0.060510986
947790,0.06522688
947791,0.06309448
947792,0.052357603
947793,0.058144066
947794,0.05768517
947795,0.053178288
947796,0.04890338
947797,0.038214494
947798,0.047661018
947799,0.04776755
947865,0.045031372
947866,0.038958054
947867,0.036546223
947876,0.02316218
947891,0.051545065
947894,0.054199953
947895,0.050507724
947896,0.044592068
947897,0.042575944
947898,0.04188759
947899,0.041675787
947900,0.04043393
947901,0.035132542
947902,0.032534257
947903,0.033026475
947904,0.029990079
947905,0.028465392
947906,0.027802106
947907,0.02839488
947908,0.02839488
947909,0.02839488
947910,0.025507178
947911,0.025507178
947912,0.025507178
947913,0.025438122
947914,0.025438122
947915,0.024460668
947916,0.024011334
947917,0.024011334
947918,0.02398848
947919,0.023309525
947920,0.02356231
947921,0.022970438
947922,0.020547293
947923,0.024754385
947924,0.024754385
947925,0.024754385
947926,0.024754385
947980,0.07740733
947981,0.06262678
947982,0.060315505
947990,0.04879191
947991,0.05044051
947992,0.048142355
947993,0.047900505
947994,0.04714384
947998,0.034574755
947999,0.03873003
948000,0.038418107
948001,0.03490069
948002,0.092850514
948003,0.032736465
948004,0.03405202
948005,0.032283563
948019,0.062789336
948020,0.08866073
948021,0.08502097
948033,0.08637014
948034,0.07205263
948035,0.069382906
948036,0.06870663
948037,0.06646856
948047,0.06679445
948048,0.05924374
948049,0.060114946
948050,0.05604853
948051,0.05204446
948054,0.052680206
948055,0.051538933
948056,0.051982094
948057,0.051982094
948058,0.046502855
948059,0.04714704
948060,0.046502855
948061,0.046379663
948062,0.046379663
948063,0.0453902
948064,0.04200167
948065,0.043158893
948066,0.04311862
948067,0.043311898
948068,0.043311898
948069,0.043311898
948070,0.04274652
948071,0.043819595
948072,0.043819595
948073,0.043819595
948074,0.043819595
948075,0.042292275
948076,0.043913845
948077,0.04432857
948078,0.044304375
948079,0.044218946
948080,0.04497821
948081,0.03428018
948082,0.045585945
948083,0.07046882
948084,0.042657763
948085,0.0313068
948086,0.037515946
948087,0.03591072
948088,0.034646552
948089,0.02314118
948101,0.06770831
948102,0.048755415
948103,0.056396417
948104,0.051989675
948105,0.049428113
948106,0.047419477
948107,0.045674395
948113,0.034704763
948114,0.03514108
948115,0.034514148
948134,0.038885027
948135,0.041144036
948138,0.029575985
948139,0.03555719
948177,0.008975829
948281,0.07111533
948282,0.18001078
948283,0.1755009
948284,0.15576416
948285,0.046479378
948297,0.04631897
948298,0.044254947
948299,0.04386532
948300,0.029277137
948301,0.028573528
948316,0.03135898
948317,0.028449455
948318,0.027000912
948319,0.030814819
948320,0.030814819
948338,0.029550584
948339,0.041760877
948340,0.036554124
948341,0.028535426
948342,0.029844921
948343,0.02976448
948344,0.02976448
948345,0.028067159
948354,0.023806676
948355,0.027665325
948356,0.018290216
948357,0.027061574
948358,0.009392679
948359,0.07706762
948360,0.06520158
948361,0.058741406
948362,0.053304058
948363,0.05091503
948364,0.04947271
948365,0.048980284
948369,0.05058325
948370,0.045792148
948371,0.04470254
948372,0.04434474
948375,0.040360775
948376,0.03762268
948377,0.050428826
948378,0.050428826
948379,0.050428826
948380,0.07008488
948381,0.06277529
948382,0.045069933
948390,0.050080027
948391,0.04495036
948392,0.04495036
948393,0.033088114
948394,0.04214951
948403,0.029505761
948404,0.031454876
948426,0.012050701
948477,0.1084701
948483,0.10331531
948484,0.0858452
948485,0.0543618
948486,0.04950474
948487,0.047625255
948493,0.06481088
948494,0.045212887
948495,0.042504266
948496,0.04157417
948501,0.05646065
948502,0.040640812
948508,0.052240938
948509,0.040446438
948510,0.10965897
948511,0.04079832
948512,0.04079832
948536,0.045725197
948537,0.035302684
948538,0.035302684
948539,0.035208065
948540,0.035208065
948541,0.03466933
948542,0.034370612
948543,0.042478006
948544,0.034338247
948545,0.034338247
948546,0.034338247
948547,0.034338247
948548,0.034971382
948549,0.043214146
948550,0.034971382
948551,0.034971382
948552,0.034971382
948553,0.034971382
948554,0.043833584
948555,0.035785053
948556,0.035323657
948557,0.035254907
948558,0.03587653
948559,0.03587653
948561,0.043476097
948562,0.035747316
948579,0.04351775
948580,0.035747316
948581,0.035747316
948582,0.035747316
948592,0.039409004
948593,0.034354284
948594,0.034354284
948595,0.035852235
948603,0.03884147
948604,0.03571885
948605,0.037119117
948606,0.04177518
948607,0.036783554
948608,0.036783554
948609,0.036783554
948612,0.041056678
948613,0.035664655
948614,0.035664655
948615,0.03545933
948616,0.03545933
948617,0.03545933
948618,0.035528325
948619,0.039322432
948620,0.03339787
948621,0.03339787
948622,0.03339787
948627,0.037546337
948628,0.03339787
948629,0.03339787
948630,0.03339787
948631,0.03339787
948661,0.05697759
948662,0.34038347
948663,0.33031267
948664,0.29840896
948665,0.28973526
948666,0.27667275
948667,0.28243214
948668,0.2759929
948669,0.24802558
948670,0.23667745
948671,0.23315963
948672,0.22739872
948673,0.23098576
948675,0.22021191
948676,0.22469002
948677,0.22509871
948678,0.21135327
948679,0.19388205
948680,0.18982257
948681,0.18951592
948714,0.04368112
948715,0.03836589
948716,0.035723932
948717,0.032782655
948755,0.070605814
948763,0.073295556
948764,0.054758117
948765,0.04818556
948766,0.046100497
948775,0.058784723
948776,0.046567246
948777,0.04539397
948778,0.042675003
948779,0.041642178
948790,0.050898787
948791,0.04057398
948792,0.041750982
948793,0.041648973
948794,0.041648973
948795,0.041648973
948806,0.048704058
948807,0.037711937
948808,0.037711937
948809,0.038024243
948810,0.037922617
948811,0.03918069
948818,0.03791138
948819,0.033276133
948820,0.033276133
948821,0.033244766
948822,0.032316644
948828,0.035075456
948829,0.031045128
948830,0.031271607
948831,0.031196779
948832,0.031196779
948833,0.031196779
948839,0.033236783
948840,0.031196779
948841,0.031196779
948842,0.032086074
948854,0.21050768
948860,0.17978916
948861,0.21247038
948862,0.19180332
948863,0.18470973
948864,0.17864598
948865,0.16597295
948866,0.16177733
948867,0.15320605
948872,0.0997203
948873,0.14998566
948874,0.13718297
948883,0.084455915
948963,0.04863822
948964,0.02732766
948965,0.013402241
948967,0.3203239
948968,0.2818201
948969,0.27249295
948970,0.24564138
948971,0.23726219
948972,0.22047748
948973,0.19052869
948974,0.18625103
948975,0.1724629
948976,0.17046219
948977,0.16927621
948978,0.15267523
948980,0.15453635
948981,0.16772081
948987,0.12321188
948988,0.14210938
948989,0.14210938
948997,0.09601831
948998,0.12511034
949015,0.24929464
949029,0.2157908
949030,0.21892965
949031,0.14531547
949032,0.1396441
949033,0.13414983
949050,0.108375445
949051,0.11934667
949052,0.11272123
949053,0.11172767
949054,0.11089567
949055,0.103801474
949060,0.07704778
949061,0.1067471
949113,0.19349362
949114,0.17320764
949126,0.16434766
949127,0.15036128
949128,0.14452632
949129,0.13887097
949130,0.12857795
949138,0.12092212
949139,0.11868432
949140,0.117891945
949141,0.11702009
949142,0.1098902
949143,0.1130142
949144,0.11275855
949152,0.07148852
949158,0.069604345
949302,0.06424322
949303,0.054499786
949312,0.047121998
949313,0.047317572
949314,0.0453127
949315,0.043494184
949325,0.035267983
949336,0.010409233
949542,0.085088074
949543,0.069346055
949544,0.06640084
949546,0.07547423
949547,0.06827163
949548,0.06637201
949549,0.06572302
949550,0.06496664
949551,0.062309444
949552,0.06014658
949553,0.059672892
949554,0.056541912
949555,0.054051183
949556,0.053714506
949557,0.053714506
949558,0.050228976
949559,0.053714506
949560,0.048578188
949561,0.048578188
949562,0.043469265
949563,0.047182873
949564,0.047182873
949565,0.04610428
949566,0.04545629
949567,0.04545629
949568,0.045020647
949574,0.03636708
949581,0.03636708
949582,0.03842414
949583,0.038702298
949637,0.01254009
949817,0.19697583
949818,0.2700314
949827,0.17819218
949828,0.18969288
949829,0.17642023
949830,0.16385604
949843,0.09885229
949844,0.12404985
949845,0.112276755
949846,0.13001767
949847,0.11813648
949864,0.054427844
949885,0.040810637
949886,0.047490787
949901,0.034953274
949978,0.24120894
949979,0.20737627
949980,0.2009171
949981,0.17697948
949982,0.16824457
949983,0.13544144
949984,0.20603265
949985,0.13929458
949986,0.081816904
949987,0.055116612
949988,0.07774534
949989,0.069948554
949990,0.06255021
949991,0.037330348
950064,0.3261721
950065,0.28472298
950066,0.27546737
950067,0.2553554
950068,0.06373966
950069,0.24155289
950082,0.2143171
950083,0.22767359
950096,0.15971999
950108,0.1790186
950109,0.14661175
950500,0.07589715
950501,0.062430117
950502,0.064636536
950503,0.045805942
950504,0.03267196
950505,0.031795006
950506,0.05142515
950510,0.023960808
950511,0.02675826
950512,0.026100151
950605,0.07426923
950606,0.058380865
950607,0.05661545
950608,0.053093016
950609,0.044557568
950610,0.047368452
950611,0.046771705
950612,0.044457637
950614,0.03453337
950615,0.041296333
950616,0.041448385
950617,0.038734794
950618,0.02340347
950619,0.034488827
950620,0.033935584
950629,0.026573896
950630,0.028986482
950667,0.05325565
950671,0.10839891
950672,0.2752403
950673,0.24949308
950674,0.24054526
950678,0.18006827
950679,0.21499369
950680,0.20554829
950681,0.19519804
950682,0.19363631
950683,0.19232644
950684,0.1764259
950685,0.10543684
950904,0.081120774
950905,0.06297936
950906,0.06084061
950907,0.052575793
950908,0.05062367
950909,0.049328174
950916,0.051543802
950917,0.047476318
950918,0.044775497
950919,0.04359509
950920,0.044246998
950926,0.04074984
950927,0.037741866
950928,0.03736979
950929,0.03736979
950930,0.03769596
950936,0.052346714
950937,0.026923688
950938,0.045797616
950939,0.03345393
950940,0.033364095
950941,0.040139787
950942,0.024953093
950943,0.026239779
950944,0.025793044
950945,0.025544511
950946,0.024927335
950947,0.023673104
950948,0.024571784
950949,0.025112782
950950,0.025736043
950951,0.02571939
950961,0.023376675
950962,0.02571939
950963,0.02571939
950964,0.11494081
950965,0.048706282
950966,0.091912106
950967,0.09941788
950968,0.09516985
950969,0.09259619
950970,0.08609652
950971,0.08690951
950972,0.078477055
950973,0.048115637
950993,0.21778037
950994,0.18689936
950995,0.18200433
950996,0.15508094
950998,0.1398526
950999,0.15363117
951000,0.14306499
951001,0.14243257
951002,0.13375206
951003,0.1334832
951004,0.13251337
951005,0.12249097
951006,0.11867304
951007,0.11860211
951008,0.118014045
951009,0.118014045
951010,0.118014045
951011,0.10442242
951012,0.10086743
951013,0.09941771
951014,0.062143184
951019,0.062143184
951020,0.046550155
951021,0.04746502
951022,0.04761499
951023,0.041703656
951024,0.039812684
951025,0.038672052
951026,0.038475856
951027,0.03828512
951028,0.03568768
951029,0.12754813
951030,0.13406394
951031,0.12394105
951032,0.11573786
951033,0.11646266
951034,0.115883805
951035,0.115883805
951036,0.115883805
951037,0.101162136
951038,0.09770603
951039,0.09770603
951040,0.097461045
951041,0.097461045
951042,0.09148787
951043,0.090262376
951057,0.029023176
951080,0.038269676
951081,0.10966198
951082,0.14080569
951083,0.122772865
951084,0.11449171
951091,0.07713136
951092,0.103133164
951093,0.100873396
951097,0.05764984
951235,0.23253165
951242,0.108783975
951243,0.07793827
951245,0.077012084
951246,0.06000041
951247,0.052401714
951248,0.046262573
951249,0.04494169
951250,0.042209383
951263,0.052981365
951264,0.048123468
951265,0.03719548
951266,0.035521045
951279,0.033253994
951280,0.033316154
951281,0.032368943
951288,0.03220217
951289,0.029216865
951290,0.028996158
951292,0.1787792
951293,0.18940935
951294,0.12609898
951295,0.12130975
951296,0.14609098
951297,0.1430801
951298,0.027243651
951299,0.1466524
951302,0.024985082
951303,0.1335477
951304,0.12231073
951321,0.09720771
951322,0.14606331
951348,0.19310977
951349,0.1335477
951350,0.14670399
951351,0.12071606
951352,0.16570926
951353,0.16584565
951354,0.14526613
951355,0.1359045
951356,0.16297863
951375,0.13157468
951376,0.16344653
951390,0.11360035
951391,0.0387284
951403,0.05609979
951404,0.05258336
951405,0.05258336
951406,0.07407783
951407,0.05258336
951411,0.010157737
951632,0.039464206
951644,0.025217822
951645,0.03415016
951646,0.030488405
951647,0.029230062
951650,0.017813347
951667,0.03452799
951668,0.037420183
951669,0.036349304
951670,0.032358784
951671,0.030936308
951672,0.030110987
951681,0.022944791
951682,0.029248193
951690,0.08895389
951695,0.05191709
951696,0.093467064
951728,0.10498385
951734,0.08261858
951735,0.11908459
951736,0.10120635
951745,0.06092019
951746,0.093615435
951747,0.0853319
951763,0.043737873
951849,0.1154607
951850,0.09789452
951851,0.09753139
951852,0.086130776
951859,0.06929
951860,0.08427842
951861,0.07831221
951862,0.0776685
951867,0.054130595
951868,0.07296846
951873,0.051153522
951874,0.071261466
951875,0.054984074
951878,0.0516165
951879,0.063428454
951880,0.011082053
951966,0.08957323
951967,0.07129832
951968,0.061496064
951969,0.059544064
951970,0.034578983
951971,0.05057082
951976,0.02970854
951977,0.048187125
951978,0.04330492
951979,0.035733446
951980,0.03627225
951981,0.028419016
951982,0.026886191
951990,0.020413693
951991,0.025710972
951992,0.025710972
952038,0.039567545
952039,0.040911898
952040,0.15494372
952041,0.03595746
952042,0.03531156
952043,0.034457088
952049,0.17316009
952050,0.13133977
952051,0.18601097
952052,0.12198821
952053,0.121090315
952054,0.13802071
952055,0.12295503
952056,0.120543696
952057,0.13734822
952058,0.13734822
952059,0.120543696
952060,0.019475702
952061,0.025403738
952062,0.02521832
952063,0.16475156
952064,0.0264254
952086,0.034633983
952096,0.045288842
952097,0.105948806
952098,0.09831537
952099,0.09519809
952167,0.066831864
952168,0.0595516
952169,0.049254224
952170,0.032380544
952171,0.033795968
952172,0.10442336
952173,0.046270885
952183,0.022381311
952184,0.02627108
952185,0.02467226
952186,0.024556447
952192,0.015342642
952275,0.053288326
952276,0.04261905
952277,0.040876534
952278,0.03696042
952279,0.025956513
952280,0.032321565
952281,0.03199411
952289,0.042180873
952290,0.04308316
952291,0.04132249
952292,0.03618666
952294,0.029806921
952295,0.033542074
952296,0.028804323
952297,0.035995696
952301,0.025900627
952302,0.03663296
952303,0.037184805
952315,0.032585703
952316,0.03645806
952317,0.034246873
952339,0.039233617
952340,0.043181416
952347,0.031553436
952348,0.037664223
952349,0.03580311
952477,0.049826927
952478,0.043246247
952479,0.041185036
952480,0.03727882
952481,0.035941977
952566,0.10081863
952570,0.06494678
952571,0.08317334
952572,0.073358074
952575,0.0424105
952607,0.068962224
952608,0.064232424
952609,0.03958565
952610,0.052925635
952611,0.04228968
952612,0.043522917
952613,0.042616323
952614,0.045434944
952615,0.043093514
952616,0.04194355
952617,0.0406503
952618,0.030313984
952619,0.033445913
952620,0.028880427
952621,0.0284145
952622,0.027462456
952981,0.03696768
952982,0.031031534
952987,0.020706048
952988,0.026345609
953001,0.035857122
953002,0.08091646
953003,0.07801469
953004,0.069126844
953005,0.06660339
953006,0.06330292
953012,0.050016448
953013,0.058931675
953014,0.055442017
953107,0.0962424
953108,0.051836673
953109,0.049748737
953110,0.04392767
953111,0.041985776
953112,0.040518496
953113,0.039451998
953114,0.037736133
953115,0.03534472
953116,0.034482915
953200,0.04376136
953201,0.03906107
953204,0.028011624
953205,0.03471593
953206,0.03365422
953237,0.010127347
953355,0.07037221
953356,0.056498572
953357,0.054100774
953358,0.047631916
953367,0.047745083
953368,0.041196838
953369,0.0409897
953370,0.039497025
953379,0.038740564
953380,0.03621412
953381,0.035921708
953382,0.034410387
953383,0.033701193
953391,0.03152347
953392,0.032283608
953393,0.032356936
953394,0.032356936
953438,0.13223869
953439,0.113888554
953442,0.106746666
953443,0.09616385
953444,0.092751764
953445,0.0900117
953451,0.074356236
953452,0.079883315
953453,0.07518317
953454,0.07326261
953455,0.072693616
953456,0.06790092
953467,0.016971668
953496,0.30108118
953497,0.25382683
953498,0.24623865
953505,0.2511876
953506,0.21989617
953507,0.2096707
953508,0.2114252
953509,0.20505299
953518,0.32485634
953519,0.3052084
953520,0.299307
953521,0.17050727
953522,0.16811153
953523,0.1649293
953530,0.25710183
953531,0.26267037
953532,0.26267037
953533,0.22750638
953534,0.21632247
953535,0.21453638
953536,0.21406801
953558,0.18562305
953577,0.6163344
953578,0.54534096
953579,0.5346448
953580,0.50296503
953581,0.4944935
953582,0.4761267
953583,0.4635353
953585,0.47231516
953586,0.43581992
953587,0.4296975
953588,0.42285383
953589,0.40322775
953590,0.39338183
953591,0.39205295
953592,0.3907101
953593,0.3907101
953594,0.3907101
953595,0.3503023
953596,0.34156916
953597,0.33796027
953598,0.33733818
953599,0.33733818
953607,0.098038964
953679,0.064708166
953680,0.056229528
953681,0.0539875
953704,0.04876735
953705,0.04405001
953706,0.04183037
953707,0.0411473
953708,0.03896051
953709,0.036612105
953742,0.032210715
953743,0.036791123
953744,0.034877434
953745,0.03367572
953746,0.03367572
953835,0.008749932
954011,0.07229641
954012,0.09464787
954014,0.06367167
954015,0.06467016
954016,0.05902035
954019,0.041511223
954020,0.047395293
954021,0.04194765
954027,0.05062799
954029,0.08438399
954030,0.118399546
954031,0.1018585
954033,0.16891406
954043,0.073574066
954050,0.07007366
954051,0.0536565
954052,0.05092709
954065,0.025243592
954066,0.03100076
954067,0.029539699
954068,0.027155118
954069,0.020048518
954070,0.026284989
954071,0.02338509
954075,0.014130463
954146,0.13272797
954147,0.13463852
954163,0.08504204
954164,0.11576247
954165,0.111196056
954166,0.10757734
954175,0.15063615
954176,0.041463383
954177,0.040189154
954178,0.036336396
954179,0.034679983
954180,0.02623746
954181,0.033326402
954182,0.032091137
954183,0.021752235
954184,0.030783106
954185,0.030533152
954186,0.027609197
954223,0.00846446
954287,0.0746577
954288,0.059604477
954289,0.056974925
954304,0.04546915
954305,0.047837928
954306,0.045366175
954307,0.038587157
954308,0.037248977
954309,0.033645213
954322,0.025090775
954323,0.033572096
954324,0.029857196
954325,0.027117075
954326,0.027231188
954363,0.030466741
954364,0.03255616
954375,0.06891634
954376,0.027465537
954377,0.0842506
954385,0.050951723
954386,0.0776986
954464,0.016420374
954549,0.09548302
954550,0.08820034
954551,0.08470895
954552,0.043628752
954553,0.070966296
954554,0.06870692
954555,0.018144865
954599,0.0459364
954600,0.034935065
954602,0.037147723
954603,0.03164921
954604,0.030256953
954606,0.10158408
954607,0.111629575
954608,0.028368575
954609,0.026640918
954610,0.071638055
954611,0.09492512
954612,0.08783108
954613,0.070657276
954614,0.021794789
954638,0.019443175
954673,0.033379346
954674,0.03774779
954675,0.03658339
954676,0.023549128
954677,0.033601064
954678,0.021146985
954679,0.031186953
954701,0.0828169
954702,0.09242247
954703,0.060389917
954704,0.07801633
954705,0.07494803
954706,0.043196388
954707,0.067373335
954708,0.04367887
954709,0.033150643
954710,0.045707773
954711,0.03120762
954712,0.039055523
954713,0.027611414
954714,0.036830965
954715,0.03443539
954768,0.07736226
954769,0.055446435
954770,0.05970261
954771,0.05456146
954772,0.05154338
954773,0.049861092
954774,0.047912817
954775,0.042071335
954776,0.039665185
954777,0.12699556
954778,0.1619379
954779,0.11523448
954780,0.120382346
954781,0.12011231
954782,0.12002139
954783,0.12002139
954784,0.11578573
954785,0.11459952
954786,0.11307584
954787,0.091492325
954788,0.09174516
954789,0.09461319
954790,0.08966167
954791,0.08628627
954792,0.08656948
954801,0.08880488
954802,0.103577115
954803,0.103577115
954833,0.025233937
955149,0.064819
955150,0.22302346
955151,0.23607692
955152,0.19966906
955153,0.21110304
955154,0.20438169
955155,0.1555591
955167,0.21699098
955168,0.17398962
955169,0.19063814
955170,0.16556872
955171,0.08373456
955172,0.20188582
955173,0.16852418
955174,0.15060088
955187,0.14215271
955188,0.14210741
955189,0.102312855
955190,0.15143046
955191,0.14981332
955192,0.14945938
955193,0.12614624
955194,0.093528375
955201,0.12226968
955202,0.10613134
955203,0.116334215
955204,0.091926254
955205,0.08763448
955206,0.1034242
955207,0.16353405
955216,0.06670035
955223,0.41082525
955224,0.35215664
955225,0.3399111
955226,0.31345624
955227,0.30220458
955228,0.28540084
955229,0.26958707
955230,0.26273474
955231,0.22792707
955232,0.22356781
955233,0.29367533
955234,0.22084583
955245,0.22422339
955246,0.21453716
955247,0.21358871
955248,0.21358871
955249,0.21358871
955250,0.1880649
955251,0.18576938
955252,0.18576938
955253,0.185349
955254,0.185349
955258,0.165781
955259,0.023155028
955265,0.023155028
955266,0.027681228
955336,0.1469283
955337,0.12771587
955338,0.12206368
955339,0.11085878
955340,0.10575909
955341,0.036992203
955342,0.0994423
955359,0.10091137
955360,0.08034319
955361,0.07800575
955362,0.07800575
955363,0.076023765
955379,0.07078914
955380,0.07404891
955381,0.07122766
955382,0.070786715
955383,0.070786715
955384,0.060863912
955385,0.060863912
955477,0.24761495
955478,0.21314919
955479,0.19291931
955480,0.15922336
955481,0.15521789
955482,0.10558629
955500,0.11165988
955501,0.16883126
955502,0.15478933
955503,0.118225634
955504,0.11533941
955506,0.09655445
955507,0.12697515
955508,0.19621193
955509,0.12575498
955510,0.17635055
955511,0.15823682
955518,0.09492332
955519,0.15440595
955548,0.1430552
955549,0.10914632
955550,0.11044365
955619,0.30233598
955629,0.4111816
955630,0.15121695
955631,0.1373908
955652,0.12936391
955653,0.11904168
955654,0.11003044
955655,0.109169945
955659,0.103639096
955660,0.102670886
955661,0.101898596
955664,0.024033781
955665,0.09979952
955667,0.026644941
955668,0.031712335
955669,0.03282153
955670,0.032901317
955677,0.019758848
955678,0.02859225
955679,0.028148787
955680,0.028148787
955718,0.056755327
955719,0.054984286
955720,0.056548096
955721,0.05129729
955722,0.040166937
955756,0.04107852
955757,0.039151646
955758,0.0389246
955759,0.03574077
955760,0.03499057
955761,0.035090525
955772,0.033294223
955773,0.031310428
955774,0.031233096
955775,0.031233096
955776,0.029571708
955777,0.029733986
955789,0.024785789
955790,0.02654501
955791,0.02654501
955792,0.02647322
955793,0.026144022
955794,0.025214031
955803,0.021698901
955804,0.025314981
955805,0.026995325
955806,0.025692906
955807,0.027539227
955815,0.018254701
955816,0.02242378
955817,0.022517454
955818,0.022732683
955824,0.0188674
955990,0.036372762
955991,0.032819893
955998,0.03134292
955999,0.028066905
956000,0.026280694
956001,0.025375722
956002,0.07458832
956008,0.022134013
956009,0.022837475
956010,0.022285074
956011,0.022102552
956012,0.02025089
956026,0.015013303
956027,0.01921598
956085,0.033936266
956098,0.030803075
956099,0.03098935
956100,0.027300246
956101,0.025773613
956102,0.024877377
956109,0.022333264
956110,0.024087032
956111,0.02228722
956155,0.09357338
956156,0.09574307
956157,0.093305446
956158,0.08753502
956159,0.08374752
956160,0.0773175
956165,0.04954496
956166,0.064508714
956239,0.061589237
956240,0.049515568
956242,0.043741196
956243,0.04443633
956244,0.042426933
956245,0.04121462
956256,0.034822144
956257,0.04017797
956258,0.034960907
956259,0.0287545
956279,0.009444642
956369,0.008670422
956481,0.043157473
956489,0.042756103
956490,0.033840947
956491,0.030185502
956492,0.028268384
956498,0.03123233
956499,0.026212033
956500,0.026000964
956501,0.024140244
956502,0.027611721
956503,0.023364399
956504,0.021864409
956505,0.022026887
956506,0.021971963
956507,0.02446329
956508,0.022166831
956509,0.022166831
956510,0.01989956
956514,0.049319066
956515,0.04843431
956516,0.04830626
956517,0.020397713
956518,0.01922394
956519,0.04447329
956527,0.0401622
956528,0.0445554
956532,0.037104625
956552,0.08099384
956553,0.07676277
956554,0.05666823
956555,0.065499045
956556,0.044514675
956557,0.04067132
956558,0.112931676
956559,0.11677004
956560,0.0995748
956561,0.09367636
956562,0.08960888
956563,0.083299644
956564,0.084101565
956565,0.0770728
956566,0.075309634
956567,0.074726015
956568,0.069496214
956569,0.06805259
956570,0.06740263
956571,0.064506754
956572,0.067049116
956573,0.067049116
956574,0.056081295
956575,0.041552003
956576,0.048659723
956577,0.04853111
956578,0.04853111
956677,0.19259395
956678,0.05841912
956679,0.19334814
956680,0.06752079
956681,0.07177596
956682,0.117075585
956683,0.15271708
956684,0.1297258
956685,0.12050644
956686,0.11051577
956687,0.10998611
956688,0.054469965
956689,0.09202744
956690,0.087703146
956691,0.083661556
956692,0.0813651
956693,0.0756762
956694,0.06620013
956695,0.067454636
956696,0.027553476
956697,0.029992491
956698,0.029992491
956699,0.028845236
956700,0.021963095
956701,0.021963095
956702,0.025153557
956703,0.024034621
956704,0.024034621
956705,0.02151955
956708,0.017697679
956718,0.039689813
956719,0.041569486
956720,0.040384848
956721,0.031390686
956722,0.034166057
956723,0.03318161
956724,0.033012316
956727,0.10107346
956728,0.11861786
956729,0.11763404
956730,0.116763845
956731,0.10568072
956732,0.101237185
956762,0.07246713
956763,0.08031211
956764,0.07981976
956765,0.07981976
956766,0.08859274
956771,0.04829311
956944,0.099829964
956945,0.11346617
956946,0.11084648
956947,0.097925894
956948,0.09445781
956950,0.0651513
956951,0.084673114
956952,0.08287668
956953,0.07749773
956954,0.07682523
956955,0.07623084
956956,0.067333154
956957,0.063823245
956958,0.06363431
956987,0.01508979
957029,0.11238104
957030,0.099733144
957031,0.096878484
957032,0.08541069
957033,0.04620887
957037,0.19000041
957038,0.15997031
957039,0.1833797
957040,0.16724522
957041,0.16061583
957042,0.12710601
957049,0.09670119
957050,0.09192551
957051,0.07725274
957052,0.068736754
957053,0.0744796
957063,0.05584776
957064,0.057325553
957065,0.053603537
957066,0.052448116
957073,0.03983962
957074,0.05178561
957085,0.029198466
957246,0.12238559
957247,0.10645452
957248,0.102965266
957270,0.07992881
957271,0.08608423
957272,0.083523005
957295,0.06697179
957296,0.029048545
957324,0.021436576
957325,0.05768003
957326,0.025274616
957423,0.04030784
957431,0.076160856
957432,0.08577081
957433,0.07439632
957434,0.07222656
957435,0.06861467
957449,0.112671286
957450,0.14315669
957451,0.13005783
957477,0.023504127
957719,0.105625026
957720,0.034044493
957721,0.032686654
957722,0.02496142
957723,0.029372321
957724,0.028587494
957725,0.028440949
957726,0.027063798
957727,0.024793051
957728,0.016584963
957892,0.03235596
957893,0.037167735
957908,0.026418583
957909,0.032499347
957910,0.031160677
957911,0.030127509
957930,0.019279629
957961,0.042708352
957962,0.07310119
957963,0.038009714
957964,0.034504425
957965,0.033742655
957966,0.03383094
957967,0.03317842
957968,0.032882955
957969,0.030985314
957970,0.03750459
957971,0.03329298
957972,0.031948052
957973,0.03776511
957974,0.03290423
957975,0.03292715
957976,0.036863573
957977,0.033114072
957978,0.030111572
957979,0.030111572
957980,0.030111572
957981,0.06427572
957982,0.03037014
957983,0.11548073
957984,0.058807377
957985,0.05671001
957986,0.056172855
957987,0.053750124
957988,0.053750124
957989,0.046797063
957990,0.04713286
958013,0.045779273
958014,0.04667541
958015,0.04667541
958077,0.0108641535
958112,0.058997367
958125,0.037636545
958186,0.16066599
958201,0.115288414
958202,0.14681554
958203,0.12867458
958204,0.12355863
958205,0.120569825
958206,0.11197666
958207,0.10954678
958220,0.05744649
958221,0.09347804
958247,0.020715103
958464,0.17023923
958465,0.10816327
958467,0.29115084
958468,0.23417951
958469,0.2263229
958470,0.2129509
958471,0.200628
958472,0.19385213
958473,0.16566995
958474,0.16128545
958477,0.17285325
958478,0.1528813
958479,0.1464964
958480,0.145214
958481,0.14451563
958482,0.14563549
958483,0.14563549
958489,0.12822635
958496,0.066614404
958497,0.06085602
958498,0.060697217
958499,0.060697217
958500,0.059328932
958501,0.05850647
958502,0.05850647
958503,0.057953354
958509,0.058236938
958510,0.05772448
958511,0.05013065
958573,0.014962708
958595,0.16242224
958596,0.36371872
958607,0.3682931
958608,0.303737
958609,0.29268548
958610,0.27620152
958611,0.26071155
958612,0.25400633
958613,0.22000995
958614,0.21575981
958615,0.21575981
958626,0.22648339
958627,0.20580362
958628,0.20696047
958634,0.07389991
958635,0.20603672
958636,0.06533083
958637,0.058276024
958638,0.058276024
958640,0.07641392
958641,0.06925968
958642,0.06925968
958643,0.067712285
958644,0.066781856
958654,0.06909813
958655,0.066156
958656,0.06333159
958657,0.06333159
958658,0.055853132
958659,0.056250077
958660,0.056118947
958680,0.051841855
958681,0.05570931
958724,0.14343387
958725,0.12734655
958726,0.121452704
958727,0.10870361
958728,0.103691466
958729,0.097530365
958734,0.11083452
958735,0.10016824
958736,0.084183544
958737,0.08192266
958738,0.08192266
958739,0.079849765
958740,0.077967204
958741,0.07778388
958748,0.06777312
958749,0.07437036
958750,0.07437036
958751,0.0639798
958752,0.0639798
958775,0.019360704
959009,0.03984637
959017,0.09415557
959018,0.12211132
959019,0.07746378
959020,0.07365622
959021,0.06781654
959022,0.07408272
959023,0.056831677
959028,0.07830385
959029,0.08626915
959030,0.084113866
959031,0.0669635
959032,0.070403256
959033,0.06940293
959034,0.05195852
959035,0.06954213
959041,0.11061471
959046,0.08153172
959059,0.4292692
959060,0.32706526
959061,0.34129125
959062,0.28747487
959068,0.080584645
959085,0.0888201
959086,0.09742625
959087,0.0943474
959101,0.073466994
959102,0.08208995
959103,0.08145844
959104,0.07759265
959105,0.07190676
959111,0.022099042
959112,0.07126334
959113,0.071083255
959114,0.071083255
959225,0.010964803
959293,0.2151463
959294,0.36398336
959295,0.33020127
959310,0.21342547
959311,0.46053883
959312,0.23017608
959313,0.4198579
959314,0.14595583
959315,0.2337188
959316,0.52226824
959317,0.39727026
959318,0.383593
959319,0.36744285
959320,0.42941645
959460,0.48887756
959461,0.60298264
959462,0.5570601
959463,0.4310747
959464,0.591232
959465,0.6948182
959466,0.54285854
959467,0.6025814
959468,0.3985473
959469,0.5183567
959493,0.5436494
959494,0.23960353
959495,0.32802284
959496,0.22736074
959497,0.22637191
959498,0.44434693
959499,0.5662059
959500,0.27356812
959501,0.2685261
959502,0.31698856
959503,0.39449257
959504,0.30616763
959505,0.29801708
959506,0.2576172
959507,0.3996728
959508,0.29283
959520,0.21526706
959528,0.2651882
959536,0.19378254
959537,0.40605563
959538,0.2208709
959539,0.17118478
959540,0.5742357
959541,0.2623113
959542,0.33319488
959543,0.3144265
959544,0.32922405
959545,0.083788216
959593,0.50322723
959602,0.3810646
959603,0.48471826
959604,0.56464106
959605,0.43454528
959606,0.38857418
959607,0.6238011
959608,0.313557
959631,0.08447468
959788,0.037468866
959790,0.03559496
959791,0.03875573
959807,0.27497768
959808,0.24311306
959809,0.2158662
959810,0.21344545
959811,0.20539154
959836,0.14351407
959837,0.17329723
959838,0.16788077
959839,0.15947735
959840,0.15909576
959841,0.14286385
959842,0.1369436
959843,0.1352368
959924,0.09838267
960033,0.049147956
960034,0.053952068
960035,0.03617233
960122,0.078500785
960123,0.051040296
960124,0.07144148
960125,0.09054418
960126,0.061740212
960134,0.056681648
960135,0.040342983
960136,0.03175244
960137,0.04394074
960138,0.045048013
960139,0.07258832
960140,0.04499096
960141,0.04156959
960142,0.026566828
960144,0.037523575
960145,0.042524688
960168,0.06381278
960169,0.06777622
960170,0.060820453
960171,0.041984506
960177,0.034499805
960183,0.030452555
960217,0.06022922
960223,0.05572814
960224,0.058313247
960225,0.04400232
960226,0.042011682
960233,0.035092488
960234,0.03993694
960235,0.039583758
960236,0.03731434
960240,0.028299974
960241,0.035628777
960242,0.031731617
960249,0.019843763
960250,0.029590381
960251,0.029113343
960342,0.033336163
960349,0.012498124
960397,0.012188184
960566,0.47489232
960567,0.3595635
960568,0.29951602
960569,0.31225005
960576,0.3868499
960577,0.30441633
960578,0.39022347
960579,0.27412823
960599,0.3221883
960600,0.2611281
960601,0.24390496
960602,0.2265409
960603,0.18557474
960604,0.18764254
960613,0.21360949
960614,0.20594396
960615,0.19726457
960616,0.1952115
960624,0.25547594
960625,0.14532568
960626,0.24579288
960627,0.16638951
960635,0.21303609
960636,0.18037121
960637,0.19184673
960638,0.19081844
960639,0.19081844
960649,0.22727795
960650,0.19283423
960651,0.155612
960652,0.2539863
960653,0.16300046
960658,0.18856077
960659,0.19283423
960660,0.12702477
960661,0.17698433
960668,0.22757934
960669,0.19359641
960670,0.2215883
960683,0.14279103
960684,0.19113602
960685,0.25870085
960686,0.19422156
960687,0.1961088
960701,0.17998835
960702,0.23380595
960703,0.13695177
960704,0.1961088
960705,0.2588929
960706,0.2588929
960716,0.047799822
960717,0.04061335
960718,0.04061335
960719,0.04061335
960720,0.040529788
960730,0.0718093
960731,0.14164466
960732,0.16245314
960733,0.1802768
960734,0.1802768
960735,0.1802768
960736,0.1778606
960737,0.15252918
960738,0.14685225
960739,0.17969066
960740,0.1267101
960741,0.17192638
960742,0.03649271
960743,0.03649271
960744,0.14644004
960756,0.079617985
960757,0.066623926
960758,0.063162476
960776,0.060793992
960777,0.058349248
960778,0.051950745
960779,0.051868666
960790,0.04770649
960791,0.050601054
960792,0.050336
960798,0.04529047
960799,0.040971935
960800,0.040971935
960801,0.040971935
960802,0.040971935
960807,0.04529047
960808,0.041067503
960809,0.040512167
960816,0.04398399
960817,0.040277075
960818,0.040277075
960819,0.040277075
960820,0.039590392
960826,0.33779842
960827,0.13116243
960828,0.14948505
960829,0.32991737
960830,0.13140078
960831,0.025711259
960832,0.05284671
960833,0.17177667
960834,0.030663567
960840,0.15760101
960841,0.25466907
960842,0.29483658
960843,0.10795392
960844,0.15210359
960845,0.11158449
960846,0.27936646
960852,0.035284948
960853,0.035426214
960854,0.033619422
960855,0.23214772
960856,0.1389254
960857,0.11654636
960858,0.10578071
960862,0.027840462
960863,0.026696531
960864,0.04074507
960865,0.023772048
961037,0.040614158
961038,0.034377266
961040,0.029947486
961041,0.029580057
961042,0.028276166
961043,0.027227033
961044,0.02241766
961045,0.025865484
961078,0.034714807
961079,0.042414043
961083,0.036239263
961084,0.036024053
961085,0.033690892
961086,0.03181302
961087,0.031490553
961109,0.05400549
961110,0.17577359
961111,0.1710666
961112,0.14516452
961113,0.1327148
961114,0.12836626
961145,0.09498583
961146,0.1101668
961147,0.10367977
961148,0.10235238
961231,0.07254828
961430,0.18603441
961431,0.114017166
961432,0.110681854
961433,0.09013093
961434,0.093627006
961435,0.0902224
961436,0.08387396
961438,0.07525292
961439,0.07806306
961440,0.0775557
961441,0.07695612
961442,0.07020696
961443,0.0696771
961444,0.069012776
961445,0.06865143
961446,0.0334195
961447,0.033017896
961448,0.029890843
961449,0.029140873
961450,0.030704008
961451,0.02930513
961452,0.03028632
961453,0.028356336
961454,0.02795048
961455,0.012371777
961641,0.0560686
961642,0.047882657
961660,0.04380814
961661,0.04041058
961662,0.03750051
961663,0.036026645
961670,0.031418238
961671,0.033704974
961672,0.031560645
961685,0.04804015
961686,0.04652543
961687,0.04485451
961693,0.033608656
961694,0.036774576
961695,0.035261046
961709,0.02754988
961710,0.03050349
961855,0.067714706
961856,0.06266724
961857,0.059827287
961858,0.052892577
961859,0.050289918
961860,0.044076405
961861,0.048514545
961862,0.048089307
961863,0.04535527
961864,0.039734136
961865,0.03594929
961866,0.03448354
961867,0.0339579
961868,0.033621825
961878,0.029579654
961879,0.03403065
961880,0.03403065
961890,0.022384422
961902,0.007877758
961985,0.059216984
961986,0.051478457
961987,0.0479557
962007,0.034498706
962059,0.011645747
962107,0.02744695
962108,0.030593587
962261,0.21859483
962267,0.20661816
962268,0.16958919
962269,0.14611499
962277,0.1380478
962278,0.111575045
962279,0.09861775
962280,0.09752233
962281,0.091981865
962282,0.093014956
962284,0.10331858
962285,0.08718547
962286,0.085537456
962287,0.084735684
962288,0.08429947
962289,0.084999084
962292,0.09075845
962293,0.07372391
962294,0.07269908
962295,0.07269908
962296,0.07251176
962297,0.07251176
962298,0.07015032
962299,0.06918888
962300,0.06918888
962301,0.06912608
962302,0.06713692
962303,0.06894228
962304,0.06632848
962305,0.06679461
962306,0.06664063
962307,0.06664063
962316,0.032399625
962317,0.031518888
962318,0.031518888
962319,0.031518888
962367,0.051061694
962368,0.049165808
962369,0.039727107
962370,0.11928807
962402,0.07829883
962422,0.0583244
962423,0.06174414
962424,0.055664618
962425,0.053175732
962426,0.051672857
962442,0.045034874
962443,0.050712526
962444,0.04783685
962445,0.046700977
962452,0.03923534
962453,0.04264071
962454,0.040114596
962460,0.030815601
962461,0.03937812
962462,0.03912604
962526,0.06133544
962527,0.06321333
962528,0.06098142
962531,0.04913962
962532,0.051762085
962533,0.050297037
962534,0.049796842
962541,0.039882556
962552,0.031266317
962553,0.035461053
962554,0.1654137
962555,0.15780511
962556,0.030797847
962557,0.03072174
962558,0.030227033
962559,0.03733206
962571,0.22556323
962572,0.21385121
962573,0.20731962
962574,0.18728262
962575,0.17744285
962576,0.17073786
962577,0.15814668
962578,0.20246099
962579,0.18876582
962589,0.14032222
962590,0.1394081
962591,0.12940446
962592,0.12070753
962593,0.04251463
962594,0.036322664
962595,0.036216784
962612,0.14005543
962613,0.032772016
962614,0.032772016
962615,0.028179893
962616,0.028263211
962617,0.02872565
962642,0.026457464
962643,0.026308998
962644,0.026401037
962645,0.026669452
962646,0.026476264
962647,0.025496844
962664,0.023727015
962665,0.02431032
962666,0.024251737
962667,0.024385568
962668,0.024385568
962693,0.022353653
962694,0.024231061
962695,0.025990551
962696,0.024942236
962697,0.024928346
962698,0.024879305
962721,0.02062242
962722,0.027866542
962752,0.06710706
962753,0.06557449
962765,0.0666016
962766,0.05617915
962767,0.05366857
962768,0.052152533
962769,0.05194792
962770,0.051822487
962786,0.049672667
962787,0.039410166
962788,0.040167335
962789,0.037219476
962790,0.034927726
962809,0.030075643
962810,0.031568006
962811,0.03188725
962812,0.03164703
962813,0.027388323
962814,0.027388323
962815,0.025926
962843,0.024022745
962844,0.025998276
962845,0.025391057
962846,0.024868073
962847,0.024868073
962848,0.024624659
962862,0.019891791
962863,0.023235213
962864,0.020985523
962865,0.021895982
962872,0.017866082
962873,0.021730581
962910,0.035960495
962911,0.035925243
962912,0.036815617
962913,0.033309422
962914,0.03214097
