obs_id,pred_proba
911395,0.06302757
911396,0.13180277
911397,0.13180277
911398,0.13180277
911403,0.05249495
911404,0.13180277
911405,0.13180277
911406,0.13180277
911407,0.05249495
911408,0.13180277
911409,0.13180277
911410,0.13180277
911411,0.13180277
911412,0.046560396
911413,0.11801919
911414,0.11801919
911415,0.11801919
911416,0.11801919
911417,0.11801919
911419,0.046560396
911420,0.11801919
911421,0.11801919
911422,0.11801919
911423,0.11801919
911424,0.11801919
911425,0.046560396
911426,0.11801919
911427,0.11801919
911430,0.01671036
911431,0.020490756
911432,0.020490756
911433,0.020490756
911434,0.014888729
911435,0.020490756
911436,0.020490756
911437,0.020490756
911438,0.020490756
911439,0.020490756
911440,0.020490756
911441,0.020490756
911442,0.014888729
911443,0.020490756
911444,0.020490756
911445,0.020490756
911446,0.020490756
911447,0.020490756
911452,0.018757148
911453,0.023873307
911454,0.023873307
911455,0.023873307
911456,0.023873307
911457,0.023873307
911476,0.018757148
911477,0.023873307
911478,0.023873307
911479,0.023873307
911480,0.023873307
911494,0.018757148
911495,0.023873307
911496,0.023873307
911497,0.024753856
911498,0.024753856
911499,0.024753856
911502,0.018716875
911503,0.023890587
911504,0.023890587
911505,0.023890587
911506,0.023890587
911512,0.018716875
911513,0.023890587
911514,0.023890587
911515,0.023890587
911516,0.023890587
911517,0.023890587
911525,0.018716875
911526,0.023890587
911527,0.023890587
911538,0.051164865
911539,0.12546557
911540,0.12546557
911541,0.12546557
911542,0.12546557
911543,0.12546557
911544,0.12546557
911555,0.051164865
911690,0.0710902
911691,0.10970077
911692,0.10970077
911693,0.05319157
911791,0.05043766
911792,0.12585185
911793,0.12585185
911794,0.12585185
911803,0.04512852
911804,0.13510908
911805,0.13510908
911806,0.13510908
911807,0.13510908
911808,0.13510908
912344,0.018108824
912345,0.08507464
912346,0.08507464
912347,0.08507464
912348,0.08507464
912352,0.028784558
912353,0.08507464
912354,0.08507464
912355,0.08507464
912356,0.08507464
912357,0.08507464
912358,0.08507464
912359,0.08507464
912362,0.028784558
912363,0.08507464
912364,0.08507464
912365,0.08507464
912366,0.08507464
912367,0.08507464
912368,0.08507464
912369,0.08507464
912370,0.08507464
912375,0.028994333
912376,0.08505299
912377,0.08505299
912378,0.08505299
912379,0.08505299
912380,0.08505299
912384,0.028994333
912465,0.035417955
912466,0.023893612
912467,0.03827502
912468,0.03827502
912471,0.017046629
912472,0.03827502
912473,0.03827502
912474,0.03827502
912477,0.017046629
912478,0.03827502
912479,0.03827502
912480,0.034426298
912481,0.011411822
912482,0.023653617
912483,0.023653617
912484,0.023653617
912485,0.023653617
912486,0.023653617
912487,0.023653617
912488,0.023653617
912489,0.011411822
912490,0.023653617
912491,0.023653617
912492,0.023653617
912493,0.023653617
912494,0.011411822
912566,0.08059927
912567,0.15861908
912568,0.15861908
912569,0.15861908
912570,0.15861908
912571,0.15861908
912572,0.15861908
912573,0.15861908
912582,0.07085713
912583,0.15861908
912584,0.15861908
912752,0.044199023
912756,0.035264064
912757,0.1054048
912758,0.1054048
912759,0.1054048
912760,0.1054048
912761,0.1054048
912762,0.035264064
912763,0.1054048
912764,0.1054048
912765,0.1054048
912766,0.1054048
912767,0.1054048
912768,0.1054048
912769,0.1054048
912770,0.035221223
912771,0.0982134
912772,0.0982134
912773,0.0982134
912774,0.0982134
912775,0.0982134
912776,0.0982134
912778,0.035221223
912817,0.055792887
912818,0.12640674
912819,0.12640674
912820,0.12640674
912821,0.12640674
912822,0.12640674
912830,0.046681214
912831,0.12640674
912924,0.056207146
913151,0.044455003
913153,0.055225067
913154,0.14877613
913155,0.14877613
913156,0.14877613
913157,0.14877613
913162,0.056739107
913163,0.15336315
913164,0.15336315
913165,0.15336315
913166,0.15336315
913167,0.15336315
913168,0.15336315
913169,0.15336315
913170,0.15336315
913311,0.08269781
913312,0.15902781
913313,0.15902781
913314,0.15902781
913315,0.06897321
913316,0.15902781
913317,0.15902781
913318,0.15902781
913319,0.15902781
913320,0.15902781
913321,0.15902781
913322,0.15902781
913323,0.15902781
913324,0.15902781
913325,0.09676898
913326,0.20221773
913327,0.20221773
913328,0.20221773
913329,0.20221773
913330,0.20221773
913331,0.20221773
913332,0.20221773
913333,0.20221773
913334,0.20221773
913397,0.06885436
913398,0.13953851
913399,0.13953851
913400,0.13953851
913401,0.13953851
913402,0.13953851
913408,0.04758513
913409,0.13953851
913410,0.13953851
913411,0.13953851
913412,0.13953851
913413,0.13953851
913414,0.13953851
913422,0.051341515
913423,0.13984136
913424,0.13984136
913425,0.13984136
913426,0.13984136
913427,0.13984136
913428,0.13984136
913429,0.13984136
913520,0.07914844
913521,0.17713228
913532,0.0674315
913533,0.17713228
913534,0.17713228
913535,0.17713228
913536,0.17713228
913537,0.17713228
913538,0.17713228
913539,0.17713228
913540,0.17713228
913541,0.17713228
913542,0.17713228
913543,0.17713228
913544,0.17713228
913553,0.0674315
913554,0.17713228
913555,0.17713228
913556,0.17713228
913564,0.066970676
913565,0.048284784
913822,0.070995286
913823,0.060165334
913824,0.14845487
913825,0.14845487
913826,0.14845487
913827,0.14845487
913828,0.06682895
913829,0.16190863
913830,0.16190863
913831,0.16190863
913832,0.16190863
913833,0.16190863
913834,0.16190863
913835,0.16190863
913843,0.06682895
913863,0.063411795
914051,0.07006989
914052,0.14247209
914053,0.14247209
914054,0.14247209
914055,0.14247209
914056,0.14247209
914057,0.14247209
914063,0.06139521
914064,0.14518975
914065,0.14518975
914066,0.14518975
914067,0.14518975
914068,0.14518975
914069,0.05879972
914242,0.041471552
914315,0.056453757
914316,0.113850996
914359,0.051271062
914530,0.048085134
914531,0.12503967
914534,0.04881006
914535,0.12503967
914536,0.12503967
914537,0.12503967
914538,0.12503967
914539,0.12503967
914540,0.12503967
914541,0.12503967
914542,0.12503967
914543,0.12503967
914544,0.12503967
914551,0.04881006
914552,0.12503967
914860,0.038614593
914861,0.09298298
914862,0.09298298
914863,0.09298298
914864,0.09298298
914865,0.09298298
914866,0.09298298
914885,0.031498253
914886,0.09298298
914887,0.09298298
914888,0.09298298
914889,0.09298298
914890,0.09298298
914891,0.09298298
914892,0.09298298
914915,0.027055146
914916,0.08024266
914917,0.08024266
914918,0.08024266
914919,0.08024266
914920,0.08024266
914921,0.09566029
914922,0.09566029
914923,0.09566029
914937,0.032615844
914938,0.09566029
914939,0.09566029
914940,0.09566029
914941,0.09566029
914942,0.09566029
914943,0.09566029
914944,0.09566029
914945,0.09566029
914946,0.09566029
914947,0.09566029
914948,0.09566029
914959,0.032615844
914988,0.042920258
915002,0.053889308
915003,0.15038943
915068,0.06428297
915069,0.121811554
915076,0.045704905
915080,0.045704905
915129,0.11896626
915151,0.098012954
915171,0.07461617
915172,0.16758041
915173,0.16758041
915174,0.16758041
915175,0.17521761
915176,0.17521761
915177,0.17521761
915178,0.17521761
915179,0.17521761
915180,0.17521761
915181,0.17521761
915182,0.17521761
915183,0.17521761
915198,0.07841579
915199,0.17521761
915200,0.17521761
915201,0.17521761
915202,0.17521761
915216,0.07841579
915217,0.17521761
915230,0.04039919
915231,0.11948868
915232,0.11948868
915233,0.11948868
915234,0.11948868
915235,0.11948868
915236,0.11948868
915237,0.11948868
915248,0.04039919
915249,0.11948868
915250,0.11948868
915251,0.11948868
915252,0.11948868
915253,0.11948868
915254,0.11948868
915255,0.11948868
915272,0.04039919
915273,0.11948868
915274,0.11948868
915275,0.11948868
915276,0.11948868
915277,0.11948868
915278,0.11948868
915279,0.11948868
915286,0.038195945
915706,0.004760712
915716,0.0105064325
915717,0.018560752
915718,0.018560752
915772,0.05149802
915773,0.14765061
915774,0.14765061
915789,0.05129983
915790,0.14765061
915817,0.057135902
915834,0.057135902
915848,0.057135902
915849,0.15339832
915850,0.15339832
915851,0.15339832
915852,0.15339832
915853,0.15339832
915854,0.15339832
915855,0.15339832
915856,0.15339832
915857,0.15339832
915858,0.15339832
915859,0.15339832
915860,0.15339832
915861,0.15339832
915862,0.15339832
915863,0.15339832
915864,0.15339832
915865,0.15339832
915866,0.15339832
915867,0.15339832
915868,0.15339832
915873,0.055541594
915874,0.15045163
915875,0.15045163
915876,0.15045163
915885,0.055541594
915886,0.15045163
915897,0.055541594
916054,0.02516086
916068,0.01577055
916069,0.02192113
916070,0.02192113
916071,0.02192113
916081,0.031800006
916082,0.053679604
916083,0.053679604
916084,0.031800006
916085,0.053679604
916086,0.053679604
916087,0.053679604
916088,0.053679604
916092,0.039693985
916093,0.05554007
916094,0.05554007
916095,0.0472691
916096,0.08326459
916097,0.08326459
916098,0.08326459
916099,0.0472691
916299,0.064387254
916305,0.0632224
916306,0.16730408
916307,0.16730408
916308,0.16730408
916309,0.16730408
916310,0.16730408
916311,0.16730408
916312,0.16730408
916316,0.0632224
916317,0.16730408
916318,0.16730408
916319,0.16730408
916324,0.0632224
916325,0.16730408
916326,0.16730408
916327,0.16730408
916328,0.16730408
916335,0.06278841
916336,0.16727164
916337,0.16727164
916338,0.19948347
916339,0.16727164
916340,0.16727164
916341,0.16727164
916342,0.06278841
916343,0.16727164
916344,0.16727164
916345,0.16727164
916409,0.04345747
916542,0.10162866
916543,0.22420909
916544,0.22420909
916545,0.22420909
916546,0.11122044
916547,0.22420909
916548,0.22420909
916549,0.22420909
916550,0.22420909
916551,0.22420909
916552,0.22420909
916553,0.22420909
916554,0.05099956
916555,0.13910042
916556,0.13910042
916557,0.13910042
916558,0.13910042
916559,0.13910042
916560,0.13910042
916561,0.13910042
916562,0.05099956
916563,0.13910042
916564,0.13910042
916565,0.13910042
916566,0.13910042
916567,0.13910042
916568,0.13910042
916569,0.13910042
916570,0.05099956
916571,0.13910042
916572,0.13910042
916573,0.13910042
916574,0.13910042
916585,0.058990557
916586,0.1446469
916587,0.1446469
916598,0.058990557
916599,0.1446469
916600,0.1446469
916601,0.1446469
916602,0.1446469
916603,0.1446469
916608,0.058990557
916609,0.1446469
916610,0.1446469
916611,0.1446469
916612,0.1446469
916613,0.066137195
916614,0.15936002
916615,0.15936002
916616,0.15936002
916617,0.15936002
916618,0.15936002
916624,0.066137195
916808,0.07702183
917436,0.073808454
917437,0.12677127
917438,0.12677127
917439,0.12677127
917440,0.12677127
917441,0.12677127
917442,0.05131435
917443,0.13091673
917444,0.13091673
917445,0.13091673
917446,0.13091673
917447,0.13091673
917448,0.13091673
917449,0.13091673
917455,0.02398014
917521,0.049192186
917734,0.045575872
918792,0.035449874
918793,0.18773699
918794,0.18773699
918795,0.18773699
918796,0.18773699
918797,0.18773699
918798,0.18773699
918799,0.18773699
918800,0.18773699
918801,0.18773699
918802,0.18773699
918803,0.18773699
918804,0.18773699
918805,0.18773699
918806,0.18773699
918807,0.18773699
918808,0.18773699
918816,0.043306828
918817,0.12859319
918818,0.12859319
918823,0.043306828
918824,0.12859319
918826,0.043306828
918827,0.046736278
918828,0.13534676
918829,0.13534676
918830,0.13534676
918831,0.13534676
918832,0.13534676
918833,0.13534676
918834,0.13534676
918835,0.13534676
918836,0.045306247
918970,0.016955297
918971,0.02192113
918972,0.02192113
918982,0.01577055
918983,0.02192113
918984,0.02192113
918997,0.01577055
918998,0.02192113
918999,0.02192113
919000,0.02192113
919001,0.02192113
919008,0.031800006
919009,0.053679604
919010,0.053679604
919038,0.044560716
919039,0.05554007
919343,0.05446783
919344,0.13022697
919345,0.13022697
919346,0.13022697
919347,0.13022697
919348,0.13022697
919349,0.13022697
919361,0.044095274
919863,0.054776814
919864,0.1446469
919865,0.1446469
919874,0.066137195
919959,0.011991799
920131,0.020058474
920132,0.024427533
920149,0.016562082
920150,0.024427533
920151,0.024427533
920152,0.024427533
920162,0.016562082
920163,0.024427533
920205,0.06212594
920206,0.13469729
920207,0.13469729
920208,0.13469729
920209,0.023829974
920210,0.13469729
920214,0.05774689
920215,0.1372904
920216,0.1372904
920217,0.1372904
920218,0.1372904
920219,0.1372904
920220,0.1372904
920227,0.05774689
920228,0.1372904
920229,0.1372904
920230,0.1372904
920231,0.1372904
920236,0.05774689
920392,0.06607876
920393,0.10421578
920400,0.03639172
920401,0.10421578
920402,0.10421578
920403,0.10421578
920404,0.10421578
920428,0.037180338
920445,0.041017246
920446,0.10571984
920447,0.10571984
920448,0.10571984
920449,0.10571984
920450,0.10571984
920451,0.10571984
920452,0.10571984
920453,0.10571984
920462,0.041017246
920463,0.10571984
920464,0.10571984
920465,0.10571984
920466,0.10571984
920467,0.10571984
920468,0.10571984
920472,0.050856765
920473,0.12812395
920474,0.12812395
920475,0.12812395
920476,0.12812395
920477,0.12812395
920478,0.12812395
920484,0.050856765
920532,0.04540569
920731,0.05553368
920732,0.10744237
920733,0.10744237
920734,0.10744237
920735,0.10744237
920736,0.10744237
920737,0.10744237
920738,0.10744237
920739,0.10744237
920740,0.10744237
920749,0.045645647
920750,0.10744237
920751,0.10744237
920869,0.06361727
920870,0.12423399
920881,0.059819724
920920,0.044994924
920921,0.11818771
920922,0.11818771
920929,0.04552311
920930,0.11818771
920931,0.11818771
920932,0.11818771
920933,0.04223616
921011,0.04838011
921012,0.13091673
921013,0.13091673
921014,0.13091673
921028,0.05131435
921029,0.13091673
921030,0.13091673
921031,0.13091673
921032,0.13091673
921033,0.13091673
921034,0.13091673
921044,0.02398014
921045,0.038827818
921046,0.038827818
921047,0.038827818
921048,0.038827818
921077,0.018650236
921078,0.038827818
921079,0.038827818
921327,0.04272786
921506,0.008682144
921507,0.018250154
921508,0.018250154
921509,0.018250154
921510,0.008618053
921511,0.018250154
921512,0.018250154
921540,0.04317438
921541,0.12664434
921542,0.12664434
921543,0.12664434
921544,0.12664434
921545,0.12664434
921546,0.12664434
921547,0.12664434
921548,0.12664434
921549,0.12664434
921550,0.12664434
921551,0.041734453
921552,0.12664434
921553,0.12664434
921554,0.12664434
921555,0.051083624
921731,0.05665551
921739,0.045451097
921740,0.046950225
921741,0.11042365
921742,0.11042365
921743,0.11042365
921744,0.11042365
921747,0.05192705
921748,0.11613827
921749,0.11613827
921750,0.11613827
921754,0.05192705
921755,0.11613827
921756,0.11613827
921757,0.11613827
921760,0.05192705
921761,0.11613827
921762,0.11613827
921763,0.11613827
921769,0.076096565
921770,0.15330404
921782,0.12268604
922020,0.06319596
922021,0.14418466
922022,0.14953075
922023,0.14953075
922024,0.14953075
922025,0.14953075
922026,0.14953075
922027,0.14953075
922030,0.05615835
922031,0.14953075
922032,0.14953075
922033,0.14953075
922034,0.14953075
922035,0.05615835
922036,0.14953075
922037,0.14953075
922038,0.14953075
922039,0.14953075
922040,0.14953075
922041,0.14953075
922042,0.14953075
922043,0.053848445
922044,0.14484563
922045,0.14484563
922046,0.14484563
922047,0.14484563
922048,0.053848445
922049,0.14484563
922050,0.14484563
922051,0.14484563
922052,0.14484563
922053,0.14484563
922054,0.14484563
922059,0.053848445
922063,0.043191087
922064,0.11416862
922065,0.11416862
922066,0.11416862
922067,0.11416862
922068,0.11416862
922069,0.11416862
922070,0.11416862
922071,0.11416862
922072,0.11416862
922073,0.043191087
922074,0.11416862
922075,0.11416862
922076,0.043191087
922312,0.11726454
922323,0.10130127
922324,0.20795898
922325,0.20795898
922326,0.20795898
922327,0.20795898
922328,0.20795898
922329,0.20795898
922330,0.20795898
922331,0.20795898
922332,0.20795898
922333,0.20795898
922334,0.20795898
922335,0.20795898
922336,0.21648175
922342,0.10905016
922343,0.22138101
922344,0.22138101
922345,0.22138101
922346,0.22138101
922347,0.22138101
922348,0.22138101
922349,0.22138101
922350,0.22138101
922351,0.22138101
922352,0.22138101
922405,0.10104571
922406,0.21461666
922407,0.21461666
922408,0.10970487
922409,0.21461666
922410,0.21461666
922411,0.21461666
922412,0.21461666
922413,0.21461666
922414,0.21461666
922415,0.21461666
922416,0.21461666
922417,0.21461666
922418,0.21461666
922419,0.21461666
922420,0.21461666
922421,0.21461666
922422,0.21461666
922423,0.21461666
922424,0.21461666
922425,0.21461666
922426,0.21461666
922427,0.21461666
922432,0.10970487
922433,0.21461666
922434,0.21461666
922435,0.21461666
922436,0.21461666
922437,0.21461666
922438,0.21461666
922439,0.21461666
922440,0.21461666
922441,0.21461666
922442,0.21461666
922443,0.21461666
922444,0.21461666
922445,0.21461666
922446,0.21461666
922447,0.21461666
922448,0.21461666
922449,0.21461666
922450,0.21461666
922584,0.063178584
922709,0.06425599
924199,0.038760297
924208,0.08299654
924209,0.1874316
924210,0.1874316
924211,0.1874316
924212,0.1874316
924213,0.1874316
924214,0.1874316
924215,0.1874316
924216,0.1874316
924217,0.1874316
924218,0.1874316
924219,0.1874316
924220,0.1874316
924221,0.1874316
924222,0.1874316
924223,0.17568758
924224,0.17568758
924225,0.17568758
924226,0.17568758
924227,0.17568758
924228,0.17568758
924229,0.17568758
924230,0.17568758
924231,0.17568758
924232,0.17568758
924233,0.17568758
924234,0.17568758
924235,0.17568758
924236,0.17568758
924237,0.17568758
924238,0.17568758
924239,0.17568758
924240,0.17568758
924241,0.17568758
924242,0.17568758
924243,0.17568758
924255,0.07717468
924266,0.0283954
924267,0.083073854
924268,0.083073854
924269,0.083073854
924300,0.0283954
924301,0.083073854
924302,0.083073854
924303,0.083073854
924304,0.083073854
924305,0.083073854
924387,0.04097869
924388,0.13935842
924389,0.13935842
924390,0.13935842
924391,0.13935842
924392,0.13935842
924393,0.13935842
924394,0.13935842
924396,0.042943254
924401,0.042943254
924406,0.042943254
924416,0.032888733
924427,0.04582924
924428,0.10889459
924429,0.10889459
924430,0.10889459
924431,0.10889459
924532,0.038634922
924564,0.070482925
924565,0.13541706
924566,0.13541706
924573,0.050087936
924574,0.13541706
924575,0.13541706
924576,0.13541706
924577,0.13541706
924590,0.050087936
924596,0.045849968
924597,0.12568894
924598,0.12568894
924599,0.12568894
924600,0.12568894
924601,0.12568894
924602,0.12568894
924603,0.12568894
924604,0.12568894
924605,0.12568894
924610,0.045849968
924611,0.12568894
924612,0.12568894
924613,0.12568894
924614,0.12568894
924796,0.10866115
924797,0.14056261
924798,0.14056261
924799,0.14056261
924800,0.14056261
924801,0.14056261
924808,0.062848724
924809,0.14056261
924810,0.14056261
924811,0.14056261
924817,0.062848724
924818,0.14056261
924942,0.04273509
924987,0.07009401
924988,0.14797771
924989,0.14797771
924990,0.14797771
924991,0.14797771
924992,0.055467803
924993,0.14797771
924994,0.055467803
924995,0.05190174
924996,0.14019743
924997,0.14019743
924998,0.14019743
924999,0.14019743
925000,0.14019743
925001,0.14019743
925002,0.05190174
925003,0.14019743
925004,0.14019743
925005,0.14019743
925140,0.042236418
925141,0.0498141
925151,0.02799405
925152,0.047223255
925173,0.051548537
925252,0.05659122
925285,0.04459662
925286,0.1187426
925287,0.1187426
925288,0.1187426
925289,0.1187426
925290,0.05121944
925291,0.1187426
925292,0.1187426
925321,0.055961706
925339,0.046583552
925340,0.10292836
925341,0.10292836
925342,0.10292836
925343,0.10292836
925346,0.05527261
925347,0.122630015
925348,0.122630015
925349,0.122630015
925350,0.122630015
925355,0.05527261
925356,0.122630015
925357,0.122630015
925358,0.122630015
925359,0.122630015
925360,0.122630015
925361,0.05527261
925362,0.122630015
925363,0.122630015
925364,0.122630015
925365,0.122630015
925366,0.122630015
925371,0.053551115
925372,0.12502438
925373,0.12502438
925374,0.12502438
925375,0.12502438
925376,0.12502438
925616,0.10202426
925619,0.05688092
925620,0.13264158
925621,0.13264158
925622,0.03605565
925623,0.08270073
925624,0.08270073
925625,0.03605565
925626,0.08270073
925627,0.08270073
925628,0.08270073
925629,0.08270073
925630,0.08270073
925631,0.08270073
925632,0.010580407
925669,0.055482045
925709,0.050106417
925710,0.09781607
925711,0.09781607
925713,0.043144617
925714,0.09781607
925715,0.09781607
925716,0.09781607
925717,0.09781607
925718,0.043144617
925760,0.05868306
925761,0.110673316
925762,0.110673316
925763,0.110673316
925764,0.110673316
925765,0.110673316
925766,0.110673316
925767,0.110673316
925768,0.110673316
925769,0.110673316
925770,0.110673316
925779,0.053284388
925780,0.110673316
925781,0.110673316
925782,0.110673316
925783,0.110673316
925784,0.110673316
925798,0.073632985
925921,0.096951135
925922,0.107568115
925923,0.107568115
925924,0.107568115
925925,0.107568115
925932,0.041464128
925933,0.107568115
925939,0.031438246
925940,0.0750547
925941,0.0750547
925942,0.0750547
925951,0.030375756
925952,0.0750547
925993,0.013901791
925994,0.014209788
925995,0.024797214
925996,0.024797214
925997,0.024797214
925998,0.024797214
926174,0.023016008
926175,0.075229034
926176,0.075229034
926177,0.075229034
926178,0.075229034
926180,0.027418483
926181,0.075229034
926182,0.075229034
926183,0.075229034
926184,0.075229034
926185,0.075229034
926186,0.075229034
926187,0.075229034
926188,0.075229034
926189,0.075229034
926190,0.075229034
926191,0.075229034
926192,0.03291163
926193,0.08879052
926194,0.08879052
926195,0.08879052
926196,0.08879052
926197,0.08879052
926198,0.08879052
926199,0.08879052
926200,0.03291163
926201,0.08879052
926202,0.08879052
926203,0.08879052
926204,0.08879052
926205,0.08879052
926206,0.08879052
926207,0.08879052
926208,0.08879052
926209,0.08879052
926210,0.03291163
926650,0.026094154
926651,0.06489363
926696,0.034881696
926697,0.121222645
926698,0.121222645
926699,0.121222645
926700,0.121222645
926706,0.043340575
926707,0.121222645
926708,0.121222645
926709,0.1253037
926710,0.1253037
926722,0.04493374
926723,0.1253037
926741,0.061389435
926742,0.1567425
926764,0.061389435
926765,0.1567425
926766,0.1567425
926884,0.07167209
926887,0.050951682
926888,0.118375145
926889,0.118375145
926890,0.118375145
926891,0.118375145
926896,0.050951682
926897,0.118375145
926903,0.07235295
927011,0.15505746
927012,0.25528857
927101,0.070489965
927102,0.13246375
927103,0.13246375
927360,0.094517015
927427,0.08251543
927428,0.10958367
927429,0.10958367
927430,0.10958367
927431,0.10958367
927432,0.10958367
927437,0.03915405
927438,0.103322335
927439,0.103322335
927440,0.103322335
927441,0.103322335
927442,0.103322335
927443,0.103322335
927444,0.103322335
927445,0.103322335
927446,0.103322335
927447,0.103322335
927453,0.03915405
927454,0.103322335
927455,0.103322335
927473,0.050264202
927488,0.059960876
927489,0.12548876
927490,0.12548876
927502,0.056634642
927503,0.12548876
927504,0.12548876
927521,0.081115
929213,0.05077963
929214,0.036006834
929215,0.09536958
929216,0.09536958
929217,0.09536958
929218,0.09536958
929219,0.09536958
929220,0.036006834
929221,0.09536958
929222,0.02345778
930073,0.14886609
930074,0.12113409
930075,0.12113409
930076,0.12113409
930786,0.12381487
931064,0.053453535
931243,0.034484748
931244,0.07977028
931245,0.031798463
931246,0.07977028
931247,0.07977028
931248,0.07977028
931263,0.03614168
931302,0.04035652
931322,0.13512105
931323,0.16398896
931324,0.16398896
931332,0.08493886
931333,0.16398896
931334,0.16398896
931335,0.16398896
931336,0.16398896
931337,0.16398896
931338,0.16398896
931339,0.16398896
931340,0.16398896
931341,0.16398896
931342,0.16398896
931417,0.1792382
932006,0.048174758
932007,0.038560092
932008,0.036555406
932009,0.100605376
932010,0.036555406
932011,0.100605376
932542,0.032608733
932798,0.054755434
932799,0.12966758
932800,0.12966758
932801,0.12966758
932929,0.041130785
932930,0.02648324
932931,0.08231481
932932,0.08231481
932933,0.08231481
932934,0.08231481
932935,0.08231481
932936,0.08231481
932937,0.08231481
932938,0.08231481
932939,0.021133052
932940,0.10147772
932941,0.068911955
932942,0.10147772
932943,0.10147772
932944,0.068911955
932945,0.10147772
932946,0.02115552
933323,0.08375023
933360,0.10934405
933361,0.17518064
933795,0.05353467
934110,0.10290296
934224,0.025825297
934225,0.02558046
934226,0.02558046
934227,0.02558046
934228,0.02558046
934238,0.01778004
934239,0.016826862
934240,0.016826862
934241,0.016826862
934242,0.016826862
934248,0.012519128
934249,0.016826862
934250,0.016826862
934251,0.023213541
934252,0.023213541
934436,0.16191766
934437,0.20157106
934438,0.20157106
934439,0.03244316
934440,0.096493006
934441,0.096493006
934442,0.096493006
934443,0.096493006
934444,0.096493006
934445,0.096493006
934446,0.096493006
934447,0.096493006
934448,0.096493006
934449,0.096493006
934450,0.096493006
934452,0.06683136
934453,0.11623383
934454,0.19785318
934455,0.05790274
934456,0.13935043
934457,0.13935043
934458,0.13935043
934459,0.13935043
934460,0.05790274
934461,0.13935043
934462,0.13935043
934463,0.13935043
934464,0.13935043
934465,0.13935043
934466,0.13935043
934467,0.16674921
934468,0.13935043
934469,0.16674921
934470,0.16674921
934471,0.16674921
934472,0.16674921
934473,0.16674921
934474,0.16674921
934475,0.13935043
934476,0.13935043
934477,0.13935043
934478,0.13935043
934479,0.13935043
934480,0.13935043
934481,0.13935043
934482,0.13935043
934483,0.13935043
934484,0.13935043
934485,0.13935043
934486,0.13935043
934487,0.16674921
934488,0.16674921
934489,0.16674921
934490,0.13935043
934491,0.13935043
934492,0.13935043
934493,0.067469545
934494,0.16674921
934495,0.16674921
934496,0.16674921
934497,0.16674921
934498,0.16674921
934499,0.16674921
934500,0.16674921
934501,0.16674921
934502,0.16674921
934503,0.16674921
934504,0.16674921
934505,0.16674921
934506,0.16674921
934507,0.16674921
934508,0.16674921
934509,0.16674921
934510,0.16674921
934511,0.16674921
934512,0.16674921
934513,0.16674921
934514,0.16674921
934515,0.16674921
934516,0.16674921
934517,0.16674921
934518,0.16674921
934519,0.16674921
934520,0.16674921
934521,0.16674921
934522,0.16674921
934523,0.16674921
934524,0.16674921
934525,0.16674921
934526,0.16674921
934527,0.16674921
934528,0.16674921
934529,0.16674921
934530,0.16674921
934531,0.16674921
934532,0.16674921
934533,0.16674921
934534,0.16674921
934535,0.16674921
934536,0.16674921
934537,0.16674921
934538,0.16674921
934550,0.04915892
934658,0.08146099
934659,0.14042059
934660,0.14042059
934665,0.069934115
934666,0.14350815
934667,0.14350815
934668,0.14350815
934669,0.14350815
934670,0.14350815
934671,0.14350815
934675,0.058740266
934680,0.058740266
934763,0.11653637
934764,0.16868141
934765,0.16868141
934766,0.16868141
934767,0.19967277
934768,0.16868141
934769,0.16868141
934770,0.16868141
934771,0.16868141
934773,0.068329625
934774,0.16868141
934775,0.16868141
934776,0.16868141
934777,0.16868141
934778,0.16868141
934845,0.10707554
934942,0.1636184
934943,0.2041127
934944,0.2041127
934945,0.2041127
934946,0.2041127
934983,0.13340509
935022,0.09529288
935023,0.242587
935024,0.242587
935025,0.242587
935026,0.242587
935027,0.1718593
935028,0.242587
935029,0.242587
935030,0.242587
935031,0.242587
935055,0.10025021
935056,0.26169983
935057,0.26169983
935058,0.26169983
935059,0.26169983
935060,0.26169983
935061,0.26169983
935062,0.26169983
935164,0.05776043
935165,0.1136777
935166,0.1136777
935167,0.1136777
935168,0.1136777
935169,0.1136777
935170,0.1136777
935171,0.1136777
935172,0.112817146
935173,0.112817146
935174,0.112817146
935175,0.112817146
935176,0.112817146
935177,0.112817146
935178,0.112817146
935179,0.112817146
935180,0.112817146
935181,0.112817146
935182,0.112817146
935183,0.112817146
935184,0.112817146
935185,0.112817146
935186,0.112817146
935187,0.112817146
935188,0.112817146
935189,0.112817146
935190,0.16023143
935191,0.16023143
935192,0.112817146
935193,0.112817146
935194,0.112817146
935195,0.112817146
935196,0.112817146
935197,0.112817146
935198,0.112817146
935199,0.112817146
935200,0.112817146
935201,0.112817146
935202,0.112817146
935203,0.112817146
935204,0.112817146
935205,0.112817146
935206,0.112817146
935207,0.112817146
935208,0.112817146
935209,0.112817146
935210,0.112817146
935211,0.112817146
935212,0.112817146
935221,0.04235669
935222,0.112817146
935223,0.112817146
935224,0.112817146
935225,0.112817146
935226,0.112817146
935227,0.112817146
935228,0.112817146
935229,0.112817146
935230,0.112817146
935231,0.112817146
935238,0.057984132
935240,0.07080434
935268,0.07843769
935526,0.1100299
935527,0.22863908
935528,0.22863908
935548,0.07454841
935549,0.17700408
935550,0.22245313
935551,0.22245313
935556,0.09286231
935557,0.17700408
935558,0.17700408
935559,0.17700408
935560,0.17700408
935561,0.17700408
935562,0.17700408
935563,0.17700408
935564,0.22245313
935565,0.17700408
935566,0.22245313
935567,0.17700408
935568,0.17700408
935569,0.17700408
935570,0.17700408
935571,0.22245313
935572,0.17700408
935573,0.17700408
935574,0.22245313
935580,0.059763163
935581,0.1527468
935582,0.1527468
935593,0.059763163
935740,0.09849542
935741,0.13780454
935748,0.076973185
935749,0.17760232
935750,0.17760232
935751,0.17760232
935752,0.17760232
935753,0.17760232
935754,0.17760232
935755,0.17760232
935756,0.17760232
935757,0.17760232
935758,0.16848868
935759,0.16848868
935760,0.17760232
935943,0.10299318
935948,0.10196883
935949,0.23029263
935950,0.23029263
935951,0.23029263
935952,0.18544947
935953,0.18544947
935954,0.18544947
935955,0.18544947
935956,0.18544947
936221,0.06603369
936222,0.22659083
936223,0.080836974
936224,0.20641159
936225,0.21139644
936226,0.21139644
936227,0.2536505
936228,0.21139644
936229,0.2536505
936230,0.21139644
936274,0.015554406
936275,0.03804633
936276,0.015275095
936277,0.015275095
936278,0.015275095
936285,0.008977896
936286,0.015275095
936287,0.015275095
936342,0.13677107
936343,0.038193736
936344,0.20008533
936345,0.20008533
936346,0.20008533
936347,0.20008533
936365,0.093520455
936366,0.20008533
936367,0.20008533
936368,0.20008533
936369,0.20008533
936370,0.20008533
936371,0.20008533
936383,0.093520455
936384,0.20008533
936385,0.20008533
936386,0.20008533
936387,0.20008533
936400,0.1141099
936401,0.23501952
936402,0.23501952
936403,0.23501952
936404,0.23501952
936418,0.1141099
936419,0.23501952
936420,0.23501952
936421,0.23501952
936422,0.23501952
936423,0.23501952
936438,0.1141099
936439,0.23501952
936440,0.23501952
936441,0.23501952
936442,0.23501952
936458,0.099065065
936459,0.20898359
936460,0.20898359
936461,0.20898359
936462,0.20898359
936480,0.099065065
936481,0.20898359
936482,0.20898359
936483,0.20898359
936484,0.20898359
936572,0.11004844
936588,0.10457875
936589,0.24722287
936590,0.24722287
936591,0.24722287
936592,0.24722287
936593,0.24722287
936604,0.10892737
936605,0.24722287
936606,0.24722287
936607,0.24722287
936608,0.24722287
936609,0.22927031
936610,0.22927031
936611,0.24722287
936619,0.09585282
936620,0.22255725
936621,0.22255725
936847,0.097494006
936860,0.06756579
936975,0.06773947
937014,0.06876249
937015,0.14612858
937016,0.14612858
937021,0.05752715
937022,0.14612858
937023,0.14612858
937024,0.14612858
937025,0.14612858
937087,0.09537865
937206,0.026428642
937207,0.023438932
937208,0.023438932
937221,0.0114406925
937222,0.023438932
937223,0.023438932
937224,0.023438932
937225,0.023438932
937226,0.023438932
937227,0.023438932
937245,0.0114406925
937246,0.023438932
937247,0.023438932
937248,0.023438932
937249,0.023438932
937250,0.023438932
937297,0.009250263
937298,0.017787436
937299,0.017787436
937300,0.017787436
937301,0.017787436
937308,0.009250263
937309,0.017787436
937310,0.017787436
937311,0.017787436
937511,0.040709794
937512,0.09450859
937513,0.09450859
937595,0.1120803
937596,0.2588519
937597,0.2588519
937598,0.2588519
937599,0.2588519
937600,0.2588519
937601,0.2588519
937602,0.2588519
937603,0.20036918
937614,0.098923825
937615,0.2588519
937996,0.090948954
937997,0.18984428
937998,0.19098957
937999,0.19098957
938005,0.08628187
938065,0.10254185
938066,0.1866251
938067,0.1866251
938068,0.1866251
938069,0.22902343
938070,0.22902343
938071,0.22902343
938076,0.07201701
938077,0.1866251
938078,0.1866251
938079,0.1866251
938080,0.22902343
938081,0.22902343
938082,0.22902343
938109,0.020990148
938113,0.012963953
938114,0.029662328
938122,0.009684365
938123,0.02020939
938124,0.02020939
938142,0.018461833
938143,0.022612438
938153,0.01177413
938154,0.022612438
938155,0.022612438
938156,0.022612438
938157,0.022612438
938158,0.022612438
938159,0.022612438
938160,0.022612438
938161,0.022612438
938166,0.01100049
938176,0.01100049
938177,0.02112424
938178,0.02112424
938179,0.02112424
938180,0.02112424
938181,0.02112424
938186,0.01100049
938187,0.02112424
938188,0.02112424
938189,0.02112424
938190,0.02112424
938191,0.02112424
938192,0.02112424
938193,0.02112424
938255,0.05669005
938256,0.057941563
938258,0.028334351
938259,0.057941563
938260,0.057941563
938261,0.057941563
938363,0.075128004
938364,0.1977468
938365,0.1977468
938409,0.10408975
938414,0.09961619
938415,0.23702389
938416,0.23702389
938417,0.23702389
938418,0.23702389
938455,0.10762631
938456,0.05892264
938457,0.05892264
938458,0.031033605
938459,0.05892264
938460,0.05892264
938461,0.05892264
938462,0.05892264
938463,0.05892264
938464,0.05892264
938465,0.05892264
938466,0.05744524
938468,0.030233014
938792,0.057973687
938795,0.10289002
938796,0.24997047
938797,0.24997047
938798,0.24997047
938799,0.24997047
938800,0.24997047
938801,0.24997047
938803,0.10651584
938804,0.24997047
938805,0.24997047
938806,0.24997047
938807,0.24997047
938808,0.24997047
938809,0.24997047
938810,0.24997047
938811,0.20372073
938812,0.24997047
938813,0.24997047
938814,0.24997047
938815,0.24997047
938816,0.24997047
938817,0.24997047
938818,0.24997047
938819,0.24997047
938820,0.24997047
938821,0.24997047
938822,0.24997047
938826,0.07961891
938827,0.20372073
938828,0.20372073
938829,0.20372073
938830,0.20372073
938831,0.20372073
938832,0.20372073
938833,0.20372073
938834,0.20372073
938835,0.20372073
938836,0.20372073
938837,0.20372073
938838,0.20372073
938839,0.20372073
938840,0.20372073
938976,0.11908237
939273,0.17255269
939274,0.10971302
939275,0.2446194
939276,0.2446194
939277,0.2446194
939278,0.2446194
939279,0.2446194
939280,0.2446194
939281,0.2446194
939282,0.13415942
939283,0.28338897
939284,0.28338897
939285,0.28338897
939286,0.28338897
939287,0.28338897
939288,0.28338897
939289,0.28338897
939290,0.28338897
939291,0.28338897
939292,0.28338897
939293,0.28338897
939294,0.28338897
939295,0.28338897
939296,0.28338897
939297,0.28338897
939298,0.28338897
939299,0.28338897
939300,0.28338897
939301,0.28338897
939302,0.28338897
939303,0.28338897
939304,0.28338897
939305,0.28338897
939306,0.28338897
939307,0.28338897
939308,0.28338897
939309,0.28338897
939310,0.28338897
939311,0.28338897
939312,0.28338897
939313,0.28338897
939314,0.28338897
939315,0.28338897
939316,0.28338897
939317,0.28338897
939318,0.28338897
939319,0.28338897
939320,0.28338897
939321,0.29488856
939322,0.29488856
939323,0.29488856
939324,0.29488856
939325,0.29488856
939326,0.29488856
939327,0.29488856
939328,0.29488856
939329,0.29488856
939330,0.29488856
939331,0.29488856
939332,0.29488856
939333,0.29488856
939334,0.29488856
939335,0.14079314
939336,0.29488856
939337,0.29488856
939338,0.29488856
939339,0.29488856
939369,0.123798236
939492,0.18663503
939493,0.15796085
939494,0.15796085
939495,0.15796085
939496,0.15796085
939497,0.15796085
939498,0.15796085
939499,0.15796085
939500,0.15796085
939501,0.15796085
939502,0.15796085
939503,0.15796085
939504,0.15796085
939505,0.15796085
939506,0.15796085
939507,0.15796085
939514,0.08159878
939515,0.15796085
939516,0.13343485
939517,0.13343485
939518,0.13343485
939519,0.13343485
939520,0.13343485
939521,0.13343485
939522,0.13343485
939523,0.13343485
939524,0.13343485
939525,0.13343485
939526,0.13343485
939527,0.13343485
939528,0.15796085
939529,0.13343485
939530,0.15796085
939531,0.13343485
939532,0.15796085
939533,0.15796085
939534,0.15796085
939535,0.15796085
939536,0.15796085
939537,0.15796085
939538,0.15796085
939539,0.15796085
939540,0.15796085
939541,0.15796085
939542,0.15796085
939543,0.15796085
939544,0.15796085
939545,0.15796085
939546,0.15796085
939547,0.15796085
939548,0.15796085
939561,0.06297096
939562,0.13343485
939563,0.13343485
939564,0.13343485
939565,0.13343485
939566,0.13343485
939567,0.13343485
939650,0.16917846
939651,0.18950056
939652,0.18950056
939653,0.18950056
939654,0.18950056
939655,0.18950056
939656,0.18950056
939657,0.14904507
939731,0.13329896
939732,0.13023408
939785,0.07982321
939786,0.077631176
939787,0.19813623
939788,0.19813623
939789,0.19813623
939790,0.19813623
939791,0.19813623
939792,0.077631176
939793,0.19813623
939794,0.19813623
939795,0.058006395
939796,0.0788476
939797,0.17155397
939801,0.06884545
939802,0.17155397
939803,0.17155397
939804,0.17155397
939805,0.17155397
939806,0.17155397
939829,0.06453837
939830,0.16514228
939831,0.16514228
939832,0.16514228
939833,0.16514228
939834,0.16514228
939835,0.16514228
939836,0.16514228
939837,0.16514228
939838,0.16514228
939848,0.05307627
939849,0.15885524
939850,0.15885524
939851,0.15885524
939871,0.05940814
939872,0.12997612
939873,0.12997612
939874,0.12997612
939875,0.15885524
939893,0.048093826
939894,0.119708054
939895,0.119708054
939896,0.119708054
939897,0.119708054
939898,0.095519744
939899,0.095519744
939900,0.095519744
939901,0.119708054
939913,0.038645364
939914,0.095519744
939915,0.095519744
939916,0.095519744
939917,0.095519744
939936,0.038645364
939937,0.095519744
939938,0.095519744
939939,0.095519744
939947,0.04745715
939948,0.11565713
939949,0.11565713
939950,0.11565713
939951,0.11565713
939968,0.04745715
939969,0.11565713
939970,0.11565713
939971,0.11565713
939972,0.11565713
939973,0.11565713
940037,0.07918659
940038,0.10847967
940039,0.10847967
940040,0.10847967
940041,0.10847967
940042,0.10847967
940049,0.04465687
940050,0.10847967
940051,0.10847967
940052,0.10847967
940053,0.10847967
940054,0.10847967
940055,0.10847967
940056,0.10847967
940057,0.10847967
940064,0.043748822
940065,0.09870026
940066,0.09870026
940067,0.09870026
940068,0.09870026
940074,0.043748822
940075,0.09870026
940076,0.09870026
940077,0.09870026
940078,0.09870026
940079,0.09870026
940080,0.09870026
940119,0.043748822
940120,0.09870026
940121,0.09870026
940122,0.09870026
940123,0.09870026
940124,0.09870026
940133,0.06734359
940134,0.13140087
940135,0.13140087
940136,0.13140087
940137,0.13140087
940138,0.13140087
940139,0.13140087
940140,0.13140087
940141,0.13140087
940142,0.13140087
940143,0.13140087
940144,0.13140087
940161,0.06734359
940162,0.13140087
940163,0.13140087
940164,0.13140087
940165,0.13140087
940166,0.13140087
940167,0.13140087
940168,0.13140087
940169,0.13140087
940175,0.06734359
940176,0.13140087
940177,0.13140087
940178,0.13140087
940179,0.13140087
940180,0.13140087
940188,0.04412183
940189,0.08859839
940190,0.08859839
940191,0.08859839
940192,0.08859839
940204,0.04412183
940205,0.08859839
940420,0.08452581
940421,0.04631622
940422,0.13412613
940423,0.13412613
940424,0.13412613
940425,0.13412613
940426,0.13412613
940433,0.07358649
940545,0.07930419
940549,0.04682797
940550,0.12324977
940551,0.12324977
940552,0.12324977
940553,0.12324977
940554,0.12324977
940555,0.12324977
940556,0.12324977
940557,0.12324977
940558,0.12324977
940559,0.12324977
940560,0.12324977
940561,0.12324977
940562,0.12324977
940563,0.12324977
940564,0.12324977
940565,0.12324977
940566,0.12324977
940567,0.12324977
940568,0.12324977
940569,0.12324977
940570,0.12324977
940571,0.12324977
940572,0.12324977
940573,0.12324977
940574,0.12324977
940575,0.12324977
940580,0.04682797
940581,0.12324977
940582,0.12324977
940583,0.12324977
940584,0.12324977
940585,0.12324977
940586,0.12324977
940587,0.12324977
940588,0.12324977
940589,0.12324977
940590,0.12324977
940591,0.12324977
940592,0.12324977
940593,0.12324977
940594,0.12324977
940595,0.12324977
940596,0.12324977
940597,0.12324977
940598,0.12324977
940599,0.12324977
940600,0.12324977
940606,0.04682797
940607,0.12324977
940608,0.12324977
940609,0.12324977
940610,0.12324977
940611,0.12324977
940612,0.12324977
940613,0.12324977
940614,0.12324977
940615,0.12324977
940616,0.12324977
940617,0.12324977
940618,0.12324977
940619,0.13572937
940620,0.13572937
940621,0.13572937
940622,0.13572937
940623,0.13572937
940624,0.13572937
940626,0.05079893
940627,0.12827875
940628,0.12827875
940629,0.12827875
940630,0.12827875
940631,0.05079893
940632,0.12827875
940633,0.12827875
940634,0.12827875
940635,0.12827875
940636,0.12827875
940637,0.12827875
940638,0.05079893
940639,0.12827875
940640,0.12827875
940641,0.12827875
940645,0.047039762
940646,0.11950777
940647,0.11950777
940648,0.11950777
940865,0.055736095
940866,0.1631462
940867,0.1631462
940868,0.1631462
940869,0.1631462
940870,0.1631462
940871,0.1631462
940872,0.057690255
940873,0.1631462
940874,0.1631462
940875,0.1631462
940876,0.057690255
940877,0.1631462
940878,0.1631462
940879,0.1631462
940880,0.1631462
940881,0.1631462
940882,0.1631462
940883,0.1631462
940884,0.1631462
940885,0.1631462
940886,0.07246166
940887,0.20063627
940888,0.20063627
940889,0.20063627
940890,0.20063627
940891,0.20063627
940892,0.20063627
940893,0.20063627
940894,0.20063627
940895,0.20063627
940896,0.07246166
940897,0.20063627
940898,0.20063627
940899,0.20063627
940900,0.20063627
940901,0.07246166
940902,0.20063627
940903,0.20063627
940904,0.20063627
940906,0.076240055
940907,0.2047916
940908,0.2047916
940909,0.2047916
940910,0.2047916
940911,0.076240055
940912,0.2047916
940913,0.2047916
940914,0.2047916
940915,0.2047916
940917,0.076240055
940918,0.2047916
940919,0.2047916
940920,0.2047916
940921,0.2047916
940945,0.06265447
940946,0.16822676
940947,0.16822676
940948,0.16822676
940949,0.16822676
940956,0.06265447
940957,0.16822676
940958,0.16822676
940959,0.16822676
940960,0.16822676
940967,0.081639156
940968,0.21859756
940969,0.21859756
940970,0.21859756
940972,0.08424884
940973,0.22575693
940974,0.22575693
940975,0.22575693
940976,0.22575693
940977,0.22575693
940978,0.22575693
940979,0.22575693
940980,0.22575693
940981,0.22575693
940987,0.08424884
940998,0.08424884
941298,0.15653281
941299,0.11601262
941300,0.29427382
941301,0.29427382
941302,0.29427382
941303,0.29427382
941304,0.29427382
941305,0.12775333
941306,0.31127995
941307,0.31127995
941308,0.31127995
941309,0.31127995
941310,0.31127995
941335,0.07813255
941483,0.07574166
941484,0.15132087
941485,0.15132087
941486,0.15132087
941487,0.15132087
941488,0.15132087
941489,0.15132087
941491,0.06566673
941492,0.15986976
941493,0.15986976
941494,0.15986976
941495,0.15986976
941496,0.15986976
941497,0.15986976
941689,0.09654269
941690,0.21204835
941691,0.21204835
941692,0.21204835
941693,0.21204835
941694,0.21204835
941695,0.104161456
941696,0.29556784
941697,0.29556784
941698,0.29556784
941699,0.29556784
941700,0.12458858
941701,0.31462592
941706,0.074925266
941707,0.22736391
941708,0.22736391
941709,0.22736391
941710,0.22736391
941711,0.079687804
941712,0.22736391
941713,0.22736391
941714,0.22736391
941715,0.079687804
941716,0.22736391
941717,0.22736391
941718,0.22736391
941732,0.08573092
941733,0.24297236
941734,0.24297236
941735,0.24297236
941736,0.24297236
941737,0.24297236
941738,0.24297236
941739,0.24297236
941740,0.24297236
941741,0.24297236
941742,0.24297236
941743,0.24297236
941744,0.24297236
941745,0.24297236
941760,0.08573092
941761,0.24297236
941762,0.24297236
941763,0.24297236
941764,0.24297236
941768,0.08573092
941769,0.24297236
941888,0.1091755
941889,0.17249362
942152,0.16802739
942153,0.07507025
942154,0.23368143
942155,0.23368143
942156,0.23368143
942157,0.07887822
942158,0.23368143
942159,0.23368143
942160,0.23368143
942161,0.17775235
942162,0.34978265
942163,0.34978265
942164,0.100803435
942165,0.27500916
942166,0.27500916
942167,0.27500916
942168,0.27500916
942169,0.100803435
942170,0.27500916
942172,0.120708734
942247,0.14628203
942248,0.2073806
942249,0.2073806
942250,0.2073806
942251,0.2073806
942252,0.2073806
942253,0.2073806
942254,0.2073806
942259,0.08138167
942260,0.2073806
942261,0.2073806
942262,0.2073806
942263,0.2073806
942278,0.07503725
942279,0.19328023
942280,0.19328023
942281,0.19328023
942282,0.19328023
942297,0.07503725
942298,0.19328023
942299,0.19328023
942300,0.19328023
942301,0.187854
942313,0.069925316
942314,0.187854
942315,0.187854
942316,0.187854
942317,0.187854
942325,0.0824374
942326,0.19929811
942327,0.19929811
942328,0.19929811
942329,0.19929811
942341,0.0824374
942342,0.19929811
942343,0.19929811
942344,0.19929811
942345,0.19929811
942346,0.19929811
942353,0.0824374
942354,0.19929811
942355,0.19929811
942356,0.19929811
942357,0.19929811
942361,0.10473252
942362,0.21626025
942363,0.21626025
942364,0.21626025
942372,0.10473252
942373,0.21626025
942374,0.21626025
942375,0.21626025
942390,0.10473252
942391,0.21626025
942392,0.21626025
942393,0.21626025
942394,0.21626025
942395,0.21626025
942418,0.069543615
942419,0.15081039
942420,0.15081039
942421,0.15081039
942422,0.15081039
942423,0.15081039
942444,0.069543615
942445,0.15081039
942446,0.15081039
942447,0.15081039
942448,0.15081039
942449,0.15081039
942480,0.069543615
942481,0.15081039
942482,0.15081039
942483,0.15081039
942509,0.0662015
942510,0.20406865
942511,0.20406865
942512,0.20406865
942538,0.0662015
942539,0.20406865
942540,0.20406865
942541,0.20406865
942542,0.20406865
942548,0.0662015
942549,0.20406865
942550,0.20406865
942551,0.20406865
942553,0.14740798
942620,0.15634912
942621,0.10711551
942622,0.27802086
942623,0.27802086
942624,0.27802086
942625,0.27802086
942626,0.10711551
942627,0.27802086
942628,0.27802086
942629,0.27802086
942630,0.27802086
942631,0.14618987
942632,0.3480202
942633,0.3480202
942634,0.3480202
942635,0.3480202
942636,0.3480202
942637,0.14618987
943661,0.10051596
943662,0.16509245
943663,0.16509245
943664,0.16509245
943665,0.16509245
943666,0.16509245
943667,0.16509245
943668,0.16509245
943669,0.16509245
943670,0.16509245
943671,0.07068109
943672,0.2095997
943673,0.2095997
943674,0.2095997
943675,0.2095997
943676,0.07068109
943677,0.2095997
943678,0.2095997
943679,0.2095997
943680,0.2095997
943681,0.2095997
943682,0.2095997
943683,0.2095997
943684,0.07068109
943685,0.2095997
943686,0.2095997
943687,0.2095997
943688,0.2095997
943689,0.2095997
943725,0.08955985
944179,0.10530012
944180,0.08368556
944181,0.24122103
944182,0.24122103
944183,0.24122103
944184,0.24122103
944185,0.24122103
944186,0.08565403
944187,0.2405263
944188,0.2405263
944189,0.2405263
944190,0.2405263
944191,0.2405263
944192,0.08565403
944193,0.2405263
944194,0.2405263
944195,0.2405263
944196,0.2405263
944197,0.2405263
944198,0.08565403
944199,0.2405263
944200,0.2405263
944201,0.2405263
944202,0.2405263
944216,0.06883065
944217,0.19505695
944218,0.19505695
944219,0.19505695
944220,0.19505695
944228,0.06883065
944229,0.19505695
944292,0.050934713
944347,0.09400855
944348,0.1419876
944359,0.0660968
944360,0.15512007
944361,0.15512007
944362,0.15512007
944363,0.15512007
944364,0.16230045
944365,0.16230045
944366,0.16230045
944367,0.15512007
944381,0.0660968
944382,0.15512007
944383,0.15512007
944384,0.15512007
944385,0.15512007
944407,0.0660968
944408,0.15512007
944409,0.15512007
944410,0.15512007
944431,0.0963595
944432,0.19062327
944433,0.19062327
944434,0.19062327
944435,0.19062327
944450,0.0963595
944451,0.19062327
944452,0.19062327
944453,0.19062327
944454,0.19062327
944482,0.0963595
944483,0.19062327
944484,0.19062327
944485,0.19062327
944486,0.19062327
944588,0.09929077
944589,0.08951511
944590,0.20790868
944591,0.0659599
944592,0.18809022
944593,0.18809022
944594,0.18809022
944595,0.18809022
944596,0.0659599
944597,0.18809022
944598,0.18809022
944599,0.18809022
944600,0.18809022
944601,0.18809022
944602,0.18809022
944603,0.18809022
944604,0.0659599
944605,0.18809022
944606,0.18809022
944607,0.18809022
944608,0.18809022
944609,0.18809022
944610,0.18809022
944611,0.09838897
944612,0.2653512
944613,0.2653512
944614,0.2653512
944615,0.2653512
944616,0.2653512
944617,0.2653512
944855,0.11511081
944856,0.17610955
944860,0.093144566
944861,0.17610955
944862,0.17610955
944863,0.17610955
944864,0.17610955
945052,0.09540749
945076,0.097196266
945097,0.07995344
945098,0.23656014
945103,0.07995344
945104,0.23656014
945459,0.08894204
945485,0.14198133
945486,0.30486584
945487,0.30486584
945488,0.30486584
945489,0.30486584
945490,0.30486584
945491,0.30486584
945492,0.30486584
945493,0.30486584
945494,0.30486584
945495,0.30486584
945496,0.30486584
945497,0.30486584
945498,0.30486584
945499,0.30486584
945502,0.12500955
945503,0.34182444
945504,0.34182444
945505,0.34182444
945506,0.34182444
945551,0.12864757
945554,0.08805416
945555,0.24747145
945556,0.30795807
945557,0.24747145
945566,0.06302606
945578,0.060109675
945579,0.17952581
945580,0.17952581
945581,0.17952581
945582,0.17952581
945583,0.17952581
945584,0.17952581
945585,0.17952581
945586,0.17952581
945587,0.17952581
945588,0.17952581
945598,0.07148917
945599,0.19547324
945600,0.19547324
945601,0.1930652
945602,0.1930652
945603,0.1930652
945604,0.1930652
945605,0.1930652
945606,0.1930652
945607,0.1930652
945608,0.1930652
945618,0.071019396
945619,0.1930652
945620,0.1930652
945621,0.1930652
945622,0.1930652
945623,0.1930652
945624,0.1930652
945625,0.1930652
945626,0.1930652
945636,0.071019396
945637,0.1930652
945638,0.1930652
945639,0.1930652
945640,0.1930652
945641,0.1930652
945642,0.1930652
945643,0.1930652
945658,0.07394063
945690,0.110799395
945691,0.19919214
945692,0.19919214
945693,0.19919214
945694,0.19919214
945695,0.19919214
945696,0.19919214
945697,0.19919214
945698,0.19919214
945699,0.19919214
945700,0.19919214
945704,0.075376734
945705,0.19919214
945706,0.19919214
945707,0.19919214
945708,0.19919214
945709,0.19919214
945710,0.19919214
945711,0.19919214
945900,0.07832648
946079,0.103101656
946080,0.2354799
946081,0.2354799
946082,0.2354799
946083,0.2354799
946084,0.2354799
946088,0.10168517
946089,0.2354799
946090,0.2354799
946091,0.2354799
946092,0.2354799
946093,0.2354799
946094,0.2354799
946095,0.2354799
946096,0.2354799
946097,0.2354799
946103,0.10168517
946104,0.2354799
946105,0.2354799
946106,0.2354799
946107,0.2354799
946108,0.2354799
946123,0.083775006
946130,0.15551114
946131,0.34745866
946132,0.20352736
946179,0.12946081
946180,0.13190837
946181,0.3406988
946182,0.3406988
946183,0.3406988
946184,0.3406988
946185,0.3406988
946186,0.3406988
946187,0.13190837
946188,0.3406988
946350,0.14324912
946861,0.09204729
946862,0.31410858
946863,0.31410858
946864,0.31410858
946865,0.31410858
946866,0.5393488
946867,0.5393488
946868,0.5393488
946869,0.5393488
946870,0.5393488
946871,0.5393488
946872,0.5393488
946873,0.5393488
946874,0.5393488
946989,0.099440016
947005,0.11505916
947006,0.3249406
947007,0.2716983
947008,0.2716983
947009,0.10793812
947010,0.2716983
947011,0.2716983
947012,0.3249406
947013,0.3249406
947014,0.3249406
947015,0.3249406
947016,0.3249406
947076,0.018048834
947082,0.012921227
947083,0.027516602
947084,0.027516602
947099,0.09997859
947159,0.016042337
947160,0.02992881
947161,0.02992881
947162,0.02992881
947176,0.015279979
947177,0.02992881
947178,0.02992881
947179,0.02992881
947180,0.02992881
947181,0.02992881
947182,0.02992881
947183,0.02992881
947184,0.02992881
947199,0.015279979
947207,0.017953325
947208,0.03700265
947209,0.03700265
947210,0.03700265
947211,0.03700265
947212,0.03700265
947213,0.03700265
947214,0.03700265
947226,0.017953325
947227,0.03700265
947228,0.03700265
947274,0.04453706
947275,0.07592116
947583,0.11861816
947584,0.24760738
947590,0.10400443
947591,0.24760738
947592,0.24760738
947614,0.15607844
947826,0.040793654
947827,0.082407236
947828,0.082407236
947833,0.029681016
947834,0.082407236
947835,0.082407236
947836,0.082407236
947837,0.082407236
947843,0.029681016
947844,0.082407236
947845,0.082407236
947846,0.082407236
947854,0.013419363
947868,0.015752967
947927,0.04142704
947930,0.061571892
948220,0.087148115
948221,0.35597137
948222,0.35597137
948235,0.16421421
948236,0.35597137
948237,0.35597137
948238,0.35597137
948239,0.35597137
948240,0.35597137
948254,0.13450125
948255,0.30752796
948256,0.30752796
948257,0.30752796
948258,0.30752796
948259,0.30752796
948260,0.30752796
948503,0.1620964
948767,0.09884428
948768,0.25584337
948769,0.25584337
948962,0.08225366
949521,0.13410379
949522,0.3129958
949523,0.3129958
949524,0.3129958
949525,0.3129958
949526,0.3129958
949527,0.11693768
949671,0.026558815
950514,0.096989535
950981,0.097806685
950982,0.39502585
950983,0.39502585
950990,0.14841981
950991,0.39502585
951113,0.028625516
951114,0.06046476
951300,0.06698893
951932,0.05178072
951933,0.14035264
951934,0.14035264
951935,0.14035264
951936,0.18357162
951937,0.14035264
951938,0.14035264
951939,0.18357162
951940,0.14035264
951941,0.051658113
951942,0.14035264
951943,0.14035264
951944,0.14035264
951952,0.06696587
952076,0.13340184
952077,0.28533217
952078,0.28533217
952087,0.09770545
952204,0.10312461
952205,0.22010323
952206,0.22010323
952207,0.22010323
952208,0.22010323
952209,0.22010323
952210,0.22010323
952211,0.22010323
952214,0.09313812
952215,0.23231128
952216,0.23231128
952217,0.23231128
952218,0.23231128
952219,0.23231128
952230,0.09313812
952231,0.23231128
952232,0.23231128
952257,0.12195291
952282,0.03436332
952283,0.049010623
952284,0.012129971
952285,0.025854975
952286,0.025854975
952287,0.025854975
952288,0.025854975
952293,0.012129971
952298,0.013647736
952299,0.030385295
952300,0.030385295
952304,0.015503568
952305,0.030385295
952306,0.030385295
952307,0.030385295
952308,0.030385295
952309,0.030385295
952310,0.015503568
952311,0.030385295
952312,0.030385295
952313,0.030385295
952314,0.030385295
952318,0.01434638
952319,0.028125731
952320,0.028125731
952321,0.028125731
952322,0.028125731
952323,0.028125731
952324,0.028125731
952325,0.028125731
952326,0.028125731
952327,0.028125731
952328,0.028125731
952329,0.028125731
952330,0.028125731
952331,0.028125731
952332,0.028125731
952333,0.028125731
952334,0.028125731
952335,0.028125731
952336,0.01434638
952337,0.028125731
952354,0.019704258
952360,0.016859198
952361,0.034788687
952759,0.066535756
952760,0.189644
952761,0.189644
952762,0.189644
952763,0.189644
952774,0.070020735
952775,0.189644
952776,0.189644
952777,0.189644
952789,0.06943419
952790,0.18554707
952791,0.18554707
952792,0.18554707
952793,0.18554707
952794,0.18554707
953118,0.12232897
953562,0.10491396
953563,0.38601494
953566,0.1431618
953567,0.38601494
953568,0.38601494
953569,0.38601494
953570,0.38601494
953571,0.38601494
953575,0.12428871
953576,0.34975144
953608,0.035052676
953609,0.057523906
953610,0.057523906
953621,0.02476036
953622,0.057523906
953623,0.057523906
953624,0.057523906
953625,0.057523906
953626,0.057523906
953640,0.013110192
953641,0.028127102
953642,0.028127102
953660,0.013110192
953661,0.028127102
953813,0.024534348
953882,0.046074294
953883,0.06789381
953884,0.06789381
953909,0.115161695
953910,0.28155243
953911,0.28155243
953925,0.15561885
953926,0.34143934
953927,0.34143934
953928,0.34143934
953929,0.34143934
953930,0.34143934
953946,0.15561885
953947,0.34143934
953948,0.34143934
953949,0.34143934
953950,0.34143934
954028,0.14341214
954032,0.08237346
954117,0.14364961
954118,0.13440202
954119,0.38395125
954120,0.38395125
954121,0.38395125
954122,0.38395125
954123,0.38395125
954124,0.15104024
954125,0.39995536
954126,0.39995536
954127,0.39995536
954128,0.39995536
954129,0.39995536
954130,0.12921506
954131,0.36840874
954132,0.36840874
954133,0.36840874
954134,0.36840874
954135,0.36840874
954136,0.36840874
954137,0.36840874
954138,0.36840874
954139,0.36840874
954148,0.13389131
954149,0.36840874
954150,0.36840874
954151,0.36840874
954152,0.36840874
954153,0.36840874
954154,0.36840874
954155,0.36840874
954156,0.36840874
954167,0.13389131
954290,0.08937402
954291,0.20387365
954292,0.20387365
954293,0.20387365
954294,0.30850568
954295,0.30850568
954296,0.20387365
954310,0.089918636
954311,0.20387365
954312,0.20387365
954313,0.30850568
954314,0.20387365
954315,0.20387365
954316,0.20387365
954327,0.072165206
954328,0.16879657
954329,0.16749369
954330,0.16749369
954331,0.16749369
954339,0.070318624
954340,0.16749369
954341,0.16749369
954342,0.16749369
954563,0.06722189
954564,0.062385123
954565,0.1657639
954566,0.1657639
954567,0.1657639
954568,0.1657639
954950,0.10865307
954951,0.21999125
954952,0.21999125
954953,0.2652957
954954,0.2652957
954955,0.2652957
954956,0.2652957
954957,0.2652957
954958,0.2652957
954959,0.2652957
954960,0.2652957
954961,0.2652957
954967,0.09745478
954968,0.23429687
954969,0.23429687
955235,0.110249735
955236,0.26346475
955237,0.26346475
955238,0.26346475
955239,0.26346475
955240,0.26346475
955241,0.26346475
955242,0.26346475
955243,0.26346475
955244,0.26346475
955255,0.1027982
955256,0.26346475
955257,0.26346475
955303,0.06692274
955304,0.16995975
955305,0.16995975
955306,0.16995975
955307,0.16995975
955331,0.016215563
955343,0.014069638
955344,0.028125731
955401,0.046371438
955402,0.08773774
955403,0.08773774
955537,0.14386122
955845,0.08659285
955846,0.21987809
955850,0.07721823
955851,0.21499069
955852,0.21499069
955853,0.21499069
956137,0.1369249
956198,0.13831452
956199,0.35337874
956200,0.35337874
956201,0.35337874
956202,0.35337874
956203,0.35337874
956204,0.35337874
956205,0.35337874
956206,0.35337874
956207,0.35337874
956208,0.35337874
956209,0.35337874
956210,0.35337874
956211,0.35337874
956212,0.35337874
956216,0.12494793
956217,0.35337874
956218,0.35337874
956219,0.35337874
956220,0.35337874
956221,0.35337874
956222,0.35337874
956223,0.35337874
956224,0.35337874
956225,0.35337874
956226,0.35337874
956227,0.35337874
956241,0.056806557
956797,0.14696889
956798,0.2796721
956799,0.2796721
956800,0.2796721
956801,0.2796721
956819,0.15198663
956820,0.33934796
956821,0.33934796
956822,0.33934796
956823,0.33934796
957708,0.17071395
957709,0.3432019
957710,0.3432019
957711,0.3432019
957712,0.3432019
957713,0.13391253
957714,0.3432019
957715,0.3432019
957716,0.3432019
957717,0.13391253
957991,0.049162522
957992,0.15643692
957993,0.15643692
957994,0.15643692
957995,0.15643692
957996,0.15643692
957997,0.15643692
957998,0.15643692
957999,0.15643692
958000,0.15643692
958001,0.15643692
958002,0.15643692
958003,0.15643692
958004,0.15643692
958005,0.15643692
958006,0.15643692
958007,0.15643692
958008,0.15643692
958009,0.15643692
958010,0.15643692
958011,0.15643692
958012,0.15643692
958016,0.06885263
958017,0.19423236
958018,0.19423236
958019,0.19423236
958020,0.19423236
958021,0.19423236
958022,0.19423236
958023,0.19423236
958024,0.19423236
958025,0.19423236
958026,0.19423236
958798,0.108066775
958799,0.18991491
958800,0.18991491
958801,0.08574974
958830,0.07466559
959749,0.09287528
959750,0.3302454
959751,0.3302454
959789,0.13797972
959797,0.1807505
959798,0.3885636
959939,0.0706708
959940,0.1931871
959941,0.1931871
959948,0.06737473
960021,0.10217382
960022,0.23869583
960023,0.23869583
960024,0.23869583
960025,0.23869583
960026,0.23869583
960036,0.08424318
960037,0.23351534
960184,0.11333761
960204,0.067269474
961614,0.09948469
961615,0.2792608
961621,0.097902745
961622,0.2792608
961623,0.2792608
961624,0.2792608
961625,0.2792608
961793,0.087380916
961794,0.19644277
961795,0.19644277
961796,0.19644277
961797,0.19644277
961798,0.19644277
962248,0.09526896
962270,0.114585005
911545,0.05967753
911546,0.15243965
911547,0.15243965
911556,0.06897029
911557,0.15243965
911558,0.15243965
911559,0.15243965
911560,0.15243965
911561,0.15243965
911562,0.15243965
911563,0.15243965
911564,0.15243965
911565,0.15243965
911566,0.15243965
911567,0.15243965
911568,0.15243965
911569,0.15243965
911570,0.15243965
911575,0.06897029
911576,0.15243965
911577,0.15243965
911578,0.15243965
911579,0.15243965
911580,0.15243965
911581,0.08173022
911582,0.17757495
911583,0.17757495
911584,0.17757495
911585,0.17757495
911586,0.17757495
911587,0.08173022
911588,0.17757495
911589,0.17757495
911590,0.17757495
911591,0.17757495
911592,0.17757495
911603,0.08173022
911604,0.17757495
911605,0.17757495
911606,0.17757495
911607,0.17757495
911608,0.17757495
911609,0.17757495
911610,0.17757495
911618,0.078904554
911619,0.17205659
911620,0.17205659
911621,0.17205659
911622,0.17205659
911623,0.17205659
911624,0.17205659
911625,0.17205659
911630,0.078904554
911631,0.17205659
911632,0.17205659
911633,0.17205659
911634,0.17205659
911635,0.17205659
911636,0.17205659
911637,0.17205659
911654,0.078904554
911655,0.17205659
911656,0.17205659
912036,0.07678937
912047,0.102013245
912048,0.21706134
912049,0.21706134
912050,0.21706134
912051,0.21706134
912052,0.21706134
912053,0.21706134
912054,0.21706134
912095,0.102013245
912096,0.21706134
912097,0.21706134
912098,0.21706134
912099,0.21706134
912100,0.21706134
912101,0.21706134
912102,0.21706134
912103,0.21706134
912128,0.102013245
912129,0.21706134
912130,0.21706134
912131,0.21706134
912132,0.21706134
912133,0.21706134
912134,0.21706134
912135,0.21706134
912136,0.21706134
912137,0.21706134
912138,0.21706134
912139,0.21706134
912140,0.21706134
912141,0.21706134
912142,0.21706134
912143,0.21706134
912144,0.21706134
912145,0.21706134
912146,0.21706134
912147,0.21706134
912148,0.21706134
912149,0.21706134
912150,0.21706134
912151,0.21706134
912152,0.21706134
912153,0.21706134
912154,0.21706134
912155,0.21706134
912156,0.21706134
912157,0.21706134
912158,0.21706134
912159,0.21706134
912160,0.21706134
912161,0.21706134
912185,0.08263468
912186,0.26089695
912187,0.26089695
912188,0.26089695
912189,0.26089695
912190,0.26089695
912585,0.14933765
912586,0.2746982
912587,0.2746982
912588,0.2746982
912589,0.2746982
912590,0.2746982
912591,0.2746982
912592,0.2746982
912593,0.2746982
912594,0.2746982
912595,0.2746982
912782,0.10852545
912802,0.12765497
912803,0.29568854
912804,0.29568854
912805,0.29568854
912806,0.29568854
912807,0.29568854
912810,0.1253959
912811,0.29688892
912812,0.29688892
912813,0.29688892
912814,0.29688892
912815,0.29688892
912816,0.29688892
912823,0.1253959
912824,0.29688892
912825,0.29688892
912826,0.29688892
912827,0.29688892
912828,0.29688892
912829,0.29688892
912832,0.1253959
912833,0.29688892
912834,0.29688892
912842,0.14306203
912843,0.32964227
912844,0.32964227
912845,0.32964227
912850,0.14306203
912851,0.32964227
912852,0.32964227
912853,0.32964227
912854,0.32964227
912855,0.32964227
912876,0.11419197
912877,0.27896157
912878,0.27896157
912879,0.27896157
912880,0.27896157
912911,0.10687648
913013,0.15790062
913014,0.437313
913015,0.437313
913016,0.437313
913017,0.437313
913031,0.16939314
913032,0.437313
913033,0.437313
913034,0.437313
913044,0.16939314
913045,0.437313
913046,0.437313
913123,0.11600272
913124,0.2666922
913125,0.2666922
913126,0.2666922
913127,0.2666922
913128,0.2666922
913129,0.2666922
913130,0.1084264
913131,0.2666922
913132,0.2666922
913133,0.2666922
913134,0.2666922
913135,0.1084264
913136,0.2666922
913137,0.2666922
913143,0.106466025
913515,0.09122615
913516,0.20407517
913517,0.20407517
913518,0.07961756
913519,0.20407517
913522,0.07822585
913523,0.20522323
913524,0.20522323
913525,0.20522323
913526,0.20522323
913527,0.20522323
913545,0.07822585
913546,0.20522323
913547,0.20522323
913548,0.20522323
913557,0.07822585
913558,0.20522323
913559,0.20522323
913635,0.080316104
913836,0.10709688
913837,0.2889288
913838,0.2889288
913839,0.2889288
913840,0.2889288
913841,0.2889288
913842,0.2889288
913844,0.13776724
913845,0.2889288
913846,0.2889288
913899,0.07335032
913900,0.20735586
913901,0.09204549
913902,0.20735586
913903,0.20735586
913904,0.20735586
913905,0.20735586
913906,0.20735586
913907,0.20735586
913908,0.102541335
913909,0.22772817
913910,0.22772817
913911,0.22772817
913912,0.22772817
913913,0.22772817
913914,0.22772817
913915,0.102541335
913916,0.22772817
913917,0.22772817
913918,0.22772817
913919,0.22772817
913920,0.22772817
913921,0.22772817
913922,0.22772817
913926,0.102541335
913927,0.22772817
913928,0.22772817
913929,0.22772817
913930,0.22772817
913931,0.22772817
913932,0.22772817
913933,0.22772817
913934,0.22772817
913941,0.08674281
913942,0.19039442
913943,0.19039442
913944,0.19039442
913945,0.19039442
913946,0.19039442
913947,0.19039442
913949,0.08674281
913950,0.19039442
913951,0.19039442
913952,0.19039442
913953,0.19039442
913954,0.19039442
913972,0.08674281
913973,0.19039442
913974,0.19039442
913975,0.19039442
913976,0.19039442
913977,0.19039442
913978,0.19039442
913979,0.19039442
913980,0.19039442
914070,0.080942705
914071,0.17455325
914072,0.08182905
914073,0.17455325
914074,0.17455325
914075,0.17455325
914076,0.17455325
914077,0.17455325
914078,0.17455325
914079,0.17455325
914080,0.12457785
914214,0.053871427
914215,0.1626561
914216,0.07388839
914217,0.17249401
914218,0.17249401
914219,0.17249401
914220,0.17249401
914221,0.062117208
914222,0.17445356
914223,0.17445356
914224,0.17445356
914225,0.17445356
914226,0.17445356
914227,0.17445356
914228,0.17445356
914229,0.08222112
914230,0.19152518
914231,0.19152518
914232,0.19152518
914233,0.19152518
914234,0.19152518
914249,0.04387229
914250,0.10978819
914251,0.10978819
914252,0.10978819
914253,0.10978819
914258,0.04843499
914259,0.10978819
914409,0.06698692
914410,0.15771446
914424,0.07151236
914425,0.15771446
914426,0.15771446
914427,0.15771446
914428,0.15771446
914429,0.15771446
914430,0.15771446
914440,0.12212082
914475,0.08415733
914476,0.23785794
914477,0.23785794
914478,0.23785794
914481,0.17138276
914519,0.07672025
914520,0.19422905
914521,0.19422905
914522,0.19422905
914523,0.19422905
914524,0.19422905
914525,0.19422905
914526,0.07622629
914527,0.19422905
914528,0.19422905
914529,0.080073215
914532,0.0786711
914533,0.2036956
914545,0.079276755
914546,0.2036956
914547,0.2036956
914548,0.2036956
914549,0.2036956
914550,0.2036956
914553,0.079276755
914554,0.2036956
914555,0.2036956
914556,0.2036956
914792,0.059113137
914793,0.2721386
914828,0.14604482
914829,0.3615206
914830,0.3615206
914831,0.3615206
914832,0.3615206
914833,0.3615206
914834,0.3615206
914835,0.2589924
914836,0.2589924
914837,0.2589924
914838,0.2589924
914839,0.2589924
914845,0.13960862
914846,0.3222603
914847,0.3222603
914867,0.13960862
914868,0.3222603
914869,0.3222603
914870,0.3222603
914871,0.3222603
914872,0.3222603
914893,0.13960862
914894,0.3222603
914895,0.3222603
914896,0.3222603
914897,0.3222603
914898,0.3222603
914899,0.3222603
914900,0.3222603
914901,0.3222603
914902,0.3222603
914903,0.3222603
914904,0.3222603
914905,0.3222603
914906,0.3222603
914907,0.3222603
914924,0.12827183
914925,0.3128557
914926,0.3128557
914927,0.3128557
914928,0.3128557
914929,0.3128557
914949,0.12827183
914971,0.08541767
914972,0.23708506
914973,0.23708506
914974,0.23708506
914975,0.23708506
914976,0.23708506
915056,0.05893919
915331,0.09242027
915332,0.089237705
915333,0.22272776
915334,0.22272776
915335,0.22272776
915336,0.089237705
915337,0.22272776
915338,0.22272776
915339,0.22272776
915340,0.089237705
915341,0.22272776
915342,0.22272776
915343,0.09058597
915344,0.2302032
915345,0.2302032
915346,0.2302032
915347,0.2302032
915348,0.2302032
915349,0.09058597
915350,0.2302032
915351,0.2302032
915352,0.2302032
915353,0.2302032
915354,0.2302032
915355,0.2302032
915356,0.2302032
915357,0.2302032
915358,0.2302032
915359,0.2302032
915360,0.2302032
915361,0.2302032
915362,0.2302032
915363,0.2302032
915364,0.2302032
915365,0.2302032
915366,0.09058597
915367,0.2302032
915368,0.10393087
915369,0.25830236
915370,0.25830236
915371,0.25830236
915372,0.25830236
915373,0.25830236
915374,0.25830236
915375,0.25830236
915376,0.10393087
915377,0.25830236
915378,0.25830236
915379,0.25830236
915667,0.10049599
915668,0.27760488
915675,0.11097675
915695,0.22043157
915699,0.21847302
915700,0.45855156
915701,0.45855156
915702,0.45855156
915703,0.45855156
915707,0.21847302
915708,0.45855156
915709,0.45855156
915710,0.45855156
915724,0.14428104
915738,0.09042733
915739,0.21977344
915740,0.21977344
915741,0.21977344
915742,0.21977344
915743,0.21977344
915744,0.21977344
915745,0.21977344
915746,0.21977344
915747,0.21977344
915748,0.21977344
915749,0.21977344
915750,0.085475564
915751,0.21977344
915752,0.21977344
915753,0.21977344
915754,0.085475564
915755,0.21977344
915756,0.21977344
915757,0.21977344
915758,0.21977344
915759,0.082974315
915760,0.2112067
915761,0.2112067
915762,0.2112067
915763,0.2112067
915764,0.2112067
915775,0.082974315
915776,0.2112067
915777,0.2112067
915778,0.2112067
915779,0.2112067
915780,0.2112067
915781,0.2112067
915782,0.2112067
915783,0.2112067
915791,0.082974315
915792,0.2112067
915818,0.08423668
915819,0.2184041
915820,0.2184041
915821,0.2184041
915822,0.2184041
915823,0.2184041
915835,0.08423668
915836,0.2184041
915837,0.2184041
915838,0.2184041
915839,0.2184041
915840,0.2184041
915841,0.2184041
915842,0.2184041
915843,0.2184041
915844,0.2184041
915845,0.2184041
915846,0.2184041
915869,0.08423668
915870,0.2184041
915871,0.2184041
915872,0.2184041
915877,0.09801639
915878,0.24821013
915879,0.24821013
915880,0.24821013
915881,0.24821013
915882,0.24821013
915887,0.09801639
915888,0.24821013
915889,0.24821013
916146,0.04189462
916147,0.19963922
916157,0.104487315
916256,0.05453984
916257,0.14622453
916258,0.05468686
916259,0.14622453
916260,0.14622453
916261,0.14622453
916262,0.14622453
916263,0.14622453
916264,0.14622453
916265,0.14622453
916266,0.05468686
916267,0.14622453
916268,0.14622453
916269,0.14622453
916270,0.14552772
916271,0.05649184
916272,0.15171278
916273,0.15171278
916274,0.15171278
916275,0.15171278
916276,0.15171278
916277,0.05649184
916278,0.15171278
916279,0.15171278
916280,0.15171278
916281,0.14186552
916282,0.14186552
916283,0.05379305
916284,0.14186552
916285,0.14186552
916286,0.14186552
916287,0.14186552
916288,0.05622097
916289,0.14536636
916290,0.14536636
916291,0.14536636
916292,0.14536636
916293,0.05622097
916294,0.14536636
916295,0.14536636
916296,0.14536636
916297,0.14536636
916298,0.14536636
916300,0.05622097
916301,0.14536636
916302,0.14536636
916303,0.14536636
916304,0.14536636
916313,0.0571715
916314,0.15091495
916315,0.15091495
916320,0.0571715
916470,0.050573744
916528,0.09042122
916529,0.20152408
916530,0.20152408
916531,0.20152408
916532,0.20152408
916533,0.20152408
916534,0.20152408
916535,0.20152408
916537,0.101410456
916538,0.20152408
916539,0.20152408
916575,0.07405342
916576,0.1984209
916577,0.1984209
916578,0.1984209
916579,0.1984209
916580,0.1984209
916581,0.1984209
916582,0.1984209
916583,0.1984209
916584,0.1984209
916588,0.097041294
916589,0.208412
916590,0.208412
916591,0.208412
916592,0.208412
916593,0.208412
916594,0.208412
916604,0.097041294
916605,0.208412
916606,0.208412
916607,0.208412
916676,0.04245867
916677,0.119553335
916678,0.119553335
916679,0.119553335
916680,0.119553335
916681,0.05262869
916682,0.119553335
916683,0.119553335
916684,0.119553335
916685,0.119553335
916686,0.119553335
916687,0.119553335
916688,0.119553335
916689,0.059426367
916690,0.13481037
916691,0.13481037
916692,0.13481037
916693,0.13481037
916694,0.059426367
916695,0.13481037
916696,0.13481037
916697,0.13481037
916698,0.059426367
916699,0.13481037
916700,0.13481037
916701,0.13481037
916702,0.13481037
916703,0.13481037
916704,0.13481037
916705,0.13481037
916706,0.13481037
916707,0.13481037
916708,0.13481037
916709,0.13481037
916710,0.13481037
916711,0.13481037
916712,0.13481037
916713,0.06458792
916714,0.14325221
916715,0.14325221
916716,0.14325221
916717,0.14325221
916718,0.14325221
916719,0.14325221
916720,0.14325221
916721,0.14325221
916722,0.14325221
916723,0.14325221
916724,0.14325221
916725,0.14325221
916726,0.14325221
916727,0.14325221
916728,0.14325221
916729,0.14325221
916730,0.14325221
916731,0.14325221
916732,0.14325221
916733,0.14325221
916734,0.06458792
916735,0.14325221
916736,0.14325221
916737,0.14325221
916738,0.14325221
916739,0.14325221
916740,0.14325221
916741,0.14325221
916742,0.14325221
916743,0.14325221
916744,0.14325221
916745,0.14325221
916746,0.14325221
916747,0.14325221
916748,0.06458792
916749,0.14325221
916750,0.14325221
916751,0.14325221
916752,0.14325221
916753,0.14325221
916754,0.14325221
916755,0.14325221
916756,0.14325221
916757,0.14325221
916758,0.14325221
916759,0.14325221
916760,0.14325221
916761,0.14325221
916762,0.14325221
916763,0.14325221
916764,0.14325221
916765,0.14325221
916766,0.14325221
916767,0.14325221
916768,0.14325221
916769,0.14325221
916770,0.14325221
916771,0.14325221
916772,0.14325221
916773,0.14325221
916774,0.066077024
916775,0.1495734
917007,0.054632943
917091,0.060965706
917092,0.20325656
917093,0.20325656
917094,0.20325656
917112,0.045882344
917113,0.14389229
917114,0.14389229
917115,0.14389229
917116,0.14389229
917117,0.14389229
917118,0.14389229
917119,0.14389229
917120,0.14389229
917121,0.14389229
917122,0.14389229
917123,0.14389229
917124,0.061896633
917125,0.14389229
917126,0.14389229
917127,0.14389229
917128,0.14389229
917129,0.14389229
917130,0.14389229
917131,0.14389229
917132,0.14389229
917137,0.039076377
917139,0.03499983
917140,0.07804896
917141,0.07804896
917142,0.07804896
917143,0.07804896
917144,0.07804896
917145,0.07804896
917146,0.07804896
917147,0.07804896
917168,0.04517427
917169,0.10011605
917179,0.05787728
917180,0.12893236
917181,0.12893236
917182,0.12893236
917183,0.12893236
917184,0.12893236
917185,0.12893236
917193,0.05787728
917194,0.12893236
917300,0.05714573
917301,0.113122635
917302,0.113122635
917303,0.113122635
917304,0.113122635
917394,0.11218501
917395,0.27962035
917396,0.27962035
917397,0.27962035
917398,0.27962035
917399,0.27962035
917400,0.27962035
917401,0.27962035
917402,0.27962035
917403,0.27962035
917404,0.27962035
917405,0.27962035
917406,0.27962035
917407,0.27962035
917408,0.27962035
917409,0.27962035
917425,0.11882347
917426,0.27962035
917427,0.27962035
917428,0.11882347
917431,0.09471954
917432,0.23008952
917456,0.06470419
917457,0.18170872
917458,0.18170872
917477,0.07022038
917478,0.18170872
917479,0.18170872
917480,0.18170872
917522,0.07022038
917523,0.18170872
917524,0.18170872
917525,0.18170872
917526,0.18170872
917527,0.18170872
917528,0.18170872
917529,0.18170872
917530,0.18170872
917531,0.18170872
917532,0.18170872
917533,0.18170872
917534,0.18170872
917535,0.18170872
917536,0.18170872
917537,0.18170872
917538,0.18170872
917539,0.18170872
917540,0.18170872
917751,0.09352284
917752,0.2057409
917753,0.2057409
917754,0.2057409
917755,0.2057409
917756,0.2057409
917757,0.11030426
917758,0.2057409
917759,0.2057409
917760,0.2057409
917761,0.2057409
917849,0.06854489
917850,0.20591503
917869,0.06781231
918156,0.0579677
918157,0.1597704
918161,0.06867997
918162,0.1597704
918163,0.1597704
918164,0.1597704
918165,0.1597704
918166,0.1597704
918173,0.10479602
918174,0.21480188
918175,0.21480188
918176,0.21480188
918177,0.21480188
918189,0.10479602
918190,0.21480188
918191,0.21480188
918192,0.21480188
918193,0.21480188
918194,0.21480188
918219,0.10479602
918220,0.21480188
918223,0.08102981
918224,0.17110753
918225,0.17110753
918226,0.17110753
918227,0.17110753
918228,0.17110753
918229,0.17110753
918230,0.17110753
918231,0.17110753
918261,0.08160523
918262,0.24674371
918263,0.24674371
918264,0.24674371
918265,0.24674371
918778,0.051884834
918779,0.17111938
918780,0.17111938
918781,0.17111938
918884,0.075512774
918885,0.21712936
918886,0.21712936
919048,0.07158827
919049,0.15337247
919050,0.15337247
919051,0.15337247
919052,0.15337247
919053,0.15337247
919054,0.15337247
919055,0.15337247
919066,0.06841286
919067,0.15337247
919068,0.15337247
919069,0.15337247
919070,0.15337247
919071,0.15337247
919072,0.15337247
919083,0.06841286
919084,0.15337247
919085,0.15337247
919086,0.15337247
919087,0.15337247
919097,0.11004395
919098,0.21657363
919099,0.21657363
919100,0.21657363
919101,0.21657363
919110,0.11004395
919111,0.21657363
919112,0.21657363
919113,0.21657363
919114,0.21657363
919115,0.21657363
919116,0.21657363
919117,0.21657363
919118,0.21657363
919119,0.21657363
919120,0.21657363
919121,0.21657363
919122,0.21657363
919141,0.11004395
919142,0.21657363
919143,0.21657363
919144,0.21657363
919145,0.21657363
919146,0.21657363
919152,0.094779216
919153,0.18996143
919154,0.18996143
919155,0.18996143
919156,0.18996143
919157,0.18996143
919166,0.094779216
919167,0.18996143
919168,0.18996143
919169,0.18996143
919170,0.18996143
919171,0.18996143
919172,0.18996143
919174,0.094779216
919175,0.18996143
919350,0.082682066
919351,0.20252816
919453,0.04928849
919454,0.14218836
919455,0.14218836
919456,0.14218836
919457,0.14218836
919458,0.14218836
919459,0.046787973
919460,0.12393478
919461,0.12393478
919462,0.12393478
919463,0.046787973
919464,0.12393478
919465,0.12393478
919466,0.12393478
919467,0.12393478
919468,0.046787973
919469,0.12393478
919470,0.12393478
919471,0.12393478
919472,0.12393478
919473,0.048603535
919474,0.12934096
919475,0.12934096
919476,0.12934096
919477,0.12934096
919478,0.048603535
919479,0.12934096
919480,0.12934096
919481,0.12934096
919482,0.15825342
919483,0.054893795
919484,0.15825342
919485,0.15825342
919486,0.15825342
919487,0.15825342
919488,0.05854118
919489,0.16502093
919490,0.16502093
919491,0.16502093
919492,0.05854118
919493,0.16502093
919494,0.16502093
919495,0.16502093
919496,0.16502093
919497,0.16502093
919498,0.16502093
919499,0.05854118
919500,0.16502093
919501,0.16502093
919502,0.16502093
919504,0.07845337
919505,0.23153394
919506,0.23153394
919507,0.23153394
919508,0.23153394
919512,0.084526286
919513,0.23153394
919514,0.23153394
919515,0.23153394
919516,0.23153394
919517,0.23153394
919524,0.084526286
919525,0.23153394
919526,0.23153394
919527,0.23153394
919528,0.23153394
919532,0.067900546
919533,0.18570212
919534,0.18570212
919535,0.18570212
919536,0.18570212
919537,0.18570212
919538,0.18570212
919543,0.067900546
919544,0.18570212
919545,0.18570212
919546,0.18570212
919547,0.18570212
919548,0.18570212
919549,0.18570212
919550,0.18570212
919551,0.067900546
919960,0.06542403
919961,0.16107379
919962,0.16107379
919963,0.07455033
919964,0.18227586
919965,0.18227586
919966,0.18227586
919967,0.18227586
919968,0.18227586
919969,0.18227586
919970,0.07455033
919971,0.18227586
919972,0.18227586
919973,0.18227586
919974,0.18227586
919975,0.18227586
919976,0.18227586
919977,0.18227586
919978,0.18227586
919979,0.18227586
919980,0.18227586
919981,0.18227586
919982,0.18227586
919983,0.18227586
919984,0.18227586
919985,0.18227586
919986,0.18227586
919987,0.18227586
919988,0.18227586
919989,0.18227586
919990,0.18227586
919991,0.18227586
919995,0.07455033
919996,0.18227586
919997,0.18227586
919998,0.18227586
919999,0.18227586
920000,0.18227586
920001,0.18227586
920002,0.18227586
920003,0.18227586
920004,0.18227586
920005,0.18227586
920006,0.18227586
920007,0.18227586
920008,0.18227586
920009,0.18227586
920010,0.18227586
920011,0.18227586
920012,0.18227586
920013,0.18227586
920014,0.18227586
920015,0.18227586
920016,0.18227586
920017,0.18227586
920018,0.18227586
920019,0.18227586
920020,0.18227586
920032,0.088375635
920038,0.07876732
920039,0.18501006
920040,0.18501006
920041,0.18501006
920042,0.18501006
920043,0.18501006
920112,0.04973706
920113,0.12366854
920114,0.12366854
920115,0.12366854
920116,0.12366854
920251,0.07760407
920252,0.20027791
920253,0.20027791
920254,0.20027791
920312,0.10876532
920313,0.19076739
920314,0.19076739
920324,0.081785634
920325,0.14703093
920326,0.14703093
920327,0.14703093
920328,0.14703093
920381,0.07007181
920382,0.19738044
920388,0.07816782
920405,0.06108639
920406,0.19741608
920407,0.19741608
920408,0.19741608
920409,0.19741608
920410,0.19741608
920411,0.19741608
920429,0.07782068
920430,0.19806933
920431,0.19806933
920432,0.19806933
920433,0.19806933
920434,0.19806933
920435,0.19806933
920436,0.19806933
920437,0.19806933
920438,0.19806933
920439,0.19806933
920454,0.08121909
920542,0.034180366
920543,0.10055939
920544,0.10055939
920545,0.10055939
920546,0.043622226
920547,0.113705575
920548,0.113705575
920549,0.113705575
920550,0.113705575
920551,0.113705575
920553,0.043622226
920554,0.113705575
920555,0.113705575
920556,0.113705575
920557,0.113705575
920558,0.113705575
920566,0.043622226
920567,0.113705575
920568,0.113705575
920569,0.113705575
920570,0.113705575
920571,0.113705575
920579,0.049007934
920580,0.124594264
920588,0.049007934
920595,0.049007934
920596,0.124594264
920597,0.124594264
920598,0.124594264
920605,0.05507204
920606,0.14180623
920607,0.14180623
920608,0.14180623
920609,0.14180623
920610,0.14180623
920611,0.14180623
920612,0.14180623
920613,0.14180623
920614,0.14180623
920615,0.14180623
920621,0.05507204
920622,0.14180623
920623,0.14180623
920624,0.14180623
920625,0.14180623
920626,0.14180623
920627,0.14180623
920659,0.04568973
920660,0.05007914
920667,0.037525166
920668,0.091980495
920669,0.091980495
920670,0.091980495
920671,0.104168735
920676,0.042738535
920677,0.104168735
920678,0.104168735
920679,0.104168735
920680,0.104168735
920681,0.104168735
920692,0.042738535
920693,0.104168735
920694,0.104168735
920888,0.046481527
920889,0.1436175
920890,0.1436175
920891,0.1436175
920892,0.1436175
920902,0.13750468
920934,0.071412005
920935,0.22937241
920936,0.22937241
920937,0.22937241
920938,0.22937241
920939,0.22937241
920940,0.22937241
920941,0.22937241
920942,0.22937241
920943,0.22937241
920944,0.22937241
920945,0.22937241
920946,0.08427397
920947,0.22937241
920948,0.22937241
920949,0.22937241
920950,0.22937241
920951,0.22937241
920952,0.22937241
920953,0.22937241
920954,0.22937241
920955,0.08427397
920956,0.22937241
920957,0.22937241
920958,0.22937241
920959,0.22937241
920960,0.22937241
920961,0.22937241
920962,0.22937241
920963,0.22937241
920964,0.22937241
920965,0.22937241
920966,0.22937241
920967,0.22937241
920968,0.22937241
920969,0.22937241
920970,0.22937241
920971,0.22937241
920972,0.22937241
920973,0.22937241
920974,0.22937241
920975,0.22937241
920976,0.22937241
920977,0.22937241
920978,0.22937241
920979,0.087869525
920980,0.23426312
920981,0.23426312
920982,0.23426312
920983,0.23426312
920984,0.23426312
921015,0.07441492
921016,0.2101209
921017,0.2101209
921018,0.2101209
921035,0.07544335
921036,0.2101209
921037,0.2101209
921038,0.2101209
921333,0.05155166
921334,0.1711487
921335,0.1711487
921336,0.1711487
921337,0.1711487
921338,0.12719764
921339,0.19940469
921340,0.19940469
921341,0.19940469
921342,0.19940469
921343,0.19940469
921344,0.19940469
921345,0.19940469
921346,0.19940469
921347,0.19940469
921348,0.19940469
921349,0.19940469
921350,0.19940469
921351,0.19940469
921352,0.19940469
921353,0.19940469
921354,0.19940469
921355,0.19940469
921356,0.19940469
921357,0.19940469
921358,0.19940469
921359,0.19940469
921365,0.12719764
921366,0.19940469
921367,0.19940469
921368,0.19940469
921369,0.19940469
921370,0.19940469
921371,0.19940469
921435,0.058638718
921436,0.18035118
921437,0.18035118
921438,0.18035118
921515,0.058961723
921516,0.21178016
921517,0.073766254
921518,0.21178016
921519,0.21178016
921520,0.21178016
921521,0.21178016
921522,0.21178016
921523,0.21178016
921524,0.21178016
921525,0.21178016
921526,0.21178016
921527,0.21178016
921528,0.21178016
921529,0.073766254
921530,0.21178016
921531,0.21178016
921532,0.21178016
921533,0.21178016
921534,0.21178016
921535,0.21178016
921536,0.075423256
921537,0.21732685
921538,0.21732685
921556,0.09854688
921557,0.27155474
921558,0.27155474
921559,0.27155474
921560,0.09800349
921561,0.27155474
921562,0.27155474
921563,0.27155474
921564,0.27155474
921570,0.13367337
921571,0.33786875
921572,0.33786875
921573,0.33786875
921758,0.08328759
921759,0.22377236
921764,0.08223334
921765,0.22377236
921766,0.22377236
921771,0.0853765
921772,0.22296755
921773,0.22296755
921774,0.22296755
921775,0.22296755
921776,0.09068723
921777,0.22296755
921778,0.22296755
921779,0.22296755
921780,0.22296755
921781,0.22296755
921783,0.10481328
921784,0.21691917
921785,0.21691917
921786,0.21691917
921787,0.10481328
921788,0.21691917
921789,0.21691917
921790,0.21691917
921791,0.21691917
921792,0.21691917
921796,0.10481328
921797,0.21691917
921798,0.21691917
921800,0.07638094
921801,0.16388473
921802,0.16388473
921803,0.16388473
921804,0.16388473
921805,0.16388473
921813,0.07638094
921814,0.16388473
921815,0.16388473
921816,0.16388473
921817,0.16388473
921818,0.07638094
921819,0.16388473
921820,0.16388473
921821,0.16388473
921822,0.16388473
921823,0.07374843
921824,0.23255573
921825,0.23255573
921826,0.23255573
921827,0.23255573
921844,0.07374843
921845,0.23255573
921846,0.2328458
921847,0.2328458
921848,0.2328458
921849,0.2328458
921850,0.2328458
921851,0.2328458
921858,0.06968521
921859,0.2328458
921889,0.12006218
921900,0.116952516
921901,0.30117166
921902,0.30117166
921903,0.30117166
921904,0.30117166
921913,0.116952516
921914,0.30117166
921915,0.30117166
921916,0.30117166
921917,0.30117166
921918,0.30117166
921919,0.30117166
921920,0.30117166
921921,0.30117166
921922,0.30117166
921923,0.30117166
921933,0.116952516
921934,0.30117166
921935,0.30117166
921936,0.30117166
921937,0.30117166
921938,0.30117166
921939,0.30117166
921940,0.30117166
921941,0.30117166
921942,0.30117166
921943,0.30117166
921944,0.30117166
921945,0.30117166
921946,0.30117166
921947,0.30117166
921948,0.30117166
921949,0.30117166
921950,0.30117166
921956,0.10964333
921957,0.28234625
921958,0.28234625
921959,0.28234625
921960,0.28234625
921961,0.28234625
921962,0.28234625
921963,0.28234625
921964,0.28234625
921965,0.28234625
921966,0.28234625
921967,0.28234625
921971,0.10964333
921992,0.055019516
921993,0.16804227
921994,0.16804227
921995,0.16804227
921996,0.059255723
921997,0.16804227
921998,0.16804227
921999,0.059255723
922000,0.16804227
922001,0.16804227
922002,0.16804227
922003,0.16804227
922004,0.070383914
922080,0.06538495
922081,0.15068954
922082,0.15068954
922083,0.15068954
922084,0.15068954
922092,0.053682353
922093,0.15068954
922094,0.15068954
922095,0.15068954
922096,0.15068954
922097,0.15068954
922098,0.15068954
922099,0.15068954
922100,0.15068954
922101,0.15068954
922102,0.15068954
922103,0.15068954
922104,0.15068954
922105,0.15068954
922106,0.15068954
922107,0.15068954
922122,0.07311932
922123,0.1996917
922124,0.1996917
922125,0.1996917
922126,0.1996917
922127,0.1996917
922128,0.1996917
922129,0.1996917
922130,0.1996917
922131,0.1996917
922132,0.1996917
922133,0.1996917
922134,0.1996917
922135,0.1996917
922136,0.1996917
922137,0.1996917
922138,0.1996917
922139,0.1996917
922140,0.1996917
922141,0.1996917
922142,0.1996917
922143,0.1996917
922144,0.1996917
922145,0.1996917
922146,0.1996917
922147,0.1996917
922148,0.1996917
922237,0.12337493
922238,0.29258025
922239,0.10316587
922240,0.29258025
922241,0.29258025
922242,0.08445994
922243,0.23100662
922244,0.23100662
922245,0.08445994
922246,0.23100662
922298,0.11434122
922299,0.22904189
922300,0.22904189
922301,0.22904189
922302,0.22904189
922303,0.22904189
922304,0.22904189
922313,0.1112844
922314,0.22904189
922315,0.22904189
922337,0.1112844
922338,0.22904189
922339,0.22904189
922340,0.22904189
922353,0.085768186
922354,0.18232793
922355,0.18232793
922359,0.085768186
922360,0.18232793
922361,0.18232793
922362,0.18232793
922363,0.18232793
922364,0.18232793
922365,0.18232793
922366,0.18232793
922382,0.085768186
922558,0.05411588
922559,0.17384617
922560,0.17384617
922561,0.17384617
922562,0.17384617
922563,0.17384617
922564,0.06417276
922565,0.17384617
922566,0.17384617
922567,0.17384617
922568,0.17384617
922569,0.17384617
922570,0.17384617
922571,0.17384617
922572,0.06417276
922573,0.17384617
922574,0.17384617
922575,0.17384617
922576,0.17384617
922577,0.058327008
922578,0.1597149
922579,0.1597149
922580,0.1597149
922581,0.058327008
922582,0.1597149
922583,0.1597149
922585,0.08126874
922586,0.17673403
922587,0.062600434
922588,0.17673403
922589,0.17673403
922590,0.062600434
922591,0.17673403
922592,0.17673403
922593,0.17673403
922634,0.08741115
922635,0.2517906
922636,0.2517906
922637,0.2517906
922638,0.2517906
922639,0.2517906
922678,0.08741115
922679,0.2517906
922680,0.2517906
922681,0.2517906
922682,0.2517906
922683,0.24072152
922889,0.046512485
922890,0.1216436
922891,0.23937397
922892,0.23937397
922893,0.23937397
922908,0.09281036
922909,0.20323269
922910,0.20323269
922911,0.20323269
922912,0.20323269
922913,0.20323269
922931,0.07770405
922932,0.20323269
922933,0.20323269
922934,0.20323269
922935,0.20323269
922936,0.30259603
922937,0.20323269
922938,0.30259603
922939,0.20323269
922940,0.20323269
922953,0.07826858
922954,0.20265894
922967,0.07826858
922968,0.20265894
922969,0.20265894
922970,0.20265894
922971,0.20265894
922972,0.20265894
923037,0.10963635
923038,0.060270816
923039,0.06116599
923040,0.17154089
923041,0.17154089
923042,0.17154089
923043,0.17154089
923044,0.17154089
923045,0.17154089
923046,0.17154089
923047,0.06332931
923048,0.17423122
923049,0.17423122
923050,0.17423122
923051,0.17423122
923052,0.17423122
923053,0.17423122
923054,0.06332931
923055,0.17423122
923056,0.17423122
923057,0.17423122
923058,0.17423122
923059,0.17423122
923060,0.17423122
923061,0.06332931
923062,0.17423122
923063,0.17423122
923064,0.17423122
923065,0.17423122
923066,0.17423122
923067,0.17423122
923068,0.08752185
923069,0.22831134
923070,0.22831134
923071,0.22831134
923072,0.22831134
923073,0.08752185
923074,0.22831134
923075,0.22831134
923076,0.22831134
923077,0.22831134
923078,0.08752185
923079,0.22831134
923103,0.082454555
923104,0.21283576
923162,0.07819458
923163,0.060944036
923164,0.14276339
923165,0.14276339
923166,0.14276339
923167,0.14276339
923168,0.060944036
923169,0.14276339
923170,0.14276339
923171,0.14276339
923172,0.14276339
923173,0.060944036
923174,0.14276339
923298,0.06554366
923515,0.085947335
923520,0.05362578
923521,0.15010755
923526,0.05113241
923527,0.1253511
923528,0.1253511
923529,0.1253511
923530,0.1253511
923531,0.1253511
923532,0.1253511
923533,0.1253511
923601,0.06487571
923602,0.07304619
923603,0.17347176
923604,0.17347176
923617,0.058187753
923618,0.13422363
923619,0.13422363
923620,0.13422363
923621,0.13422363
923622,0.06166671
924335,0.067457296
924336,0.20033465
924337,0.20033465
924338,0.07957922
924339,0.20033465
924340,0.20033465
924341,0.20033465
924342,0.07257825
924343,0.18210968
924344,0.18210968
924345,0.18210968
924346,0.18210968
924347,0.07257825
924348,0.18210968
924349,0.18210968
924350,0.18210968
924351,0.18210968
924352,0.18210968
924524,0.06487724
924557,0.06255783
924558,0.1759425
924559,0.1759425
924560,0.07753319
924561,0.21229695
924562,0.07753319
924563,0.21229695
924759,0.12988177
924760,0.29820293
924761,0.29820293
924762,0.29820293
924763,0.29820293
924764,0.29820293
924771,0.11335986
925215,0.027962629
925216,0.14276339
925217,0.14276339
925218,0.14276339
925219,0.14276339
925220,0.14276339
925221,0.14276339
925222,0.14276339
925223,0.14276339
925233,0.060944036
925377,0.09327997
925378,0.26029956
925379,0.26029956
925380,0.26029956
925381,0.26029956
925382,0.26029956
925383,0.26029956
925384,0.26029956
925385,0.26029956
925386,0.1140102
925387,0.26029956
925388,0.26029956
925389,0.26029956
925390,0.26029956
925391,0.26029956
925392,0.26029956
925393,0.26029956
925394,0.26029956
925395,0.26029956
925396,0.26029956
925397,0.26029956
925398,0.26029956
925399,0.26029956
925400,0.26029956
925401,0.26029956
925402,0.26029956
925403,0.26029956
925612,0.06885741
925735,0.08450826
925736,0.2396439
925737,0.2396439
925747,0.068643995
925748,0.16728914
925749,0.16728914
925750,0.16728914
925751,0.16728914
925752,0.16728914
925753,0.16728914
925754,0.16728914
925771,0.068643995
925772,0.16728914
925773,0.16728914
926012,0.07627787
926013,0.16987096
926014,0.16987096
926015,0.16987096
926016,0.16987096
926494,0.07562125
926495,0.20991571
926496,0.08600756
926497,0.20991571
926498,0.20991571
926499,0.20991571
926692,0.07896153
926693,0.18483844
926694,0.18483844
926695,0.18483844
926701,0.065818556
926702,0.17981397
926703,0.17981397
926704,0.17981397
926705,0.17981397
926711,0.065818556
926712,0.17981397
926713,0.17981397
926714,0.17981397
926715,0.17981397
926716,0.17981397
926717,0.17981397
926718,0.17981397
926724,0.065818556
926725,0.17981397
926726,0.17981397
926727,0.17981397
926728,0.17981397
926729,0.17981397
926730,0.17981397
926743,0.08945503
926744,0.23204605
926745,0.23204605
926746,0.23204605
926747,0.23204605
926748,0.23204605
926749,0.23204605
926750,0.23204605
926751,0.23204605
926752,0.23204605
926753,0.23204605
926754,0.23204605
926755,0.23204605
926767,0.08945503
926768,0.23204605
926769,0.23204605
926770,0.23204605
927228,0.10615735
927229,0.20770203
927234,0.08330984
927235,0.20770203
927236,0.20770203
927237,0.20770203
927238,0.20770203
927239,0.20770203
927240,0.20770203
927244,0.08330984
927245,0.20770203
927246,0.20770203
927247,0.20770203
927248,0.20770203
927249,0.20770203
927250,0.20770203
927251,0.20770203
927256,0.0847203
927257,0.19290675
927258,0.19290675
927259,0.19290675
927260,0.19290675
927261,0.19290675
927262,0.19290675
927263,0.19290675
927287,0.0847203
927288,0.19290675
927289,0.19290675
927361,0.043463208
927362,0.13928838
927363,0.13928838
927364,0.13928838
927378,0.061946634
927379,0.17183262
927380,0.17183262
927381,0.17183262
927382,0.17183262
927391,0.06767121
927392,0.17183262
927393,0.17183262
927394,0.17183262
927395,0.17183262
927396,0.17183262
927397,0.17183262
927398,0.17183262
927407,0.062813655
927408,0.16118357
927409,0.16118357
927410,0.16118357
927411,0.16118357
927412,0.16118357
927413,0.16118357
927414,0.16118357
927415,0.16118357
927417,0.055375334
927418,0.09553973
927420,0.09553973
927421,0.2581313
927422,0.2581313
927423,0.2581313
927424,0.2581313
927425,0.2581313
927426,0.2581313
927433,0.09553973
927434,0.2581313
927435,0.2581313
927436,0.2581313
927448,0.07620764
927449,0.19658278
927450,0.19658278
927451,0.19658278
927452,0.19658278
927474,0.07214962
927480,0.079820305
927481,0.20018914
927482,0.20018914
927483,0.20018914
927484,0.20018914
927485,0.20018914
927486,0.20018914
927487,0.20018914
927491,0.079820305
927492,0.20018914
927493,0.20018914
927494,0.20018914
927495,0.20018914
927496,0.20018914
927497,0.20018914
927498,0.20018914
927499,0.20018914
927500,0.20018914
927501,0.20018914
927505,0.079820305
927506,0.20018914
927507,0.20018914
927508,0.20018914
927509,0.20018914
927510,0.20018914
927511,0.20018914
927512,0.20018914
927513,0.20018914
927514,0.20018914
927515,0.20018914
927516,0.20018914
927517,0.20018914
927518,0.20018914
927519,0.20018914
927520,0.20018914
927522,0.08020686
927523,0.18383336
927524,0.18383336
927525,0.18383336
927526,0.18383336
927527,0.18383336
927528,0.18383336
927529,0.18383336
927530,0.18383336
927531,0.18383336
927532,0.18383336
927533,0.08020686
927534,0.18383336
927535,0.18383336
927536,0.18383336
927537,0.18383336
927538,0.18383336
927609,0.041946586
927610,0.09131413
927611,0.23112398
927612,0.23112398
927613,0.23112398
927614,0.0816112
927615,0.19452621
927616,0.19452621
927617,0.19452621
927618,0.19452621
927619,0.19452621
927620,0.19452621
927621,0.0816112
927622,0.19452621
927623,0.19452621
927624,0.19452621
927625,0.19452621
927626,0.19452621
927630,0.0816112
927631,0.19452621
927632,0.19452621
927633,0.19452621
927805,0.09290157
927806,0.24153422
927807,0.24153422
927808,0.24153422
927809,0.24153422
927810,0.24153422
927811,0.24153422
927812,0.24153422
927813,0.24153422
927818,0.10430396
927819,0.24153422
927820,0.24153422
927821,0.24153422
927822,0.24153422
927823,0.24153422
927824,0.24153422
927825,0.24153422
927826,0.24153422
927827,0.24153422
927828,0.24153422
927829,0.24153422
927830,0.24153422
927831,0.24153422
927832,0.24153422
927833,0.24153422
927834,0.24153422
927835,0.24153422
927836,0.24153422
927837,0.24153422
927838,0.24153422
927839,0.24153422
927840,0.24153422
927841,0.24153422
927849,0.10430396
927850,0.24153422
927851,0.24153422
927852,0.24153422
927853,0.24153422
927854,0.24153422
927855,0.24153422
927856,0.24153422
927857,0.24153422
927858,0.24153422
927859,0.24153422
927860,0.24153422
927861,0.24153422
927862,0.24153422
927863,0.24153422
927872,0.11637299
927873,0.26478788
927874,0.26478788
927881,0.11637299
927943,0.06771698
927944,0.18449001
927947,0.08611147
927948,0.18449001
927949,0.18449001
927950,0.18449001
927951,0.18449001
927952,0.18449001
927953,0.18449001
927954,0.18449001
927959,0.061026096
927960,0.13475738
927961,0.13475738
927962,0.13475738
927963,0.13475738
927964,0.13475738
927965,0.13475738
927966,0.13475738
927967,0.13475738
927968,0.13475738
927969,0.13475738
927970,0.13475738
927971,0.13475738
927972,0.13475738
927973,0.13475738
927974,0.13475738
927988,0.061026096
928202,0.08050027
928203,0.17872128
928204,0.17872128
928205,0.17872128
928208,0.069744624
928209,0.17872128
928210,0.17872128
928211,0.17872128
928212,0.17872128
928222,0.05105676
928223,0.12676889
928224,0.12676889
928225,0.12676889
928226,0.12676889
928233,0.05105676
928234,0.12676889
928235,0.12676889
928236,0.12676889
928237,0.12676889
928238,0.12676889
928239,0.12676889
928273,0.05105676
928334,0.043908693
928356,0.053555332
928357,0.13288713
928358,0.13288713
928359,0.13288713
928377,0.07116075
928432,0.05456621
928479,0.057208437
928480,0.16388823
928481,0.16388823
928482,0.16388823
928488,0.057827782
928489,0.12647657
928490,0.12647657
928491,0.12647657
928492,0.12647657
928493,0.12647657
928494,0.12647657
928495,0.12647657
928510,0.057827782
928511,0.12647657
928512,0.12647657
928513,0.12647657
928514,0.12647657
928515,0.12647657
928516,0.12647657
928526,0.057827782
928527,0.12647657
928528,0.12647657
929084,0.11172102
929085,0.20226759
929086,0.20226759
929087,0.20226759
929088,0.20226759
929089,0.20226759
929090,0.20226759
929091,0.20226759
929098,0.093110055
929099,0.20226759
929100,0.20226759
929101,0.20226759
929102,0.20226759
929103,0.20226759
929104,0.1662255
929114,0.074697435
929115,0.1662255
929116,0.1662255
929117,0.1662255
929118,0.1662255
929119,0.1662255
929120,0.1662255
929124,0.07053527
929125,0.14439009
929126,0.14439009
929127,0.07053527
929138,0.064018555
929315,0.040315043
929316,0.12268499
929317,0.12268499
929318,0.12268499
929319,0.12268499
929320,0.12268499
929321,0.046804883
929322,0.12268499
929323,0.12268499
929324,0.12268499
929325,0.12268499
929326,0.12268499
929327,0.12268499
929342,0.064311
929343,0.1836013
929344,0.1836013
929345,0.1836013
929346,0.1836013
929347,0.1836013
929348,0.1836013
929349,0.1836013
929357,0.064311
929358,0.1836013
929359,0.1836013
929360,0.1836013
929361,0.1836013
929362,0.1836013
929363,0.1836013
929364,0.1836013
929365,0.064311
929366,0.1836013
929367,0.1836013
929368,0.1836013
929369,0.1836013
929370,0.1836013
929371,0.1836013
929372,0.06258443
929373,0.16437203
929374,0.16437203
929375,0.16437203
929376,0.16437203
929377,0.16437203
929378,0.16437203
929379,0.16437203
929380,0.16437203
929381,0.16674201
929382,0.063598506
929383,0.16674201
929384,0.16674201
929385,0.16674201
929386,0.16674201
929387,0.16674201
929388,0.16674201
929389,0.16674201
929390,0.16674201
929392,0.063598506
929393,0.16674201
929394,0.16674201
929395,0.16674201
929396,0.16674201
929397,0.17025463
929398,0.17025463
929399,0.17025463
929400,0.17025463
929401,0.17025463
929402,0.17025463
929403,0.17025463
929404,0.17025463
929405,0.06934943
929406,0.17867
929407,0.17867
929408,0.17867
929409,0.17867
929410,0.17867
929411,0.17867
929412,0.17867
929415,0.06934943
929416,0.17867
929417,0.17867
929418,0.17867
929419,0.17867
929487,0.075924195
929488,0.19564834
929489,0.19564834
929512,0.07894178
929513,0.19564834
929514,0.19564834
929515,0.19564834
929516,0.19564834
929517,0.19564834
929533,0.06785191
929534,0.15639697
929535,0.15639697
929536,0.15639697
929537,0.15639697
929538,0.15639697
929539,0.15639697
929545,0.06785191
929546,0.15639697
929547,0.15639697
929548,0.15639697
929549,0.15639697
929550,0.15639697
929557,0.06785191
929558,0.15639697
929559,0.15639697
929560,0.15639697
929561,0.15639697
929566,0.058043834
929567,0.13092653
929568,0.13092653
929569,0.13092653
929570,0.13092653
929571,0.13092653
929572,0.13092653
929573,0.13092653
929574,0.13092653
929575,0.13092653
929576,0.13092653
929577,0.13092653
929578,0.13092653
929579,0.13092653
929580,0.13092653
929581,0.13092653
929582,0.13092653
929583,0.13092653
929584,0.13092653
929681,0.07659322
929695,0.05645374
929702,0.058205776
929743,0.064638205
929744,0.18447253
929768,0.07482563
929769,0.19342676
929770,0.19342676
929771,0.19342676
929772,0.19342676
929782,0.07482563
929783,0.19342676
929784,0.19342676
929785,0.19342676
929786,0.19342676
929787,0.19342676
929795,0.07482563
929796,0.19342676
929797,0.19342676
929798,0.19342676
929799,0.19342676
929800,0.19342676
929801,0.19342676
929802,0.19342676
929803,0.19342676
929804,0.19342676
929815,0.0719797
929816,0.18282852
929817,0.18282852
930106,0.06276723
930107,0.16913982
930108,0.16913982
930109,0.16913982
930145,0.050141413
930146,0.13512155
930147,0.13512155
930148,0.13512155
930149,0.13512155
930150,0.13512155
930151,0.13512155
930179,0.050141413
930180,0.13512155
930181,0.13512155
930182,0.13512155
930183,0.13512155
930191,0.050141413
930192,0.13512155
930193,0.13512155
930194,0.13512155
930195,0.13512155
930196,0.13512155
930286,0.046667434
930287,0.14209668
930288,0.14209668
930289,0.14209668
930290,0.14209668
930291,0.14209668
930305,0.054768544
930306,0.14209668
930307,0.14209668
930308,0.14209668
930309,0.14209668
930310,0.14209668
930311,0.14209668
930312,0.14209668
930313,0.14209668
930314,0.14209668
930315,0.054768544
930316,0.14209668
930317,0.14209668
930318,0.14209668
930319,0.1517093
930320,0.1517093
930321,0.1517093
930322,0.1517093
930323,0.054615587
930324,0.14209335
930325,0.14209335
930326,0.14209335
930327,0.14209335
930328,0.054615587
930357,0.06413884
930358,0.18197836
930359,0.18197836
930360,0.18197836
930361,0.18197836
930362,0.18197836
930368,0.071579315
930369,0.18197836
930370,0.18197836
930371,0.18197836
930372,0.18197836
930373,0.18197836
930374,0.18197836
930382,0.08549051
930383,0.19449985
930384,0.19449985
930385,0.19449985
930386,0.19449985
930387,0.19449985
930408,0.08549051
930409,0.19449985
930410,0.19449985
930411,0.19449985
930412,0.19449985
930413,0.19449985
930567,0.08549051
930568,0.19449985
930569,0.19449985
930570,0.19449985
930787,0.043695346
930788,0.14834255
930789,0.14834255
930790,0.14834255
930791,0.14834255
930792,0.06110415
930793,0.15718365
930794,0.15718365
930795,0.15718365
930796,0.15718365
930797,0.15718365
930798,0.15718365
930799,0.15718365
930800,0.15718365
930801,0.06110415
930961,0.058324333
930962,0.1579136
930963,0.1579136
930975,0.06624427
930976,0.1579136
930977,0.1579136
930978,0.1579136
930979,0.1579136
930980,0.1579136
930981,0.1579136
930994,0.06624427
930995,0.1579136
930996,0.15764128
930997,0.15764128
930998,0.15764128
930999,0.15764128
931000,0.15764128
931001,0.15764128
931011,0.09188007
931570,0.04686753
931571,0.19953212
931774,0.07598951
931775,0.21325874
931776,0.21325874
931777,0.21325874
931778,0.21325874
931779,0.21325874
931780,0.21325874
931781,0.083799385
932543,0.05811054
932544,0.16781765
932710,0.08205344
932711,0.19860123
932712,0.19860123
932727,0.08256752
932728,0.20806631
932729,0.20806631
932730,0.20806631
932731,0.20806631
932732,0.20806631
932758,0.08256752
932759,0.20806631
932760,0.20806631
932761,0.20806631
932762,0.20806631
932763,0.20806631
932764,0.20806631
932772,0.08256752
932773,0.20806631
932774,0.20806631
932828,0.08271592
932829,0.21024038
932830,0.21024038
932831,0.21024038
932832,0.21024038
932833,0.21024038
932834,0.21024038
932841,0.09478729
932842,0.21024038
932843,0.21024038
932844,0.21024038
932845,0.21024038
932857,0.09478729
932858,0.21024038
932859,0.21024038
932860,0.21024038
932861,0.21024038
932862,0.21024038
932881,0.064574525
932882,0.14952877
932883,0.14952877
932884,0.14952877
932885,0.14952877
933362,0.07906181
933363,0.217341
933370,0.097099885
933371,0.217341
933372,0.217341
933373,0.217341
933374,0.217341
933375,0.217341
933387,0.097099885
933388,0.217341
933389,0.217341
933390,0.217341
933391,0.217341
933392,0.217341
933408,0.06988733
933409,0.16274327
933456,0.05722633
934303,0.09563059
934304,0.24298657
934317,0.10504545
934318,0.24298657
934319,0.24298657
934320,0.24298657
934321,0.24298657
934322,0.24298657
934343,0.10504545
934344,0.24298657
934345,0.24298657
934346,0.24298657
934412,0.055052325
934539,0.049397115
934540,0.12287284
934541,0.12287284
934551,0.050037537
934552,0.12287284
934553,0.12287284
934554,0.12287284
934555,0.12287284
934564,0.050037537
934565,0.12287284
934566,0.12287284
934567,0.12287284
934568,0.12287284
934569,0.12287284
934570,0.12287284
934576,0.066827774
934577,0.16204724
934578,0.16204724
934579,0.16204724
934580,0.16204724
934584,0.066827774
934585,0.16204724
934586,0.16204724
934587,0.16204724
934588,0.16204724
934589,0.16204724
934590,0.16204724
934591,0.16204724
934592,0.16204724
934593,0.16204724
934594,0.16204724
934595,0.16204724
934596,0.16204724
934597,0.16204724
934598,0.16204724
934599,0.16204724
934600,0.16204724
934606,0.066827774
934607,0.16204724
934608,0.16204724
934609,0.16204724
934610,0.16204724
934611,0.16204724
934622,0.06304899
934623,0.1541533
934624,0.1541533
934625,0.1541533
934626,0.1541533
934634,0.08261417
934863,0.061931465
934864,0.083799385
934865,0.21325874
934866,0.21325874
934867,0.21325874
934868,0.21325874
934869,0.21325874
934883,0.083799385
935244,0.08125573
935245,0.21179383
935583,0.06110325
935584,0.17638223
935585,0.17638223
935586,0.17638223
935594,0.06765927
935595,0.17638223
935596,0.17638223
935597,0.17638223
935598,0.17638223
935599,0.17638223
935610,0.06765927
935611,0.17638223
935612,0.17638223
935623,0.05200732
935624,0.13391918
935625,0.13391918
935626,0.13391918
935627,0.13391918
935637,0.05200732
935638,0.13391918
935639,0.13391918
935640,0.13391918
935641,0.13391918
935642,0.13391918
935659,0.05200732
935660,0.13391918
935661,0.13391918
935662,0.13391918
935663,0.13391918
935672,0.06858259
935673,0.1734703
935674,0.1734703
935898,0.054987483
936059,0.071865976
936060,0.20160782
936061,0.20160782
936062,0.20160782
936063,0.20160782
936064,0.20160782
936065,0.20160782
936066,0.097099885
936067,0.217341
936068,0.217341
936069,0.217341
936070,0.217341
936071,0.217341
936072,0.217341
936074,0.097099885
936075,0.217341
936076,0.217341
936077,0.217341
936078,0.217341
936079,0.217341
936080,0.217341
936081,0.217341
936082,0.217341
936083,0.217341
936084,0.17350788
936085,0.17350788
936086,0.17350788
936087,0.17350788
936088,0.17350788
936089,0.17350788
936090,0.17350788
936091,0.17350788
936097,0.07698537
936098,0.17350788
936099,0.17350788
936100,0.17350788
936463,0.036777902
936464,0.107535325
936465,0.107535325
936466,0.107535325
936485,0.045957908
936486,0.107535325
936487,0.107535325
936488,0.107535325
936489,0.107535325
936490,0.107535325
936491,0.107535325
936502,0.045957908
936503,0.107535325
936504,0.107535325
936505,0.107535325
936506,0.107535325
936507,0.107535325
936518,0.036284428
936519,0.08607003
936520,0.08607003
936521,0.08607003
936522,0.08607003
936525,0.036284428
936526,0.08607003
936527,0.08607003
936570,0.05584784
936571,0.18059707
936573,0.073214374
936574,0.18059707
936575,0.070952386
936576,0.1756671
936577,0.1756671
936578,0.1756671
936579,0.1756671
936580,0.1756671
936623,0.047197334
936624,0.1412322
936630,0.043170135
936631,0.10342403
936748,0.037946858
936749,0.11125389
936750,0.11125389
936751,0.05615375
936752,0.11125389
936753,0.11125389
936754,0.11125389
936755,0.11125389
936756,0.11125389
936757,0.11125389
936759,0.046609025
936760,0.095447026
936838,0.03249111
936839,0.09740849
936840,0.09740849
936841,0.09740849
936842,0.040559746
936843,0.1089409
936844,0.1089409
936845,0.1089409
936846,0.1089409
936848,0.03546498
936849,0.097158216
936850,0.097158216
936851,0.097158216
936852,0.097158216
936853,0.038915668
936854,0.097158216
936855,0.097158216
936856,0.097158216
936857,0.097158216
936858,0.097158216
936859,0.097158216
936861,0.038915668
936862,0.097158216
936863,0.097158216
936864,0.097158216
936865,0.097158216
936866,0.097158216
936868,0.03268312
936869,0.08131311
936870,0.08131311
936871,0.08131311
936872,0.08131311
936873,0.08131311
936874,0.08131311
937139,0.043292258
937140,0.1252962
937514,0.034633122
937562,0.040338904
937665,0.069668025
937673,0.05218672
937691,0.060720403
937692,0.16177925
937693,0.16177925
937694,0.16177925
937719,0.055804398
937742,0.05327585
938194,0.043329492
938195,0.13026997
938196,0.13026997
938208,0.066097185
938209,0.18416049
938210,0.18416049
938211,0.18416049
938212,0.18416049
938215,0.066097185
938216,0.18416049
938217,0.18416049
938218,0.18416049
938224,0.066097185
938225,0.18416049
938226,0.18416049
938227,0.18416049
938228,0.18416049
938230,0.06292069
938231,0.16166198
938232,0.16166198
938233,0.16166198
938235,0.06292069
938236,0.16166198
938237,0.16166198
938284,0.068841964
938285,0.1722745
938286,0.1722745
938287,0.1722745
938288,0.1722745
938289,0.1722745
938290,0.1722745
938291,0.1722745
938292,0.1722745
938293,0.1722745
938294,0.1722745
938295,0.1722745
938296,0.1722745
938297,0.1722745
938298,0.1722745
938299,0.1722745
938300,0.19165896
938307,0.059334815
938308,0.13539325
938309,0.13539325
938327,0.059334815
938328,0.13539325
938329,0.13539325
938330,0.13539325
938331,0.13539325
938332,0.13539325
938337,0.059334815
938338,0.13539325
938339,0.13539325
938340,0.13539325
938709,0.019626701
938710,0.094597846
938711,0.094597846
938712,0.094597846
938713,0.094597846
938718,0.038121432
938719,0.094597846
938720,0.094597846
938721,0.094597846
938722,0.094597846
938723,0.094597846
938724,0.094597846
938725,0.094597846
938726,0.094597846
938727,0.094597846
938729,0.04531787
938730,0.124599226
938731,0.124599226
938732,0.124599226
938733,0.124599226
938734,0.124599226
938735,0.124599226
938736,0.124599226
938737,0.124599226
938738,0.124599226
938739,0.124599226
938748,0.04531787
938749,0.124599226
938750,0.124599226
938751,0.124599226
938752,0.124599226
938753,0.124599226
938754,0.124599226
938755,0.124599226
938756,0.124599226
938757,0.124599226
938758,0.124599226
938759,0.124599226
938760,0.124599226
938761,0.124599226
938762,0.11900253
938763,0.11900253
938764,0.11900253
938765,0.11900253
938766,0.11900253
938767,0.11900253
938768,0.11900253
938769,0.11900253
938770,0.11900253
938771,0.11900253
938772,0.11900253
938773,0.11900253
938922,0.07164946
938923,0.15703768
938924,0.15703768
938925,0.06266797
938926,0.15703768
938927,0.15703768
938928,0.15703768
938929,0.15703768
938931,0.058147155
938932,0.14714262
938933,0.14714262
938934,0.14714262
938935,0.14714262
938936,0.14714262
938942,0.058147155
938943,0.14714262
938944,0.14714262
938945,0.14714262
938946,0.14714262
938956,0.058147155
938957,0.14714262
938958,0.14714262
939231,0.04363307
939232,0.12650459
939233,0.12650459
939234,0.12650459
939235,0.12650459
939236,0.12650459
939237,0.12650459
939245,0.03563002
939246,0.09149476
939247,0.09149476
939248,0.09149476
939249,0.09149476
939250,0.09149476
939340,0.03413923
939341,0.099902324
939342,0.099902324
939343,0.099902324
939344,0.099902324
939345,0.099902324
939346,0.099902324
939347,0.099902324
939348,0.099902324
939349,0.099902324
939350,0.099902324
939351,0.037833888
939352,0.099902324
939353,0.099902324
939354,0.099902324
939355,0.099902324
939356,0.099902324
939357,0.099902324
939358,0.099902324
939359,0.099902324
939360,0.099902324
939361,0.099902324
939362,0.099902324
939363,0.099902324
939364,0.099902324
939365,0.099902324
939366,0.099902324
939367,0.099902324
939368,0.099902324
939370,0.069806926
939371,0.17312554
939372,0.17312554
939373,0.17312554
939374,0.17312554
939375,0.17312554
939376,0.17312554
939377,0.17312554
939378,0.17312554
939379,0.17312554
939380,0.17312554
939381,0.17312554
939382,0.17312554
939383,0.17312554
939384,0.17312554
939385,0.17312554
939386,0.069806926
939387,0.17312554
939388,0.17312554
939389,0.17312554
939390,0.17312554
939391,0.17312554
939392,0.17312554
939393,0.17312554
939394,0.17312554
939395,0.17312554
939396,0.17312554
939397,0.17312554
939398,0.17312554
939399,0.17312554
939400,0.17312554
939401,0.17312554
939402,0.17312554
939403,0.17312554
939404,0.069806926
939405,0.17312554
939406,0.17312554
939407,0.17312554
939408,0.17312554
939409,0.17312554
939410,0.17312554
939411,0.17312554
939412,0.17312554
939413,0.17312554
939414,0.17312554
939415,0.17312554
939453,0.03846791
939473,0.043036006
939474,0.10312287
939475,0.10312287
939476,0.10312287
939486,0.043036006
939637,0.07597791
939658,0.09125515
939659,0.19531289
939723,0.049854215
939724,0.06639276
939725,0.13015415
939726,0.17411411
939727,0.17411411
939728,0.17411411
939729,0.17411411
939730,0.17411411
939733,0.09107185
939734,0.17411411
939735,0.17411411
939736,0.17411411
939737,0.17411411
939738,0.17411411
939739,0.17411411
939740,0.07984039
939741,0.1577377
939742,0.1577377
939743,0.1577377
939744,0.1577377
939745,0.1577377
939746,0.1577377
939747,0.1577377
939748,0.1577377
939771,0.019555926
939772,0.027420422
939773,0.07604373
939774,0.07604373
939775,0.07604373
939776,0.07604373
939777,0.07604373
939778,0.07604373
939779,0.030286718
939780,0.084240876
939781,0.084240876
939782,0.084240876
939783,0.084240876
939784,0.084240876
939839,0.05589733
939840,0.12632681
939841,0.12632681
939852,0.037362166
939853,0.09350587
939854,0.09350587
939855,0.09350587
939856,0.09350587
939858,0.037362166
939859,0.09350587
939860,0.09350587
939861,0.09350587
939876,0.037362166
939877,0.09350587
939878,0.09350587
939879,0.09350587
939880,0.09350587
939902,0.035260834
939903,0.0873798
939918,0.035260834
940125,0.06471497
940126,0.15465398
940145,0.08623508
940146,0.16377005
940147,0.16377005
940148,0.16377005
940149,0.16377005
940150,0.16377005
940151,0.16377005
940152,0.16377005
940153,0.16377005
940154,0.16377005
940206,0.055767436
940207,0.15509173
940208,0.15509173
940209,0.15509173
940210,0.18550113
940211,0.18550113
940212,0.18550113
940213,0.18550113
940221,0.088014185
940222,0.18550113
940223,0.18550113
940224,0.18550113
940225,0.18550113
940226,0.18550113
940227,0.18550113
940228,0.18550113
940229,0.18550113
940230,0.18550113
940231,0.18550113
940232,0.18550113
940233,0.18550113
940234,0.18550113
940235,0.18550113
940236,0.18550113
940237,0.18550113
940238,0.18550113
940239,0.18550113
940253,0.07679414
940254,0.19225115
940255,0.19225115
940256,0.19225115
940257,0.19225115
940258,0.19225115
940259,0.19225115
940260,0.19225115
940261,0.19225115
940262,0.19225115
940271,0.092769854
940272,0.19225115
940273,0.19225115
940274,0.19225115
940275,0.19225115
940276,0.19225115
940277,0.19225115
940278,0.19225115
940279,0.19225115
940280,0.19225115
940281,0.19225115
940282,0.19225115
940283,0.19225115
940284,0.19225115
940285,0.19225115
940286,0.19225115
940290,0.041996345
940291,0.10699217
940292,0.10699217
940293,0.10699217
940294,0.10699217
940295,0.10699217
940300,0.041996345
940301,0.13151692
940302,0.13151692
940303,0.13151692
940304,0.10699217
940305,0.10699217
940306,0.10699217
940307,0.10699217
940308,0.10699217
940338,0.08522164
940339,0.19677386
940340,0.19677386
940341,0.13332938
940342,0.13332938
940343,0.13332938
940344,0.13332938
940345,0.13332938
940346,0.19677386
940347,0.13332938
940348,0.19677386
940349,0.19677386
940350,0.19677386
940351,0.19677386
940352,0.19677386
940353,0.19677386
940354,0.13332938
940355,0.19677386
940356,0.19677386
940361,0.043782778
940362,0.13332938
940363,0.19677386
940364,0.19677386
940365,0.19677386
940366,0.13332938
940367,0.13332938
940368,0.13332938
940369,0.19677386
940370,0.13332938
940371,0.13332938
940372,0.13332938
940373,0.13332938
940374,0.19677386
940375,0.19677386
940376,0.19677386
940377,0.13332938
940385,0.053321443
940386,0.14579687
940387,0.14579687
940388,0.14579687
940389,0.14579687
940390,0.14579687
940391,0.14579687
940392,0.18469977
940393,0.14579687
940394,0.18469977
940395,0.18469977
940396,0.14579687
940397,0.14579687
940398,0.14579687
940399,0.18469977
940400,0.14579687
940401,0.18469977
940427,0.035481215
940428,0.11692329
940429,0.11692329
940430,0.11692329
940431,0.11692329
940432,0.12987526
940482,0.043506566
940483,0.11136875
940484,0.11136875
940489,0.04231865
940490,0.11136875
940491,0.11136875
940492,0.11136875
940493,0.11136875
940494,0.11136875
940497,0.077253774
940498,0.17332517
940499,0.17332517
940686,0.08699972
940687,0.22357564
940701,0.11759195
940717,0.1100024
940718,0.19639307
940719,0.19639307
940720,0.19639307
940721,0.19639307
940744,0.082766674
940745,0.19639307
940746,0.19639307
940747,0.19639307
940748,0.19639307
940764,0.082766674
940765,0.18794958
940766,0.19283868
940767,0.19283868
940768,0.19283868
940799,0.079151876
940800,0.15598388
940801,0.15598388
940802,0.15598388
940803,0.15598388
940811,0.086406514
940812,0.17438935
940813,0.17438935
940814,0.17438935
940815,0.17438935
940816,0.17438935
940817,0.17438935
940818,0.17438935
940819,0.17438935
940820,0.17438935
941003,0.09508809
941004,0.18651015
941005,0.08873759
941006,0.16679266
941007,0.16679266
941008,0.16679266
941009,0.16679266
941059,0.08742505
941060,0.09680064
941061,0.20279513
941062,0.20279513
941063,0.20279513
941064,0.09680064
941065,0.20279513
941435,0.089243695
941436,0.21897884
941437,0.21897884
941438,0.21897884
941439,0.21897884
941440,0.21897884
941441,0.19926707
941442,0.21897884
941447,0.101215914
941508,0.070125245
941509,0.18917777
941510,0.18917777
941517,0.09305392
941518,0.0935175
941519,0.22666056
941520,0.22666056
941521,0.22666056
941522,0.22666056
941523,0.22666056
941524,0.22666056
941525,0.22666056
941526,0.22666056
941527,0.22666056
941528,0.23460603
941529,0.2448793
941530,0.23460603
941531,0.23460603
941532,0.23460603
941533,0.2448793
941534,0.2448793
941535,0.2448793
941536,0.2448793
941537,0.2448793
941538,0.2448793
941539,0.1024521
941540,0.2448793
941541,0.2448793
941542,0.2448793
941543,0.2448793
941544,0.2448793
941545,0.2448793
941546,0.2448793
941547,0.2448793
941548,0.2448793
941549,0.2448793
941550,0.2448793
941551,0.2448793
941552,0.2448793
941553,0.2448793
941571,0.1024521
941572,0.2448793
941573,0.2448793
941574,0.25049993
941575,0.25049993
941576,0.25049993
941577,0.25049993
941578,0.25049993
941579,0.25049993
941601,0.1214484
941602,0.11685045
941603,0.2521184
941604,0.2521184
941605,0.2521184
941606,0.2521184
941614,0.103914835
941615,0.23855193
942000,0.09283921
942001,0.26162422
942002,0.2734339
942003,0.2734339
942004,0.26162422
942019,0.11299987
942020,0.24039222
942021,0.24039222
942022,0.24039222
942023,0.24039222
942024,0.24039222
942025,0.24039222
942026,0.24039222
942038,0.11299987
942039,0.24039222
942396,0.119692765
942397,0.2573842
942398,0.2573842
942399,0.2573842
942400,0.2573842
942401,0.2573842
942402,0.2573842
942403,0.2573842
942424,0.13959132
942425,0.26133883
942426,0.26133883
942427,0.22120905
942428,0.26133883
942429,0.26133883
942430,0.22120905
942431,0.22120905
942432,0.26133883
942450,0.09962466
942451,0.22120905
942452,0.22120905
942453,0.22120905
942454,0.22120905
942455,0.22120905
942456,0.22120905
942457,0.26133883
942458,0.26133883
942459,0.22120905
942513,0.108994566
942514,0.2256591
942515,0.2256591
942516,0.2256591
942517,0.2256591
942518,0.2256591
942519,0.2256591
942520,0.2256591
942521,0.2256591
942522,0.2256591
942523,0.2256591
942524,0.2256591
942525,0.2256591
942526,0.1896018
942527,0.1896018
942528,0.1896018
942529,0.1896018
942530,0.1896018
942531,0.1896018
942532,0.1896018
942562,0.057628706
942563,0.1422538
942564,0.1422538
942565,0.1422538
942566,0.1422538
942567,0.1422538
942568,0.1422538
942569,0.1422538
942570,0.1422538
942571,0.1422538
942572,0.1422538
942573,0.1422538
942574,0.1422538
942576,0.07041894
942577,0.24519467
942578,0.24519467
942579,0.24519467
942580,0.24657226
942581,0.24657226
942582,0.17963287
942583,0.17963287
942584,0.24657226
942585,0.17963287
942586,0.24657226
942587,0.24657226
942588,0.17963287
942589,0.17963287
942590,0.17963287
942591,0.17963287
942592,0.17963287
942638,0.09575746
942639,0.09248825
942640,0.30365247
942641,0.22406925
942642,0.22406925
942643,0.22406925
942646,0.09248825
942647,0.22406925
942648,0.22406925
942649,0.22406925
942650,0.09248825
942651,0.22406925
942652,0.22406925
942653,0.22406925
942654,0.08968842
942655,0.21826874
942656,0.21826874
942822,0.103874885
942823,0.23677552
942824,0.23677552
942825,0.23677552
942826,0.28763437
942827,0.28763437
942828,0.28763437
942829,0.23677552
942834,0.17417288
942835,0.3199277
942836,0.3199277
942837,0.3199277
942922,0.113080375
942923,0.2304257
942924,0.2304257
942925,0.2304257
942940,0.09865242
942941,0.2304257
942942,0.2304257
942960,0.11285597
942961,0.2529248
942962,0.2529248
942963,0.2529248
942964,0.2529248
942971,0.11285597
942972,0.2529248
942973,0.2529248
942974,0.2529248
942975,0.2529248
942978,0.11285597
942979,0.2529248
942980,0.2529248
942981,0.2529248
942982,0.2529248
942995,0.12679407
942996,0.2585756
942997,0.2585756
942998,0.2585756
942999,0.2585756
943000,0.2585756
943017,0.12679407
943018,0.2585756
943019,0.2585756
943020,0.2585756
943028,0.12679407
943029,0.2585756
943286,0.062413618
943287,0.14367308
943288,0.14367308
943289,0.14367308
943290,0.14367308
943291,0.14367308
943292,0.14367308
943293,0.14367308
943294,0.14367308
943295,0.14367308
943296,0.14367308
943297,0.14367308
943298,0.14367308
943299,0.14367308
943300,0.14367308
943301,0.14367308
943302,0.058521196
943303,0.14367308
943304,0.14367308
943491,0.10055948
943492,0.22677748
943493,0.22677748
943534,0.06033585
943548,0.079845965
943549,0.16803531
943550,0.16803531
943551,0.16803531
943552,0.16803531
943737,0.054811552
943738,0.11635243
943739,0.11635243
943740,0.11635243
943753,0.04436663
943754,0.11635243
943755,0.11635243
943756,0.11635243
943757,0.11635243
943758,0.11635243
943759,0.11635243
943760,0.11635243
943761,0.11635243
943762,0.1058491
943763,0.1058491
943784,0.07328545
943785,0.16530614
943786,0.16530614
943787,0.16530614
943788,0.16530614
943789,0.15145858
943796,0.066531956
943797,0.15145858
943798,0.15145858
943799,0.15145858
943800,0.15145858
943810,0.066531956
943811,0.15145858
943812,0.15145858
943813,0.15145858
943814,0.15145858
943815,0.15145858
943816,0.15145858
943817,0.15145858
943818,0.15145858
943819,0.15145858
943820,0.15145858
943821,0.15145858
943822,0.15145858
943842,0.06409926
943843,0.14630105
943844,0.15092734
943845,0.15092734
943846,0.14630105
943847,0.14630105
943848,0.14630105
943849,0.14630105
943850,0.14630105
943851,0.14630105
943852,0.14630105
943867,0.06409926
943868,0.14630105
943869,0.14630105
943870,0.14630105
943871,0.14630105
943872,0.14630105
943873,0.14630105
943874,0.14630105
943875,0.14630105
943876,0.14630105
943877,0.14630105
943988,0.055790804
943989,0.14616646
943990,0.14616646
943991,0.14616646
943992,0.14616646
943995,0.05458935
943996,0.14616646
943997,0.14616646
943998,0.14616646
943999,0.14616646
944000,0.14616646
944063,0.048899885
944064,0.12025212
944065,0.12025212
944066,0.12025212
944067,0.12025212
944068,0.12025212
944069,0.12025212
944074,0.050594483
944075,0.12025212
944517,0.07011879
944518,0.16903
944621,0.08167833
944681,0.075785175
944682,0.18542865
944683,0.18542865
944691,0.052871417
944692,0.1359929
944693,0.1359929
944694,0.1359929
944695,0.1359929
944696,0.1359929
944697,0.1359929
944708,0.052871417
944709,0.1359929
944710,0.1359929
944711,0.1359929
944712,0.1359929
944713,0.1359929
944714,0.1359929
944721,0.052871417
944722,0.1359929
944723,0.1359929
944724,0.1359929
944725,0.1359929
944726,0.1359929
944727,0.1359929
944731,0.0917911
944732,0.20104131
944733,0.20104131
944734,0.20104131
944735,0.20104131
944736,0.20104131
944737,0.20104131
944741,0.0917911
944742,0.20104131
944946,0.061542984
944947,0.18594187
944948,0.16519813
944949,0.16519813
944950,0.16519813
944951,0.16519813
944952,0.16519813
944956,0.08097146
944957,0.18594187
945011,0.105714396
945012,0.24878481
945013,0.24878481
945014,0.24878481
945168,0.106197506
945169,0.1995751
945170,0.2067332
945192,0.07067849
945193,0.18406987
945313,0.09290137
945314,0.22543825
945315,0.22543825
945316,0.22543825
945317,0.22543825
945318,0.22543825
945328,0.1012632
945329,0.22543825
945330,0.22543825
945331,0.22543825
945332,0.22543825
945354,0.078394614
945355,0.18041722
945424,0.06108367
945432,0.059026193
945433,0.14509337
945434,0.14509337
945435,0.14509337
945436,0.14509337
945437,0.14509337
945440,0.059026193
945441,0.14509337
945442,0.14509337
945443,0.14509337
945444,0.14509337
945445,0.14509337
945507,0.07683578
945719,0.08154348
945720,0.17885117
945721,0.17885117
945722,0.17885117
945723,0.17885117
945724,0.17885117
945725,0.17885117
945726,0.17885117
945727,0.17885117
945728,0.17885117
945734,0.06838541
945735,0.17885117
945736,0.17885117
945737,0.17885117
945738,0.17885117
945739,0.17885117
945740,0.06838541
945766,0.058598418
945767,0.14999832
945768,0.14999832
945780,0.06432127
945781,0.14999832
945782,0.14999832
945783,0.14999832
945784,0.14999832
945796,0.06432127
945797,0.14999832
945798,0.14999832
945799,0.14999832
945800,0.14999832
945807,0.04655534
945808,0.11138491
946189,0.08542162
946190,0.17217818
946198,0.054645296
946199,0.13050812
946200,0.13050812
946201,0.13050812
946501,0.06602706
946502,0.072135754
946503,0.1570943
946504,0.1570943
946505,0.1570943
946506,0.1570943
946507,0.1570943
946508,0.1570943
946509,0.054871388
946510,0.124933966
946511,0.124933966
946512,0.124933966
946513,0.124933966
946514,0.124933966
946515,0.124933966
946516,0.124933966
946523,0.054871388
946524,0.124933966
946525,0.124933966
946526,0.124933966
946527,0.124933966
946528,0.124933966
946537,0.054871388
946538,0.124933966
946539,0.124933966
946540,0.124933966
946541,0.124933966
946542,0.124933966
946543,0.124933966
946544,0.124933966
946557,0.06718544
946558,0.15374543
946559,0.15374543
946560,0.16871855
946561,0.16871855
946562,0.16871855
946563,0.16871855
946569,0.07447039
946570,0.16871855
946639,0.0828382
946640,0.22902286
946641,0.1807422
946642,0.10534173
946643,0.26030236
946644,0.21377106
946645,0.21377106
946646,0.21377106
946647,0.21377106
946648,0.21377106
946649,0.19733594
946651,0.07135844
946652,0.18241821
946653,0.18241821
946654,0.18241821
946655,0.18241821
946656,0.18241821
946657,0.18241821
946658,0.07135844
946659,0.18241821
946660,0.18241821
946661,0.18241821
946662,0.18241821
946663,0.18241821
946664,0.18241821
946665,0.18241821
946673,0.07135844
946674,0.18241821
946675,0.18241821
946676,0.18241821
946677,0.18241821
946678,0.18241821
946679,0.055376478
946680,0.13661657
946681,0.13661657
946682,0.13661657
946683,0.13661657
946684,0.13661657
946685,0.13661657
946686,0.13661657
946687,0.055376478
946688,0.13661657
946689,0.13661657
946690,0.13661657
946691,0.13661657
946692,0.13661657
946693,0.13661657
946694,0.055376478
946695,0.13661657
946696,0.043919683
947269,0.052465025
947270,0.14629628
947271,0.14629628
947354,0.074452505
947355,0.2062603
947361,0.0796631
947362,0.2062603
947363,0.2062603
947364,0.2062603
947365,0.2062603
947366,0.2062603
947367,0.2062603
947370,0.0796631
947371,0.2062603
947372,0.2062603
947685,0.06725309
947686,0.16143695
947687,0.16143695
947688,0.16143695
947689,0.16143695
947690,0.16143695
947691,0.16143695
947692,0.16143695
947707,0.06646453
947708,0.16143695
947709,0.16143695
947710,0.16143695
947711,0.16143695
947712,0.16143695
947713,0.16143695
947731,0.053871173
947732,0.13424885
947733,0.13424885
947734,0.13424885
947735,0.13424885
947736,0.13424885
947737,0.13424885
947747,0.053871173
947748,0.13424885
947749,0.13424885
947750,0.13424885
947751,0.13424885
947752,0.13424885
947851,0.036038112
947852,0.053603128
947855,0.027976817
947856,0.053603128
947857,0.053603128
947858,0.053603128
947859,0.053603128
947860,0.053603128
947861,0.053603128
947869,0.027976817
947870,0.053603128
947995,0.0750799
948038,0.07071164
948039,0.18547805
948040,0.18547805
948041,0.18547805
948090,0.08526287
948091,0.24744508
948092,0.089802794
948146,0.08947803
948147,0.21537903
948148,0.21537903
948155,0.10213588
948156,0.22325057
948157,0.22325057
948158,0.22325057
948159,0.22325057
948160,0.22325057
948167,0.10213588
948168,0.22325057
948169,0.22325057
948170,0.22325057
948213,0.10517923
948214,0.23969077
948215,0.23969077
948216,0.23969077
948217,0.23969077
948218,0.23969077
948223,0.10876759
948224,0.23969077
948225,0.23969077
948226,0.23969077
948227,0.23969077
948228,0.23969077
948229,0.23969077
948241,0.10876759
948242,0.23969077
948243,0.23969077
948244,0.23969077
948245,0.23969077
948246,0.23969077
948247,0.23969077
948248,0.23969077
948261,0.07815596
948262,0.17992857
948263,0.17992857
948264,0.17992857
948286,0.05712848
948287,0.1363728
948288,0.1363728
948302,0.06426509
948303,0.16338825
948304,0.16338825
948305,0.16338825
948306,0.16338825
948307,0.16338825
948308,0.15912656
948321,0.060046297
948322,0.15912656
948323,0.15912656
948324,0.15912656
948325,0.15912656
948326,0.15912656
948327,0.15912656
948328,0.15912656
948329,0.15912656
948330,0.15912656
948331,0.15912656
948332,0.15912656
948333,0.15912656
948346,0.060046297
948347,0.15912656
948348,0.15912656
948349,0.15912656
948350,0.15912656
948351,0.15912656
948352,0.15912656
948353,0.15912656
948408,0.08751565
948409,0.18396412
948410,0.084250085
948411,0.19355372
948412,0.19355372
948413,0.19355372
948414,0.19355372
948415,0.19355372
948416,0.19355372
948417,0.084250085
948418,0.19355372
948419,0.19355372
948420,0.19355372
948421,0.19355372
948422,0.19355372
948423,0.19355372
948427,0.084250085
948428,0.19355372
948429,0.19355372
948430,0.19355372
948431,0.19355372
948432,0.19355372
948433,0.19355372
948434,0.19355372
948470,0.07975263
948471,0.19866906
948472,0.19866906
948478,0.07616901
948583,0.06447289
948584,0.1753803
948585,0.1753803
948586,0.1753803
948587,0.1753803
948588,0.1753803
948596,0.07051355
948597,0.1753803
948598,0.1753803
948599,0.1753803
948600,0.1753803
948601,0.1753803
949256,0.16857547
949257,0.1531632
949258,0.1531632
949259,0.1531632
949260,0.05311185
949261,0.1531632
949262,0.1531632
949263,0.1531632
949264,0.1531632
949265,0.1531632
949266,0.05311185
949267,0.1531632
949268,0.1531632
949269,0.1531632
949370,0.075672664
949371,0.17255439
949378,0.07178041
949379,0.17255439
949380,0.17255439
949381,0.17255439
949382,0.17255439
949383,0.17255439
949390,0.07178041
949391,0.17255439
949392,0.17255439
949393,0.17255439
949394,0.18098962
949395,0.18098962
949401,0.05824456
949402,0.16037832
949403,0.16037832
949404,0.16037832
949405,0.16037832
949406,0.16037832
949413,0.05824456
949414,0.16037832
949415,0.16037832
949416,0.16037832
949434,0.06917213
949450,0.0472457
949451,0.12883693
949452,0.12883693
949453,0.052445047
949454,0.12883693
949455,0.12883693
949456,0.12883693
949457,0.12883693
949458,0.13676353
949459,0.13676353
949460,0.04442126
949461,0.11119266
949462,0.11119266
949463,0.11119266
949464,0.11119266
949465,0.04442126
949466,0.11119266
949467,0.11119266
949468,0.11119266
949536,0.07918494
949537,0.24291202
949591,0.078701414
949592,0.20544893
949593,0.20544893
949594,0.20544893
949595,0.20544893
949596,0.20544893
949597,0.20544893
949604,0.08587213
949605,0.20544893
949606,0.20544893
949704,0.06737494
949705,0.17081274
949706,0.17081274
949707,0.17081274
949708,0.17081274
949709,0.17081274
949710,0.17081274
949711,0.17081274
949718,0.059975795
949719,0.17081274
949747,0.09045575
950043,0.119947225
950044,0.23630531
950057,0.08803884
950058,0.23630531
950059,0.23630531
950060,0.23630531
950061,0.23630531
950063,0.084897436
950138,0.10770767
950139,0.24736388
950140,0.24736388
950144,0.09941444
950145,0.24736388
950146,0.24736388
950147,0.24736388
950317,0.0878053
950318,0.21053976
950319,0.21053976
950320,0.21053976
950321,0.21053976
950322,0.21053976
950323,0.21053976
950324,0.21053976
950325,0.21053976
950326,0.21053976
950327,0.21053976
950328,0.21053976
950329,0.21053976
950330,0.21053976
950428,0.07295566
950599,0.07373342
950600,0.23324667
950601,0.23324667
950602,0.23324667
950603,0.23324667
950604,0.23324667
950754,0.10502629
950774,0.11661586
950775,0.262122
950776,0.262122
950777,0.262122
950778,0.262122
950779,0.262122
950795,0.11661586
950796,0.262122
950797,0.262122
950798,0.262122
951122,0.07370953
951123,0.2065694
951124,0.2065694
951125,0.2065694
951251,0.048011594
951267,0.074595876
951268,0.18068972
951428,0.06651278
951429,0.17936106
951430,0.17936106
951450,0.061636694
951451,0.14981495
951452,0.14981495
951453,0.14981495
951454,0.14981495
951455,0.14981495
951456,0.14981495
951471,0.061636694
951472,0.14981495
951473,0.14981495
951474,0.14981495
951475,0.14981495
951476,0.14981495
951477,0.14981495
951492,0.061636694
951493,0.14981495
951494,0.14981495
951495,0.14981495
951496,0.14981495
951497,0.14981495
951498,0.14981495
951567,0.103252865
951568,0.2149793
951569,0.2149793
951570,0.2149793
951571,0.2149793
951572,0.2149793
951584,0.103252865
951585,0.2149793
951586,0.2149793
951587,0.2149793
951588,0.2149793
951748,0.1071007
951749,0.2479437
951750,0.2479437
951764,0.1189593
951765,0.2479437
951766,0.2479437
951767,0.2479437
951768,0.2479437
951769,0.2479437
951776,0.08058618
951777,0.1760137
951887,0.042040385
951888,0.1500716
951889,0.1500716
951890,0.1500716
951891,0.1500716
951892,0.1500716
951893,0.053036492
951894,0.1500716
951895,0.1500716
951896,0.1500716
951897,0.053036492
951898,0.1500716
951899,0.1500716
951900,0.1500716
951901,0.1500716
951902,0.1500716
951903,0.1500716
951904,0.1500716
951905,0.07495445
951906,0.19551821
951907,0.19551821
951908,0.19551821
951909,0.19551821
951910,0.19551821
951911,0.19551821
951912,0.19551821
951993,0.08597316
951994,0.19822231
952029,0.09186312
952030,0.19822231
952031,0.19822231
952032,0.19822231
952033,0.19822231
952100,0.09386549
952101,0.2153985
952102,0.2153985
952103,0.2153985
952104,0.2153985
952105,0.2153985
952106,0.102505736
952107,0.2153985
952108,0.2153985
952109,0.2153985
952110,0.2153985
952111,0.2153985
952112,0.2153985
952115,0.07586808
952116,0.16455036
952117,0.16455036
952118,0.16455036
952119,0.16455036
952120,0.16455036
952121,0.16455036
952122,0.16455036
952129,0.07586808
952130,0.16455036
952131,0.16455036
952132,0.16455036
952133,0.16455036
952134,0.16455036
952135,0.16455036
952151,0.07586808
952152,0.16455036
952153,0.16455036
952154,0.16455036
952155,0.16455036
952156,0.2018537
952157,0.2018537
952158,0.2018537
952159,0.16455036
952160,0.16455036
952174,0.06866376
952175,0.14854206
952176,0.14854206
952177,0.14854206
952212,0.0602737
952416,0.07107021
952417,0.1796119
952418,0.1796119
952419,0.1796119
952420,0.1796119
952422,0.089290395
952423,0.20467404
952424,0.19538774
952425,0.19538774
952426,0.19538774
952427,0.19538774
952428,0.19538774
952441,0.08468182
952442,0.19538774
952696,0.07699823
952703,0.048636455
952704,0.13647941
952705,0.13647941
952706,0.13647941
952707,0.13647941
952708,0.13647941
952721,0.045759488
952722,0.12911148
952723,0.12911148
952724,0.12911148
952725,0.12911148
952735,0.045759488
952736,0.12911148
952737,0.12911148
952738,0.12911148
952739,0.12911148
952749,0.076724626
952750,0.18490551
952751,0.18490551
952752,0.18490551
952753,0.18490551
952754,0.18490551
952764,0.076724626
952765,0.18490551
952766,0.18490551
952767,0.18490551
952768,0.18490551
952778,0.076724626
952779,0.18490551
952780,0.18490551
952781,0.18490551
952782,0.18490551
952795,0.0724539
952796,0.1756359
952797,0.1756359
952798,0.1756359
952799,0.1756359
952806,0.0724539
952807,0.1756359
952808,0.1756359
952901,0.09201679
952902,0.20948514
952903,0.20948514
952927,0.08806968
952928,0.20948514
952929,0.20948514
952930,0.20948514
952931,0.20948514
952932,0.08806968
952933,0.20948514
952934,0.20948514
952935,0.20948514
952936,0.20948514
952937,0.20948514
953124,0.08387247
953125,0.20692661
953126,0.20692661
953127,0.20692661
953128,0.20692661
953129,0.20692661
953130,0.20692661
953131,0.20692661
953132,0.20692661
953139,0.061963495
953140,0.16768757
953141,0.16768757
953142,0.16768757
953143,0.16768757
953144,0.16768757
953145,0.16768757
953146,0.16768757
953147,0.16768757
953153,0.061963495
953154,0.16768757
953155,0.16768757
953156,0.16768757
953157,0.16768757
953158,0.16768757
953159,0.16768757
953160,0.16768757
953161,0.16768757
953162,0.16768757
953163,0.16768757
953164,0.16768757
953165,0.16768757
953166,0.16768757
953167,0.16768757
953263,0.08834519
953264,0.20238468
953265,0.20238468
953266,0.20238468
953267,0.20238468
953268,0.20238468
953274,0.087118275
953275,0.20238468
953276,0.20238468
953277,0.20238468
953278,0.20238468
953279,0.20238468
953280,0.20238468
953281,0.20238468
953282,0.20238468
953627,0.057285607
953628,0.17086604
953643,0.051239282
953644,0.13732901
953645,0.13732901
953646,0.13732901
953647,0.13732901
953648,0.13732901
953662,0.051239282
953663,0.13732901
953664,0.13732901
953665,0.13732901
953666,0.13732901
953682,0.051239282
953683,0.13732901
953684,0.13732901
953685,0.13732901
953686,0.13732901
953710,0.08725066
953711,0.19923015
953712,0.19923015
953713,0.19923015
953714,0.19923015
953747,0.08725066
953748,0.19923015
953749,0.19923015
953750,0.19923015
953912,0.08704789
953913,0.1982716
953914,0.1982716
953931,0.10586404
953932,0.23718122
953933,0.23718122
953934,0.23718122
953935,0.23718122
953936,0.23718122
953937,0.23718122
953938,0.23718122
953951,0.10586404
953952,0.23718122
953953,0.23718122
953954,0.23718122
953955,0.23718122
954254,0.06918934
954255,0.183246
954262,0.06869416
954263,0.183246
954264,0.183246
954265,0.183246
954272,0.088821955
954273,0.2069032
954274,0.2069032
954275,0.2069032
954276,0.2069032
954277,0.2069032
954278,0.2069032
954297,0.088821955
954298,0.2069032
954299,0.2069032
954300,0.2069032
954301,0.2069032
954302,0.2069032
954569,0.08071969
954577,0.1065207
954578,0.2319978
954579,0.2319978
954580,0.2319978
954581,0.2319978
954582,0.2319978
954583,0.2319978
954584,0.1065207
954585,0.2319978
954586,0.2319978
954587,0.2319978
954588,0.2319978
954589,0.2319978
954605,0.06579563
954651,0.07550149
954652,0.1988611
954653,0.1988611
954654,0.1988611
954655,0.1988611
954656,0.1988611
954657,0.090731554
954658,0.1988611
954659,0.1988611
954660,0.1988611
954661,0.1988611
954662,0.1988611
954663,0.090731554
954664,0.1988611
954665,0.1988611
954666,0.1988611
954667,0.1988611
954668,0.1988611
954669,0.0721675
954670,0.16186051
954671,0.16186051
954672,0.16186051
954736,0.031729363
954737,0.09633023
954738,0.09633023
954739,0.09633023
954745,0.033456203
954746,0.09633023
954747,0.09633023
954748,0.09633023
954749,0.09633023
954750,0.09633023
954757,0.033456203
954793,0.06723165
954794,0.16439967
954795,0.16439967
954796,0.16439967
954797,0.16439967
954798,0.16439967
954799,0.16439967
954800,0.16439967
954804,0.07433193
954815,0.07433193
954816,0.16439967
954817,0.16439967
954818,0.16439967
954834,0.077246435
954835,0.17265177
954836,0.17265177
954837,0.17265177
954838,0.17265177
954839,0.18129873
954840,0.18129873
954855,0.0702433
954970,0.06651823
954971,0.14589182
954972,0.14589182
954973,0.14589182
954974,0.14589182
954975,0.14589182
954976,0.14589182
954982,0.07044866
954983,0.14589182
954984,0.14589182
954985,0.14589182
954986,0.14589182
954987,0.14589182
954988,0.14589182
954994,0.07044866
954995,0.14589182
954996,0.14589182
954997,0.14589182
955012,0.0571714
955013,0.1288531
955014,0.1288531
955015,0.1288531
955016,0.1288531
955017,0.1288531
955029,0.061285455
955030,0.1288531
955031,0.1288531
955045,0.036814854
955046,0.117190965
955050,0.04827237
955051,0.13379624
955052,0.13379624
955364,0.057035904
955386,0.061647158
955387,0.13600595
955388,0.13600595
955389,0.13600595
955390,0.13600595
955391,0.13600595
955392,0.13600595
955394,0.061647158
955395,0.13600595
955419,0.052057073
955420,0.14836805
955421,0.14836805
955422,0.14836805
955423,0.09925773
955424,0.18882723
955425,0.18882723
955426,0.18882723
955427,0.18882723
955428,0.18882723
955429,0.18882723
955430,0.18882723
955431,0.09925773
955432,0.18882723
955433,0.18882723
955434,0.18882723
955435,0.18882723
955436,0.18882723
955437,0.18882723
955438,0.09925773
955439,0.18882723
955440,0.18882723
955441,0.18882723
955442,0.18882723
955443,0.18882723
955444,0.18882723
955445,0.07486767
955446,0.14662871
955447,0.14662871
955448,0.14662871
955449,0.14662871
955450,0.14662871
955451,0.14662871
955452,0.07486767
955453,0.14662871
955454,0.14662871
955455,0.14662871
955456,0.14662871
955457,0.14662871
955458,0.14662871
955459,0.14662871
955705,0.056907196
955706,0.116147704
955723,0.054499395
955724,0.116147704
955725,0.116147704
955726,0.116147704
955727,0.116147704
955728,0.116147704
955729,0.116147704
955762,0.08528414
955763,0.15391663
955764,0.15391663
955765,0.15391663
955766,0.15391663
955767,0.15391663
955768,0.15391663
955769,0.15391663
955778,0.08528414
955779,0.15391663
955780,0.15391663
955781,0.15391663
955782,0.15391663
955783,0.15391663
955795,0.08528414
955796,0.15391663
955797,0.15391663
955798,0.15391663
955799,0.15391663
955800,0.15391663
955801,0.15391663
955802,0.15391663
955808,0.08026419
955809,0.15346366
955810,0.15346366
955811,0.15346366
955812,0.15346366
955813,0.15346366
955814,0.15346366
955819,0.08026419
955820,0.15346366
955821,0.15346366
955822,0.15346366
955823,0.15346366
955870,0.05590708
955871,0.13558857
955872,0.13558857
955873,0.13558857
955874,0.073604725
955875,0.16006279
955876,0.16006279
955877,0.16006279
955878,0.16006279
955879,0.16006279
955880,0.16006279
955881,0.16006279
955882,0.16006279
955883,0.073604725
955884,0.16006279
955885,0.16006279
955886,0.16006279
955887,0.16006279
955888,0.16006279
955889,0.16006279
955890,0.16006279
956302,0.07112708
956303,0.15864162
956304,0.15864162
956305,0.15864162
956306,0.15864162
956307,0.15864162
956308,0.15864162
956309,0.15864162
956310,0.15864162
956329,0.08535804
956330,0.15864162
956331,0.15864162
956332,0.15864162
956333,0.15864162
956334,0.15864162
956335,0.15864162
956336,0.15864162
956354,0.08535804
956355,0.15247123
956356,0.15247123
956357,0.15247123
956358,0.15247123
956370,0.07958422
956383,0.06483399
956384,0.17046587
956385,0.17046587
956386,0.17046587
956387,0.17046587
956405,0.071555994
956406,0.17046587
956407,0.17046587
956408,0.17046587
956409,0.17046587
956410,0.17046587
956411,0.17046587
956412,0.17046587
956428,0.099795155
956429,0.22483133
956430,0.22483133
956431,0.22483133
956432,0.22483133
956433,0.22483133
956434,0.22483133
956454,0.099795155
956455,0.22483133
956456,0.22483133
956457,0.22483133
956458,0.22483133
956459,0.22483133
956460,0.22483133
956461,0.22483133
956599,0.07309496
956600,0.17338729
956601,0.17338729
956608,0.06918044
956609,0.17338729
956668,0.048519332
956669,0.13939038
956670,0.13939038
956671,0.13939038
956672,0.13939038
956772,0.05755049
956773,0.1457474
956774,0.1457474
956775,0.1457474
956776,0.1457474
956777,0.06734321
956778,0.16078106
956779,0.16078106
956802,0.062838286
956803,0.16078106
956804,0.16078106
956824,0.09352842
956882,0.079543024
956890,0.08143242
956891,0.18462873
956904,0.07935807
956905,0.18462873
956906,0.18462873
956907,0.18462873
956908,0.18462873
956909,0.18462873
956910,0.18462873
956917,0.07410076
956918,0.146177
956919,0.146177
956920,0.14945586
956921,0.14945586
956922,0.14945586
956923,0.14945586
956924,0.07590663
956925,0.14945586
956926,0.14945586
956927,0.14945586
956928,0.14945586
957109,0.052687336
957110,0.15303202
957111,0.15303202
957112,0.15303202
957113,0.15303202
957120,0.06097615
957121,0.15050001
957122,0.15050001
957123,0.15050001
957124,0.15050001
957125,0.15050001
957126,0.15050001
957134,0.06097615
957135,0.15050001
957136,0.15050001
957137,0.15050001
957138,0.15050001
957139,0.15050001
957140,0.15050001
957146,0.06097615
957240,0.050881468
957241,0.10708151
957242,0.10708151
957249,0.05145704
957250,0.10708151
957251,0.10708151
957252,0.10708151
957253,0.10708151
957254,0.10708151
957255,0.10708151
957256,0.10708151
957273,0.05145704
957274,0.10708151
957275,0.10708151
957276,0.10708151
957277,0.10708151
957278,0.10708151
957279,0.10708151
957280,0.10708151
957281,0.10708151
957282,0.10708151
957283,0.10708151
957297,0.04826594
957298,0.10920486
957299,0.10920486
957300,0.10920486
957301,0.10920486
957302,0.10920486
957303,0.10920486
957304,0.10920486
957305,0.10920486
957306,0.10920486
957307,0.10920486
957308,0.10920486
957309,0.10920486
957310,0.10920486
957311,0.10920486
957312,0.10920486
957313,0.10920486
957314,0.10920486
957315,0.10920486
957327,0.04826594
957328,0.10920486
957329,0.10920486
957359,0.04826594
957694,0.035140917
957695,0.10915069
957696,0.10915069
957697,0.042666238
957698,0.10915069
957699,0.10915069
957700,0.10915069
957701,0.10915069
957702,0.10915069
957703,0.10915069
957704,0.042666238
957705,0.10915069
957706,0.10915069
957707,0.10915069
957729,0.052767765
957877,0.0944108
957878,0.19114143
957880,0.08893598
957881,0.19114143
957882,0.19114143
957883,0.19114143
957884,0.19114143
957885,0.19114143
957894,0.08893598
957895,0.19114143
957896,0.19114143
957897,0.19114143
957898,0.19114143
957899,0.19114143
957912,0.06491775
957913,0.144523
957914,0.144523
957915,0.144523
957916,0.144523
957917,0.144523
957918,0.144523
957931,0.06491775
957932,0.144523
957933,0.144523
957934,0.144523
957935,0.144523
957936,0.144523
958087,0.020167058
958088,0.1200179
958089,0.1200179
958090,0.1200179
958091,0.1200179
958092,0.031056298
958093,0.10399294
958094,0.10399294
958095,0.10399294
958096,0.10399294
958097,0.10399294
958098,0.10399294
958099,0.031056298
958100,0.10399294
958101,0.10399294
958102,0.10399294
958103,0.10399294
958104,0.10399294
958105,0.031056298
958106,0.10399294
958107,0.10399294
958108,0.10399294
958109,0.10399294
958110,0.10399294
958111,0.10399294
958416,0.050815992
958417,0.12970036
958418,0.12970036
958419,0.12970036
958420,0.12970036
958426,0.06171992
958427,0.12970036
958428,0.12970036
958429,0.12970036
958430,0.12970036
958431,0.12970036
958432,0.12970036
958565,0.039559774
958566,0.13326825
958567,0.13326825
958570,0.04956469
958571,0.13326825
958572,0.13326825
958574,0.063377
958575,0.15953021
958576,0.15953021
958577,0.15953021
958578,0.15953021
958579,0.15953021
958580,0.15953021
958582,0.063377
958583,0.15953021
958584,0.15953021
958585,0.15953021
958586,0.15953021
958587,0.15953021
958588,0.15953021
958589,0.15953021
958591,0.063377
958592,0.15953021
958593,0.15953021
958594,0.15953021
958936,0.059447438
958937,0.14020284
958938,0.14020284
958939,0.14020284
958940,0.14020284
959051,0.06458124
959052,0.18627997
959053,0.18627997
959054,0.07383004
959055,0.20645905
959056,0.20645905
959057,0.20645905
959058,0.20645905
959115,0.04680299
959116,0.114059806
959117,0.114059806
959123,0.05232363
959124,0.12360562
959125,0.12360562
959126,0.114059806
959127,0.114059806
959128,0.114059806
959129,0.12360562
959130,0.114059806
959131,0.114059806
959143,0.05232363
959144,0.12360562
959145,0.12360562
959146,0.12360562
959147,0.12360562
959157,0.059648484
959158,0.14079265
959159,0.14079265
959160,0.14079265
959161,0.14079265
959169,0.059648484
959170,0.14079265
959171,0.14079265
959172,0.14079265
959173,0.14079265
959174,0.14079265
959175,0.14079265
959176,0.14079265
959177,0.14079265
959178,0.14079265
959179,0.14079265
959180,0.14079265
959181,0.14079265
959250,0.053653974
959251,0.14687464
959252,0.14687464
959253,0.14687464
959254,0.14687464
959255,0.14687464
959263,0.05898595
959264,0.14401473
959265,0.14401473
959279,0.05576965
959280,0.16932425
959281,0.16932425
959282,0.16932425
959283,0.07485353
959284,0.19782309
959285,0.19782309
959286,0.19782309
959287,0.09497122
959296,0.09497122
959297,0.219611
959298,0.219611
959299,0.219611
959300,0.219611
959301,0.219611
959321,0.09497122
959322,0.219611
959323,0.219611
959324,0.219611
959325,0.219611
959326,0.219611
959327,0.219611
959336,0.0860225
959337,0.17910741
959338,0.17910741
959339,0.17910741
959340,0.17910741
959341,0.17910741
959342,0.17910741
959347,0.0860225
959348,0.17910741
959349,0.17910741
959350,0.17910741
959351,0.17910741
959352,0.17910741
959353,0.17910741
959354,0.17910741
959376,0.0860225
959377,0.17910741
959378,0.17910741
959949,0.058100455
959950,0.15299647
959951,0.15124196
959956,0.06758253
959957,0.17651662
959958,0.17651662
959959,0.17651662
959960,0.17651662
959961,0.17651662
959962,0.17651662
959963,0.17651662
959965,0.06758253
959966,0.17651662
959967,0.17651662
959968,0.17651662
959969,0.17651662
959970,0.17651662
959971,0.17651662
959972,0.06758253
959973,0.17651662
959974,0.17651662
959975,0.17651662
959976,0.17651662
959977,0.17651662
959978,0.17651662
959979,0.06941307
959980,0.18329965
959981,0.18329965
959982,0.18329965
959983,0.18329965
959984,0.18329965
959985,0.18329965
959986,0.18329965
959987,0.18329965
959988,0.06941307
959989,0.18329965
959990,0.18329965
959991,0.18329965
959992,0.18329965
959993,0.18329965
959994,0.18329965
960005,0.06941307
960006,0.18329965
960007,0.18329965
960008,0.18329965
960009,0.18329965
960011,0.079519376
960012,0.22997105
960013,0.22997105
960014,0.22997105
960015,0.079519376
960016,0.22997105
960017,0.22997105
960018,0.22997105
960019,0.22997105
960027,0.079519376
960028,0.22997105
960029,0.22997105
960030,0.22997105
960031,0.22997105
960032,0.22997105
960038,0.07592487
960039,0.20367438
960040,0.20367438
960041,0.20367438
960042,0.20367438
960515,0.06047391
960516,0.21610636
960517,0.21610636
960518,0.21610636
960519,0.21610636
960528,0.06738417
960529,0.16030711
960530,0.16030711
960531,0.16030711
960532,0.16030711
960533,0.16030711
960534,0.16030711
960541,0.06738417
960911,0.06783488
960912,0.16052674
960913,0.16052674
960914,0.16052674
960915,0.16052674
960918,0.06421381
960919,0.16052674
960920,0.16052674
960921,0.16052674
960922,0.16052674
960923,0.16052674
960943,0.058120344
960944,0.14106789
960945,0.14106789
960946,0.14106789
960947,0.14106789
960964,0.058120344
960965,0.14106789
960966,0.14106789
960967,0.14106789
960968,0.14106789
961307,0.08885822
961308,0.157912
961309,0.157912
961315,0.070630506
961316,0.157912
961317,0.157912
961318,0.157912
961319,0.157912
961332,0.06348121
961333,0.14619474
961334,0.14619474
961335,0.14619474
961336,0.14619474
961348,0.06348121
961349,0.14619474
961350,0.14619474
961351,0.14619474
961352,0.14619474
961362,0.06348121
961363,0.14619474
961364,0.14619474
961365,0.14619474
961366,0.14619474
961367,0.14619474
961385,0.05150329
961386,0.12757635
961696,0.061390817
961697,0.17147453
961698,0.17147453
961711,0.0837823
961712,0.18097547
961713,0.18097547
961714,0.18097547
961715,0.18097547
961742,0.0837823
961743,0.18097547
961744,0.18097547
961745,0.18097547
961746,0.18097547
961752,0.0837823
961753,0.18097547
961754,0.18097547
961755,0.18097547
961762,0.06717396
961763,0.14887556
961764,0.14887556
961765,0.14887556
961781,0.06803709
962463,0.0577464
962464,0.14575963
962465,0.14575963
962466,0.14575963
962472,0.061686683
962473,0.16544577
962474,0.16544577
962475,0.16544577
962542,0.073825166
962543,0.21362586
962544,0.21362586
962669,0.05766504
962670,0.16912097
962671,0.16912097
962699,0.07485353
962700,0.19782309
962701,0.19782309
962702,0.19782309
962703,0.19782309
962704,0.19782309
962705,0.19782309
962706,0.19782309
962707,0.19782309
962708,0.19782309
962709,0.19782309
962710,0.19782309
962711,0.19782309
962712,0.19782309
962713,0.19782309
962714,0.19782309
962723,0.07485353
962724,0.19782309
962725,0.19782309
962726,0.19782309
962735,0.07485353
962736,0.19782309
962737,0.19782309
962738,0.19782309
962745,0.09497122
962754,0.09497122
962755,0.219611
962771,0.09497122
962772,0.219611
911353,0.111425675
911354,0.21515703
911355,0.12855756
911356,0.12855756
911357,0.12855756
911358,0.12855756
911359,0.08635124
911360,0.12855756
911361,0.12855756
911362,0.12855756
911363,0.12855756
911364,0.12855756
911365,0.12855756
911847,0.32805863
911848,0.44366667
911849,0.44366667
911850,0.44366667
911851,0.44366667
911852,0.44366667
911853,0.5182122
911854,0.5182122
911871,0.40969643
911872,0.5182122
911873,0.5182122
911874,0.5182122
911875,0.5182122
911876,0.5182122
912055,0.58950156
912056,0.7128344
912057,0.7128344
912058,0.7128344
912059,0.7128344
912060,0.7128344
912061,0.7128344
912062,0.7128344
912063,0.7128344
912104,0.5450314
912105,0.5172485
912106,0.5172485
912107,0.5172485
912108,0.5172485
912109,0.7128344
912110,0.5172485
912111,0.5172485
912112,0.7228708
912113,0.7228708
912114,0.5296099
912162,0.35756445
912163,0.5296099
912164,0.5296099
912165,0.5296099
912166,0.5296099
912167,0.5296099
912168,0.7228708
912257,0.33126125
912258,0.41253114
912259,0.41253114
912291,0.29086208
912292,0.41253114
912512,0.39924833
912517,0.44649768
912518,0.62262416
912519,0.62262416
912520,0.62262416
912521,0.62262416
912522,0.62262416
912525,0.4265566
912526,0.5767212
912527,0.5767212
912528,0.5767212
912529,0.5767212
912530,0.5767212
912596,0.433385
912611,0.51343936
912612,0.6483604
912613,0.6483604
912614,0.6483604
912615,0.6483604
912616,0.6483604
912617,0.6483604
912618,0.6483604
912619,0.6483604
912620,0.6483604
912621,0.6483604
912622,0.6483604
912623,0.6483604
912624,0.6483604
912633,0.51343936
912634,0.6483604
912635,0.6483604
912636,0.6483604
912637,0.6483604
912638,0.6483604
912639,0.6483604
912640,0.6483604
912641,0.6483604
912656,0.51343936
912657,0.6483604
912658,0.6483604
912659,0.6483604
912660,0.6483604
912661,0.6483604
912662,0.6483604
912663,0.6483604
912664,0.6483604
912665,0.6483604
912666,0.6483604
912677,0.4777378
912678,0.64220953
912679,0.64220953
912680,0.64220953
912681,0.64220953
912682,0.64220953
912683,0.64220953
912684,0.64220953
912685,0.64220953
912686,0.64220953
912687,0.64220953
912688,0.64220953
912689,0.64220953
912690,0.64220953
912700,0.4777378
912701,0.64220953
912702,0.64220953
912703,0.64220953
912704,0.64220953
912705,0.64220953
912706,0.64220953
912707,0.64220953
912708,0.64220953
912709,0.64220953
912718,0.4777378
912719,0.64220953
912720,0.64220953
912738,0.2259031
912905,0.48026967
912906,0.67601913
912907,0.67601913
912908,0.54803884
912910,0.54969805
912912,0.52158594
912913,0.6830271
912914,0.6830271
912915,0.6830271
912916,0.52101034
912917,0.6830271
912918,0.6830271
912919,0.6830271
912920,0.6830271
912922,0.52101034
912923,0.6830271
912940,0.53748316
912941,0.6479071
912942,0.5033359
912943,0.6479071
912944,0.6479071
912945,0.6479071
912946,0.6479071
912947,0.6479071
912948,0.6479071
912949,0.6479071
912953,0.50637144
912954,0.65298617
912955,0.65298617
912956,0.65298617
912957,0.65298617
912963,0.50637144
912964,0.65298617
912965,0.65298617
912966,0.65298617
912967,0.65298617
912969,0.50637144
912970,0.65298617
912971,0.65298617
912972,0.65298617
912973,0.65298617
912975,0.58344585
912976,0.7249854
912977,0.7249854
912978,0.7249854
912979,0.7249854
912980,0.7249854
912981,0.7249854
912982,0.7249854
912986,0.58344585
912987,0.7249854
912995,0.58344585
912996,0.64261675
912997,0.7249854
912998,0.7249854
912999,0.7249854
913018,0.5894867
913230,0.48303282
913231,0.7000926
913232,0.7000926
913233,0.7000926
913234,0.7000926
913235,0.7000926
913258,0.4783079
913259,0.6506719
913260,0.6506719
913261,0.6506719
913262,0.6506719
913263,0.6506719
913264,0.6506719
913265,0.6506719
913266,0.6506719
913267,0.6506719
913268,0.6506719
913269,0.6506719
913270,0.6506719
913271,0.6506719
913272,0.6506719
913273,0.6506719
913274,0.6506719
913275,0.6506719
913284,0.4783079
913285,0.6506719
913286,0.63826835
913287,0.6506719
913288,0.6506719
913289,0.6506719
913290,0.6506719
913291,0.6506719
913292,0.6506719
913293,0.6648976
913294,0.6648976
913302,0.49691105
913303,0.6648976
913304,0.6648976
913305,0.6648976
913306,0.6648976
913570,0.42759064
913571,0.5973007
913572,0.5973007
913573,0.5973007
913636,0.62430495
913657,0.57149327
913658,0.68900347
913659,0.68900347
913660,0.68900347
913661,0.68900347
913662,0.68900347
913663,0.68900347
913664,0.68900347
913665,0.68900347
913685,0.55147374
913686,0.7038023
913687,0.7038023
913688,0.7038023
913689,0.7038023
913701,0.55147374
913702,0.7038023
913703,0.7038023
913704,0.7038023
913705,0.7038023
913736,0.57398653
913737,0.6660068
913741,0.52228713
913742,0.6660068
913893,0.26949105
913955,0.48467502
913956,0.642934
913957,0.642934
913958,0.642934
913959,0.642934
913960,0.642934
913961,0.642934
913962,0.642934
913963,0.642934
913964,0.642934
913965,0.642934
913966,0.642934
913981,0.61325496
913982,0.642934
913983,0.642934
913984,0.642934
913985,0.642934
913986,0.642934
913987,0.642934
913988,0.642934
913989,0.642934
913990,0.642934
913991,0.642934
913992,0.642934
913993,0.642934
913994,0.642934
913995,0.642934
913996,0.642934
914000,0.6104221
914001,0.6538239
914002,0.6538239
914003,0.6538239
914004,0.6538239
914005,0.6538239
914006,0.6538239
914007,0.6538239
914008,0.6538239
914009,0.6538239
914010,0.6538239
914011,0.6104221
914012,0.6538239
914013,0.6538239
914014,0.6538239
914015,0.6538239
914016,0.6538239
914017,0.6538239
914018,0.6538239
914288,0.32658577
914289,0.34299088
914290,0.4793703
914298,0.47758257
914299,0.4793703
914300,0.4793703
914301,0.4793703
914302,0.4793703
914317,0.47758257
914318,0.4793703
914319,0.4793703
914320,0.4793703
914321,0.4793703
914335,0.4350049
914336,0.45416576
914337,0.45416576
914338,0.45416576
914348,0.4350049
914349,0.45416576
914350,0.45416576
914351,0.45416576
914352,0.45416576
914360,0.4350049
914361,0.45416576
914362,0.45416576
914363,0.45416576
914364,0.45416576
914365,0.45416576
914366,0.45416576
914372,0.4100098
914373,0.42595276
914374,0.42595276
914375,0.42595276
914376,0.42595276
914377,0.4100098
914378,0.42595276
914379,0.42595276
914380,0.42595276
914381,0.42595276
914382,0.4100098
914383,0.42595276
914384,0.42595276
914385,0.42595276
914386,0.42595276
914387,0.42595276
914388,0.44459474
914389,0.3386282
914390,0.45794594
914391,0.45794594
914392,0.45794594
914393,0.45794594
914395,0.44459474
914396,0.45794594
914397,0.45794594
914398,0.45794594
914557,0.38826773
914558,0.5256651
914559,0.5256651
914560,0.5256651
914561,0.5256651
914562,0.43133438
914563,0.5256651
914564,0.5256651
914565,0.5256651
914566,0.5256651
914567,0.5256651
914568,0.5256651
914625,0.600661
914626,0.5733218
914627,0.5733218
914656,0.5166999
914657,0.65105075
914658,0.65105075
914659,0.65105075
914660,0.65105075
914661,0.65105075
914662,0.65105075
914663,0.65105075
914664,0.65105075
914665,0.65105075
914666,0.65105075
914667,0.65105075
914668,0.65105075
914669,0.65105075
914742,0.6217694
914743,0.72802824
914744,0.72802824
914745,0.72802824
914746,0.72802824
914747,0.72802824
914748,0.72802824
914749,0.72802824
914757,0.56943953
914758,0.72802824
914759,0.72802824
914760,0.72802824
914761,0.72802824
914762,0.72802824
914763,0.72802824
914764,0.72802824
914765,0.72802824
914766,0.72802824
914767,0.72802824
914768,0.72802824
914769,0.72802824
914770,0.72802824
914771,0.72802824
914772,0.72802824
914848,0.2896793
914849,0.4152095
914850,0.4152095
914851,0.4152095
914852,0.4152095
914853,0.4152095
914873,0.30098662
914874,0.4152095
914875,0.4152095
914876,0.4152095
915057,0.405475
915059,0.4556982
915060,0.56046104
915061,0.56046104
915062,0.56046104
915063,0.56046104
915064,0.56046104
915065,0.56046104
915066,0.6286889
915067,0.56046104
915070,0.43566963
915071,0.5830295
915072,0.5830295
915073,0.5830295
915074,0.5830295
915077,0.43566963
915078,0.5830295
915079,0.5830295
915081,0.44162986
915082,0.5761203
915083,0.5761203
915084,0.4466415
915085,0.5761203
915086,0.5761203
915087,0.5761203
915088,0.5761203
915089,0.5761203
915090,0.525768
915391,0.47362205
915412,0.5370999
915413,0.6410524
915414,0.6410524
915415,0.6410524
915416,0.6410524
915417,0.6410524
915418,0.6410524
915419,0.6410524
915420,0.6410524
915421,0.6410524
915422,0.6410524
915423,0.6410524
915424,0.6410524
915425,0.6410524
915445,0.5370999
915446,0.6410524
915447,0.6410524
915448,0.6410524
915449,0.6410524
915450,0.6410524
915451,0.6410524
915452,0.6410524
915453,0.6410524
915454,0.6410524
915474,0.5675028
915475,0.68192446
915476,0.68192446
915477,0.68192446
915478,0.68192446
915479,0.68192446
915480,0.68192446
915481,0.68192446
915482,0.68192446
915483,0.68192446
915484,0.68192446
915485,0.68192446
915486,0.68192446
915496,0.5675028
915497,0.68192446
915498,0.68192446
915499,0.68192446
915500,0.68192446
915501,0.68192446
915550,0.5405076
915551,0.6965497
915552,0.6965497
915553,0.6965497
915554,0.6965497
915555,0.6965497
915556,0.6965497
915557,0.6965497
915558,0.6965497
915559,0.6965497
915560,0.6965497
915573,0.5445285
915574,0.6965497
915575,0.6965497
915576,0.6965497
915577,0.6965497
915578,0.6965497
915579,0.6965497
915580,0.6965497
915581,0.6965497
915609,0.51740044
915610,0.6824896
915611,0.6824896
915612,0.6824896
915613,0.6824896
915614,0.6824896
915615,0.6824896
915616,0.6824896
915617,0.6824896
915618,0.6824896
915619,0.6824896
915620,0.6824896
915621,0.6824896
915622,0.6824896
915623,0.6824896
915624,0.6824896
915625,0.6824896
915626,0.6824896
915627,0.6824896
915632,0.5207632
915633,0.6824896
915634,0.6824896
915737,0.19739921
915890,0.47024456
915891,0.5563838
915892,0.5563838
915893,0.5563838
915898,0.47218892
915899,0.5563838
915900,0.5563838
915901,0.5563838
915902,0.5563838
915903,0.5563838
915904,0.5563838
915905,0.5563838
915906,0.5563838
915907,0.5563838
915908,0.5563838
915909,0.5563838
915910,0.5563838
915911,0.5563838
915912,0.5563838
915913,0.5563838
915915,0.5260932
915916,0.6335234
915917,0.6335234
915918,0.6335234
915919,0.6335234
915920,0.6335234
915921,0.6335234
915922,0.6335234
915923,0.6335234
915924,0.6335234
915925,0.6335234
915926,0.6335234
915927,0.6335234
915928,0.6335234
915929,0.6335234
915930,0.6335234
915931,0.6335234
915932,0.6335234
915933,0.6335234
915934,0.6335234
915935,0.6335234
915938,0.5260932
915939,0.6335234
915940,0.6335234
915941,0.6335234
915942,0.6335234
915943,0.6335234
915944,0.6335234
915945,0.6335234
915946,0.6335234
915947,0.6335234
915948,0.6335234
915949,0.6335234
915950,0.6335234
915951,0.6335234
915958,0.5260932
915959,0.6335234
915960,0.6335234
915961,0.6335234
915962,0.6335234
915963,0.6335234
915964,0.6335234
915965,0.6335234
915972,0.54946524
915973,0.66843235
915974,0.66843235
915975,0.66843235
916115,0.5501455
916116,0.72649926
916117,0.72649926
916118,0.72649926
916119,0.72649926
916120,0.72649926
916121,0.72649926
916122,0.72649926
916123,0.72649926
916124,0.72649926
916125,0.72649926
916126,0.72649926
916127,0.72649926
916128,0.72649926
916129,0.72649926
916130,0.72649926
916131,0.72649926
916132,0.72649926
916133,0.72649926
916137,0.3727563
916350,0.36401415
916351,0.5973007
916352,0.5973007
916353,0.5973007
916354,0.5973007
916355,0.5973007
916356,0.5973007
916357,0.5973007
916358,0.5973007
916359,0.5973007
916360,0.5973007
916361,0.5973007
916362,0.5973007
916363,0.5973007
916364,0.5973007
916365,0.5973007
916366,0.5973007
916367,0.5973007
916368,0.5973007
916442,0.62430495
916443,0.68900347
916444,0.68900347
916445,0.68900347
916452,0.57149327
916453,0.68900347
916454,0.68900347
916455,0.68900347
916456,0.68900347
916457,0.68900347
916473,0.50570405
916475,0.52114874
916515,0.5809949
916516,0.65940464
916517,0.65940464
916522,0.5105686
916782,0.37617114
916821,0.5480802
916822,0.69004905
916823,0.69004905
916824,0.69004905
916825,0.642934
916834,0.6104221
916835,0.6538239
916836,0.6538239
916837,0.6538239
916838,0.6538239
916839,0.6538239
916840,0.6538239
916841,0.6538239
916842,0.6538239
916843,0.6538239
916844,0.6538239
916845,0.6538239
916846,0.6538239
916847,0.6538239
916855,0.6104221
916856,0.6538239
916857,0.6538239
916858,0.6538239
916859,0.6538239
916869,0.6104221
916870,0.6538239
916871,0.6538239
916872,0.6538239
916873,0.6538239
916874,0.6538239
916875,0.6538239
916889,0.6028608
916890,0.6538058
916901,0.5768826
916902,0.6669654
916903,0.6669654
916904,0.6669654
916905,0.6669654
916906,0.6669654
916907,0.6538058
916908,0.6669654
916909,0.6538058
916910,0.6538058
916911,0.6538058
916912,0.6538058
916913,0.6538058
916914,0.6538058
916915,0.6538058
916916,0.6538058
916917,0.6538058
917133,0.10245045
917459,0.21711473
917460,0.45105118
917461,0.45105118
917462,0.45105118
917463,0.45105118
917481,0.43133438
917482,0.5256651
917483,0.5256651
917484,0.5256651
917485,0.5256651
917486,0.5256651
917487,0.5256651
917488,0.5256651
917489,0.5256651
917490,0.45105118
917491,0.5256651
917492,0.45105118
917493,0.5256651
917494,0.45105118
917495,0.45105118
917496,0.45105118
917497,0.45105118
917498,0.45105118
917499,0.45105118
917500,0.45105118
917501,0.45105118
917502,0.45105118
917503,0.45105118
917504,0.45105118
917505,0.45105118
917506,0.45105118
917507,0.45105118
917541,0.43133438
917542,0.5256651
917543,0.5256651
917544,0.5256651
917545,0.5256651
917546,0.5256651
917547,0.5256651
917548,0.5256651
917549,0.5256651
917550,0.5256651
917551,0.5256651
917552,0.5256651
917553,0.5256651
917554,0.5256651
917555,0.5256651
917556,0.5256651
917557,0.5256651
917558,0.5256651
917559,0.5256651
917560,0.5256651
917561,0.5256651
917562,0.5256651
917563,0.5256651
917564,0.5256651
917565,0.5256651
917566,0.5256651
917567,0.5256651
917568,0.5256651
917569,0.5256651
917570,0.5256651
917571,0.5256651
917572,0.5256651
917573,0.5256651
917574,0.5256651
917575,0.5256651
917576,0.5256651
917577,0.5256651
917578,0.5256651
917579,0.5256651
917580,0.5256651
917581,0.5256651
917584,0.33906734
917585,0.5752141
917586,0.5752141
917587,0.5752141
917588,0.5752141
917589,0.5752141
917590,0.5752141
917591,0.5752141
917592,0.5752141
917593,0.5752141
917594,0.5752141
917595,0.5752141
917596,0.5752141
917597,0.5752141
917598,0.5752141
917599,0.5752141
917600,0.5752141
917601,0.5752141
917602,0.5752141
917603,0.5752141
917604,0.5752141
917605,0.5752141
917606,0.5752141
917607,0.5752141
917608,0.5752141
917609,0.5752141
917611,0.46268725
917612,0.5752141
917613,0.5752141
917614,0.5752141
917615,0.5752141
917616,0.5752141
917617,0.5752141
917618,0.5752141
917623,0.46268725
917624,0.5752141
917625,0.5752141
917626,0.5752141
917627,0.5752141
917628,0.5752141
917629,0.5752141
917630,0.5752141
917631,0.5752141
917632,0.5752141
917639,0.5367581
917640,0.6662323
917641,0.6662323
917642,0.6662323
917643,0.6662323
917644,0.6662323
917645,0.6662323
917646,0.6662323
917647,0.6662323
917648,0.6662323
917649,0.6662323
917650,0.6662323
917651,0.6662323
917660,0.5367581
917661,0.6662323
917662,0.6662323
917663,0.6662323
917664,0.6662323
917665,0.6662323
917666,0.6662323
917667,0.6662323
917710,0.48550305
917766,0.36860204
917772,0.56943953
917773,0.72802824
917774,0.72802824
917775,0.72802824
917776,0.72802824
917777,0.72802824
917778,0.72802824
917779,0.72802824
917780,0.72802824
917781,0.72802824
917782,0.53605556
917783,0.72802824
917789,0.56943953
917790,0.72802824
917791,0.72802824
917792,0.72802824
917793,0.72802824
917794,0.72802824
917795,0.72802824
917796,0.72802824
917819,0.56943953
917820,0.72802824
917821,0.72802824
917822,0.72802824
917823,0.72802824
917824,0.72802824
917825,0.72802824
917826,0.72802824
917827,0.72802824
917828,0.72802824
917829,0.72802824
917830,0.72802824
917851,0.5647223
917852,0.7156825
917853,0.7156825
917898,0.33817983
918045,0.27247038
918046,0.5128311
918047,0.5128311
918048,0.5128311
918049,0.5629715
918050,0.5128311
918051,0.3654884
918052,0.5128311
918053,0.5128311
918054,0.5128311
918055,0.5128311
918056,0.5128311
918057,0.5128311
918058,0.5128311
918059,0.5128311
918060,0.5128311
918061,0.5128311
918062,0.5128311
918063,0.5128311
918064,0.32845297
918065,0.49334508
918066,0.49334508
918067,0.49334508
918068,0.49334508
918069,0.49334508
918070,0.49334508
918071,0.49334508
918072,0.49334508
918073,0.49334508
918074,0.49334508
918075,0.49334508
918076,0.49334508
918077,0.49334508
918078,0.49334508
918079,0.49334508
918080,0.49334508
918081,0.32845297
918082,0.49334508
918083,0.49334508
918084,0.49334508
918085,0.49334508
918086,0.49334508
918087,0.49334508
918088,0.49334508
918089,0.49334508
918090,0.49334508
918091,0.49334508
918092,0.49334508
918093,0.49334508
918094,0.49334508
918095,0.49334508
918096,0.49334508
918097,0.49334508
918098,0.49334508
918099,0.32845297
918100,0.56151354
918101,0.56151354
918102,0.56151354
918103,0.56151354
918104,0.56151354
918105,0.49334508
918106,0.56151354
918107,0.49334508
918108,0.49334508
918109,0.49334508
918110,0.49334508
918111,0.56151354
918112,0.3665656
918113,0.56046104
918114,0.56046104
918115,0.56046104
918116,0.6286889
918117,0.6286889
918118,0.6286889
918119,0.6286889
918120,0.6286889
918121,0.6286889
918122,0.6286889
918123,0.6286889
918126,0.3665656
918127,0.5520646
918128,0.5520646
918129,0.5520646
918138,0.3587033
918139,0.5520646
918140,0.5520646
918141,0.5520646
918142,0.5520646
918143,0.5520646
918148,0.34200424
918149,0.5063361
918150,0.5063361
918151,0.5063361
918152,0.5063361
918153,0.5063361
918154,0.5063361
918195,0.44162986
918196,0.5761203
918197,0.5761203
918198,0.5761203
918199,0.4828884
918494,0.32069966
918520,0.6202026
918521,0.6617306
918522,0.6617306
918523,0.6368897
918524,0.6368897
918525,0.5448928
918526,0.6617306
918527,0.6617306
918528,0.6617306
918529,0.6617306
918530,0.6617306
918531,0.6368897
918532,0.5448928
918533,0.6617306
918534,0.6617306
918535,0.55041134
918536,0.6697659
918537,0.6697659
918538,0.55041134
918539,0.6697659
918540,0.6697659
918541,0.6697659
918542,0.6697659
918543,0.6697659
918544,0.6697659
918545,0.6697659
918548,0.55041134
918551,0.5217296
918552,0.6768444
918553,0.6768444
918554,0.6768444
918555,0.6768444
918556,0.44729978
918557,0.6353717
918558,0.6353717
918559,0.6353717
918560,0.6353717
918561,0.6353717
918563,0.44729978
918564,0.6353717
918565,0.6353717
918566,0.6353717
918567,0.6353717
918568,0.6353717
918569,0.6353717
918570,0.45521796
918571,0.67423487
918572,0.67423487
918573,0.67423487
918574,0.67423487
918575,0.67423487
918576,0.67423487
918577,0.45521796
918578,0.67423487
918579,0.67423487
918580,0.67423487
918581,0.67423487
918582,0.67423487
918587,0.45521796
918588,0.67423487
918589,0.67423487
918590,0.67423487
918591,0.67423487
918592,0.67423487
918593,0.67423487
918594,0.67423487
918613,0.43067595
918614,0.63364965
918615,0.63364965
918616,0.63364965
918617,0.63364965
918618,0.63364965
918619,0.63364965
918620,0.63364965
918621,0.63364965
918622,0.63364965
918623,0.63364965
918633,0.50158113
918634,0.66562426
918635,0.66562426
918636,0.66562426
918637,0.66562426
918638,0.66562426
918639,0.66562426
918640,0.66562426
918641,0.66562426
918642,0.66562426
918643,0.66562426
918644,0.63364965
918645,0.66562426
918646,0.66562426
918647,0.66562426
918648,0.66562426
918649,0.66562426
918650,0.66562426
918651,0.63364965
918652,0.63364965
918653,0.66562426
918654,0.63364965
918655,0.63364965
918664,0.4997483
918665,0.644955
918666,0.644955
918667,0.644955
918668,0.644955
918669,0.644955
918670,0.644955
918671,0.644955
918672,0.644955
918673,0.644955
918674,0.644955
918675,0.644955
918676,0.644955
918677,0.644955
918678,0.644955
918679,0.644955
918680,0.644955
918681,0.644955
918682,0.644955
918688,0.4997483
918689,0.644955
918690,0.644955
918691,0.644955
918692,0.644955
918693,0.644955
918694,0.644955
918695,0.644955
918696,0.644955
918697,0.644955
918698,0.644955
918705,0.4997483
918706,0.644955
918707,0.644955
918708,0.644955
918709,0.644955
918839,0.37632027
918840,0.5783407
918841,0.5783407
918842,0.5783407
918843,0.5783407
918844,0.5783407
918845,0.5783407
918846,0.55253404
918847,0.5783407
918848,0.5783407
918849,0.5783407
918850,0.5783407
918872,0.44096354
918873,0.5783407
918874,0.5783407
918875,0.5783407
918876,0.5783407
918877,0.5783407
918878,0.55253404
918887,0.46830678
918888,0.55253404
918889,0.55253404
918890,0.55253404
918891,0.55253404
918898,0.5032134
918899,0.61200505
918900,0.61200505
918901,0.61200505
918902,0.61200505
918903,0.61200505
918905,0.48525426
918906,0.64193386
918907,0.64193386
918908,0.61200505
918909,0.64193386
918910,0.64193386
918911,0.61200505
918912,0.61200505
918918,0.48525426
918919,0.64193386
918920,0.64193386
918921,0.64193386
918922,0.64193386
918928,0.48805815
918929,0.6445095
918930,0.6445095
918931,0.6445095
918932,0.6445095
918933,0.6445095
918934,0.23144412
918935,0.6445095
918936,0.6445095
918937,0.6445095
918938,0.6445095
918939,0.6445095
918942,0.48805815
918943,0.6445095
918944,0.6445095
918945,0.6445095
918946,0.6445095
919176,0.54959595
919177,0.72649926
919178,0.72649926
919179,0.72649926
919180,0.72649926
919181,0.72649926
919182,0.69161594
919183,0.72649926
919184,0.72649926
919185,0.5973904
919186,0.72649926
919187,0.72649926
919188,0.72649926
919189,0.72649926
919190,0.72649926
919191,0.72649926
919192,0.72649926
919193,0.72649926
919194,0.72649926
919195,0.72649926
919196,0.72649926
919197,0.72649926
919198,0.72649926
919199,0.72649926
919200,0.72649926
919201,0.72649926
919202,0.72649926
919203,0.72649926
919204,0.72649926
919205,0.72649926
919206,0.72649926
919207,0.72649926
919208,0.72649926
919209,0.72649926
919210,0.72649926
919211,0.72649926
919212,0.72649926
919213,0.72649926
919214,0.72649926
919215,0.72649926
919216,0.72649926
919217,0.72649926
919218,0.72649926
919219,0.72649926
919220,0.72649926
919221,0.72649926
919222,0.72649926
919223,0.72649926
919224,0.72649926
919225,0.72649926
919226,0.72649926
919227,0.72649926
919228,0.72649926
919229,0.72649926
919230,0.72649926
919231,0.72649926
919232,0.72649926
919233,0.72649926
919234,0.72649926
919235,0.72649926
919236,0.72649926
919237,0.72649926
919238,0.72649926
919239,0.72649926
919240,0.72649926
919241,0.72649926
919242,0.72649926
919243,0.72649926
919244,0.72649926
919245,0.72649926
919246,0.72649926
919247,0.72649926
919248,0.72649926
919249,0.72649926
919250,0.72649926
919251,0.72649926
919252,0.72649926
919253,0.72649926
919254,0.72649926
919255,0.72649926
919256,0.72649926
919257,0.72649926
919258,0.72649926
919259,0.72649926
919260,0.72649926
919261,0.72649926
919262,0.72649926
919263,0.72649926
919264,0.72649926
919265,0.72649926
919266,0.72649926
919267,0.72649926
919268,0.72649926
919269,0.72649926
919270,0.72649926
919271,0.72649926
919272,0.72649926
919273,0.72649926
919274,0.72649926
919275,0.72649926
919276,0.72649926
919277,0.72649926
919278,0.72649926
919279,0.72649926
919280,0.72649926
919281,0.72649926
919282,0.72649926
919283,0.72649926
919284,0.72649926
919285,0.72649926
919286,0.72649926
919287,0.72649926
919288,0.72649926
919289,0.72649926
919290,0.72649926
919291,0.72649926
919292,0.72649926
919293,0.72649926
919294,0.72649926
919295,0.72649926
919296,0.72649926
919297,0.72649926
919298,0.72649926
919299,0.72649926
919300,0.72649926
919301,0.72649926
919302,0.72649926
919303,0.72649926
919304,0.72649926
919305,0.72649926
919306,0.72649926
919307,0.72649926
919308,0.72649926
919309,0.72649926
919310,0.72649926
919311,0.72649926
919312,0.72649926
919313,0.72649926
919314,0.72649926
919315,0.72649926
919818,0.25296655
920045,0.32035664
920046,0.62908393
920047,0.62908393
920048,0.62908393
920049,0.62908393
920050,0.62908393
920051,0.62908393
920052,0.62908393
920053,0.62908393
920054,0.62908393
920055,0.62908393
920056,0.62908393
920057,0.62908393
920058,0.62908393
920059,0.62908393
920060,0.62908393
920061,0.62908393
920062,0.62908393
920063,0.62908393
920064,0.62908393
920065,0.62908393
920066,0.62908393
920067,0.576296
920068,0.6401599
920069,0.6401599
920070,0.6401599
920071,0.6401599
920072,0.65605617
920073,0.6401599
920074,0.6401599
920075,0.6401599
920076,0.6401599
920077,0.6401599
920078,0.65605617
920091,0.576296
920092,0.6401599
920093,0.6401599
920094,0.6401599
920095,0.6401599
920096,0.6401599
920097,0.6401599
920098,0.6401599
920099,0.6401599
920100,0.6401599
920101,0.6401599
920102,0.6401599
920103,0.6401599
920104,0.6401599
920105,0.6401599
920106,0.6401599
920117,0.576296
920118,0.6401599
920119,0.6401599
920120,0.6401599
920121,0.6401599
920122,0.6401599
920133,0.5685406
920134,0.64014137
920343,0.43933186
920344,0.66933024
920345,0.66933024
920346,0.66933024
920347,0.66933024
920348,0.66933024
920349,0.66933024
920350,0.66933024
920351,0.66933024
920357,0.54776263
920358,0.66933024
920359,0.66933024
920360,0.66933024
920361,0.66933024
920362,0.66933024
920363,0.66933024
920364,0.66933024
920721,0.24074183
920722,0.43040335
920723,0.43040335
920724,0.43040335
920725,0.43040335
920726,0.43040335
920741,0.43682912
920742,0.4587914
920743,0.4587914
921181,0.5677583
921182,0.6779717
921183,0.6779717
921184,0.6779717
921194,0.5465494
921195,0.6779717
921196,0.6779717
921197,0.6779717
921198,0.6779717
921199,0.6779717
921200,0.6779717
921201,0.6779717
921202,0.6779717
921203,0.6779717
921204,0.6779717
921205,0.6779717
921206,0.6779717
921207,0.6779717
921208,0.6779717
921209,0.6779717
921210,0.6779717
921211,0.6779717
921212,0.6779717
921213,0.6779717
921214,0.6779717
921215,0.6779717
921216,0.6779717
921217,0.6779717
921218,0.6779717
921219,0.6779717
921220,0.6779717
921221,0.6779717
921222,0.6779717
921223,0.6779717
921224,0.6779717
921226,0.5465494
921227,0.6779717
921228,0.6779717
921229,0.6779717
921230,0.6779717
921231,0.6779717
921232,0.6779717
921240,0.51383543
921241,0.68148935
921242,0.55530787
921243,0.68148935
921244,0.68148935
921245,0.55530787
921246,0.68148935
921256,0.51383543
921257,0.68148935
921258,0.68148935
921259,0.68148935
921260,0.68148935
921261,0.68148935
921262,0.68148935
921263,0.68148935
921264,0.68148935
921265,0.68148935
921266,0.68148935
921267,0.68148935
921268,0.68148935
921269,0.68148935
921270,0.68148935
921271,0.68148935
921272,0.68148935
921273,0.68148935
921274,0.68148935
921275,0.68148935
921276,0.68148935
921277,0.68148935
921278,0.68148935
921279,0.68148935
921280,0.68148935
921281,0.68148935
921282,0.68148935
921283,0.68148935
921284,0.68148935
921297,0.51383543
921298,0.68148935
921299,0.68148935
921300,0.68148935
921301,0.68148935
921310,0.48006126
921311,0.6672812
921312,0.6672812
921328,0.53225946
921329,0.66289985
921330,0.66289985
921331,0.66289985
921376,0.4971641
921385,0.3450234
921386,0.53605556
921387,0.72802824
921388,0.72802824
921389,0.72802824
921390,0.72802824
921391,0.53605556
921392,0.53605556
921393,0.53605556
921394,0.53605556
921395,0.72802824
921599,0.37287563
921600,0.55091673
921601,0.5006201
921602,0.55091673
921603,0.55091673
921611,0.44471
921612,0.5006201
921613,0.5006201
921614,0.5006201
921615,0.5006201
921616,0.5006201
921617,0.5006201
921618,0.5006201
921619,0.5006201
921620,0.5006201
921621,0.5006201
921622,0.55091673
921623,0.5006201
921624,0.55091673
921625,0.55091673
921626,0.55091673
921627,0.55091673
921628,0.55091673
921629,0.55091673
921630,0.55091673
921631,0.55091673
921632,0.55091673
921633,0.55091673
921634,0.55091673
921635,0.55091673
921636,0.55091673
921637,0.55091673
921638,0.55091673
921639,0.55091673
921640,0.55091673
921647,0.44471
921648,0.55091673
921649,0.55091673
921650,0.55091673
921651,0.55091673
921652,0.55091673
921653,0.55091673
921654,0.55091673
921655,0.5006201
921656,0.5006201
921657,0.5006201
921658,0.5006201
921659,0.55091673
921666,0.4072048
921667,0.5494508
921668,0.5494508
921669,0.5494508
921670,0.5494508
921671,0.5494508
921672,0.5494508
921673,0.5494508
921674,0.5494508
921675,0.5494508
921676,0.5494508
921677,0.5494508
921678,0.5494508
921679,0.5494508
921680,0.5494508
921687,0.4072048
921688,0.5494508
921689,0.5494508
921690,0.5494508
921691,0.5494508
921692,0.5494508
921693,0.5494508
921694,0.5494508
921695,0.5494508
921696,0.5494508
921697,0.5494508
921708,0.4072048
921709,0.5494508
921710,0.5494508
921711,0.5494508
921712,0.5494508
921713,0.5494508
921714,0.5494508
921715,0.5494508
921716,0.5494508
921717,0.5494508
921718,0.5494508
921719,0.5494508
921720,0.44727406
921721,0.5520646
921722,0.5520646
921725,0.3587033
921726,0.5520646
921828,0.34797463
921829,0.57273
921830,0.57273
921831,0.57273
921832,0.57273
921833,0.57273
921834,0.57273
921835,0.57273
921836,0.57273
921837,0.57273
921838,0.57273
921839,0.57273
921840,0.57273
922165,0.40214208
922166,0.64455366
922167,0.64455366
922168,0.64455366
922169,0.64455366
922170,0.64455366
922181,0.47848284
922182,0.64455366
922183,0.6293689
922184,0.6293689
922185,0.6293689
922186,0.6293689
922187,0.6293689
922188,0.6293689
922189,0.6293689
922190,0.6293689
922191,0.6293689
922192,0.6293689
922193,0.6293689
922194,0.6293689
922195,0.6293689
922196,0.6293689
922197,0.6293689
922198,0.6293689
922199,0.6293689
922200,0.6293689
922201,0.6293689
922367,0.6045901
922368,0.72481877
922369,0.72481877
922370,0.72481877
922371,0.72481877
922372,0.72481877
922373,0.72481877
922374,0.72481877
922375,0.72481877
922376,0.72481877
922377,0.63343024
922378,0.63343024
922379,0.72481877
922383,0.5668159
922384,0.72481877
922385,0.72481877
922386,0.72481877
922387,0.72481877
922388,0.72481877
922389,0.72481877
922390,0.72481877
922391,0.72481877
922392,0.72481877
922393,0.72481877
922394,0.72481877
922395,0.72481877
922396,0.72481877
922397,0.72481877
922398,0.72481877
922399,0.72481877
922400,0.72481877
922401,0.72481877
922402,0.72481877
922403,0.72481877
922404,0.72481877
922717,0.46071517
922718,0.65804017
922719,0.65804017
922720,0.65804017
922721,0.65804017
922722,0.65804017
922723,0.65804017
922724,0.65804017
922766,0.44381127
922767,0.5687851
922773,0.32613397
922774,0.5687851
922775,0.5687851
922792,0.40887058
922793,0.6344408
922794,0.6344408
922795,0.6344408
922796,0.6344408
922848,0.5566646
922849,0.6867953
922850,0.6403741
922859,0.3362566
922860,0.48696956
922861,0.48696956
922862,0.48696956
922863,0.48696956
922894,0.25900564
922895,0.3634419
922896,0.3634419
922897,0.3634419
922914,0.24874935
922915,0.3634419
922916,0.3634419
922917,0.3634419
923080,0.4254598
923095,0.55344033
923096,0.6566973
923097,0.53713834
923098,0.6566973
923099,0.6566973
923100,0.6566973
923312,0.42401677
923313,0.6490822
923314,0.6047178
923315,0.6490822
923316,0.6490822
923317,0.6490822
923319,0.5641391
923320,0.6800374
923321,0.6800374
923322,0.6800374
923323,0.6800374
923324,0.6800374
923325,0.5641391
923333,0.38504648
923334,0.47620422
923335,0.6158759
923336,0.6633875
923337,0.6633875
923338,0.6158759
923339,0.6158759
923340,0.6158759
923341,0.6158759
923342,0.6158759
923343,0.6633875
923344,0.6633875
923345,0.6633875
923346,0.6633875
923347,0.6633875
923348,0.6633875
923349,0.6633875
923350,0.6633875
923351,0.6633875
923352,0.6633875
923353,0.6633875
923354,0.47620422
923355,0.6158759
923356,0.6158759
923357,0.6158759
923358,0.6158759
923359,0.6158759
923360,0.6158759
923361,0.6158759
923362,0.6158759
923363,0.6158759
923364,0.6158759
923369,0.501916
923370,0.65244895
923371,0.65244895
923372,0.65244895
923373,0.65244895
923380,0.501916
923381,0.65244895
923382,0.6830731
923383,0.6830731
923389,0.5554848
923390,0.6830731
923391,0.6830731
923392,0.6830731
923393,0.6830731
923398,0.21642601
923399,0.27849358
923400,0.27849358
923401,0.27849358
923402,0.27849358
923403,0.27849358
923410,0.21642601
923411,0.27849358
923412,0.27849358
923413,0.27849358
923414,0.27849358
923415,0.27849358
923416,0.27849358
923417,0.27849358
923418,0.27849358
923425,0.21642601
923426,0.27849358
923427,0.27849358
923428,0.27849358
923429,0.27849358
923430,0.27849358
923431,0.27849358
923432,0.27849358
923438,0.13613442
923439,0.19666004
923440,0.19666004
923441,0.19666004
923442,0.19666004
923443,0.19666004
923444,0.19666004
923445,0.19666004
923446,0.19666004
923453,0.13613442
923454,0.19666004
923455,0.19666004
923456,0.19666004
923457,0.19666004
923467,0.13613442
923468,0.19666004
923469,0.19666004
923470,0.19666004
923471,0.19666004
923472,0.19666004
923473,0.19666004
923474,0.19666004
923475,0.19666004
923476,0.19666004
923477,0.19666004
923478,0.19666004
923680,0.49193642
923681,0.51212734
923682,0.51212734
923683,0.51212734
923684,0.51212734
923685,0.51212734
923686,0.51212734
923687,0.42375687
923688,0.51212734
923689,0.4699139
923690,0.4699139
923691,0.4699139
923692,0.4699139
923693,0.4699139
923694,0.51212734
923747,0.51783395
923748,0.66437846
923749,0.5540699
923750,0.5540699
923751,0.5540699
923752,0.5540699
923759,0.5635419
923760,0.718565
923761,0.718565
923762,0.718565
923763,0.718565
923764,0.718565
923772,0.32318282
923773,0.5124831
923774,0.5124831
923775,0.5124831
923776,0.5124831
923777,0.5124831
923778,0.5124831
923779,0.5124831
923780,0.5565947
923781,0.5124831
923782,0.5124831
923783,0.718565
923784,0.718565
923785,0.718565
923786,0.5565947
923787,0.718565
923788,0.718565
923789,0.718565
923790,0.5124831
923795,0.59011984
923796,0.73737425
923797,0.73737425
923798,0.73737425
923799,0.73737425
923800,0.73737425
923801,0.73737425
923802,0.73737425
923831,0.51822037
923832,0.25799388
923833,0.25799388
923834,0.25799388
923859,0.22790976
923865,0.2487002
923877,0.3514676
923878,0.40081826
923879,0.40081826
923880,0.40081826
923890,0.3514676
923891,0.40081826
923892,0.40081826
923893,0.40081826
923894,0.40081826
923895,0.3514676
923896,0.40081826
923897,0.40081826
923898,0.40081826
923899,0.40081826
923900,0.40081826
923941,0.5943595
923942,0.6275614
923943,0.48171908
923944,0.6275614
923945,0.6275614
923946,0.6275614
923947,0.6275614
923951,0.43757534
924021,0.4009318
924024,0.5164644
924025,0.646781
924026,0.646781
924027,0.646781
924028,0.646781
924029,0.646781
924030,0.646781
924031,0.646781
924032,0.646781
924033,0.646781
924034,0.646781
924035,0.646781
924036,0.646781
924041,0.5164644
924042,0.646781
924043,0.646781
924044,0.646781
924045,0.646781
924046,0.646781
924047,0.646781
924048,0.646781
924049,0.646781
924050,0.646781
924051,0.646781
924052,0.646781
924053,0.646781
924054,0.646781
924055,0.646781
924056,0.646781
924057,0.646781
924058,0.646781
924059,0.646781
924060,0.646781
924061,0.646781
924062,0.646781
924067,0.5164644
924068,0.646781
924069,0.646781
924070,0.646781
924071,0.646781
924072,0.646781
924073,0.646781
924117,0.46287012
924118,0.62392694
924119,0.62392694
924120,0.62392694
924121,0.62392694
924122,0.62392694
924123,0.62392694
924124,0.62392694
924125,0.62392694
924126,0.62392694
924127,0.62392694
924128,0.62392694
924129,0.62392694
924130,0.62392694
924131,0.46929455
924132,0.62392694
924133,0.62392694
924143,0.46287012
924144,0.62392694
924145,0.62392694
924146,0.62392694
924147,0.62392694
924148,0.62392694
924149,0.62392694
924150,0.62392694
924151,0.62392694
924152,0.62392694
924153,0.62392694
924154,0.62392694
924155,0.62392694
924156,0.62392694
924157,0.62392694
924158,0.62392694
924159,0.62392694
924160,0.62392694
924161,0.62392694
924162,0.62392694
924163,0.62392694
924164,0.62392694
924165,0.6032698
924166,0.62392694
924167,0.62392694
924168,0.62392694
924169,0.62392694
924170,0.62392694
924171,0.62392694
924172,0.62392694
924173,0.62392694
924174,0.62392694
924175,0.62392694
924176,0.62392694
924180,0.46287012
924181,0.62392694
924182,0.62392694
924183,0.62392694
924184,0.62392694
924185,0.62392694
924186,0.62392694
924187,0.62392694
924188,0.62392694
924189,0.62392694
924190,0.62392694
924191,0.62392694
924192,0.62392694
924193,0.62392694
924194,0.62392694
924200,0.43131402
924201,0.5283281
924202,0.5283281
924203,0.5283281
924204,0.5283281
924270,0.45277023
924271,0.42572862
924272,0.42572862
924273,0.42572862
924274,0.42572862
924275,0.42572862
924276,0.42572862
924277,0.42572862
924278,0.42572862
924279,0.42572862
924280,0.42572862
924281,0.42572862
924282,0.42572862
924283,0.42572862
924284,0.42572862
924285,0.42572862
924286,0.42572862
924287,0.42572862
924288,0.42572862
924289,0.42572862
924306,0.3850509
924307,0.42572862
924308,0.42572862
924309,0.42572862
924310,0.42572862
924311,0.42572862
924312,0.42572862
924458,0.515133
924459,0.6728406
924460,0.6728406
924461,0.6728406
924462,0.6728406
924463,0.6728406
924464,0.6728406
924465,0.6728406
924466,0.6728406
924467,0.6728406
924468,0.6728406
924473,0.5147438
924474,0.6728406
924475,0.6728406
924476,0.6728406
924477,0.6728406
924478,0.6728406
924479,0.6728406
924480,0.6728406
924481,0.6728406
924482,0.6728406
924483,0.6728406
924484,0.6728406
924485,0.6728406
924508,0.5278857
924509,0.72481877
924510,0.72481877
924512,0.5668159
924625,0.4293914
924632,0.47387323
924633,0.60563904
924634,0.60563904
924635,0.60563904
924636,0.60563904
924637,0.60563904
924638,0.60563904
924639,0.60563904
924640,0.60563904
924641,0.60563904
924642,0.60563904
924643,0.60563904
924644,0.60563904
924645,0.60563904
924646,0.60563904
924650,0.49736005
924651,0.6417019
924652,0.6417019
924653,0.6417019
924654,0.6417019
924655,0.6417019
924656,0.6293239
924657,0.6417019
924658,0.6417019
924659,0.6417019
924660,0.6417019
924661,0.6417019
924662,0.6417019
924663,0.6417019
924664,0.6417019
924666,0.49736005
924667,0.6417019
924668,0.6417019
924669,0.6293239
924670,0.6293239
924671,0.6293239
924672,0.6293239
924673,0.6293239
924674,0.6293239
924675,0.6293239
924676,0.6293239
924677,0.6293239
924678,0.6293239
924679,0.6293239
924680,0.6293239
924688,0.49736005
924689,0.6417019
924690,0.6417019
924691,0.6417019
924692,0.6417019
924693,0.6417019
924694,0.6417019
924695,0.6417019
924708,0.49851805
924709,0.6459362
924710,0.6459362
924711,0.6459362
924712,0.6459362
924713,0.6459362
924714,0.6459362
924715,0.6459362
924721,0.49851805
924722,0.6459362
924723,0.6459362
924724,0.6459362
924725,0.6459362
924726,0.6459362
924727,0.6459362
924728,0.6459362
924729,0.6459362
924730,0.6459362
924731,0.6459362
924732,0.6459362
924733,0.6459362
924734,0.6459362
924741,0.50701547
924742,0.6310571
924743,0.6310571
924744,0.6310571
924745,0.6310571
924746,0.6310571
924747,0.6310571
924748,0.6310571
924749,0.6310571
924750,0.6310571
924751,0.6459362
924752,0.6310571
924831,0.3964171
925244,0.40632015
925249,0.35750884
925250,0.47601524
925251,0.47601524
925293,0.3212106
925294,0.62282544
925295,0.62282544
925296,0.62282544
925297,0.62282544
925298,0.62282544
925299,0.62282544
925300,0.62282544
925301,0.62282544
925302,0.62282544
925303,0.62282544
925304,0.56069154
925305,0.63397956
925306,0.64108914
925307,0.64108914
925308,0.63397956
925309,0.64108914
925310,0.63397956
925311,0.63397956
925312,0.63397956
925313,0.63397956
925314,0.63397956
925315,0.63397956
925316,0.63397956
925317,0.56069154
925318,0.64108914
925322,0.48589343
925323,0.63396084
925324,0.63396084
925325,0.63396084
925326,0.6385292
925327,0.6385292
925328,0.6385292
925329,0.63396084
925330,0.63396084
925331,0.56769174
925332,0.63396084
925333,0.63396084
925334,0.63396084
925335,0.63396084
925336,0.63396084
925337,0.63396084
925344,0.56769174
925345,0.63396084
925351,0.55950874
925352,0.6608986
925353,0.6608986
925354,0.6608986
925404,0.5211009
925405,0.60409766
925406,0.60409766
925407,0.60409766
925408,0.60409766
925409,0.43896642
925410,0.6130453
925411,0.6130453
925412,0.6130453
925413,0.6130453
925414,0.6130453
925416,0.54690546
925417,0.6633875
925418,0.6633875
925419,0.6633875
925420,0.6633875
925421,0.6633875
925422,0.6633875
925423,0.6633875
925424,0.6633875
925425,0.6633875
925426,0.6633875
925427,0.6633875
925428,0.6633875
925429,0.6633875
925430,0.6633875
925431,0.6633875
925432,0.6633875
925433,0.6633875
925434,0.6633875
925435,0.6633875
925436,0.6633875
925437,0.6633875
925438,0.6633875
925439,0.6633875
925440,0.6633875
925441,0.6633875
925442,0.6633875
925443,0.6633875
925444,0.6633875
925445,0.6633875
925446,0.6633875
925447,0.6633875
925448,0.6633875
925449,0.6633875
925450,0.6633875
925451,0.6633875
925452,0.6633875
925453,0.6633875
925454,0.6633875
925455,0.6633875
925456,0.6633875
925457,0.6633875
925458,0.6633875
925459,0.6633875
925460,0.6633875
925461,0.6633875
925462,0.6633875
925463,0.6633875
925464,0.6633875
925465,0.6633875
925466,0.6633875
925467,0.6633875
925468,0.6633875
925469,0.6633875
925470,0.6633875
925471,0.6633875
925472,0.6633875
925473,0.6633875
925474,0.6633875
925475,0.6633875
925476,0.6633875
925477,0.6633875
925478,0.6633875
925479,0.6633875
925480,0.6633875
925481,0.6633875
925482,0.6633875
925483,0.6633875
925484,0.6633875
925485,0.6633875
925486,0.6633875
925487,0.6633875
925488,0.6633875
925489,0.6633875
925490,0.6633875
925491,0.6633875
925492,0.6633875
925493,0.6633875
925494,0.6633875
925495,0.6633875
925496,0.6633875
925497,0.66273135
925498,0.66273135
925499,0.66273135
925500,0.66273135
925501,0.66273135
925502,0.66273135
925503,0.66273135
925504,0.66273135
925505,0.66273135
925506,0.66273135
925507,0.66273135
925508,0.66273135
925509,0.66273135
925510,0.66273135
925511,0.66273135
925512,0.66273135
925513,0.66273135
925514,0.66273135
925515,0.66273135
925516,0.66273135
925517,0.66273135
925518,0.66273135
925519,0.66273135
925520,0.66273135
925521,0.66273135
925522,0.66273135
925523,0.66273135
925524,0.66273135
925525,0.66273135
925526,0.66273135
925527,0.66273135
925528,0.66273135
925529,0.66273135
925530,0.66273135
925531,0.66273135
925532,0.66273135
925533,0.66273135
925534,0.66273135
925535,0.66273135
925536,0.66273135
925537,0.66273135
925538,0.66273135
925539,0.66273135
925540,0.66273135
925541,0.66273135
925542,0.66273135
925543,0.66273135
925544,0.66273135
925545,0.66273135
925546,0.66273135
925547,0.66273135
925548,0.66273135
925549,0.66273135
925550,0.66273135
925551,0.66273135
925552,0.66273135
925553,0.66273135
925554,0.66273135
925555,0.66273135
925556,0.66273135
925557,0.66273135
925558,0.66273135
925559,0.66273135
925560,0.66273135
925561,0.66273135
925562,0.66273135
925563,0.66273135
925564,0.66273135
925565,0.66273135
925566,0.66273135
925567,0.66273135
925568,0.66273135
925569,0.66273135
925570,0.66273135
925571,0.66273135
925572,0.66273135
925573,0.66273135
925574,0.66273135
925575,0.66273135
925576,0.66273135
925577,0.66273135
925578,0.66273135
925579,0.66273135
925580,0.66273135
925581,0.66273135
925582,0.66273135
925583,0.66273135
925584,0.66273135
925585,0.5429094
925586,0.66273135
925587,0.66273135
925588,0.66273135
925589,0.66273135
925590,0.66273135
925591,0.66273135
925730,0.19696201
925731,0.44411567
925732,0.44411567
925733,0.44411567
925734,0.44411567
925738,0.3948486
925739,0.44411567
925740,0.44411567
925741,0.44411567
925742,0.44411567
925743,0.44411567
925744,0.44411567
925745,0.44411567
925746,0.44411567
925755,0.37121215
925756,0.4164856
925757,0.4164856
925758,0.4164856
925759,0.4164856
925774,0.37121215
925775,0.4164856
925776,0.4164856
925777,0.4164856
925778,0.4164856
925785,0.37121215
925786,0.4164856
925787,0.4164856
925788,0.4164856
925789,0.4164856
925790,0.4164856
925791,0.4164856
925792,0.4164856
925793,0.4164856
925794,0.4164856
925795,0.4164856
925796,0.4164856
925797,0.4164856
925799,0.3931311
925800,0.4437288
925801,0.4437288
925987,0.48427212
925988,0.66691005
925989,0.66691005
925990,0.66691005
925991,0.66691005
925992,0.5365866
926021,0.5422854
926022,0.6637233
926023,0.6637233
926024,0.6637233
926028,0.55957437
926029,0.71797067
926030,0.71797067
926031,0.71797067
926032,0.71797067
926033,0.71797067
926034,0.71797067
926035,0.71797067
926036,0.71797067
926037,0.71797067
926038,0.71797067
926039,0.71797067
926040,0.71797067
926041,0.71797067
926042,0.71797067
926043,0.71797067
926044,0.71797067
926048,0.55957437
926049,0.71797067
926050,0.71797067
926051,0.71797067
926052,0.71797067
926053,0.71797067
926054,0.71797067
926055,0.71797067
926056,0.71797067
926057,0.71797067
926058,0.71797067
926059,0.71797067
926060,0.71797067
926061,0.71797067
926062,0.71797067
926063,0.71797067
926064,0.71797067
926065,0.71797067
926066,0.71797067
926067,0.71797067
926068,0.71797067
926069,0.71797067
926070,0.71797067
926071,0.71797067
926076,0.55957437
926077,0.71797067
926078,0.71797067
926079,0.71797067
926080,0.71797067
926433,0.35740307
926434,0.55262125
926450,0.44890833
926451,0.55262125
926452,0.55262125
926453,0.55262125
926454,0.55262125
926455,0.55262125
926456,0.55262125
926457,0.55262125
926458,0.29793152
926459,0.31661817
926485,0.33034635
926565,0.28531173
926570,0.37980592
926719,0.3216097
926720,0.52190083
926835,0.54318255
926836,0.6631713
926837,0.6631713
926838,0.6631713
926839,0.6631713
926840,0.6631713
926841,0.6631713
926842,0.6631713
926843,0.44625753
926844,0.4369725
926845,0.63029647
926846,0.6703216
926847,0.5168434
926848,0.6703216
926849,0.6703216
926850,0.6703216
926851,0.6703216
926852,0.6703216
926853,0.6703216
926854,0.6703216
926855,0.6703216
926856,0.6703216
926857,0.6703216
926859,0.4369725
926860,0.63029647
926861,0.63029647
926877,0.44729194
926878,0.6285644
926879,0.6285644
926880,0.6285644
926881,0.6285644
926882,0.6285644
926883,0.6285644
927140,0.36648074
927141,0.641202
927142,0.641202
927143,0.641202
927149,0.48046514
927150,0.641202
927151,0.641202
927152,0.641202
927153,0.641202
927154,0.641202
927155,0.641202
927156,0.641202
927157,0.641202
927158,0.641202
927159,0.641202
927160,0.641202
927161,0.641202
927162,0.641202
927163,0.641202
927164,0.641202
927165,0.641202
927166,0.641202
927167,0.6452642
927168,0.641202
927169,0.641202
927170,0.641202
927171,0.641202
927172,0.641202
927173,0.641202
927174,0.641202
927175,0.641202
927176,0.641202
927183,0.48046514
927184,0.641202
927185,0.641202
927186,0.641202
927194,0.4535689
927206,0.4535689
927221,0.42129916
927357,0.18410827
927359,0.24726382
927634,0.3932721
927635,0.6221353
927636,0.6221353
927637,0.6221353
927638,0.6221353
927639,0.6221353
927640,0.6221353
927641,0.6221353
927642,0.6221353
927643,0.6221353
927644,0.6221353
927645,0.6221353
927646,0.6221353
927647,0.6221353
927648,0.6221353
927649,0.6221353
927650,0.6221353
927651,0.6221353
927652,0.6221353
927653,0.6221353
927654,0.6221353
927660,0.5715094
927661,0.6511107
927674,0.4823656
927675,0.6511107
927690,0.5291646
927691,0.64858294
927692,0.633279
927693,0.64858294
927694,0.633279
927701,0.56373274
927702,0.633279
927703,0.633279
927704,0.633279
927705,0.633279
927715,0.55553347
927716,0.6602402
927717,0.6602402
927718,0.6602402
927719,0.6602402
927720,0.6602402
927721,0.6602402
927722,0.6602402
927723,0.6602402
927730,0.55553347
927731,0.6602402
927732,0.6602402
927792,0.555825
928335,0.16476871
928336,0.3698311
928337,0.3698311
928360,0.42698297
928361,0.46544856
928362,0.46544856
928382,0.20696157
928388,0.36161384
928389,0.41235366
928390,0.41235366
928391,0.41235366
928392,0.41235366
928393,0.41235366
928394,0.41235366
928395,0.41235366
928396,0.41235366
928397,0.41235366
928398,0.41235366
928399,0.41235366
928400,0.41235366
928401,0.41235366
928637,0.36954877
928638,0.51665205
928639,0.51665205
928640,0.51665205
928641,0.51665205
928642,0.51665205
928646,0.4309848
928647,0.52279216
928648,0.52279216
928649,0.52279216
928650,0.52279216
928651,0.52279216
928854,0.38681483
928855,0.7299219
928856,0.7299219
928857,0.5820007
928863,0.38355243
928864,0.5820007
928865,0.5820007
928866,0.5820007
928867,0.5820007
928868,0.5820007
928869,0.5820007
928870,0.7299219
928871,0.7299219
928872,0.7299219
928873,0.7299219
928874,0.7299219
928875,0.7299219
928876,0.5820007
928877,0.5820007
928878,0.5820007
928879,0.5820007
928880,0.5820007
928881,0.5820007
928882,0.5820007
928883,0.5820007
928884,0.5820007
928885,0.5820007
928886,0.5820007
928887,0.5820007
928888,0.5820007
928889,0.5820007
928890,0.5820007
928891,0.5820007
928892,0.5820007
928893,0.5820007
928894,0.5820007
928900,0.5695532
928901,0.7176288
928902,0.7176288
928903,0.7176288
928904,0.7176288
929010,0.21572651
929434,0.5580868
929435,0.65258914
929436,0.65258914
929437,0.65258914
929438,0.65258914
929446,0.5138187
929447,0.65258914
929448,0.65258914
929449,0.65258914
929450,0.65258914
929451,0.65258914
929452,0.65258914
929453,0.65258914
929454,0.65258914
929455,0.65258914
929456,0.65258914
929457,0.65258914
929458,0.65258914
929459,0.65258914
929460,0.65258914
929461,0.65258914
929462,0.65258914
929463,0.65258914
929464,0.65258914
929465,0.65258914
929466,0.65258914
929467,0.65258914
929468,0.65258914
929469,0.65258914
929470,0.65258914
929709,0.42565578
929710,0.6499125
929719,0.48280564
929720,0.6499125
929721,0.6499125
929722,0.6499125
929723,0.6499125
929724,0.6499125
929725,0.6499125
929726,0.6499125
929727,0.6499125
929728,0.6499125
929729,0.6499125
929730,0.6499125
929731,0.6499125
929732,0.6499125
929733,0.6499125
929734,0.6499125
929745,0.48280564
929746,0.6499125
929747,0.6499125
929748,0.6499125
929749,0.6499125
929750,0.6499125
929751,0.6499125
929752,0.6499125
929753,0.6499125
929754,0.6499125
929755,0.6499125
929756,0.6499125
929757,0.6499125
929758,0.6499125
929759,0.6499125
929760,0.6499125
929773,0.4809752
929774,0.6288135
929775,0.6288135
929776,0.6288135
929777,0.6288135
929778,0.6288135
929779,0.6288135
929780,0.6288135
929781,0.6288135
929788,0.4809752
929789,0.6288135
929790,0.6288135
929791,0.6288135
929792,0.6288135
929793,0.6288135
929794,0.6288135
929805,0.4809752
929806,0.6288135
929807,0.6288135
929808,0.6288135
929809,0.6288135
929810,0.6288135
929811,0.6288135
929812,0.6288135
929818,0.48995942
929819,0.63422847
929820,0.63422847
929821,0.63422847
929825,0.48995942
929826,0.63422847
929827,0.63422847
929828,0.63422847
929829,0.63422847
929830,0.63422847
929831,0.63422847
929845,0.48995942
929846,0.64116657
929847,0.64116657
930095,0.4040355
930096,0.63700116
930097,0.63700116
930098,0.61549896
930099,0.63700116
930100,0.61549896
930101,0.61549896
930102,0.61549896
930103,0.61549896
930104,0.61549896
930105,0.61549896
930110,0.5236525
930111,0.61549896
930112,0.61549896
930113,0.61549896
930114,0.61549896
930115,0.61549896
930116,0.61549896
930117,0.61549896
930118,0.61549896
930119,0.61549896
930120,0.61549896
930121,0.61549896
930122,0.61549896
930123,0.61549896
930124,0.61549896
930125,0.61549896
930126,0.61549896
930127,0.61549896
930128,0.63700116
930129,0.63700116
930130,0.63700116
930131,0.63700116
930132,0.63700116
930133,0.63700116
930134,0.63700116
930135,0.63700116
930136,0.63700116
930137,0.63700116
930138,0.63700116
930139,0.61549896
930140,0.63700116
930141,0.61549896
930142,0.61549896
930143,0.61549896
930144,0.63700116
930152,0.55184454
930153,0.6657376
930154,0.6657376
930155,0.6657376
930156,0.6657376
930157,0.6657376
930158,0.6657376
930159,0.6657376
930184,0.53741366
930197,0.53741366
930213,0.5285794
930251,0.5285794
930270,0.56891376
930271,0.69380367
930388,0.54516405
930389,0.6619454
930390,0.6619454
930391,0.6619454
930392,0.6619454
930393,0.6619454
930394,0.6619454
930395,0.6619454
930396,0.6619454
930397,0.6619454
930398,0.6619454
930399,0.6619454
930400,0.6619454
930401,0.6619454
930402,0.6619454
930403,0.6619454
930404,0.6619454
930405,0.6619454
930406,0.6619454
930407,0.6619454
930414,0.517718
930415,0.6619454
930416,0.6619454
930417,0.6619454
930418,0.6619454
930419,0.6619454
930420,0.6619454
930421,0.6619454
930422,0.6619454
930423,0.6619454
930424,0.6619454
930425,0.6619454
930426,0.6619454
930427,0.6619454
930428,0.6619454
930429,0.6619454
930430,0.6619454
930431,0.6619454
930432,0.6619454
930433,0.6619454
930434,0.6619454
930435,0.6619454
930436,0.6619454
930437,0.6619454
930438,0.6619454
930439,0.6619454
930440,0.6619454
930441,0.6619454
930442,0.6619454
930443,0.6619454
930444,0.6619454
930445,0.6619454
930446,0.6619454
930447,0.6619454
930448,0.6619454
930449,0.6619454
930450,0.6619454
930451,0.6619454
930452,0.6619454
930453,0.6619454
930454,0.6619454
930455,0.6619454
930456,0.6619454
930457,0.6619454
930458,0.6619454
930459,0.6619454
930460,0.6619454
930461,0.6619454
930462,0.6619454
930463,0.6619454
930464,0.6619454
930465,0.6619454
930466,0.6619454
930467,0.6619454
930468,0.6619454
930469,0.6619454
930470,0.6619454
930471,0.6619454
930472,0.6619454
930473,0.6619454
930474,0.6619454
930475,0.6619454
930476,0.6619454
930477,0.6619454
930478,0.6619454
930479,0.6619454
930480,0.6619454
930481,0.6619454
930482,0.6619454
930483,0.6619454
930484,0.6619454
930485,0.6619454
930486,0.6619454
930487,0.6619454
930488,0.6619454
930489,0.6619454
930490,0.6619454
930491,0.6619454
930492,0.6619454
930493,0.6619454
930494,0.6619454
930495,0.6619454
930496,0.6619454
930497,0.6619454
930498,0.6619454
930499,0.6619454
930500,0.6619454
930501,0.6619454
930502,0.6619454
930503,0.6619454
930504,0.6619454
930505,0.6619454
930506,0.6619454
930507,0.6619454
930508,0.6619454
930509,0.6619454
930510,0.6619454
930511,0.6619454
930512,0.6619454
930513,0.6619454
930514,0.6619454
930515,0.6619454
930516,0.6619454
930517,0.6619454
930518,0.6619454
930519,0.6619454
930520,0.6619454
930521,0.6619454
930522,0.6619454
930523,0.6619454
930524,0.6619454
930525,0.6619454
930526,0.6619454
930527,0.6619454
930528,0.6619454
930529,0.6619454
930530,0.6619454
930531,0.6619454
930532,0.6619454
930533,0.6619454
930534,0.6619454
930535,0.6619454
930536,0.6619454
930537,0.6619454
930538,0.6619454
930539,0.6619454
930540,0.6619454
930541,0.6619454
930542,0.6619454
930543,0.6619454
930544,0.6619454
930545,0.6619454
930546,0.6619454
930547,0.6619454
930548,0.6619454
930549,0.6619454
930550,0.6619454
930551,0.6619454
930552,0.6619454
930553,0.6619454
930554,0.6619454
930555,0.6619454
930556,0.6619454
930557,0.6619454
930558,0.6619454
930559,0.6619454
930560,0.6619454
930814,0.3868215
930815,0.6442315
930816,0.6442315
930817,0.6442315
930818,0.6442315
930819,0.6442315
930820,0.6442315
930821,0.6806758
930822,0.6442315
930823,0.6442315
930824,0.6442315
930825,0.6442315
930826,0.6442315
930827,0.6442315
930828,0.6442315
930829,0.6442315
930830,0.6442315
930837,0.5817134
930838,0.6423186
930839,0.6423186
930840,0.6423186
930841,0.6423186
930842,0.6423186
930843,0.6423186
930844,0.6423186
930845,0.6423186
930846,0.6423186
930847,0.6423186
930848,0.6423186
930849,0.6423186
930856,0.58014536
930857,0.65445936
930858,0.65445936
930859,0.65445936
930860,0.65445936
930861,0.65445936
930862,0.65445936
930863,0.65445936
930864,0.65445936
930865,0.65445936
930866,0.65445936
930867,0.65445936
930868,0.65445936
930869,0.65445936
930870,0.65445936
930871,0.65445936
930872,0.65445936
930873,0.65445936
930883,0.58014536
930884,0.65445936
930885,0.65445936
930886,0.65445936
930887,0.65445936
930888,0.65445936
930889,0.65445936
930890,0.65445936
930891,0.65445936
930892,0.65445936
930906,0.58014536
930907,0.65445936
930908,0.65445936
930909,0.65445936
930910,0.65445936
930911,0.65445936
930912,0.65445936
930913,0.65445936
930914,0.65445936
930915,0.65445936
930916,0.65445936
930917,0.65445936
930918,0.65445936
930926,0.57909906
930927,0.6606096
930928,0.6606096
930929,0.6606096
930930,0.6606096
930931,0.6606096
930932,0.6606096
930933,0.6606096
931447,0.44090095
931448,0.5324857
931449,0.5324857
931450,0.5324857
931451,0.5324857
931452,0.5324857
931453,0.5324857
931454,0.5324857
931455,0.5324857
931456,0.5324857
931457,0.5324857
931458,0.5324857
931459,0.5324857
931460,0.5324857
931461,0.5324857
931462,0.5324857
931463,0.5324857
931464,0.5324857
931465,0.5324857
931466,0.5324857
931467,0.5324857
931468,0.5324857
931469,0.5324857
931470,0.5324857
931471,0.5324857
931472,0.5324857
931473,0.5324857
931474,0.5324857
931475,0.5324857
931476,0.5324857
931477,0.5324857
931478,0.5324857
931479,0.5324857
931480,0.5324857
931481,0.5324857
931482,0.5324857
931483,0.5324857
931484,0.5324857
931485,0.5324857
931486,0.5324857
931487,0.5324857
931488,0.5324857
931489,0.5324857
931490,0.5324857
931491,0.5324857
931492,0.5324857
931493,0.5324857
931494,0.5324857
931495,0.5324857
931496,0.5324857
931497,0.5324857
931498,0.5324857
931499,0.5324857
931500,0.5324857
931501,0.5324857
931502,0.5324857
931503,0.5324857
931504,0.5324857
931505,0.5324857
931506,0.5324857
931507,0.5324857
931508,0.5324857
931509,0.5324857
931510,0.5324857
931511,0.5324857
931512,0.5324857
931513,0.5324857
931514,0.3993108
931515,0.3993108
931516,0.3993108
931517,0.3993108
931518,0.3993108
931519,0.3993108
931520,0.3993108
931521,0.3993108
931522,0.3993108
931523,0.3993108
931524,0.3993108
931525,0.3993108
931526,0.3993108
931527,0.3993108
931528,0.3993108
931529,0.3993108
931530,0.3993108
931531,0.3993108
931532,0.3993108
931533,0.5324857
931534,0.5324857
931535,0.5324857
931536,0.5324857
931537,0.3993108
931538,0.5324857
931539,0.5324857
931540,0.5324857
931541,0.5324857
931542,0.5324857
931543,0.5324857
931544,0.5324857
931545,0.5324857
931546,0.5324857
931547,0.5324857
931548,0.5324857
931549,0.5324857
931550,0.5324857
931551,0.5324857
931552,0.5324857
931553,0.5324857
931554,0.5324857
931555,0.5324857
931556,0.5324857
931557,0.5324857
931558,0.5324857
931559,0.5324857
931560,0.5324857
931561,0.5324857
931562,0.5324857
931563,0.5324857
931564,0.5324857
931565,0.5324857
931566,0.5324857
931572,0.35041076
931670,0.29411274
931671,0.53960526
931672,0.53960526
931673,0.53960526
931674,0.53960526
931683,0.43357912
931684,0.53960526
931685,0.53960526
931686,0.53960526
931790,0.40934902
931791,0.6131626
931792,0.6131626
931793,0.6131626
931794,0.6131626
931795,0.6131626
931796,0.6131626
931797,0.7430592
931798,0.7430592
931799,0.7430592
931800,0.6131626
931812,0.41462865
931813,0.7430592
931814,0.7430592
931815,0.7430592
931816,0.7430592
931817,0.7589559
931818,0.7589559
931819,0.7589559
931820,0.7589559
931821,0.57797533
931822,0.57797533
931823,0.57797533
931824,0.57797533
931825,0.57797533
931826,0.7589559
931835,0.6055869
931836,0.7589559
931837,0.7589559
931838,0.7589559
931839,0.7589559
931840,0.7589559
931841,0.7589559
931842,0.7589559
931843,0.7589559
931844,0.7589559
931845,0.7589559
931846,0.7589559
931847,0.7589559
931848,0.7589559
931849,0.7589559
931850,0.7589559
931851,0.7589559
931852,0.7589559
931853,0.7589559
931854,0.7589559
931855,0.7589559
931856,0.7589559
931857,0.7589559
931858,0.7589559
931859,0.7589559
931860,0.7589559
931861,0.7589559
931862,0.7589559
931863,0.7589559
931864,0.7589559
931865,0.7589559
931866,0.7589559
931867,0.7589559
931868,0.7589559
931869,0.7589559
931870,0.7589559
931871,0.7589559
931872,0.7589559
931927,0.31111962
931939,0.31303862
931940,0.44255245
931941,0.28872225
931942,0.44255245
931943,0.44255245
931944,0.28872225
931945,0.44255245
931946,0.44255245
932024,0.17306001
932025,0.32709038
932026,0.32709038
932058,0.27300078
932059,0.35731515
932060,0.35731515
932061,0.35731515
932062,0.35731515
932088,0.27300078
932230,0.34329432
932231,0.53416973
932232,0.35204703
932233,0.53416973
932234,0.53416973
932305,0.3686126
932306,0.49886662
932307,0.49886662
932308,0.49886662
932326,0.41744965
932327,0.5411547
932328,0.5411547
932329,0.5411547
932330,0.5411547
932331,0.5411547
932332,0.5411547
932333,0.5411547
932334,0.5411547
932335,0.5411547
932336,0.5411547
932337,0.5411547
932338,0.5411547
932339,0.5411547
932340,0.5411547
932348,0.41744965
932349,0.5411547
932350,0.5411547
932351,0.5411547
932352,0.5411547
932353,0.5411547
932354,0.5411547
932355,0.5411547
932356,0.5411547
932357,0.5411547
932358,0.5411547
932359,0.5411547
932360,0.5411547
932361,0.5411547
932362,0.5411547
932363,0.5411547
932364,0.5411547
932365,0.5411547
932366,0.5411547
932367,0.5411547
932368,0.5411547
932369,0.5411547
932370,0.5411547
932371,0.5411547
932372,0.5411547
932373,0.5411547
932386,0.41744965
932387,0.5411547
932388,0.5411547
932389,0.5411547
932390,0.5411547
932391,0.5411547
932392,0.5411547
932393,0.5411547
932394,0.5411547
932395,0.70331013
932396,0.70331013
932397,0.5411547
932398,0.70331013
932399,0.70331013
932400,0.5411547
932401,0.70331013
932402,0.70331013
932403,0.70331013
932404,0.70331013
932406,0.5430368
932407,0.6976724
932408,0.58829904
932409,0.58829904
932410,0.58829904
932411,0.58829904
932412,0.58829904
932413,0.58829904
932414,0.58829904
932415,0.58829904
932416,0.58829904
932417,0.58829904
932421,0.5430368
932422,0.6976724
932423,0.6976724
932424,0.6976724
932425,0.58829904
932426,0.58829904
932427,0.58829904
932428,0.58829904
932429,0.58829904
932430,0.58829904
932431,0.58829904
932432,0.58829904
932433,0.58829904
932434,0.58829904
932435,0.58829904
932436,0.58829904
932437,0.58829904
932438,0.58829904
932444,0.5430368
932445,0.6976724
932446,0.6976724
932447,0.6976724
932448,0.6976724
932449,0.6976724
932450,0.6976724
932451,0.6976724
932460,0.40645796
932461,0.5689146
932462,0.5689146
932463,0.5689146
932679,0.45794225
932680,0.6935513
932681,0.6935513
932682,0.6935513
932683,0.52661264
932684,0.6935513
932685,0.6935513
932686,0.6935513
932687,0.6935513
932701,0.53480893
932702,0.673883
932703,0.673883
932704,0.673883
932705,0.673883
932706,0.673883
932713,0.49644396
932714,0.673883
932715,0.673883
932716,0.60439456
932717,0.673883
932718,0.673883
932719,0.673883
932720,0.673883
932721,0.673883
932722,0.673883
932733,0.5230923
932734,0.67880094
932735,0.67880094
932736,0.67880094
932737,0.67880094
932738,0.67880094
932739,0.67880094
932740,0.67880094
932741,0.67880094
932742,0.67880094
932743,0.67880094
932744,0.67880094
932745,0.67880094
932746,0.67880094
932747,0.67880094
932748,0.67880094
932749,0.67880094
932750,0.67880094
932751,0.67880094
932775,0.40101016
932783,0.47889215
933059,0.40720972
933060,0.62370133
933061,0.62370133
933073,0.4868915
933074,0.62370133
933075,0.62370133
933076,0.62370133
933077,0.62370133
933078,0.62370133
933079,0.62370133
933080,0.62370133
933081,0.62370133
933082,0.62370133
933083,0.62370133
933084,0.62370133
933085,0.62370133
933086,0.62370133
933087,0.62370133
933093,0.5117689
933094,0.6602743
933095,0.6602743
933096,0.6602743
933097,0.6602743
933098,0.6602743
933099,0.6602743
933100,0.6602743
933101,0.6602743
933102,0.6602743
933103,0.6602743
933104,0.6602743
933105,0.6602743
933106,0.6602743
933107,0.6602743
933108,0.6602743
933109,0.6602743
933110,0.6602743
933111,0.6602743
933112,0.6602743
933124,0.5117689
933125,0.6602743
933126,0.6602743
933127,0.6602743
933128,0.6602743
933129,0.6602743
933130,0.6602743
933131,0.6602743
933132,0.6602743
933133,0.6602743
933134,0.6602743
933135,0.6602743
933136,0.6602743
933137,0.6602743
933138,0.6602743
933139,0.6602743
933140,0.6602743
933141,0.6602743
933142,0.6602743
933159,0.5117689
933160,0.6602743
933161,0.6602743
933162,0.6602743
933163,0.6602743
933164,0.6602743
933165,0.6602743
933166,0.6602743
933167,0.6602743
933168,0.6602743
933169,0.6602743
933170,0.6602743
933171,0.6602743
933172,0.6602743
933173,0.6602743
933174,0.6602743
933175,0.6602743
933176,0.6602743
933177,0.6602743
933178,0.6602743
933179,0.6602743
933180,0.6602743
933181,0.6602743
933182,0.6602743
933183,0.6602743
933201,0.53272974
933202,0.6818687
933203,0.6818687
933204,0.6818687
933205,0.6818687
933206,0.6818687
933207,0.6818687
933208,0.6818687
933220,0.53272974
933221,0.6818687
933232,0.53272974
933233,0.6818687
933234,0.6818687
933235,0.6818687
933236,0.6818687
933246,0.5082817
933247,0.68108684
933248,0.68108684
933249,0.68108684
933250,0.68108684
933257,0.5082817
933258,0.68108684
933259,0.68108684
933260,0.68108684
933261,0.68108684
933262,0.68108684
933263,0.5082817
933264,0.68108684
933265,0.68108684
933266,0.68108684
933267,0.68108684
933268,0.68108684
933269,0.50120527
933270,0.70486104
933271,0.70486104
933272,0.70486104
933277,0.50120527
933278,0.70486104
933424,0.4391694
933425,0.6450088
933426,0.6450088
933427,0.6450088
933428,0.6450088
933429,0.6450088
933430,0.6450088
933438,0.39819333
933439,0.6450088
933440,0.6450088
933441,0.6450088
933442,0.6450088
933443,0.6450088
933444,0.6450088
933445,0.6450088
933447,0.41609654
933448,0.660221
933476,0.3144137
933647,0.34515578
933648,0.6117176
933649,0.6117176
933650,0.6117176
933654,0.53100866
933655,0.6621792
933659,0.53100866
933660,0.6621792
933661,0.6621792
933662,0.6621792
933717,0.2950514
933718,0.7008448
933719,0.7008448
933726,0.5335971
933727,0.7008448
933728,0.7008448
933729,0.7008448
933730,0.7008448
933731,0.7008448
933733,0.5335971
933734,0.7008448
933818,0.59690654
933819,0.6974056
933820,0.6974056
933821,0.6974056
933822,0.6974056
933823,0.6974056
933824,0.6974056
933825,0.6974056
933844,0.55109614
933845,0.69621855
933846,0.69621855
933847,0.69621855
933848,0.69621855
933849,0.69621855
933850,0.69621855
933851,0.69621855
933852,0.69621855
933853,0.69621855
933854,0.69621855
933855,0.69621855
933856,0.69621855
933857,0.69621855
933858,0.69621855
933859,0.69621855
933860,0.69621855
933861,0.69621855
933862,0.69621855
933863,0.69621855
933864,0.69621855
933865,0.69621855
933866,0.69621855
933867,0.69621855
933868,0.69621855
933869,0.69621855
933870,0.69621855
933871,0.69621855
933872,0.69621855
933873,0.69621855
933874,0.69621855
933875,0.69621855
933876,0.69621855
933877,0.69621855
933878,0.69621855
933916,0.6097422
933917,0.74216384
933918,0.74216384
934109,0.24297762
934305,0.3803113
934323,0.545161
934324,0.67638046
934325,0.67638046
934326,0.67638046
934327,0.67638046
934328,0.67638046
934329,0.67638046
934330,0.67638046
934331,0.67638046
934601,0.23709959
934602,0.4875863
934603,0.4875863
934604,0.4875863
934612,0.45536458
934613,0.4875863
934614,0.4875863
934615,0.4875863
934616,0.4875863
934617,0.4875863
934618,0.4875863
934619,0.4875863
934620,0.4875863
934621,0.4875863
934781,0.34104297
934782,0.5475589
934783,0.5475589
934791,0.42477852
934792,0.5475589
934849,0.55806875
934850,0.7002406
934851,0.7002406
934852,0.7002406
934853,0.7002406
934854,0.7002406
934855,0.7002406
934856,0.7002406
934857,0.7002406
934858,0.5037108
934859,0.7002406
934860,0.7002406
934861,0.7002406
934862,0.49477404
934912,0.64357245
934913,0.7589559
934914,0.7589559
934915,0.7589559
934916,0.7589559
934917,0.7589559
934918,0.7589559
934919,0.7589559
934920,0.7589559
934921,0.7589559
934922,0.7502394
934923,0.7502394
935254,0.36332613
935255,0.64231664
935264,0.45560053
935265,0.64231664
935266,0.64231664
935269,0.4534931
935270,0.61458874
935271,0.61458874
935272,0.61458874
935273,0.61458874
935274,0.61458874
935275,0.61458874
935276,0.61458874
935278,0.4534931
935279,0.45536458
935280,0.60049105
935281,0.60049105
935294,0.45942932
935295,0.60049105
935296,0.60049105
935297,0.60049105
935298,0.60049105
935299,0.60049105
935300,0.60049105
935301,0.60049105
935302,0.60049105
935303,0.60049105
935304,0.60049105
935305,0.60049105
935306,0.60049105
935307,0.60049105
935308,0.60049105
935309,0.60049105
935310,0.60049105
935311,0.60049105
935312,0.60049105
935313,0.60049105
935314,0.60049105
935315,0.60049105
935316,0.60049105
935317,0.60049105
935318,0.60049105
935319,0.60049105
935320,0.60049105
935321,0.60049105
935335,0.3666883
935336,0.4860565
935337,0.4860565
935338,0.4860565
935339,0.6179812
935340,0.6179812
935341,0.6179812
935342,0.6179812
935343,0.6179812
935344,0.6179812
935345,0.6179812
935359,0.48636395
935360,0.6179812
935361,0.6179812
935362,0.6179812
935363,0.6179812
935364,0.6179812
935365,0.6179812
935366,0.6179812
935367,0.6179812
935368,0.6179812
935369,0.6179812
935370,0.4860565
935371,0.6179812
935372,0.4860565
935373,0.4860565
935374,0.4860565
935375,0.6179812
935376,0.4860565
935377,0.4860565
935378,0.4860565
935379,0.4860565
935380,0.6179812
935381,0.6179812
935382,0.6179812
935383,0.4860565
935396,0.48636395
935397,0.6179812
935398,0.6179812
935399,0.6179812
935400,0.6179812
935401,0.6179812
935402,0.6179812
935403,0.6179812
935404,0.6179812
935405,0.6179812
935406,0.6179812
935407,0.6179812
935408,0.6179812
935409,0.6179812
935448,0.56533813
935449,0.69250476
935450,0.69250476
935451,0.69250476
935461,0.56533813
935761,0.4332751
935762,0.67109
935763,0.67109
935764,0.67109
935765,0.67109
935766,0.67109
935767,0.67109
935768,0.67109
935769,0.67109
935775,0.5171541
935776,0.67109
935777,0.67109
935778,0.67109
935779,0.67109
935780,0.67109
935781,0.67109
935782,0.67109
935783,0.67109
935784,0.67109
935785,0.67109
935786,0.67109
935787,0.67109
935788,0.67109
935789,0.67109
935790,0.67109
935798,0.5171541
935799,0.67109
935800,0.67109
935801,0.67109
935802,0.67109
935809,0.54311985
935810,0.6862786
935811,0.6862786
935812,0.6862786
935813,0.6862786
935814,0.6862786
935815,0.6862786
935834,0.54311985
935835,0.6862786
935836,0.6862786
935837,0.6862786
935838,0.6862786
935839,0.6862786
935840,0.6862786
935863,0.5975844
935864,0.75397295
935865,0.75397295
935866,0.75397295
935867,0.75397295
935868,0.75397295
936010,0.4162339
936011,0.69436795
936012,0.69436795
936013,0.69436795
936014,0.69436795
936015,0.69436795
936016,0.69436795
936017,0.69436795
936030,0.48838833
936031,0.69436795
936032,0.69436795
936033,0.69436795
936034,0.69436795
936035,0.69436795
936036,0.69436795
936037,0.69436795
936038,0.69436795
936039,0.69436795
936101,0.56793076
936102,0.66879475
936103,0.66879475
936104,0.66879475
936110,0.5989602
936111,0.73882586
936112,0.73882586
936113,0.73882586
936114,0.73882586
936115,0.73882586
936116,0.73882586
936117,0.73882586
936121,0.5989602
936122,0.73882586
936123,0.73882586
936124,0.73882586
936125,0.73882586
936126,0.73882586
936127,0.73882586
936128,0.73882586
936129,0.73882586
936130,0.73882586
936131,0.73882586
936132,0.73882586
936133,0.73882586
936134,0.73882586
936135,0.5989602
936136,0.73882586
936137,0.73882586
936138,0.73882586
936139,0.73882586
936140,0.73882586
936141,0.73882586
936142,0.73882586
936143,0.73882586
936144,0.73882586
936145,0.73882586
936149,0.6333165
936150,0.7582722
936151,0.7582722
936152,0.7582722
936153,0.7582722
936154,0.7582722
936155,0.7582722
936156,0.7582722
936157,0.7582722
936158,0.7582722
936169,0.6333165
936170,0.7582722
936171,0.7582722
936172,0.7582722
936173,0.7582722
936174,0.7582722
936175,0.7582722
936176,0.7582722
936177,0.7582722
936178,0.7582722
936179,0.7582722
936180,0.7582722
936185,0.57685643
936186,0.69265145
936187,0.69265145
936188,0.69265145
936189,0.7582722
936190,0.7582722
936191,0.7582722
936192,0.7582722
936195,0.32459036
936196,0.49287057
936197,0.59076774
936254,0.29487666
936255,0.58340937
936256,0.58340937
936257,0.5895642
936258,0.58340937
936302,0.5076453
936303,0.62662446
936304,0.62662446
936305,0.62662446
936306,0.62662446
936307,0.47952175
936308,0.62662446
936309,0.62662446
936310,0.62662446
936348,0.56149316
936349,0.6748585
936350,0.6748585
936351,0.6316422
936352,0.6748585
936372,0.5175029
936805,0.11940486
937160,0.52374655
937161,0.53824764
937162,0.53824764
937410,0.556903
937411,0.6996017
937412,0.6996017
937413,0.6996017
937415,0.5939655
937416,0.7502394
937417,0.7502394
937418,0.7502394
937419,0.7502394
937433,0.5939655
937434,0.7502394
937435,0.7502394
937436,0.7502394
937437,0.7502394
937438,0.7502394
937439,0.7502394
937440,0.7502394
937441,0.7502394
937442,0.7502394
937443,0.7502394
937444,0.7502394
937445,0.7502394
937446,0.7502394
937447,0.7502394
937448,0.7502394
937449,0.7502394
937450,0.7502394
937451,0.7502394
937452,0.7502394
937453,0.7502394
937454,0.7502394
937455,0.7502394
937456,0.7502394
937457,0.7502394
937471,0.5939655
937472,0.7502394
937473,0.7502394
937474,0.7502394
937475,0.7502394
937681,0.36036986
937682,0.64231664
937683,0.64231664
937684,0.64231664
937685,0.64231664
937686,0.64231664
937687,0.4534931
937688,0.61458874
937689,0.61458874
937767,0.4494589
937768,0.6179812
937769,0.6179812
937770,0.6179812
937771,0.6179812
937772,0.6179812
937773,0.6179812
937774,0.6179812
937775,0.6179812
937789,0.56533813
937790,0.69250476
937791,0.69250476
937792,0.69250476
937793,0.69250476
937794,0.69250476
937795,0.69250476
937796,0.69250476
937797,0.69250476
937798,0.69250476
937799,0.69250476
937800,0.69250476
937801,0.69250476
937802,0.69250476
937803,0.69250476
937804,0.69250476
937851,0.56533813
937852,0.69250476
937853,0.69250476
937854,0.69250476
937855,0.69250476
937856,0.69250476
937857,0.69250476
937858,0.69250476
937859,0.69250476
937885,0.56533813
937886,0.69250476
937887,0.69250476
937888,0.69250476
937889,0.69250476
937890,0.69250476
937891,0.69250476
937892,0.69250476
937893,0.69250476
937894,0.69250476
937895,0.69250476
937896,0.69250476
937897,0.69250476
937898,0.69250476
937904,0.5299584
937905,0.6867531
937906,0.6867531
937907,0.6867531
937908,0.6867531
937909,0.6867531
937910,0.6867531
937915,0.5299584
937916,0.6867531
937917,0.6867531
937918,0.6867531
937924,0.5299584
937925,0.6867531
937926,0.6867531
937927,0.6867531
937928,0.6867531
937929,0.6867531
937938,0.41210765
937939,0.5978639
938014,0.22107986
938072,0.0972843
938083,0.11034306
938084,0.22872728
938085,0.22872728
938086,0.22872728
938087,0.22872728
938088,0.22872728
938089,0.22872728
938090,0.16147904
938091,0.16147904
938092,0.16147904
938093,0.16147904
938094,0.16147904
938097,0.11034306
938144,0.562494
938145,0.6745841
938146,0.58284
938162,0.5240809
938163,0.6745841
938164,0.6745841
938165,0.6745841
938167,0.51116234
938168,0.6672434
938169,0.6672434
938170,0.6672434
938171,0.6672434
938172,0.6672434
938182,0.51116234
938596,0.5876227
938597,0.66879475
938598,0.66879475
938599,0.66879475
938600,0.66879475
938601,0.66879475
938602,0.66879475
938603,0.66879475
938604,0.66879475
938605,0.66879475
938606,0.66879475
938607,0.66879475
938608,0.66879475
938614,0.5989602
938615,0.73882586
938616,0.73882586
938617,0.73882586
938618,0.73882586
938619,0.73882586
938620,0.73882586
938621,0.73882586
938622,0.73882586
938623,0.73882586
938624,0.73882586
938625,0.73882586
938626,0.73882586
938627,0.73882586
938628,0.73882586
938629,0.73882586
938630,0.5989602
938631,0.73882586
938632,0.73882586
938633,0.73882586
938634,0.73882586
938635,0.73882586
938636,0.73882586
938637,0.73882586
938638,0.73882586
938639,0.73882586
938640,0.5989602
938641,0.73882586
938642,0.73882586
938643,0.73882586
938644,0.73882586
938645,0.73882586
938646,0.73882586
938647,0.73882586
938648,0.73882586
938649,0.73882586
938650,0.73882586
938651,0.73882586
938652,0.73882586
938653,0.73882586
938654,0.73882586
938655,0.73882586
938656,0.73882586
938657,0.73882586
938658,0.73882586
938659,0.73882586
938664,0.6333165
938665,0.7582722
938666,0.7582722
938667,0.7582722
938668,0.7582722
938669,0.7582722
938670,0.7582722
938671,0.7582722
938672,0.7582722
938673,0.7582722
938674,0.7582722
938679,0.40337667
938680,0.69265145
938681,0.69265145
938682,0.69265145
938683,0.69265145
938684,0.69265145
938685,0.69265145
938686,0.69265145
938687,0.69265145
938690,0.57685643
938691,0.69265145
938692,0.69265145
938693,0.69265145
938694,0.69265145
938695,0.69265145
938696,0.69265145
938697,0.69265145
938698,0.69265145
938699,0.69265145
938700,0.69265145
938701,0.69265145
938777,0.16549799
938849,0.44388562
938850,0.5895642
938851,0.5895642
938852,0.5895642
938937,0.58916867
938938,0.67486954
938939,0.67486954
938940,0.67486954
938941,0.67486954
938947,0.5181662
938948,0.67486954
938949,0.67486954
938950,0.67486954
938951,0.67486954
938952,0.67486954
939128,0.12611422
939749,0.514773
939750,0.74917173
939751,0.74917173
939752,0.22024956
939753,0.32022336
939754,0.32022336
939755,0.32022336
939756,0.22024956
940081,0.34088466
940082,0.7572059
940127,0.47143295
940441,0.3189564
940442,0.32168263
940443,0.53824764
940444,0.53824764
940445,0.53824764
940455,0.40708917
940456,0.53824764
940495,0.5509618
940496,0.55470705
940500,0.35895938
940501,0.6985283
940502,0.6985283
940503,0.6985283
940504,0.6985283
940505,0.58043766
940509,0.53861564
940510,0.6985283
940511,0.6985283
940512,0.6985283
940513,0.6985283
940514,0.6985283
940515,0.6985283
940516,0.6985283
940517,0.53861564
940518,0.6985283
940519,0.6985283
940520,0.6985283
940521,0.6985283
940522,0.5194753
940523,0.6861028
940524,0.6861028
940525,0.6861028
940526,0.6861028
940527,0.6861028
940529,0.5194753
940530,0.6861028
940531,0.6861028
940532,0.6861028
940533,0.6861028
940534,0.6861028
940702,0.52909416
940703,0.6817788
940704,0.6817788
940705,0.6817788
940706,0.6817788
940707,0.6817788
940708,0.6817788
940709,0.6817788
940710,0.6817788
940711,0.6817788
940712,0.6817788
940713,0.6817788
940714,0.6817788
940722,0.57369417
940723,0.7342795
940724,0.7342795
940725,0.7342795
940726,0.7342795
940727,0.7342795
940728,0.7342795
940729,0.7342795
940730,0.7342795
940731,0.7342795
940732,0.7342795
940733,0.7342795
940734,0.7342795
940735,0.7342795
940736,0.7342795
940749,0.57369417
940750,0.7342795
940751,0.7342795
940752,0.7342795
940753,0.7342795
940754,0.7342795
940769,0.57369417
940770,0.7342795
940771,0.7342795
940772,0.7342795
940773,0.7342795
940774,0.7342795
940775,0.7342795
940848,0.1687807
940849,0.32439223
940850,0.32439223
940851,0.32439223
940852,0.32439223
940853,0.32439223
940854,0.32439223
940855,0.32439223
940856,0.32439223
940857,0.32439223
940858,0.20526622
940859,0.32439223
940860,0.32439223
940861,0.32439223
940862,0.20526622
940863,0.32439223
940864,0.32439223
941020,0.34177607
941021,0.61458874
941022,0.507336
941023,0.507336
941024,0.507336
941025,0.507336
941032,0.3523673
941033,0.507336
941066,0.30896285
941096,0.48636395
941097,0.6179812
941098,0.6179812
941099,0.6179812
941100,0.6179812
941101,0.6179812
941102,0.6179812
941103,0.6179812
941104,0.6179812
941105,0.6179812
941106,0.6179812
941107,0.6179812
941108,0.6179812
941109,0.6179812
941110,0.6179812
941128,0.56533813
941129,0.69250476
941130,0.69250476
941131,0.69250476
941132,0.56533813
941133,0.69250476
941134,0.69250476
941135,0.69250476
941136,0.56533813
941137,0.69250476
941138,0.5299584
941139,0.6867531
941140,0.6867531
941141,0.6867531
941142,0.6867531
941143,0.6867531
941144,0.6867531
941145,0.6867531
941146,0.6867531
941147,0.6867531
941148,0.6867531
941149,0.6867531
941150,0.5299584
941151,0.6867531
941152,0.6867531
941153,0.6867531
941154,0.6867531
941155,0.6867531
941166,0.5299584
941167,0.6867531
941168,0.6867531
941169,0.6867531
941170,0.6867531
941171,0.6867531
941172,0.6867531
941173,0.6867531
941174,0.6867531
941175,0.6867531
941443,0.4246016
941444,0.6745841
941445,0.6745841
941448,0.5240809
941449,0.6745841
941450,0.6745841
941451,0.6745841
941452,0.6745841
941453,0.6745841
941454,0.6745841
941455,0.6745841
941456,0.6745841
941457,0.6745841
941458,0.6745841
941459,0.6745841
941460,0.6745841
941461,0.6745841
941462,0.6745841
941463,0.6745841
941464,0.6745841
941465,0.6745841
941466,0.6745841
941467,0.6745841
941468,0.5240809
941469,0.6745841
941470,0.6745841
941554,0.5010423
941555,0.67109
941556,0.67109
941557,0.67109
941558,0.67109
941559,0.67109
941560,0.67109
941561,0.67109
941562,0.67109
941563,0.67109
941564,0.67109
941565,0.67109
941566,0.67109
941567,0.67109
941568,0.67109
941569,0.67109
941580,0.5171541
941581,0.67109
941582,0.67109
941583,0.67109
941584,0.67109
941585,0.67109
941586,0.67109
941587,0.67109
941588,0.67109
941607,0.60193384
941608,0.6216579
941609,0.75397295
941610,0.75397295
941611,0.75397295
941612,0.75397295
941613,0.75397295
941869,0.42038694
941928,0.5295801
941929,0.66879475
941930,0.66352046
941953,0.5207769
941954,0.66352046
941955,0.66352046
941956,0.66352046
941957,0.66352046
941958,0.66352046
941959,0.66352046
941960,0.66352046
941961,0.66352046
941962,0.66352046
942218,0.3265282
942219,0.6155454
942220,0.6155454
942221,0.6155454
942222,0.6667938
942533,0.4508298
942534,0.6755534
942543,0.59893954
942544,0.6755534
942545,0.6755534
942546,0.6755534
942552,0.59893954
942663,0.3053313
942664,0.6203894
942665,0.6203894
942666,0.6203894
942667,0.6203894
942668,0.6203894
942669,0.6203894
942670,0.6203894
942671,0.6203894
942672,0.6203894
942673,0.6203894
942674,0.6203894
942675,0.6203894
942676,0.6203894
942677,0.6203894
942678,0.6203894
942679,0.6203894
942680,0.6203894
942681,0.6203894
942682,0.6203894
942683,0.6203894
942684,0.6203894
942685,0.6095366
942686,0.6203894
942687,0.6203894
942688,0.6203894
942689,0.6203894
942690,0.6203894
942691,0.6203894
942692,0.6203894
942693,0.6203894
942694,0.6203894
942695,0.6203894
942696,0.6203894
942697,0.6203894
942698,0.6203894
942699,0.6203894
942700,0.6203894
942701,0.6203894
942702,0.6203894
942703,0.6203894
942704,0.6203894
942705,0.6203894
942706,0.6203894
942707,0.6203894
942708,0.6203894
942715,0.5303498
942716,0.6095366
942717,0.6095366
942718,0.6095366
942719,0.6095366
942720,0.6095366
942721,0.6095366
942722,0.6095366
942723,0.6095366
942724,0.6095366
942725,0.6095366
942726,0.6095366
942727,0.6095366
942728,0.6095366
942729,0.6095366
942730,0.6203894
942731,0.6203894
942732,0.6203894
942733,0.6203894
942734,0.6095366
942735,0.6095366
942744,0.5287452
942745,0.62213534
942746,0.62213534
942747,0.62213534
942748,0.62213534
942749,0.62213534
942750,0.62213534
942751,0.5938666
942752,0.62213534
942753,0.62213534
942764,0.5287452
942765,0.62213534
942766,0.62213534
942767,0.62213534
942768,0.62213534
942769,0.62213534
942779,0.5287452
942867,0.5826452
942882,0.53570676
942883,0.6531627
942884,0.6531627
942885,0.6531627
942886,0.6531627
942887,0.6531627
942888,0.6531627
942889,0.6531627
942890,0.6531627
942891,0.6531627
942892,0.6531627
942893,0.6531627
942894,0.6531627
942895,0.6531627
942896,0.6531627
942897,0.6531627
942898,0.6531627
942899,0.6531627
942965,0.4408131
943060,0.21491519
943061,0.2918822
943062,0.2918822
943063,0.2918822
943064,0.2918822
943065,0.2918822
943066,0.2918822
943067,0.2918822
943068,0.2918822
943069,0.2918822
943070,0.2918822
943314,0.17916682
943335,0.3854106
943336,0.4308176
943337,0.4308176
943347,0.27701616
943348,0.44301137
943349,0.44301137
943350,0.44301137
943351,0.44301137
943352,0.44301137
943353,0.44301137
943354,0.44301137
943355,0.44301137
943356,0.44301137
943357,0.44301137
943358,0.44301137
943520,0.13237558
943521,0.4816825
943522,0.4816825
943523,0.4816825
943524,0.4816825
943525,0.4816825
943535,0.47809806
943536,0.5126204
943537,0.5126204
943538,0.5126204
943553,0.47809806
943554,0.5126204
943555,0.5126204
943556,0.5126204
943557,0.5126204
943558,0.5126204
943563,0.47809806
943564,0.5126204
943565,0.32239774
943566,0.5075689
943567,0.5075689
943568,0.5075689
943569,0.5075689
943573,0.32239774
943574,0.5075689
943575,0.5075689
943576,0.5075689
943577,0.5075689
943583,0.32239774
943584,0.5075689
943585,0.5075689
943741,0.383289
943742,0.664238
943743,0.664238
943744,0.664238
943764,0.5099892
943765,0.664238
943766,0.664238
943767,0.664238
943768,0.664238
943769,0.664238
943770,0.664238
943823,0.55433
943824,0.69684166
943825,0.69684166
943826,0.69684166
943827,0.69684166
943828,0.69684166
943829,0.69684166
943853,0.5062502
943854,0.6680999
943918,0.4596336
944076,0.5369225
944086,0.36469007
944141,0.09028497
944142,0.17122345
944143,0.17122345
944310,0.35123122
944311,0.6024875
944312,0.6024875
944313,0.6024875
944314,0.4927107
944317,0.44643214
944318,0.6024875
944319,0.4927107
944320,0.6024875
944321,0.6024875
944322,0.4927107
944323,0.6024875
944324,0.6024875
944325,0.6024875
944326,0.6024875
944327,0.4927107
944328,0.6024875
944330,0.44643214
944331,0.6024875
944332,0.6024875
944333,0.6024875
944334,0.6024875
944335,0.6024875
944349,0.42434448
944350,0.53854847
944351,0.53854847
944368,0.45024765
944369,0.55920064
944370,0.55920064
944371,0.55920064
944372,0.55920064
944386,0.45024765
944387,0.55920064
944388,0.55920064
944389,0.55920064
944390,0.55920064
944391,0.55920064
944392,0.55920064
944393,0.55920064
944394,0.55920064
944411,0.45024765
944412,0.55920064
944413,0.55920064
944414,0.55920064
944415,0.55920064
944416,0.55920064
944417,0.55920064
944418,0.55920064
944419,0.55920064
944420,0.55920064
944421,0.55920064
944422,0.55920064
944423,0.55920064
944436,0.48032746
944437,0.5803602
944438,0.5803602
944439,0.5803602
944440,0.5803602
944441,0.5803602
944442,0.5803602
944443,0.5803602
944444,0.5803602
944445,0.5803602
944455,0.48032746
944456,0.5803602
944457,0.5803602
944458,0.5803602
944459,0.5803602
944460,0.5803602
944461,0.5803602
944462,0.5803602
944463,0.5803602
944464,0.5803602
944465,0.5803602
944466,0.5803602
944467,0.5803602
944468,0.5803602
944469,0.5803602
944470,0.5803602
944471,0.5803602
944487,0.48032746
944488,0.5803602
944519,0.55938894
944520,0.65816313
944521,0.65816313
944522,0.65816313
944534,0.55938894
944535,0.65816313
944575,0.13802901
944576,0.20172158
944577,0.20172158
944578,0.28657535
944790,0.29507816
944791,0.5990011
944815,0.4507334
944816,0.5990011
944817,0.5990011
944818,0.5990011
944819,0.5990011
944820,0.5990011
944821,0.5990011
944822,0.5990011
944823,0.5990011
944824,0.5990011
944825,0.5990011
944826,0.5990011
944827,0.5990011
944828,0.5990011
944829,0.5990011
944830,0.5990011
944831,0.5990011
944890,0.46756312
944891,0.6346397
944892,0.6346397
944893,0.6346397
944894,0.6346397
944895,0.6346397
944896,0.6346397
944897,0.6346397
944898,0.6346397
944899,0.6346397
944900,0.6346397
944901,0.6346397
944902,0.6346397
944903,0.6346397
944904,0.6346397
944915,0.6229984
944916,0.74954706
944917,0.74954706
945300,0.4494679
945540,0.34950295
945542,0.46901956
945543,0.5806862
945627,0.5607472
945628,0.6657764
945629,0.6657764
945644,0.52079904
945645,0.6657764
945646,0.6657764
945647,0.6657764
945648,0.6657764
945649,0.6657764
945650,0.6657764
945651,0.6657764
945652,0.6657764
945653,0.6657764
945654,0.6657764
945659,0.51638
945660,0.6667938
945661,0.6667938
945662,0.6667938
945663,0.6667938
945664,0.6667938
945665,0.6667938
945669,0.51638
945670,0.6667938
945671,0.6667938
945672,0.6667938
945677,0.51638
945678,0.6667938
945683,0.5244149
945684,0.7163615
945685,0.67319155
945686,0.67319155
945687,0.67319155
945688,0.67319155
945689,0.67319155
945978,0.09048896
946133,0.30359527
946134,0.44102713
946135,0.44102713
946136,0.44102713
946137,0.44102713
946138,0.44102713
946139,0.44102713
946140,0.44102713
946141,0.36953783
946142,0.44102713
946143,0.44102713
946144,0.44102713
946145,0.44102713
946146,0.44102713
946191,0.55122757
946192,0.6095366
946193,0.6095366
946194,0.6095366
946195,0.6095366
946196,0.6095366
946197,0.6095366
946202,0.5287452
946203,0.62213534
946204,0.62213534
946205,0.62213534
946206,0.62213534
946207,0.62213534
946208,0.62213534
946209,0.62213534
946210,0.5287452
946211,0.62213534
946212,0.62213534
946213,0.62213534
946214,0.62213534
946215,0.62213534
946216,0.62213534
946217,0.62213534
946218,0.62213534
946219,0.62213534
946220,0.62213534
946221,0.62213534
946222,0.62213534
946226,0.5287452
946227,0.62213534
946228,0.62213534
946229,0.62213534
946230,0.62213534
946231,0.62213534
946232,0.62213534
946233,0.62213534
946248,0.49739167
946249,0.62517637
946250,0.62517637
946251,0.62517637
946252,0.62517637
946253,0.62517637
946322,0.47588697
946323,0.63742447
946324,0.63742447
946325,0.63742447
946337,0.5580729
946338,0.6759694
946351,0.48276514
946750,0.24932922
946751,0.32087308
946752,0.32087308
946753,0.32087308
946754,0.32087308
946755,0.32087308
946773,0.28519723
946774,0.31838852
946886,0.15431519
946892,0.24915197
946893,0.28317547
946899,0.24915197
946900,0.28317547
946901,0.28317547
946902,0.28317547
946906,0.24915197
946907,0.28317547
946908,0.28317547
946909,0.28317547
946910,0.28317547
946917,0.30683067
946918,0.32757732
946919,0.32757732
946920,0.32757732
946921,0.32757732
946931,0.30683067
946932,0.32757732
946933,0.32757732
946934,0.32757732
946935,0.32757732
946936,0.32757732
946937,0.32757732
946938,0.32757732
946939,0.32757732
946940,0.32757732
946954,0.30683067
946987,0.1114704
947100,0.2419958
947101,0.55273116
947102,0.55273116
947103,0.55273116
947104,0.55273116
947111,0.41140997
947112,0.5784891
947113,0.5784891
947114,0.5784891
947115,0.5784891
947116,0.5784891
947117,0.5784891
947118,0.5784891
947119,0.5784891
947120,0.5784891
947121,0.5784891
947122,0.5784891
947123,0.5784891
947124,0.5784891
947125,0.5784891
947126,0.5784891
947133,0.543935
947134,0.69684166
947135,0.69684166
947136,0.69684166
947137,0.5784891
947138,0.5784891
947139,0.5784891
947140,0.5784891
947141,0.69684166
947142,0.5784891
947147,0.543935
947148,0.69684166
947149,0.69684166
947150,0.69684166
947151,0.69684166
947152,0.69684166
947153,0.69684166
947154,0.69684166
947163,0.5062502
947164,0.6680999
947165,0.6680999
947166,0.6680999
947167,0.6680999
947168,0.6680999
947169,0.6680999
947170,0.6680999
947185,0.5062502
947186,0.6680999
947187,0.6680999
947188,0.6680999
947189,0.6680999
947190,0.6680999
947191,0.6680999
947192,0.6680999
947200,0.5115218
947201,0.68634135
947202,0.68634135
947215,0.4701954
947216,0.6688646
947217,0.6688646
947218,0.6688646
947219,0.6688646
947220,0.6688646
947221,0.6688646
947222,0.6688646
947223,0.6688646
947224,0.6688646
947225,0.6688646
947510,0.28521585
947511,0.5443563
947512,0.5443563
947513,0.5443563
947514,0.5443563
947515,0.6331796
947516,0.4489063
947517,0.6331796
947518,0.6331796
947519,0.6331796
947520,0.6331796
947521,0.6331796
947522,0.5443563
947523,0.5443563
947524,0.5443563
947525,0.5443563
947526,0.5443563
947527,0.5443563
947528,0.4468044
947529,0.60517865
947530,0.60517865
947531,0.60517865
947532,0.60517865
947533,0.60517865
947534,0.60517865
947535,0.60517865
947536,0.60517865
947537,0.60517865
947540,0.4468044
947541,0.60517865
947542,0.60517865
947543,0.60517865
947544,0.60517865
947545,0.60517865
947552,0.4468044
947553,0.60517865
947554,0.60517865
947555,0.60517865
947556,0.60517865
947557,0.60517865
947558,0.60517865
947559,0.60517865
947560,0.60517865
947561,0.60517865
947562,0.60517865
947877,0.45625755
947878,0.70637876
947879,0.70637876
947880,0.70637876
947881,0.70637876
947882,0.70637876
947883,0.70637876
947884,0.70637876
947885,0.70637876
947886,0.70637876
947887,0.70637876
947888,0.70637876
947889,0.70637876
947890,0.70637876
947892,0.55288005
947893,0.70637876
948012,0.54978377
948013,0.7443169
948022,0.6338891
948023,0.7443169
948024,0.7443169
948025,0.7443169
948026,0.7443169
948027,0.7443169
948309,0.40918753
948310,0.5818184
948311,0.5818184
948312,0.5818184
948334,0.38653198
948424,0.3330456
948425,0.6728547
948435,0.37129107
948436,0.6728547
948437,0.6728547
948438,0.33675194
948718,0.32031405
948719,0.63345414
948720,0.63345414
948721,0.63345414
948722,0.63345414
948723,0.63345414
948724,0.63345414
948725,0.63345414
948726,0.63345414
948727,0.63345414
948728,0.63345414
948729,0.63345414
948730,0.63345414
948731,0.63345414
948732,0.63345414
948733,0.5443252
948741,0.49952045
948742,0.64572984
948743,0.64572984
948744,0.64572984
948745,0.64572984
948746,0.64572984
948747,0.64572984
948748,0.64572984
948749,0.64572984
948756,0.5427272
948780,0.52563494
948781,0.66153055
948782,0.66153055
948783,0.66153055
948796,0.5685345
948797,0.66153055
948798,0.66153055
948799,0.66153055
948800,0.66153055
949426,0.5700879
949427,0.65438694
949439,0.4824611
949440,0.67195016
949441,0.67195016
949442,0.67195016
949443,0.67195016
949444,0.67195016
949445,0.67195016
949446,0.67195016
949447,0.67195016
949448,0.67195016
949449,0.56574905
949469,0.29040238
949470,0.3641727
949471,0.38680068
949500,0.2336889
949501,0.4309363
949502,0.4309363
949503,0.4309363
949504,0.4309363
949505,0.4309363
949506,0.4309363
949507,0.4309363
949623,0.4063414
949624,0.56970334
949625,0.56970334
949626,0.56970334
949627,0.56970334
949628,0.56970334
949638,0.41944575
949639,0.56970334
949640,0.56970334
949641,0.56970334
949642,0.56970334
949643,0.56970334
949644,0.56970334
949645,0.56970334
949646,0.56970334
949647,0.56970334
949648,0.56970334
949649,0.56970334
949650,0.56970334
949651,0.56970334
949652,0.56970334
949653,0.56970334
949654,0.56970334
949655,0.56970334
949659,0.4489063
949660,0.6331796
949661,0.6331796
949662,0.6331796
949663,0.6331796
949664,0.6331796
949665,0.6331796
949666,0.6331796
949667,0.6331796
949668,0.6331796
949669,0.6331796
949670,0.6331796
949672,0.4489063
949673,0.6331796
949674,0.6331796
949675,0.6331796
949676,0.6331796
949677,0.6331796
949678,0.6331796
949679,0.6331796
949680,0.4489063
949681,0.6331796
949682,0.6331796
949683,0.6331796
949684,0.6331796
949685,0.6331796
949686,0.6331796
949687,0.6331796
949688,0.6331796
949689,0.6331796
949690,0.6331796
949691,0.4468044
949692,0.60517865
949693,0.60517865
949694,0.60517865
949695,0.43589014
949696,0.60517865
949697,0.60517865
949698,0.60517865
949699,0.60517865
949700,0.60517865
949701,0.60517865
949759,0.52609044
949760,0.6761068
949761,0.6761068
949762,0.6761068
949763,0.6761068
950010,0.23207672
950011,0.4832586
950012,0.4832586
950084,0.5250095
950112,0.54954404
950113,0.6780822
950114,0.6780822
950115,0.6780822
950116,0.6780822
950117,0.6780822
950118,0.6780822
950119,0.6780822
950125,0.5152284
950126,0.6780822
950130,0.5074542
950167,0.52917045
950168,0.6533642
950169,0.6533642
950170,0.6533642
950171,0.6533642
950172,0.6533642
950179,0.4973037
950180,0.6533642
950181,0.6533642
950182,0.6533642
950183,0.6533642
950190,0.51786643
950191,0.6689508
950192,0.6689508
950193,0.6689508
950194,0.6689508
950195,0.6689508
950196,0.6689508
950197,0.6689508
950198,0.6689508
950199,0.6689508
950200,0.6689508
950201,0.6689508
950202,0.6689508
950203,0.6689508
950204,0.6689508
950205,0.51786643
950206,0.6689508
950207,0.6689508
950208,0.6689508
950209,0.6689508
950210,0.6689508
950217,0.51786643
950218,0.6689508
950219,0.6689508
950220,0.6689508
950221,0.6689508
950222,0.6689508
950223,0.6689508
950224,0.6689508
950225,0.6689508
950226,0.6689508
950283,0.6007454
950284,0.7453327
950285,0.7453327
950331,0.6253457
950332,0.7453327
950333,0.7453327
950334,0.7453327
950358,0.46371612
950359,0.7443169
950360,0.7443169
950361,0.7443169
950429,0.15098609
950430,0.3370396
950455,0.1574417
950515,0.25887787
950516,0.48139432
950517,0.48139432
950518,0.48139432
950519,0.48139432
950520,0.48139432
950521,0.48139432
950522,0.48139432
950523,0.41213822
950524,0.48139432
950525,0.48139432
950526,0.34265265
950527,0.48139432
950528,0.48139432
950571,0.21683377
950613,0.11754485
950626,0.4795632
950627,0.6764083
950628,0.6764083
950631,0.5110163
950632,0.68805015
950633,0.6764083
950634,0.6764083
950635,0.6764083
950636,0.6764083
950637,0.6764083
950638,0.6764083
950639,0.6764083
950640,0.6764083
950641,0.6764083
950642,0.6764083
950643,0.6764083
950644,0.6764083
950645,0.6764083
950646,0.6764083
950647,0.6764083
950648,0.6764083
950649,0.4949605
950650,0.66358197
950651,0.66358197
950652,0.66358197
950653,0.66358197
950654,0.66358197
950655,0.66358197
950656,0.66358197
950657,0.66358197
950658,0.66358197
950659,0.66358197
950660,0.66358197
950661,0.66358197
950662,0.66358197
950663,0.66358197
950664,0.4949605
950665,0.66358197
950666,0.66358197
950668,0.48089972
950669,0.55683273
950670,0.55683273
950675,0.31509954
950676,0.55683273
950677,0.55683273
950721,0.33280128
950722,0.5411526
950733,0.28687802
950734,0.5411526
950735,0.5411526
950736,0.5411526
950737,0.5411526
950738,0.5411526
950739,0.5411526
950740,0.5411526
950741,0.5411526
950742,0.5411526
950743,0.5411526
950755,0.32635224
950756,0.6098684
950757,0.6098684
950758,0.6098684
950759,0.6098684
950760,0.6098684
950780,0.32635224
950781,0.6098684
950782,0.6098684
950783,0.6098684
950784,0.6098684
950785,0.6098684
950786,0.6098684
950787,0.6098684
950788,0.6098684
950799,0.32635224
950800,0.6098684
950801,0.6098684
950802,0.6098684
950803,0.6098684
950804,0.6098684
950805,0.6098684
950806,0.6098684
950812,0.31457558
950813,0.58884096
950814,0.58884096
950815,0.58884096
950816,0.58884096
950817,0.58884096
950828,0.31457558
950829,0.58884096
950830,0.58884096
950831,0.58884096
950832,0.58884096
950845,0.31457558
950846,0.58884096
950847,0.58884096
950848,0.58884096
950849,0.58884096
950857,0.35361508
950858,0.6162537
950859,0.6162537
950860,0.6162537
950861,0.6162537
950862,0.6162537
950869,0.35361508
950870,0.6162537
950871,0.6162537
950872,0.6162537
950873,0.6162537
950880,0.35361508
950881,0.6162537
950882,0.6162537
950883,0.6162537
950887,0.17966697
950888,0.42709565
950889,0.42709565
950890,0.42709565
950891,0.42709565
950952,0.21415834
950953,0.34874752
950954,0.34874752
950955,0.26860705
950956,0.26860705
950957,0.26860705
950958,0.26860705
950959,0.26860705
950960,0.34874752
950975,0.25780484
950976,0.48523012
950977,0.48523012
950978,0.48523012
950979,0.48523012
950980,0.48523012
950984,0.37696096
950985,0.53466505
950986,0.53466505
950987,0.53466505
951075,0.4967794
951076,0.39356685
951077,0.64827836
951117,0.38015565
951118,0.63083214
951119,0.63083214
951120,0.63083214
951121,0.63083214
951126,0.31742185
951127,0.63083214
951128,0.63083214
951129,0.63083214
951130,0.3291309
951131,0.6127291
951132,0.6127291
951133,0.6127291
951134,0.3291309
951135,0.6127291
951136,0.6127291
951137,0.6127291
951138,0.6127291
951142,0.3291309
951143,0.6127291
951144,0.6127291
951145,0.6127291
951146,0.6127291
951162,0.3544745
951163,0.6609204
951164,0.6609204
951165,0.6609204
951166,0.6609204
951181,0.3544745
951182,0.6609204
951184,0.47939357
951185,0.6523141
951186,0.6523141
951187,0.6523141
951188,0.6523141
951189,0.6523141
951190,0.6523141
951191,0.6523141
951192,0.6523141
951193,0.6523141
951194,0.6523141
951195,0.6523141
951291,0.3266172
951305,0.18505338
951306,0.31829384
951307,0.31829384
951308,0.31829384
951309,0.31829384
951310,0.23728585
951311,0.23728585
951323,0.20442556
951324,0.31829384
951325,0.31829384
951326,0.31829384
951327,0.31829384
951328,0.31829384
951329,0.31829384
951330,0.31829384
951331,0.31829384
951332,0.31829384
951333,0.31829384
951334,0.31829384
951335,0.31829384
951336,0.31829384
951337,0.31829384
951357,0.23050267
951358,0.34564286
951359,0.34564286
951360,0.34564286
951361,0.34564286
951431,0.18494183
951432,0.59084743
951433,0.59084743
951434,0.59084743
951435,0.59084743
951436,0.59084743
951437,0.59084743
951457,0.47296205
951458,0.6036571
951459,0.6036571
951460,0.6036571
951461,0.6036571
951462,0.6036571
951463,0.6036571
951464,0.6036571
951465,0.6036571
951478,0.47296205
951479,0.6036571
951480,0.6036571
951481,0.6036571
951482,0.6036571
951483,0.6036571
951484,0.6036571
951485,0.6036571
951499,0.47296205
951500,0.6036571
951501,0.6036571
951502,0.6036571
951503,0.6036571
951504,0.6036571
951505,0.6036571
951506,0.6036571
951507,0.6036571
951508,0.6036571
951509,0.6036571
951510,0.6036571
951511,0.6036571
951512,0.6036571
951513,0.6036571
951514,0.6036571
951515,0.6036571
951516,0.6036571
951517,0.6036571
951518,0.6036571
951597,0.47200522
951598,0.6165588
951599,0.6165588
951600,0.6165588
951601,0.6165588
951602,0.6165588
951603,0.6165588
951604,0.6165588
951605,0.6165588
951606,0.6165588
951607,0.6165588
951608,0.6165588
951818,0.12738867
951819,0.10472114
951820,0.27449697
951821,0.27449697
951822,0.27449697
952367,0.577398
952368,0.6494406
952369,0.6494406
952370,0.6494406
952371,0.6494406
952378,0.42947486
952379,0.3503805
952380,0.6494406
952381,0.6494406
952382,0.6494406
952383,0.6494406
952384,0.6494406
952385,0.6494406
952386,0.6494406
952387,0.6494406
952388,0.6494406
952389,0.6494406
952390,0.6494406
952391,0.6494406
952392,0.6494406
952393,0.6494406
952394,0.6494406
952414,0.4421999
952415,0.4579834
952421,0.2672287
952429,0.27811712
952430,0.4800782
952443,0.27811712
952444,0.4800782
952445,0.4800782
952446,0.4800782
952447,0.4800782
952448,0.4800782
952482,0.24407785
952483,0.4695992
952484,0.4695992
952485,0.4695992
952486,0.4695992
952487,0.4695992
952494,0.50588405
952495,0.6856634
952496,0.6856634
952497,0.6856634
952498,0.6856634
952499,0.6856634
952500,0.6856634
952501,0.6856634
952502,0.6856634
952503,0.6856634
952504,0.6856634
952505,0.6856634
952506,0.6856634
952507,0.6856634
952508,0.6856634
952509,0.6856634
952510,0.6856634
952511,0.6856634
952512,0.6856634
952513,0.6856634
952514,0.4695992
952515,0.4695992
952516,0.4695992
952517,0.4695992
952518,0.4695992
952519,0.4695992
952520,0.4695992
952521,0.4695992
952522,0.4492472
952523,0.4492472
952524,0.4492472
952525,0.4492472
952526,0.4492472
952527,0.667736
952528,0.667736
952529,0.667736
952530,0.667736
952531,0.4492472
952537,0.4853986
952538,0.667736
952539,0.667736
952540,0.667736
952541,0.667736
952542,0.667736
952543,0.667736
952544,0.667736
952545,0.667736
952546,0.667736
952547,0.667736
952548,0.667736
952549,0.667736
952550,0.667736
952551,0.667736
952552,0.667736
952553,0.667736
952554,0.667736
952555,0.667736
952556,0.667736
952557,0.667736
952558,0.667736
952559,0.667736
952637,0.033496827
952638,0.11850053
952639,0.11850053
952640,0.11850053
952641,0.11850053
952642,0.047222223
952643,0.11850053
952644,0.11850053
952645,0.11850053
952646,0.11850053
952647,0.11850053
952648,0.11850053
952649,0.40990975
952654,0.047222223
952655,0.11850053
952656,0.11850053
952657,0.11850053
952658,0.11850053
952659,0.11850053
952662,0.04524347
952663,0.12220043
952664,0.12220043
952684,0.048080355
952685,0.13234682
952809,0.20778726
952810,0.39903727
952811,0.39903727
952812,0.39903727
952813,0.39903727
952814,0.39903727
952815,0.39903727
952816,0.39903727
952817,0.39903727
952818,0.39903727
952825,0.22801976
952826,0.39903727
952827,0.39903727
952828,0.39903727
952829,0.39903727
952830,0.39903727
952834,0.2239604
952835,0.42159113
952836,0.42159113
952837,0.42159113
952838,0.42159113
952839,0.42159113
952840,0.42159113
952841,0.42159113
952842,0.42159113
952843,0.42159113
952844,0.42159113
952845,0.42159113
952846,0.42159113
952847,0.42159113
952848,0.42159113
952854,0.2239604
952855,0.42159113
952856,0.42159113
952857,0.42159113
952858,0.42159113
952859,0.42159113
952860,0.42159113
952861,0.42159113
952862,0.42159113
952884,0.25110748
952885,0.43723017
952886,0.43723017
952887,0.43723017
952888,0.43723017
952889,0.43723017
952890,0.29215357
952891,0.43723017
952892,0.43723017
952893,0.43723017
952894,0.43723017
952895,0.4603124
953295,0.2174075
953296,0.50929
953301,0.30749863
953302,0.50929
953312,0.32598627
953317,0.4622716
953318,0.55437857
953325,0.3621646
953326,0.5507117
953327,0.5507117
953328,0.5507117
953329,0.5507117
953330,0.5507117
953331,0.5507117
953332,0.5507117
953333,0.5507117
953334,0.5507117
953335,0.5507117
953342,0.3621646
953343,0.5507117
953395,0.4034941
953572,0.15439054
953573,0.4429792
953574,0.4429792
953751,0.3693589
953752,0.5725716
953753,0.5725716
953754,0.5725716
953755,0.5725716
953764,0.35797974
953765,0.5725716
953766,0.5725716
953767,0.5725716
953768,0.5725716
953769,0.5725716
953770,0.5725716
953771,0.5725716
953772,0.5725716
953773,0.5725716
953774,0.5725716
953775,0.5725716
953776,0.5725716
953783,0.33535466
953784,0.54129255
953785,0.54129255
953786,0.54129255
953787,0.54129255
953788,0.54129255
953789,0.54129255
953790,0.54129255
953791,0.54129255
953792,0.54129255
953793,0.54129255
953794,0.54129255
953799,0.33535466
953800,0.54129255
953801,0.54129255
953802,0.54129255
953803,0.54129255
953804,0.54129255
953805,0.54129255
953806,0.54129255
953814,0.33535466
953815,0.54129255
953816,0.54129255
953817,0.54129255
953818,0.54129255
953819,0.54129255
953820,0.54129255
953821,0.54129255
953822,0.54129255
953823,0.54129255
953824,0.54129255
953825,0.54129255
953826,0.54129255
953836,0.29768535
953837,0.53652436
953838,0.53652436
953844,0.29768535
953845,0.53652436
953846,0.53652436
954017,0.17214325
954018,0.41243574
954022,0.22555736
954023,0.1186036
954024,0.2605206
954025,0.32103443
954026,0.32103443
954034,0.15913272
954035,0.33671725
954036,0.33671725
954037,0.33671725
954038,0.25824508
954039,0.25824508
954040,0.33671725
954041,0.33671725
954042,0.33671725
954044,0.19242747
954045,0.33671725
954046,0.33671725
954047,0.33671725
954048,0.33671725
954049,0.33671725
954053,0.21691221
954054,0.37941942
954055,0.37941942
954056,0.37941942
954057,0.37941942
954058,0.37941942
954059,0.37941942
954060,0.37941942
954061,0.37941942
954062,0.37941942
954063,0.37941942
954064,0.37941942
954140,0.4075999
954141,0.5720095
954157,0.40533355
954158,0.5720095
954466,0.061281808
954467,0.18609083
954468,0.29351422
954469,0.29351422
954470,0.29351422
954471,0.29351422
954472,0.29351422
954473,0.29351422
954474,0.29351422
954475,0.29351422
954476,0.29351422
954477,0.29351422
954478,0.29351422
954479,0.29351422
954593,0.30207726
954805,0.09452686
954806,0.28505945
954807,0.28505945
954808,0.28505945
954819,0.23597157
954820,0.28505945
954821,0.28505945
954822,0.28505945
954841,0.22914115
954842,0.27196854
954843,0.27196854
954844,0.27196854
954845,0.27196854
954856,0.22914115
954857,0.27196854
954858,0.27196854
954859,0.27196854
954860,0.27196854
954861,0.27196854
954878,0.22914115
954879,0.27196854
954880,0.27196854
954881,0.27196854
954882,0.27196854
954902,0.149507
954903,0.1818705
954998,0.08326433
955000,0.2985077
955001,0.32962075
955002,0.32962075
955003,0.32962075
955004,0.32962075
955005,0.32962075
955006,0.32962075
955007,0.32962075
955008,0.32962075
955009,0.32962075
955010,0.16028441
955011,0.32962075
955018,0.2985077
955019,0.32962075
955020,0.32962075
955021,0.32962075
955022,0.32962075
955023,0.32962075
955024,0.32962075
955025,0.32962075
955026,0.32962075
955027,0.32962075
955028,0.32962075
955053,0.12533873
955065,0.10761064
955066,0.25391155
955067,0.25391155
955068,0.25391155
955069,0.25391155
955070,0.25391155
955071,0.25391155
955072,0.25391155
955073,0.25391155
955074,0.25391155
955396,0.31508562
955397,0.61766833
955398,0.3832158
955399,0.61766833
955400,0.61766833
955404,0.4204636
955405,0.6533046
955406,0.6533046
955407,0.6533046
955408,0.6533046
955409,0.6533046
955410,0.6533046
955411,0.6533046
955412,0.6533046
955413,0.6533046
955414,0.6533046
955415,0.6533046
955416,0.6533046
955417,0.42313376
955418,0.6533046
955467,0.4088631
955468,0.66820747
955469,0.66820747
955470,0.66820747
955471,0.66820747
955606,0.18719424
955607,0.2460791
955608,0.3925627
955609,0.3925627
955610,0.3925627
955611,0.3925627
955784,0.36813685
955785,0.54478776
955786,0.54478776
955787,0.54478776
955788,0.54478776
955861,0.3748718
955862,0.56978077
955863,0.56978077
955864,0.56978077
955866,0.35552394
955867,0.5236854
955868,0.5236854
955869,0.5236854
955992,0.4702211
955993,0.50616735
955994,0.65672123
955995,0.50616735
956103,0.10341583
956184,0.15807432
956185,0.3696196
956186,0.3696196
956228,0.04482194
956229,0.043666065
956230,0.12817195
956231,0.12817195
956232,0.12817195
956233,0.12817195
956234,0.12817195
956235,0.043666065
956236,0.043666065
956237,0.5630446
956238,0.5630446
956280,0.40800646
956281,0.6321963
956287,0.42503685
956288,0.6321963
956289,0.6321963
956290,0.6321963
956291,0.6321963
956292,0.6321963
956293,0.6321963
956294,0.6321963
956295,0.6321963
956296,0.6321963
956311,0.28829777
956312,0.49744263
956313,0.49744263
956314,0.49744263
956315,0.49744263
956316,0.63677144
956317,0.49744263
956318,0.63677144
956319,0.63677144
956320,0.63677144
956321,0.63677144
956322,0.63677144
956337,0.28829777
956338,0.49744263
956339,0.49744263
956340,0.49744263
956341,0.49744263
956342,0.49744263
956343,0.49744263
956344,0.49744263
956359,0.28829777
956360,0.49744263
956361,0.49744263
956362,0.49744263
956363,0.49744263
956371,0.2836668
956372,0.5305074
956373,0.5305074
956374,0.5305074
956375,0.5305074
956435,0.40508106
956436,0.5534122
956437,0.5534122
956438,0.5534122
956462,0.5472604
956706,0.19108257
956707,0.5146532
956709,0.29591691
956710,0.5476154
956711,0.5476154
956712,0.5476154
956713,0.29591691
956781,0.36509356
956782,0.60494703
956783,0.60494703
956784,0.60494703
956785,0.60494703
956786,0.60494703
956787,0.60494703
956788,0.60494703
956789,0.60494703
956790,0.60494703
956791,0.60494703
956792,0.60494703
956793,0.60494703
956794,0.60494703
956795,0.60494703
956796,0.60494703
956805,0.42693055
956806,0.60494703
956807,0.60494703
956808,0.60494703
956809,0.60494703
956810,0.60494703
956811,0.60494703
956812,0.60494703
956825,0.46061185
956826,0.5463432
956827,0.5463432
956828,0.5463432
956829,0.5463432
956830,0.5463432
956831,0.5463432
956832,0.5463432
956833,0.5463432
956834,0.5463432
956835,0.64484453
956836,0.64484453
956837,0.64484453
956838,0.64484453
956839,0.64484453
956840,0.64484453
956841,0.64484453
956842,0.5463432
956857,0.35785866
956858,0.5463432
956859,0.5463432
956860,0.5463432
956861,0.5463432
956862,0.5463432
956871,0.35785866
956872,0.5463432
956873,0.5463432
956883,0.400566
956884,0.58107066
956885,0.58107066
956929,0.39598626
956930,0.6397416
956937,0.14559914
956949,0.22055042
956996,0.10215364
957008,0.097096145
957009,0.33111724
957010,0.24161057
957011,0.24161057
957147,0.27418154
957148,0.56990683
957149,0.6213473
957150,0.6213473
957151,0.6213473
957152,0.6213473
957153,0.6213473
957165,0.4501986
957166,0.6273695
957167,0.6273695
957168,0.6273695
957189,0.4501986
957190,0.6273695
957191,0.6273695
957192,0.6273695
957193,0.6273695
957194,0.6273695
957195,0.6273695
957196,0.6273695
957197,0.6273695
957198,0.6273695
957199,0.6273695
957200,0.6273695
957201,0.6273695
957202,0.6273695
957203,0.6273695
957204,0.6273695
957205,0.6273695
957206,0.6273695
957207,0.6273695
957226,0.44590616
957227,0.65200746
957228,0.65200746
957229,0.65200746
957230,0.65200746
957234,0.5263563
957257,0.46332082
957258,0.70121247
957259,0.70121247
957260,0.70121247
957261,0.70121247
957262,0.70121247
957263,0.70121247
957264,0.70121247
957284,0.53585243
957285,0.70121247
957286,0.6332923
957287,0.6332923
957288,0.6332923
957316,0.21778482
957317,0.3402659
957318,0.3402659
957319,0.3402659
957320,0.3402659
957321,0.3402659
957322,0.3402659
957330,0.21778482
957331,0.3402659
957332,0.3402659
957333,0.3402659
957360,0.21778482
957361,0.3402659
957362,0.3402659
957363,0.3402659
957364,0.3402659
957369,0.099085644
957370,0.2068356
957371,0.2068356
957372,0.2068356
957373,0.2068356
957374,0.2068356
957375,0.099085644
957376,0.2068356
957377,0.2068356
957378,0.2068356
957379,0.2068356
957380,0.099085644
957381,0.2068356
957382,0.2068356
957383,0.2068356
957384,0.2068356
957385,0.2068356
957387,0.13853088
957388,0.24558903
957389,0.24558903
957390,0.24558903
957391,0.24558903
957392,0.13853088
957393,0.24558903
957394,0.24558903
957395,0.24558903
957396,0.24558903
957397,0.13853088
957398,0.24558903
957399,0.24558903
957400,0.24558903
957401,0.24558903
957402,0.3205698
957403,0.3205698
957424,0.22958238
957425,0.350449
957426,0.350449
957427,0.350449
957428,0.350449
957429,0.350449
957436,0.22958238
957437,0.350449
957438,0.350449
957439,0.350449
957440,0.350449
957441,0.350449
957442,0.350449
957443,0.350449
957452,0.22958238
957453,0.350449
957454,0.350449
957455,0.350449
957456,0.350449
957457,0.350449
957464,0.20864941
957465,0.32101673
957466,0.32101673
957467,0.32101673
957468,0.32101673
957469,0.32101673
957470,0.32101673
957478,0.20864941
957479,0.32101673
957480,0.32101673
957481,0.32101673
957482,0.32101673
957483,0.32101673
957484,0.32101673
957490,0.20864941
957491,0.32101673
957492,0.32101673
957493,0.32101673
957494,0.32101673
957495,0.32101673
957496,0.32101673
957504,0.25322622
957505,0.3718321
957506,0.3718321
957507,0.3718321
957508,0.3718321
957509,0.3718321
957516,0.25322622
957517,0.3718321
957518,0.3718321
957519,0.3718321
957520,0.3718321
957521,0.3718321
957526,0.25322622
957527,0.3718321
957528,0.3718321
957529,0.3718321
957530,0.3718321
957531,0.3718321
957532,0.34919438
957533,0.37956256
957534,0.37956256
957535,0.37956256
957536,0.37956256
957537,0.34919438
957538,0.37956256
957539,0.41775212
957540,0.41775212
957541,0.41775212
957542,0.41775212
957544,0.38623065
957545,0.41775212
957546,0.41775212
957547,0.41775212
957548,0.41775212
957549,0.41775212
957550,0.41775212
957551,0.41775212
957552,0.41775212
957553,0.41775212
957554,0.41775212
957555,0.41775212
957556,0.41775212
957557,0.41775212
957558,0.41775212
957559,0.41775212
957560,0.41775212
957561,0.41775212
957562,0.41775212
957563,0.41775212
957564,0.41775212
957565,0.41775212
957566,0.41775212
957567,0.41775212
957568,0.41775212
957569,0.41775212
957570,0.41775212
957571,0.41775212
957572,0.41775212
957573,0.41775212
957574,0.41775212
957575,0.41775212
957576,0.41775212
957577,0.41775212
957578,0.41775212
957579,0.41775212
957580,0.41775212
957581,0.41775212
957582,0.41775212
957583,0.41775212
957584,0.41775212
957585,0.41775212
957586,0.41775212
957587,0.41775212
957588,0.41775212
957589,0.41775212
957590,0.41775212
957591,0.41775212
957592,0.41775212
957593,0.41775212
957594,0.41775212
957595,0.41775212
957596,0.41775212
957597,0.41775212
957598,0.41775212
957599,0.41775212
957600,0.41775212
957601,0.41775212
957602,0.41775212
957603,0.41775212
957604,0.42320818
957605,0.4555078
957606,0.4555078
957607,0.4555078
957608,0.4555078
957609,0.4555078
957610,0.4555078
957611,0.4555078
957612,0.4555078
957613,0.4555078
957614,0.4555078
957615,0.4555078
957616,0.4555078
957617,0.4555078
957618,0.4555078
957619,0.4555078
957620,0.4555078
957621,0.4555078
957622,0.4555078
957623,0.4555078
957624,0.4555078
957625,0.4555078
957626,0.4555078
957627,0.4555078
957628,0.4555078
957629,0.4555078
957630,0.4555078
957631,0.4555078
957632,0.4555078
957633,0.4555078
957634,0.4555078
957635,0.4555078
957636,0.4555078
957637,0.4555078
957638,0.4555078
957639,0.4555078
957640,0.4555078
957641,0.4555078
957642,0.4555078
957643,0.4555078
957644,0.4555078
957645,0.4555078
957646,0.4555078
957647,0.4555078
957648,0.4555078
957649,0.4555078
957650,0.4555078
957651,0.4555078
957652,0.4555078
957653,0.4555078
957654,0.4555078
957655,0.4555078
957656,0.4555078
957657,0.4555078
957658,0.4555078
957659,0.4555078
957660,0.4555078
957661,0.4555078
957662,0.4555078
957663,0.4555078
957664,0.4555078
957665,0.4555078
957666,0.4555078
957667,0.4555078
957668,0.4555078
957669,0.4555078
957670,0.4555078
957671,0.4555078
957672,0.4555078
957673,0.4555078
957674,0.4555078
957675,0.4555078
957676,0.4555078
957677,0.4555078
957678,0.4555078
957679,0.4555078
957680,0.4555078
957681,0.4555078
957682,0.4555078
957683,0.4555078
957684,0.4555078
957685,0.4555078
957686,0.4555078
957687,0.4555078
957688,0.4555078
957689,0.4555078
957690,0.4555078
957691,0.4555078
957692,0.4555078
957693,0.4555078
957808,0.23741005
957809,0.5712826
957810,0.5712826
957811,0.5712826
957812,0.5712826
957813,0.5712826
957814,0.5712826
957815,0.5357441
957816,0.5712826
957830,0.45265353
957831,0.5712826
957832,0.5712826
957833,0.5712826
957834,0.5712826
957835,0.5712826
957836,0.5712826
957837,0.5712826
957838,0.5712826
957839,0.5712826
957840,0.5712826
957879,0.42180017
957886,0.46928898
957887,0.5908271
957888,0.5908271
957889,0.5908271
957890,0.5908271
957891,0.5908271
957900,0.46928898
957901,0.5908271
957902,0.5908271
957903,0.5908271
957904,0.5908271
957905,0.5908271
957906,0.5908271
957907,0.5908271
957919,0.5206222
957920,0.64167833
957921,0.64167833
957922,0.64167833
957923,0.64167833
957924,0.64167833
957925,0.64167833
957926,0.64167833
957927,0.64167833
957928,0.64167833
957929,0.64167833
957937,0.5206222
957938,0.64167833
957939,0.64167833
957940,0.64167833
957941,0.64167833
957942,0.64167833
957943,0.5206222
957944,0.64167833
957945,0.64167833
957946,0.64167833
957947,0.64167833
957948,0.64167833
957949,0.64167833
957950,0.64167833
957951,0.46454775
957952,0.602127
957953,0.602127
957954,0.602127
957955,0.602127
957956,0.602127
957957,0.46454775
957958,0.602127
958135,0.07517604
958616,0.16287379
958617,0.3832484
958618,0.3832484
958619,0.3832484
958620,0.3832484
958621,0.3832484
958622,0.3832484
958623,0.3832484
958624,0.3832484
958625,0.3832484
958629,0.2017477
958630,0.3832484
958631,0.3832484
958632,0.3832484
958633,0.3832484
958639,0.22060123
958645,0.3499398
958646,0.5429858
958647,0.5429858
958648,0.5429858
958649,0.41247654
958650,0.41247654
958651,0.41247654
958652,0.41247654
958653,0.41247654
958661,0.3499398
958662,0.5429858
958663,0.5429858
958664,0.5429858
958665,0.5429858
958666,0.5429858
958667,0.5429858
958668,0.5429858
958669,0.5429858
958670,0.5429858
958671,0.5429858
958672,0.5429858
958682,0.42140967
958683,0.6378148
958684,0.6378148
958685,0.6378148
958686,0.6378148
958687,0.6378148
958688,0.6378148
958689,0.6378148
958701,0.42140967
958702,0.6378148
958703,0.6378148
958704,0.6378148
958705,0.6378148
958706,0.6378148
958707,0.6378148
958713,0.42140967
958714,0.6378148
958715,0.6378148
958716,0.6378148
958717,0.6378148
958718,0.6378148
958776,0.44792458
958802,0.45957175
958803,0.6326323
958804,0.6326323
958805,0.6326323
958806,0.6326323
958807,0.6326323
958808,0.6326323
958809,0.6326323
958816,0.43385863
958817,0.6326323
958818,0.6326323
958819,0.6326323
958820,0.6326323
958821,0.6326323
958822,0.6326323
958831,0.26330197
958832,0.45423487
958833,0.6326323
958834,0.45423487
958835,0.6326323
958836,0.6326323
958837,0.6326323
958838,0.6326323
958839,0.6326323
958840,0.6326323
958841,0.6326323
958842,0.6326323
958843,0.6326323
958844,0.6326323
958845,0.6326323
958852,0.28982237
958869,0.25502318
959063,0.20655045
959064,0.4419647
959065,0.4419647
959066,0.32828724
959067,0.4419647
959069,0.35680676
959070,0.49678063
959071,0.3804583
959072,0.49678063
959073,0.49678063
959074,0.49678063
959075,0.49678063
959076,0.49678063
959077,0.49678063
959078,0.49678063
959079,0.49678063
959080,0.49678063
959081,0.49678063
959082,0.49678063
959083,0.49678063
959084,0.49678063
959088,0.35680676
959089,0.49678063
959090,0.49678063
959091,0.49678063
959092,0.49678063
959093,0.49678063
959094,0.49678063
959095,0.49678063
959106,0.35680676
959107,0.49678063
959108,0.49678063
959118,0.37524262
959119,0.533794
959355,0.44182146
959356,0.6691641
959357,0.6691641
959358,0.6691641
959359,0.47982958
959360,0.6691641
959361,0.6691641
959379,0.5453767
959380,0.6691641
959427,0.10689088
959428,0.32245934
959429,0.32245934
959430,0.32245934
959431,0.32245934
959432,0.32245934
959470,0.13778599
959471,0.32245934
959472,0.32245934
959473,0.32245934
959474,0.32245934
959475,0.32245934
959476,0.32245934
959509,0.13778599
959510,0.32245934
959511,0.32245934
959512,0.32245934
959513,0.32245934
959514,0.32245934
959515,0.32245934
959516,0.32245934
959517,0.32245934
959518,0.32245934
959521,0.034836777
959522,0.103199475
959523,0.103199475
959524,0.103199475
959525,0.103199475
959526,0.103199475
959527,0.103199475
959529,0.034836777
959530,0.103199475
959531,0.103199475
959532,0.103199475
959650,0.36640808
959651,0.674865
959652,0.674865
959653,0.674865
959654,0.48425758
959655,0.66654366
959656,0.66654366
959657,0.66654366
959658,0.66654366
959663,0.48425758
959664,0.66654366
959665,0.66654366
959666,0.66654366
959667,0.66654366
959671,0.48425758
959672,0.66654366
959673,0.66654366
959719,0.5269029
959726,0.5268146
959727,0.67696375
959728,0.67696375
959729,0.67696375
959730,0.67696375
959731,0.67696375
959732,0.67696375
959739,0.5268146
959740,0.67696375
959741,0.67696375
959742,0.67696375
959743,0.67696375
959752,0.609625
959753,0.7393241
959754,0.7393241
959755,0.7393241
959756,0.7393241
959760,0.609625
959761,0.7393241
959762,0.7393241
959763,0.7393241
959764,0.7393241
959771,0.609625
959772,0.7393241
959773,0.7393241
959774,0.7393241
959775,0.7393241
959776,0.7393241
959777,0.7393241
959995,0.31017837
959996,0.634459
959997,0.634459
959998,0.634459
959999,0.634459
960000,0.634459
960001,0.634459
960002,0.634459
960003,0.634459
960004,0.634459
960010,0.45640898
960043,0.34514755
960044,0.64677286
960045,0.58671784
960046,0.64677286
960047,0.58671784
960048,0.37972188
960049,0.58671784
960050,0.58671784
960051,0.58671784
960052,0.58671784
960053,0.34949458
960054,0.53387
960055,0.34949458
960056,0.53387
960057,0.53387
960520,0.38316151
960521,0.6020104
960535,0.56079566
960536,0.7220966
960542,0.56079566
960543,0.7220966
960551,0.56079566
960552,0.7220966
960570,0.4830468
960580,0.55547017
960581,0.71752536
960582,0.71752536
960583,0.71752536
960584,0.71752536
960605,0.36376056
960606,0.506413
960617,0.36376056
960759,0.26773113
960760,0.38753903
960761,0.38753903
960762,0.38753903
960763,0.38753903
960764,0.38753903
960765,0.38753903
960924,0.3454527
960948,0.46241012
960949,0.5798549
960950,0.5798549
960951,0.5798549
960952,0.5798549
960953,0.5798549
960954,0.5798549
960955,0.5798549
960956,0.5798549
960957,0.5798549
960969,0.46241012
960970,0.5798549
960971,0.5798549
960972,0.5798549
960973,0.5798549
960978,0.46241012
960979,0.5798549
960980,0.5798549
960981,0.5798549
960982,0.5798549
960983,0.5798549
960984,0.5798549
960985,0.5798549
960986,0.5798549
960987,0.5798549
960988,0.5798549
960989,0.5798549
960990,0.5798549
960991,0.5798549
960992,0.5798549
960993,0.5798549
960994,0.5798549
960995,0.5798549
960996,0.5798549
961003,0.47040942
961004,0.5792203
961699,0.23151334
961700,0.27610302
961701,0.27610302
961702,0.27610302
961703,0.27610302
961716,0.28729668
961717,0.31566358
961718,0.31566358
961719,0.31566358
961720,0.31566358
961721,0.31566358
961722,0.31566358
961723,0.31566358
961724,0.31566358
961725,0.31566358
961726,0.31566358
961727,0.31566358
961728,0.31566358
961729,0.31566358
961730,0.31566358
961785,0.3069989
961786,0.33534634
961787,0.17588083
961799,0.17080061
961800,0.17588083
961801,0.17588083
961802,0.17588083
961803,0.17588083
961804,0.17588083
961805,0.17588083
961806,0.17588083
961807,0.17588083
961813,0.102971226
961814,0.28581798
961815,0.28581798
961816,0.28581798
961817,0.28581798
961818,0.28581798
961819,0.28581798
961820,0.28581798
961821,0.28581798
961822,0.28581798
961823,0.28581798
961824,0.28581798
961825,0.28581798
961826,0.28581798
961827,0.28581798
961936,0.12628572
961937,0.3832484
961938,0.3832484
961939,0.3832484
961940,0.3832484
961941,0.3832484
961942,0.17796631
961950,0.22060123
961951,0.41247654
961952,0.41247654
961953,0.41247654
961964,0.22060123
961965,0.41247654
961966,0.41247654
961967,0.41247654
961968,0.41247654
961969,0.41247654
961970,0.41247654
961971,0.41247654
961972,0.41247654
961988,0.22060123
961989,0.41247654
961990,0.41247654
961991,0.41247654
961992,0.5429858
961993,0.5429858
961994,0.5429858
961995,0.41247654
962008,0.42140967
962009,0.6378148
962010,0.6378148
962011,0.6378148
962012,0.6378148
962013,0.6378148
962014,0.6378148
962021,0.42140967
962022,0.6378148
962023,0.6378148
962024,0.6378148
962025,0.6378148
962026,0.6378148
962027,0.6378148
962028,0.6378148
962029,0.6378148
962030,0.6378148
962031,0.6378148
962032,0.6378148
962033,0.6378148
962034,0.6378148
962035,0.6378148
962036,0.6378148
962043,0.42140967
962044,0.6378148
962045,0.6378148
962046,0.6378148
962047,0.6378148
962048,0.6378148
962049,0.6378148
962050,0.6378148
962066,0.46149364
962067,0.6682759
962068,0.6682759
962069,0.6682759
962070,0.6682759
962071,0.6682759
962072,0.6682759
962073,0.6682759
962074,0.6682759
962075,0.6682759
962076,0.6682759
962077,0.6682759
962078,0.6682759
962079,0.6682759
962080,0.6682759
962081,0.6682759
962082,0.6682759
962083,0.6682759
962084,0.6682759
962085,0.6682759
962086,0.6682759
962087,0.6682759
962088,0.6682759
962089,0.6682759
962126,0.43474552
962127,0.6486964
962128,0.6486964
962129,0.6486964
962130,0.6486964
962131,0.6486964
962132,0.6486964
962141,0.45604587
962142,0.68292516
962164,0.39633554
962165,0.60368097
962166,0.60368097
962174,0.38990375
962175,0.60368097
962176,0.60368097
962177,0.60368097
962185,0.38990375
962186,0.60368097
962187,0.60368097
962188,0.60368097
962476,0.24705642
962477,0.55856067
962478,0.55856067
962479,0.55856067
962480,0.55856067
962481,0.55856067
962482,0.55856067
962483,0.55856067
962484,0.55856067
962492,0.3956355
962493,0.55856067
962494,0.55856067
962495,0.55856067
962496,0.55856067
962497,0.55856067
962498,0.55856067
962499,0.55856067
962509,0.3956355
962515,0.38229594
962516,0.5380812
962517,0.5380812
962518,0.5380812
962519,0.5380812
962522,0.38229594
962523,0.5380812
962524,0.5380812
962525,0.5380812
962529,0.38229594
962530,0.5380812
962535,0.40838888
962536,0.6003895
962545,0.40838888
962546,0.6003895
962791,0.4492218
962792,0.6691641
962793,0.6691641
962794,0.6691641
962795,0.6691641
962796,0.6691641
962797,0.6691641
962798,0.6691641
962799,0.6691641
962800,0.6691641
962801,0.6691641
962802,0.6691641
962803,0.6691641
912835,0.7354815
912836,0.73247856
912837,0.73247856
912838,0.73247856
912839,0.73247856
912840,0.73247856
912881,0.44978538
912882,0.68273354
912883,0.68273354
912884,0.68273354
912885,0.68273354
912886,0.7032186
912887,0.7032186
912888,0.7032186
912890,0.46643487
912891,0.6676774
912892,0.6676774
912893,0.6676774
912894,0.6676774
912895,0.6676774
912896,0.6676774
912897,0.6676774
912898,0.6676774
912899,0.6676774
912900,0.6676774
912901,0.678651
912902,0.678651
912903,0.5242742
912904,0.5242742
913605,0.57063544
913606,0.68921655
913607,0.68921655
913608,0.68921655
913609,0.68921655
913610,0.68921655
913611,0.52705264
913612,0.68921655
913613,0.68921655
913614,0.68921655
913615,0.68921655
913616,0.68921655
913617,0.68921655
913618,0.68921655
913619,0.68921655
913620,0.68921655
913621,0.68921655
913622,0.68921655
913623,0.68921655
913624,0.68921655
913625,0.68921655
913626,0.5561368
913627,0.65084994
913628,0.65084994
913629,0.65084994
913630,0.65084994
913631,0.65084994
913632,0.65084994
913633,0.65084994
913634,0.65084994
913637,0.5561368
913638,0.65084994
913639,0.65084994
913640,0.69351697
913641,0.69351697
913642,0.69351697
913643,0.69351697
913644,0.69351697
913645,0.69351697
913646,0.69351697
913647,0.69351697
913648,0.69351697
913649,0.69351697
913650,0.69351697
913651,0.69351697
913666,0.6128578
913667,0.69351697
913668,0.69351697
913669,0.69351697
913670,0.69351697
913671,0.69351697
913672,0.69351697
913673,0.69351697
913674,0.69351697
913675,0.69351697
913676,0.69351697
913677,0.69351697
913678,0.69351697
913679,0.69351697
913680,0.69351697
913681,0.69351697
913682,0.69351697
913683,0.69351697
913690,0.54665196
913691,0.69310653
913692,0.69310653
913693,0.69310653
913694,0.69310653
913695,0.69310653
913696,0.69310653
913697,0.69310653
913698,0.69310653
913699,0.69310653
913706,0.54665196
913707,0.69310653
913708,0.69310653
913709,0.69310653
914081,0.4143517
914082,0.6362338
914083,0.6362338
914084,0.6362338
914085,0.6362338
914086,0.6362338
914087,0.6362338
914088,0.6362338
914089,0.5435345
914090,0.6182123
914091,0.6182123
914092,0.6182123
914093,0.6182123
914094,0.6182123
914095,0.6182123
914096,0.6182123
914097,0.6182123
914098,0.5435345
914099,0.6182123
914100,0.6182123
914101,0.6182123
914102,0.6182123
914103,0.6182123
914104,0.6182123
914105,0.6182123
914106,0.6182123
914190,0.1915787
914191,0.22105974
914192,0.22105974
914193,0.22105974
914194,0.22105974
914195,0.22105974
914196,0.22105974
914197,0.40337226
914198,0.22105974
914199,0.48859334
914200,0.22105974
914201,0.48859334
914202,0.48859334
914203,0.48859334
914204,0.22105974
914205,0.22105974
914206,0.22105974
914207,0.48859334
914208,0.48859334
914209,0.22105974
914210,0.22105974
914212,0.29510328
915026,0.696445
915027,0.81348985
915028,0.81348985
915036,0.4505856
915037,0.67414355
915038,0.67414355
915039,0.67414355
915040,0.67414355
915041,0.67414355
915042,0.67414355
915043,0.54588234
915044,0.67414355
915045,0.67414355
915046,0.67414355
916378,0.46097875
916382,0.63467526
916383,0.74604493
916384,0.74604493
916385,0.74604493
916386,0.74604493
916387,0.74604493
916388,0.74604493
916389,0.74604493
916390,0.74604493
916391,0.74604493
916392,0.74604493
916393,0.74604493
916394,0.74604493
916395,0.74604493
916396,0.74604493
916397,0.719584
916398,0.74604493
916410,0.63467526
916411,0.74604493
916412,0.74604493
916413,0.74604493
916414,0.74604493
916415,0.74604493
916416,0.74604493
916417,0.74604493
916418,0.74604493
916430,0.63467526
916431,0.74604493
916432,0.74604493
917704,0.5570684
917705,0.6532505
917706,0.6532505
917707,0.6532505
917708,0.6532505
917711,0.60358906
917712,0.7075443
917713,0.7075443
917714,0.7075443
917715,0.7075443
917716,0.7075443
917717,0.7075443
917718,0.7075443
917719,0.7075443
917720,0.6712443
917721,0.7075443
917722,0.7075443
917723,0.7075443
917724,0.7075443
917725,0.7075443
917726,0.7075443
917727,0.6712443
917797,0.44988206
917798,0.6344244
917799,0.6344244
917800,0.6344244
917801,0.6344244
917802,0.6344244
917803,0.6344244
917804,0.6344244
917831,0.5319899
917832,0.6344244
917833,0.6344244
917834,0.6344244
917835,0.6344244
917836,0.6344244
917837,0.6344244
917854,0.47900525
917855,0.56911
917856,0.56911
917857,0.56911
917876,0.36711517
921144,0.63011307
921145,0.60207385
921146,0.60207385
921147,0.60207385
921148,0.60207385
921149,0.60207385
921150,0.60207385
921151,0.60207385
921161,0.48409325
921162,0.60207385
921163,0.60207385
921164,0.60207385
921165,0.60207385
921166,0.60207385
921171,0.48409325
921172,0.60207385
921173,0.60207385
921174,0.60207385
921175,0.60207385
921185,0.5039016
921186,0.6185792
921187,0.6185792
921188,0.6185792
921189,0.6185792
922085,0.60629135
922086,0.6924288
922108,0.57687736
922109,0.6924288
922110,0.69814503
922111,0.69814503
922112,0.69814503
922113,0.69814503
922114,0.69814503
922115,0.69814503
922149,0.6227412
922150,0.69179183
922151,0.69179183
922152,0.69179183
922153,0.69179183
922154,0.69179183
922155,0.69179183
922156,0.69179183
922157,0.69179183
922158,0.69179183
922159,0.69179183
922160,0.69179183
922171,0.6227412
922172,0.69179183
922173,0.69179183
922174,0.69179183
922175,0.69179183
922176,0.69179183
922177,0.69179183
922178,0.69179183
922179,0.69179183
922180,0.69179183
922202,0.6227412
922203,0.69179183
922204,0.69179183
922205,0.69179183
922206,0.69179183
922207,0.69179183
922208,0.69179183
922209,0.69179183
922210,0.69179183
922211,0.69179183
922212,0.69179183
922215,0.5704291
922216,0.68576926
922217,0.68576926
922218,0.68576926
922219,0.68576926
922220,0.68576926
922221,0.68576926
922222,0.68576926
922223,0.68576926
922224,0.68576926
922225,0.68576926
922228,0.5704291
922229,0.68576926
922230,0.68576926
922231,0.68576926
922232,0.68576926
922233,0.68576926
922234,0.68576926
922235,0.5704291
922256,0.6195265
922257,0.77780986
922258,0.77780986
922259,0.77780986
922271,0.6913471
922272,0.77780986
922273,0.77780986
922274,0.77780986
922275,0.77780986
922276,0.77780986
922277,0.77780986
922278,0.77780986
922279,0.77780986
922280,0.77780986
922281,0.77780986
922282,0.77780986
922283,0.77780986
922284,0.77780986
922285,0.77780986
922286,0.77780986
922287,0.77780986
922288,0.6913471
922289,0.77780986
922290,0.77780986
922291,0.77780986
922292,0.77780986
922293,0.77780986
922294,0.77780986
922295,0.77780986
922296,0.77780986
922297,0.77780986
922305,0.39879826
922306,0.36082444
922307,0.36082444
922308,0.36082444
922309,0.74832493
922310,0.74832493
922311,0.36082444
922316,0.39879826
922317,0.36082444
922318,0.36082444
922319,0.36082444
922320,0.74832493
922321,0.74832493
922322,0.74832493
922341,0.6541623
922356,0.61118287
922357,0.714705
922358,0.714705
922451,0.45520645
923118,0.5261896
923119,0.742526
923120,0.742526
923121,0.742526
923122,0.742526
923123,0.742526
923124,0.742526
923125,0.742526
923126,0.742526
923127,0.742526
923128,0.64619076
923129,0.742526
923130,0.742526
923131,0.742526
923132,0.742526
923133,0.742526
923134,0.742526
923135,0.742526
923136,0.742526
923140,0.64619076
923141,0.742526
923142,0.742526
923143,0.742526
923144,0.742526
923145,0.742526
923146,0.742526
923147,0.742526
923148,0.742526
923149,0.742526
923150,0.742526
923155,0.6793142
923156,0.77253115
923157,0.77253115
923158,0.77253115
923160,0.6793142
923182,0.48730156
923183,0.71084005
923184,0.71084005
923185,0.71084005
923186,0.71084005
923187,0.71084005
923188,0.71084005
923189,0.71084005
923190,0.71084005
923191,0.71084005
923192,0.71084005
923193,0.5999315
923194,0.71084005
923195,0.71084005
923196,0.71084005
923197,0.71084005
923198,0.71084005
923199,0.71084005
923200,0.71084005
923201,0.71084005
923202,0.71084005
923203,0.71084005
923204,0.5999315
923205,0.71084005
923206,0.71084005
923207,0.71084005
923208,0.71084005
923209,0.71084005
923210,0.71084005
923211,0.71084005
923212,0.71084005
923213,0.71084005
923214,0.71084005
923215,0.71084005
923216,0.71084005
923217,0.71084005
923218,0.71084005
923219,0.71084005
923220,0.71084005
923221,0.71084005
923222,0.71084005
923223,0.40990087
923224,0.516507
923225,0.516507
923226,0.516507
923227,0.516507
923228,0.516507
923242,0.24273427
923958,0.73400354
923959,0.7864777
923960,0.7864777
923961,0.7864777
923962,0.7864777
923963,0.7864777
923964,0.7864777
923965,0.7864777
923966,0.7864777
923967,0.7864777
923968,0.7864777
923969,0.7864777
923970,0.7864777
923971,0.7864777
923972,0.7864777
923973,0.7814149
923974,0.5802682
923975,0.7510736
923976,0.7510736
923977,0.7510736
924369,0.55867624
924370,0.7266731
924371,0.7266731
924372,0.7266731
924374,0.62512213
924375,0.7266731
924376,0.7266731
924377,0.7266731
924378,0.7266731
924379,0.62512213
924380,0.7266731
924381,0.7266731
924382,0.7266731
924469,0.5859218
924470,0.772601
924471,0.772601
924486,0.69340724
924487,0.772601
924488,0.772601
924489,0.772601
924490,0.772601
924491,0.74741113
924492,0.74741113
924493,0.74741113
924494,0.74741113
924495,0.74741113
924496,0.74741113
924497,0.74741113
924498,0.74741113
924499,0.74741113
924500,0.74741113
924501,0.74741113
924567,0.53721416
924568,0.7116049
924569,0.7116049
924570,0.7116049
924578,0.60568064
924579,0.7116049
924580,0.7116049
924581,0.7116049
924582,0.7116049
924583,0.7116049
924584,0.7116049
924591,0.60568064
924592,0.7116049
924593,0.7116049
924823,0.4993729
924824,0.7351108
924825,0.7351108
924826,0.7351108
924827,0.7351108
924832,0.6448872
924833,0.7351108
924834,0.7351108
924835,0.7351108
924836,0.7351108
924837,0.7351108
924838,0.7351108
924839,0.7351108
924840,0.7351108
924841,0.7351108
924848,0.6448872
924849,0.7351108
924850,0.7351108
924851,0.7351108
924852,0.7351108
924853,0.7351108
924854,0.7351108
924869,0.6080848
924870,0.7000045
924871,0.7000045
924872,0.7000045
924873,0.7000045
924874,0.7000045
924875,0.7000045
924883,0.6080848
924884,0.7000045
924885,0.7000045
924886,0.7000045
924891,0.6080848
926211,0.46634728
926212,0.74736947
926213,0.74736947
926242,0.62375927
926243,0.74736947
926244,0.74736947
926245,0.74736947
926246,0.74736947
926267,0.5831602
926268,0.6973114
926269,0.6973114
926270,0.6973114
926271,0.6973114
926272,0.6973114
926311,0.5831602
926312,0.6973114
926313,0.6973114
926314,0.6973114
926315,0.6973114
926316,0.6973114
926317,0.6973114
926318,0.6973114
926319,0.6973114
926320,0.5831602
926321,0.6973114
926322,0.6973114
926323,0.6973114
926324,0.6973114
926325,0.6973114
926500,0.5769975
926501,0.75689423
926502,0.75689423
926503,0.75689423
926504,0.75689423
926505,0.75689423
926506,0.75689423
926507,0.6653797
926508,0.75689423
926509,0.75689423
926510,0.75689423
926511,0.75689423
926512,0.75689423
926513,0.75689423
926514,0.6585756
926515,0.75233525
926516,0.75233525
926517,0.75233525
926518,0.75233525
926519,0.75233525
926520,0.75233525
926521,0.6585756
926522,0.75233525
926523,0.75233525
926524,0.75233525
926525,0.75233525
926526,0.75233525
926527,0.75233525
926566,0.6585756
926567,0.75233525
926568,0.75233525
926569,0.75233525
926571,0.62088656
926572,0.7173691
926771,0.5007874
926772,0.69760746
926773,0.69760746
926774,0.69760746
926780,0.5913307
926781,0.69760746
926782,0.69760746
926783,0.69760746
926784,0.69760746
926785,0.69760746
926786,0.69760746
926794,0.6340042
926795,0.7419131
926796,0.7419131
926909,0.55204284
926910,0.74741113
926911,0.74741113
926912,0.74741113
926913,0.74741113
926914,0.74741113
926919,0.6632684
926920,0.74741113
926921,0.74741113
926922,0.74741113
926923,0.74741113
926929,0.6578705
926930,0.7439434
926931,0.7439434
926932,0.7439434
926933,0.7439434
926934,0.7439434
926944,0.40274462
926945,0.35550675
926946,0.35550675
926947,0.35550675
926948,0.35550675
926949,0.35550675
926950,0.35550675
926951,0.35550675
926952,0.35550675
926953,0.35550675
926954,0.7439434
926955,0.35550675
926966,0.40274462
926967,0.35550675
926968,0.35550675
926969,0.35550675
926970,0.35550675
926971,0.35550675
926972,0.35550675
926973,0.35550675
926974,0.35550675
926975,0.35550675
926976,0.35550675
926977,0.35550675
926978,0.35550675
926988,0.3716711
926989,0.31385046
926990,0.31385046
926991,0.31385046
926992,0.31385046
927007,0.27939957
927264,0.63475025
927265,0.7351108
927266,0.7351108
927267,0.7351108
927268,0.7351108
927269,0.7351108
927270,0.7351108
927271,0.7351108
927272,0.7351108
927273,0.7351108
927274,0.7351108
927275,0.7351108
927276,0.7351108
927277,0.7351108
927278,0.7351108
927279,0.73911333
927280,0.33492365
927281,0.33492365
927282,0.33492365
927283,0.73911333
927290,0.6533483
927291,0.73911333
927292,0.73911333
927293,0.73911333
927298,0.6533483
927299,0.73911333
927300,0.73911333
927301,0.73911333
927302,0.73911333
927303,0.73911333
927304,0.73911333
927305,0.73911333
927306,0.73911333
927307,0.73911333
927308,0.73911333
927309,0.73911333
927310,0.73911333
927319,0.6264602
927320,0.71271706
927321,0.30309218
927322,0.71271706
927358,0.43939805
929251,0.49437526
929252,0.69897956
929255,0.59687865
929256,0.69897956
929257,0.69897956
929258,0.69897956
929259,0.69897956
929260,0.69897956
929261,0.59687865
929262,0.69897956
929263,0.69897956
929264,0.69087374
929265,0.69087374
929268,0.6304633
929439,0.5524742
929440,0.7477404
929441,0.7477404
929471,0.6673297
929472,0.7477404
929473,0.7477404
929474,0.7477404
929475,0.7477404
929476,0.7477404
929477,0.7477404
929478,0.7477404
929479,0.7477404
929480,0.7477404
929490,0.66762906
929491,0.74908423
929492,0.74908423
929493,0.74908423
929494,0.74908423
929495,0.74908423
929496,0.74908423
929497,0.74908423
929498,0.74908423
929499,0.74908423
929500,0.74908423
929504,0.66762906
929505,0.74908423
929518,0.66762906
929519,0.74908423
929520,0.74908423
929521,0.74908423
929522,0.74908423
929523,0.74908423
929524,0.74908423
929525,0.74908423
929526,0.74908423
929527,0.74908423
929551,0.5596882
929648,0.48158237
929649,0.70369494
929650,0.70369494
929651,0.70369494
929652,0.70369494
929653,0.70369494
929654,0.70369494
929655,0.6004764
929656,0.70369494
929657,0.70369494
929658,0.70369494
929659,0.70369494
929660,0.70369494
929661,0.70369494
929662,0.70369494
929663,0.70369494
929664,0.6004764
929665,0.70369494
929666,0.70369494
929667,0.70369494
929668,0.70369494
929669,0.70369494
929670,0.70369494
929671,0.70369494
929672,0.70369494
929848,0.61060697
929849,0.7377348
929850,0.7377348
929851,0.7377348
929852,0.7377348
929870,0.6533483
929871,0.73911333
929872,0.73911333
929873,0.73911333
929874,0.73911333
929875,0.73911333
929876,0.73911333
929896,0.6533483
929897,0.73911333
929898,0.73911333
929899,0.73911333
929900,0.73911333
929901,0.73911333
929902,0.73911333
929903,0.73911333
929904,0.73911333
929905,0.73911333
930077,0.53274006
930078,0.74252784
930079,0.74252784
930080,0.74252784
930081,0.74252784
930082,0.5825512
930083,0.74680156
930084,0.74680156
930085,0.74680156
930086,0.74680156
930087,0.74680156
930088,0.74680156
930089,0.74680156
930090,0.74680156
930091,0.74680156
930092,0.6776655
930093,0.78093743
930094,0.78093743
930332,0.51572263
932012,0.45709413
932027,0.58365065
932028,0.7110278
932029,0.7110278
932030,0.7110278
932031,0.7110278
932032,0.7110278
932033,0.7110278
932034,0.7110278
932035,0.7110278
932036,0.7110278
932037,0.7110278
932038,0.7110278
932063,0.58758706
932064,0.6976795
932065,0.6976795
932066,0.6976795
932067,0.6976795
932068,0.6976795
932089,0.58758706
932090,0.6976795
932091,0.6976795
932092,0.6976795
932093,0.6976795
932094,0.6976795
932095,0.6976795
932116,0.58758706
932117,0.6976795
932118,0.6976795
932119,0.6976795
932120,0.6976795
932122,0.6520902
932123,0.75961185
932124,0.767381
932125,0.767381
932126,0.767381
932127,0.767381
932223,0.4728574
932259,0.6361347
932260,0.770761
932261,0.770761
932262,0.770761
932263,0.770761
932264,0.770761
932265,0.770761
932266,0.770761
932267,0.770761
932268,0.770761
932269,0.770761
932270,0.770761
932271,0.7006422
932272,0.7801471
932273,0.7801471
932274,0.7801471
932275,0.7801471
932276,0.7801471
932277,0.7801471
932278,0.7801471
932279,0.7801471
932280,0.7801471
932281,0.7801471
932282,0.7801471
932283,0.7801471
932284,0.7006422
932285,0.7801471
932286,0.7801471
932287,0.7801471
932288,0.7801471
932289,0.7801471
932290,0.7801471
932291,0.7801471
932292,0.7801471
932309,0.7006422
932310,0.7801471
932311,0.7801471
932312,0.7801471
932313,0.7801471
932314,0.7801471
932315,0.7801471
932316,0.7801471
932341,0.6881165
932549,0.4814055
932550,0.7146268
932551,0.7146268
932552,0.7146268
932553,0.7146268
932554,0.7146268
932555,0.7146268
932556,0.7146268
932557,0.7146268
932565,0.5886698
932566,0.69998705
932567,0.69998705
932568,0.69998705
932569,0.69998705
932570,0.69998705
932571,0.69998705
932572,0.69998705
932573,0.69998705
932581,0.5886698
932582,0.69998705
932583,0.69998705
932584,0.69998705
932585,0.69998705
932611,0.5886698
932612,0.69998705
932613,0.69998705
932614,0.69998705
932615,0.69998705
932616,0.69998705
932617,0.69998705
932625,0.631448
932626,0.74407184
932802,0.5784165
932803,0.7616486
932804,0.7616486
932805,0.7616486
932806,0.7616486
932807,0.7616486
932808,0.7616486
932809,0.7616486
932810,0.7616486
932811,0.7616486
932812,0.7616486
932813,0.7616486
932814,0.7616486
932815,0.7616486
932816,0.7616486
932817,0.7616486
932818,0.7616486
932819,0.7616486
932820,0.7616486
932821,0.7616486
932822,0.7616486
932823,0.7616486
932835,0.69168776
932836,0.76544756
932837,0.76544756
932838,0.76544756
932839,0.76544756
932840,0.76544756
932846,0.69168776
932847,0.76544756
932848,0.76544756
932849,0.76544756
932850,0.76544756
932851,0.76544756
932852,0.76544756
932853,0.76544756
932854,0.76544756
932855,0.76544756
932856,0.76544756
932863,0.69168776
932864,0.76544756
932865,0.76544756
932866,0.76544756
932867,0.76544756
932868,0.76544756
932869,0.76544756
932870,0.76544756
932871,0.76544756
932872,0.76544756
932873,0.76544756
932874,0.76544756
932875,0.76544756
932876,0.76544756
932877,0.76544756
932878,0.76544756
932879,0.76544756
932880,0.76544756
932886,0.6662545
933012,0.5184749
933013,0.7125876
933014,0.7125876
933015,0.7125876
933016,0.7125876
933022,0.6433934
933023,0.75518656
933024,0.75518656
933025,0.75518656
933026,0.75518656
933027,0.75518656
933028,0.75518656
933029,0.75518656
933030,0.75518656
933031,0.75518656
933032,0.75518656
933042,0.5561788
933446,0.48081642
933613,0.5337403
933614,0.39042267
933615,0.39042267
933616,0.67858845
933617,0.7882095
933618,0.7882095
933619,0.7882095
933620,0.7882095
933621,0.7882095
933622,0.7882095
933623,0.7882095
933624,0.7882095
933625,0.7882095
933626,0.7882095
933627,0.7882095
933628,0.7882095
933629,0.7882095
933630,0.7882095
934779,0.45421794
934780,0.6792278
934784,0.6263599
934785,0.73774374
934786,0.73774374
934787,0.73774374
934788,0.73774374
934789,0.73774374
935017,0.56188726
935018,0.719788
935019,0.719788
935020,0.719788
935021,0.719788
935032,0.58467793
935033,0.719788
935034,0.719788
935035,0.719788
935036,0.719788
935037,0.719788
935038,0.719788
935063,0.58861136
935064,0.7066774
935065,0.7066774
935066,0.7066774
935067,0.7066774
935068,0.7066774
935069,0.7066774
935070,0.7066774
935071,0.7066774
935072,0.7066774
935073,0.7066774
935080,0.58861136
935081,0.7066774
935082,0.7066774
935083,0.7066774
935084,0.7066774
935085,0.7066774
935086,0.7066774
935087,0.7066774
935088,0.7066774
935089,0.7066774
935092,0.58861136
935093,0.7066774
935094,0.7066774
935095,0.7066774
935150,0.53524864
935282,0.63533425
935283,0.770761
935284,0.770761
935285,0.7736854
935286,0.7736854
935287,0.7736854
935288,0.7736854
935289,0.7736854
935290,0.7736854
935291,0.7736854
935292,0.7736854
935293,0.7736854
935322,0.6991026
935323,0.7736854
935324,0.7736854
935325,0.7736854
935326,0.7736854
935327,0.7736854
935328,0.7736854
935329,0.7736854
935330,0.7736854
935331,0.7736854
935332,0.7736854
935333,0.7736854
935334,0.7736854
935346,0.71094763
935347,0.78448385
935348,0.78448385
935349,0.78448385
935350,0.78448385
935351,0.78448385
935352,0.78448385
935353,0.78448385
935354,0.78448385
935355,0.78448385
935356,0.78448385
935357,0.78448385
935358,0.78448385
935384,0.71094763
935385,0.78448385
935386,0.78448385
935387,0.78448385
935388,0.78448385
935389,0.78448385
935390,0.78448385
935391,0.78448385
935392,0.78448385
935393,0.78448385
935394,0.78448385
935395,0.78448385
935410,0.71094763
935411,0.78448385
935412,0.78448385
935413,0.78448385
935414,0.78448385
935415,0.78448385
935416,0.78448385
935417,0.78448385
935418,0.78448385
935419,0.78448385
935420,0.78448385
935421,0.78448385
935422,0.78448385
935423,0.78448385
935424,0.78448385
935425,0.78448385
935426,0.78448385
935427,0.78448385
935428,0.78448385
935429,0.78448385
935430,0.78448385
935431,0.78448385
935432,0.78448385
935433,0.78448385
935434,0.78448385
935435,0.78448385
935436,0.78448385
935437,0.78448385
935438,0.78448385
935439,0.78448385
935440,0.78448385
935441,0.78448385
935442,0.78448385
935443,0.78448385
935444,0.78448385
935445,0.78448385
935446,0.78448385
935447,0.78448385
935452,0.6986677
935453,0.7767296
935454,0.7767296
935455,0.7767296
935456,0.7767296
935466,0.522444
935816,0.6464618
935817,0.7684194
935818,0.7684194
935819,0.7684194
935820,0.7684194
935821,0.7684194
935822,0.7684194
935823,0.7684194
935824,0.7684194
935825,0.7684194
935826,0.7684194
935827,0.7684194
935828,0.7684194
935841,0.7003183
935842,0.7684194
935843,0.7684194
935844,0.7684194
935845,0.7684194
935846,0.7684194
935847,0.7684194
935848,0.7684194
935849,0.7684194
935850,0.7684194
935915,0.29479864
935916,0.6366366
935917,0.5484949
935918,0.6366366
935919,0.6366366
935920,0.6366366
935921,0.6366366
935922,0.6366366
935923,0.6366366
935924,0.6366366
935925,0.6366366
935926,0.6366366
935939,0.29524383
936331,0.4455032
936332,0.7009325
936333,0.7009325
936334,0.3121818
936335,0.7009325
936336,0.7009325
936353,0.6982695
936354,0.7188629
936355,0.7188629
936356,0.7188629
936357,0.7188629
936358,0.7188629
936388,0.6275229
936389,0.7188629
936390,0.7188629
936391,0.7188629
936392,0.7188629
936393,0.7188629
936394,0.7188629
936405,0.6848611
936406,0.7292509
936407,0.7292509
936408,0.7292509
936409,0.7292509
936410,0.7292509
936411,0.7292509
937698,0.62328273
937699,0.7242565
937700,0.7242565
937701,0.7242565
937702,0.7242565
937703,0.7242565
937704,0.7242565
937705,0.7242565
937706,0.7242565
937707,0.7242565
937708,0.7242565
937709,0.7242565
937710,0.7242565
937711,0.7242565
937712,0.7242565
937713,0.7242565
937714,0.7242565
937720,0.6786289
937721,0.7242565
937722,0.7242565
937723,0.7242565
937724,0.7242565
937725,0.7242565
937726,0.7242565
937727,0.7242565
937728,0.7242565
937729,0.7242565
937730,0.7242565
937731,0.7242565
937732,0.7083845
937733,0.7513353
937734,0.7513353
937735,0.7513353
937736,0.7513353
937737,0.7513353
937738,0.7513353
937739,0.7513353
937740,0.7513353
937741,0.7513353
937743,0.7083845
937744,0.7513353
937745,0.7513353
937746,0.7513353
937747,0.7513353
937748,0.7513353
937749,0.7513353
937750,0.7513353
937751,0.7513353
937752,0.7083845
937753,0.7513353
937754,0.7200105
937755,0.7200105
937756,0.7820366
937757,0.7820366
937758,0.7820366
937759,0.7820366
937760,0.7820366
937761,0.7820366
937762,0.7820366
937763,0.7820366
937764,0.78001434
937765,0.78001434
937766,0.78001434
937776,0.7176206
937777,0.78001434
937778,0.78001434
937779,0.78001434
937780,0.78001434
937781,0.78001434
937782,0.78001434
937783,0.78001434
937784,0.78001434
937805,0.69100565
937806,0.76110303
937807,0.76110303
937808,0.76110303
937809,0.76110303
937974,0.31625602
938016,0.38495222
938017,0.65760607
938018,0.65760607
938019,0.65760607
938020,0.65760607
938021,0.55957276
938022,0.65760607
938023,0.65760607
938024,0.65760607
938025,0.65760607
938026,0.65760607
938027,0.65760607
938034,0.5619383
938035,0.64150864
938036,0.64150864
938037,0.64150864
938038,0.64150864
938039,0.64150864
938040,0.64150864
938041,0.5619383
938042,0.64150864
938043,0.64150864
938044,0.64150864
938045,0.64150864
938046,0.64150864
938047,0.64150864
938048,0.64150864
938049,0.64150864
938050,0.64150864
938051,0.64150864
938054,0.5619383
938055,0.64150864
938056,0.64150864
938057,0.64150864
938058,0.64150864
938059,0.64150864
938060,0.64150864
938061,0.64150864
938095,0.5339874
938262,0.5152581
938263,0.71248686
938264,0.71248686
938265,0.71248686
938266,0.71248686
938267,0.71248686
938268,0.71248686
938269,0.71248686
938270,0.6687231
938271,0.73609835
938272,0.73609835
938273,0.73609835
938274,0.73609835
938275,0.73609835
938276,0.73609835
938277,0.73609835
938278,0.6687231
938279,0.73609835
938280,0.73609835
938281,0.73609835
938282,0.73609835
938283,0.73609835
938467,0.46274856
941321,0.3926042
941322,0.65760607
941323,0.65760607
941324,0.65760607
941325,0.65760607
941326,0.65760607
941336,0.5619383
941337,0.64150864
941338,0.64150864
941339,0.64150864
941340,0.64150864
941341,0.64150864
941342,0.5619383
941343,0.64150864
941344,0.64150864
941345,0.64150864
941346,0.64150864
941347,0.64150864
941348,0.64150864
941356,0.5619383
941357,0.64150864
941358,0.64150864
941359,0.64150864
941360,0.64150864
941361,0.64150864
941362,0.64150864
941367,0.60563403
941368,0.6903857
941589,0.5152581
941590,0.71248686
941591,0.71248686
941592,0.71248686
941593,0.6687231
941594,0.73609835
941595,0.73609835
941596,0.73609835
941597,0.73609835
941599,0.6687231
941600,0.73609835
941719,0.49114376
941720,0.6568682
941721,0.6568682
941722,0.6568682
941723,0.6568682
941724,0.6568682
941725,0.6568682
941726,0.6568682
941727,0.6568682
941728,0.6568682
941729,0.6568682
941730,0.6568682
941731,0.6568682
941746,0.61949116
941747,0.7042986
941748,0.7042986
941749,0.7042986
941750,0.7042986
941751,0.7096908
941752,0.7096908
941753,0.7096908
941754,0.7096908
941755,0.7096908
941756,0.7096908
941757,0.7096908
941758,0.7096908
941759,0.7096908
941765,0.6256077
941766,0.7096908
941767,0.7096908
941779,0.49294138
941901,0.54739517
941902,0.70844775
941903,0.70844775
941904,0.70844775
941905,0.70844775
941906,0.70844775
941907,0.70844775
941908,0.70844775
941909,0.70844775
941910,0.70844775
941911,0.70844775
941912,0.70844775
941913,0.70844775
941914,0.70844775
941915,0.70844775
941916,0.70844775
941917,0.6618294
941918,0.73226637
941919,0.73226637
941920,0.73226637
941921,0.73226637
941922,0.73226637
941923,0.73226637
941924,0.73226637
941925,0.73226637
941926,0.73226637
941927,0.73226637
941931,0.6618294
941932,0.73226637
941933,0.73226637
941934,0.73226637
941935,0.73226637
941936,0.73226637
941937,0.73226637
941938,0.73226637
941939,0.73226637
941940,0.73226637
941941,0.73226637
941942,0.73226637
941943,0.73226637
941944,0.73226637
941945,0.73226637
941946,0.73226637
941947,0.73226637
941948,0.73226637
941949,0.73226637
941950,0.73226637
941951,0.73226637
941952,0.73226637
941963,0.6664672
941964,0.7198967
941965,0.7198967
941966,0.7198967
941967,0.7198967
941968,0.7198967
941969,0.7198967
941970,0.7198967
941971,0.7198967
941972,0.7198967
941973,0.7198967
941974,0.7198967
941975,0.7198967
941976,0.7198967
941977,0.7198967
941978,0.7198967
941979,0.7198967
941980,0.7198967
941981,0.7198967
941982,0.7198967
941983,0.7198967
941984,0.7198967
941985,0.7198967
941986,0.7198967
941987,0.7198967
942097,0.30641866
942657,0.3827288
942658,0.6172394
942659,0.6172394
942660,0.6172394
942661,0.6172394
942662,0.6172394
942709,0.6177879
942710,0.6172394
942711,0.6172394
942712,0.6172394
942713,0.6172394
942714,0.6172394
942736,0.6177879
942737,0.6172394
942738,0.6172394
942739,0.6172394
942740,0.6172394
942741,0.6172394
942742,0.6172394
942743,0.6172394
942754,0.5832563
942755,0.57728106
942756,0.57728106
942757,0.57728106
942758,0.57728106
942759,0.57728106
942760,0.57728106
942761,0.57728106
942762,0.57728106
942763,0.57728106
942770,0.5832563
942771,0.57728106
942772,0.57728106
942773,0.57728106
942774,0.57728106
942775,0.57728106
942780,0.5832563
942781,0.57728106
942782,0.57728106
942783,0.57728106
942784,0.57728106
942785,0.57728106
942786,0.57728106
942791,0.5689757
942796,0.5689757
944472,0.52850324
944473,0.7824936
944474,0.7824936
944475,0.7824936
944489,0.7270114
944490,0.7824936
944491,0.7824936
944492,0.7824936
944493,0.7824936
944494,0.7824936
944495,0.7824936
944496,0.7824936
944497,0.7824936
944498,0.7824936
944499,0.7824936
944500,0.7824936
944501,0.7824936
944502,0.7824936
944503,0.7824936
944504,0.7824936
944505,0.7824936
944506,0.7824936
944507,0.7824936
944508,0.7824936
944509,0.7824936
944510,0.7824936
944511,0.7824936
944512,0.7824936
944523,0.46976066
944524,0.36922875
944525,0.36922875
944526,0.36922875
944527,0.765524
944528,0.765524
944529,0.765524
944530,0.765524
944531,0.765524
944631,0.416808
944632,0.6280972
944633,0.6280972
944634,0.6280972
944635,0.25892347
944636,0.6280972
944639,0.5641657
944640,0.6280972
944641,0.6280972
944642,0.6280972
944643,0.6280972
944644,0.6280972
944645,0.6210444
944646,0.6280972
944647,0.6280972
944648,0.6280972
944649,0.6280972
944650,0.6280972
944658,0.5641657
944659,0.6280972
944660,0.6280972
944661,0.6280972
944662,0.6280972
944663,0.6280972
944667,0.6077944
944668,0.6860932
944698,0.3760832
944699,0.47209102
944700,0.12953182
944715,0.57954806
944716,0.62282276
944792,0.5360623
944793,0.7071954
944794,0.7071954
944795,0.7071954
944796,0.7071954
944797,0.7071954
944798,0.7071954
944799,0.7071954
944800,0.7071954
944801,0.7071954
944802,0.7071954
944803,0.7071954
944804,0.7071954
944805,0.7071954
944806,0.7071954
944832,0.66943043
944833,0.7071954
944834,0.7071954
944835,0.7071954
944836,0.7071954
944837,0.7071954
944838,0.7071954
944839,0.7071954
944840,0.7071954
944841,0.7071954
944842,0.7071954
944848,0.66943043
944849,0.7071954
944850,0.7071954
944851,0.7071954
944852,0.7071954
945066,0.49675763
945067,0.64822394
945068,0.64822394
945069,0.64822394
945070,0.64822394
945071,0.64822394
945072,0.64822394
945073,0.74549866
945077,0.64369327
945078,0.74549866
945079,0.74549866
945080,0.74549866
945081,0.74549866
945082,0.74549866
945083,0.74549866
945084,0.74549866
945085,0.74549866
945086,0.74549866
945087,0.74549866
945088,0.74549866
945089,0.74549866
945090,0.74549866
945091,0.74549866
945092,0.74549866
945093,0.74549866
945094,0.74549866
945095,0.74549866
945096,0.74549866
945099,0.6834937
945100,0.78469354
945101,0.78469354
945102,0.78469354
945301,0.6169206
945302,0.7804162
945303,0.7804162
945304,0.69866467
945305,0.767237
945306,0.767237
945307,0.767237
945308,0.767237
945309,0.767237
945319,0.69866467
945320,0.767237
945321,0.767237
945322,0.767237
945323,0.767237
945324,0.767237
945325,0.767237
945333,0.69866467
945334,0.767237
945335,0.767237
945336,0.767237
945337,0.767237
945338,0.767237
945339,0.767237
945340,0.767237
945341,0.767237
945342,0.767237
945356,0.65822256
945357,0.34584418
945358,0.34584418
945359,0.7384687
945360,0.7384687
945361,0.7384687
945362,0.7384687
945363,0.7384687
945364,0.7384687
945371,0.65822256
945372,0.7384687
945373,0.7384687
945374,0.7384687
945375,0.7384687
945376,0.7384687
945379,0.65822256
945380,0.7384687
945381,0.7384687
945382,0.7384687
945383,0.7384687
945384,0.7384687
945385,0.7384687
945386,0.7384687
945387,0.7384687
945406,0.6100752
945407,0.6495827
945408,0.6495827
945409,0.6495827
945410,0.6495827
945460,0.4036321
945509,0.26979202
945510,0.752377
945511,0.66952604
945512,0.7565408
945513,0.7565408
945514,0.7565408
945515,0.7565408
945516,0.7565408
945517,0.7565408
945518,0.7565408
945519,0.7565408
945520,0.7565408
945521,0.57464474
945522,0.7565408
945523,0.39006063
945524,0.39006063
945525,0.7017226
945526,0.7897334
945527,0.7897334
945528,0.7897334
945529,0.7897334
945530,0.41490445
945531,0.7897334
945532,0.7897334
945533,0.41490445
945534,0.8649627
945544,0.75485045
945552,0.47200188
946404,0.5512489
946405,0.7643015
946426,0.702365
946427,0.7643015
946428,0.7643015
946429,0.7643015
946430,0.7643015
946431,0.7643015
946432,0.7643015
946433,0.7643015
946434,0.7643015
946435,0.7643015
946436,0.7643015
946437,0.7643015
946438,0.7643015
946439,0.7643015
946440,0.7643015
946441,0.7643015
946442,0.7643015
946443,0.7643015
946444,0.7643015
946445,0.7643015
946446,0.7643015
946447,0.7643015
946448,0.7643015
946449,0.7643015
946450,0.7643015
946451,0.7643015
946452,0.7643015
946453,0.7643015
946454,0.7643015
946455,0.7643015
946456,0.7643015
946457,0.7643015
946458,0.7643015
946459,0.7643015
946460,0.7643015
946461,0.7643015
946462,0.7643015
946463,0.7643015
946464,0.7643015
946465,0.7643015
946466,0.7643015
946467,0.7643015
946468,0.7643015
946666,0.411057
946667,0.4981093
946668,0.4981093
946669,0.4981093
946670,0.4981093
946671,0.7697103
946672,0.4981093
947043,0.43643573
947044,0.45792395
947416,0.70642555
947417,0.8209599
947418,0.8209599
947419,0.8209599
947420,0.8209599
947421,0.8209599
947422,0.8209599
947423,0.8209599
947424,0.8209599
947425,0.7266928
947426,0.8209599
947427,0.8209599
947428,0.8209599
947429,0.8209599
947430,0.8209599
947431,0.8209599
947432,0.8209599
947433,0.8209599
947444,0.77767134
947445,0.8626109
947446,0.8626109
947447,0.8626109
947448,0.8626109
947449,0.8626109
947450,0.8626109
947451,0.8626109
947452,0.8626109
947453,0.8626109
947454,0.5484263
947455,0.8626109
947456,0.8626109
947457,0.8626109
947458,0.8626109
947467,0.77767134
947468,0.8626109
947476,0.7393732
947599,0.63606083
947600,0.79962003
947601,0.79962003
947602,0.79962003
947603,0.79962003
947604,0.79962003
947605,0.79962003
947606,0.79962003
947607,0.79962003
947608,0.79962003
947615,0.7255561
947616,0.79962003
947617,0.79962003
947618,0.79962003
947619,0.79962003
947620,0.79962003
947621,0.79962003
947633,0.7255561
947634,0.79962003
947635,0.79962003
947636,0.79962003
947637,0.79962003
947638,0.44519427
947639,0.44519427
947640,0.44519427
947641,0.44519427
947642,0.44519427
947643,0.44519427
947644,0.44519427
947645,0.44519427
947667,0.69937575
947668,0.7836171
947669,0.7836171
947670,0.7836171
947671,0.7836171
947672,0.7836171
947673,0.75764775
947674,0.75764775
947675,0.75764775
947676,0.75764775
947677,0.75764775
947678,0.75764775
947693,0.6675851
947694,0.75764775
947695,0.75764775
947696,0.75764775
947697,0.75764775
947698,0.75764775
947699,0.75764775
947700,0.75764775
947701,0.75764775
947714,0.6675851
947715,0.75764775
947716,0.75764775
947717,0.75764775
947718,0.75764775
947719,0.75764775
947720,0.75764775
947721,0.75764775
947722,0.75764775
947723,0.75764775
947724,0.75764775
947725,0.75764775
947726,0.75764775
947738,0.5983323
947739,0.66285783
947740,0.6539685
947741,0.6539685
947742,0.6539685
947804,0.5286679
947805,0.728483
947806,0.728483
947807,0.728483
947808,0.6061376
947809,0.728483
947810,0.728483
947811,0.728483
947812,0.728483
947813,0.728483
947814,0.728483
947815,0.728483
947816,0.728483
947817,0.728483
947818,0.64240086
947819,0.7652487
947820,0.7652487
947821,0.7652487
947822,0.7652487
947823,0.7652487
947824,0.7652487
947825,0.7652487
947949,0.57999516
947950,0.75293493
947951,0.75293493
947952,0.75293493
947953,0.75293493
947954,0.75293493
948563,0.35801524
948564,0.5545062
948565,0.5545062
948566,0.5545062
948567,0.5545062
948568,0.5545062
948569,0.5545062
948570,0.5545062
948571,0.5545062
948572,0.5545062
948573,0.5545062
948574,0.5545062
948575,0.5545062
948576,0.5545062
948577,0.5545062
948578,0.5545062
948589,0.56739634
948590,0.6924663
948602,0.56739634
949508,0.5226725
949509,0.75873446
949510,0.75873446
949511,0.75873446
949512,0.75873446
949513,0.75873446
949514,0.75873446
949515,0.75873446
949516,0.75873446
949517,0.75873446
949518,0.75873446
949519,0.60172904
949520,0.7312188
949528,0.5163667
949529,0.7312188
949530,0.7312188
949531,0.7312188
949532,0.7312188
949533,0.7312188
949534,0.7312188
949535,0.7312188
949538,0.6596299
949539,0.7841177
949540,0.7841177
949992,0.32984853
949993,0.6429946
949994,0.6429946
949998,0.6038425
949999,0.7422442
950000,0.7422442
950001,0.7422442
950002,0.7422442
950003,0.6038425
950004,0.7422442
950005,0.7422442
950006,0.7422442
950007,0.7422442
950008,0.7422442
950009,0.7422442
950013,0.6038425
950014,0.7422442
950015,0.7422442
950016,0.7422442
950017,0.7422442
950018,0.7422442
950030,0.6061376
950031,0.728483
950032,0.728483
950033,0.728483
950034,0.728483
950035,0.728483
950036,0.728483
950037,0.728483
950038,0.728483
950039,0.728483
950045,0.6061376
950046,0.728483
950047,0.728483
950048,0.728483
950049,0.728483
950050,0.728483
950051,0.728483
950052,0.728483
950053,0.728483
950240,0.53727555
950241,0.7476019
950242,0.7476019
950243,0.7476019
950244,0.7476019
950254,0.6620307
950255,0.7476019
950256,0.7476019
950257,0.7476019
950258,0.7476019
950259,0.7476019
950274,0.5513432
950286,0.6141435
950287,0.7128125
950288,0.7128125
950289,0.7128125
950290,0.7128125
950291,0.7128125
950292,0.7128125
950529,0.5515064
950530,0.7496657
950531,0.7496657
950532,0.7496657
950533,0.7496657
950534,0.7516024
950535,0.7516024
950536,0.7516024
950537,0.7516024
950538,0.7516024
950539,0.7516024
950545,0.6314921
950546,0.75063384
950547,0.75063384
950548,0.75063384
950554,0.6314921
950555,0.75063384
950556,0.75063384
950557,0.75063384
950558,0.75063384
950559,0.75063384
950560,0.75063384
950561,0.75063384
950562,0.75063384
950563,0.75063384
950564,0.75063384
950565,0.75063384
950572,0.6314921
950573,0.75063384
950574,0.75063384
950575,0.75063384
950576,0.75063384
950577,0.75063384
950583,0.6686652
950584,0.7867704
950585,0.7867704
950586,0.7867704
950587,0.7867704
953219,0.7506124
953220,0.72144425
953221,0.72144425
953222,0.72144425
953223,0.72144425
953224,0.72144425
953225,0.72144425
953226,0.72144425
953227,0.72144425
953228,0.72144425
953229,0.72144425
953230,0.72144425
953231,0.72144425
953232,0.72144425
953233,0.72144425
953234,0.72144425
953235,0.72144425
953236,0.72144425
954615,0.5046249
954616,0.7207061
954617,0.7207061
954618,0.7207061
954619,0.7207061
954620,0.7207061
954621,0.7207061
954622,0.7207061
954623,0.7207061
954624,0.7207061
954625,0.7207061
954626,0.7207061
954627,0.7207061
954628,0.7207061
954629,0.7207061
954630,0.7207061
954631,0.7207061
954632,0.7207061
954633,0.7207061
954634,0.7207061
954635,0.7207061
954636,0.7207061
954639,0.6458569
954640,0.7207061
954641,0.7207061
954642,0.7207061
954643,0.7207061
954644,0.7207061
954645,0.7207061
954646,0.7207061
954647,0.7207061
954648,0.7207061
954649,0.7207061
955620,0.463733
955621,0.73324734
955622,0.73324734
955632,0.6619491
955633,0.7858641
955634,0.7858641
955635,0.7858641
955636,0.7858641
955637,0.7858641
955638,0.7858641
955639,0.7858641
955640,0.7858641
955641,0.7858641
955642,0.7858641
955656,0.6619491
955657,0.7858641
955658,0.7858641
955891,0.5869483
955892,0.7580359
955893,0.7580359
955894,0.7580359
955895,0.7580359
955896,0.7443374
955897,0.7443374
955898,0.6359258
955899,0.7443374
955900,0.7443374
955901,0.7443374
955902,0.7443374
955903,0.7443374
955904,0.7443374
955905,0.7443374
955906,0.7443374
955907,0.7443374
955909,0.67064494
955910,0.77343386
955911,0.77343386
955912,0.77343386
955913,0.77343386
955914,0.77343386
955915,0.77343386
955916,0.77343386
955917,0.77343386
955926,0.67064494
955927,0.77343386
955928,0.77343386
955929,0.77343386
955930,0.77343386
955942,0.67064494
955943,0.77343386
955944,0.77343386
955945,0.77343386
955946,0.77343386
955947,0.77343386
955975,0.64391226
956187,0.48930684
956188,0.6893521
956189,0.6893521
956190,0.6893521
956191,0.6893521
956194,0.6380516
956195,0.7244353
956196,0.7244353
956197,0.7244353
956469,0.53500694
956470,0.7449946
956471,0.7449946
956472,0.7449946
956473,0.7449946
956474,0.7449946
956475,0.7449946
956476,0.7449946
956477,0.7449946
956478,0.7449946
956479,0.7449946
956480,0.7449946
956482,0.640208
956483,0.7449946
956484,0.7449946
956485,0.7449946
956486,0.7449946
956487,0.7449946
956493,0.5588754
956494,0.62699795
956495,0.62699795
956496,0.62699795
956497,0.62699795
956551,0.35590544
956610,0.5744578
956611,0.74757767
956619,0.66341376
956620,0.74757767
956621,0.74757767
956622,0.74757767
956623,0.74757767
956624,0.74757767
956625,0.74757767
956626,0.74757767
956627,0.74757767
956628,0.74757767
956639,0.6366046
956640,0.7198732
956641,0.7198732
956642,0.7198732
956643,0.7198732
956644,0.7198732
956645,0.7198732
956646,0.7198732
956647,0.7198732
956648,0.7198732
956659,0.6366046
956660,0.7198732
956661,0.7198732
956662,0.7198732
956663,0.7198732
956664,0.7198732
956665,0.7198732
956666,0.7198732
956667,0.7198732
956673,0.6366046
956674,0.7198732
956675,0.7198732
956676,0.7198732
956813,0.6190572
956814,0.73986006
956815,0.73986006
956816,0.73986006
956817,0.73986006
956818,0.73986006
956843,0.68779695
956844,0.78008693
956845,0.78008693
956846,0.78008693
956847,0.78008693
956848,0.78008693
956849,0.78008693
956850,0.78008693
956851,0.78008693
956852,0.78008693
956853,0.78008693
956854,0.78008693
956855,0.78008693
956856,0.78008693
956863,0.68779695
956864,0.78008693
956865,0.78008693
956866,0.78008693
956867,0.78008693
956868,0.78008693
956869,0.78008693
956870,0.78008693
956874,0.68779695
956875,0.78008693
956876,0.78008693
956877,0.78008693
956878,0.78008693
956879,0.78008693
956880,0.78008693
956881,0.78008693
956886,0.63921875
956887,0.74632806
956888,0.74632806
956889,0.74632806
956892,0.63921875
956893,0.74632806
956894,0.776137
956895,0.776137
956896,0.776137
956897,0.776137
956898,0.776137
956899,0.776137
956900,0.776137
956901,0.776137
956902,0.776137
956903,0.776137
956911,0.63261634
956912,0.776137
956913,0.776137
956914,0.776137
956915,0.776137
956916,0.776137
958883,0.7328255
958884,0.75414056
958885,0.75414056
958886,0.75414056
958887,0.75414056
958888,0.75414056
958889,0.75414056
958890,0.75414056
958891,0.75414056
958892,0.75414056
958893,0.75414056
958894,0.75414056
958895,0.75414056
958925,0.6040802
958926,0.75414056
958927,0.75414056
958941,0.6040802
958948,0.54596174
958949,0.68304986
958950,0.68304986
958951,0.68304986
958952,0.68304986
958953,0.68304986
958954,0.68304986
958955,0.68304986
958956,0.68304986
958957,0.68304986
958958,0.68304986
958959,0.68304986
958960,0.68304986
958961,0.68304986
960076,0.59355164
960077,0.7654616
960078,0.7654616
960079,0.7654616
960080,0.7654616
960081,0.7654616
960082,0.7654616
960083,0.7654616
960084,0.7654616
960085,0.7654616
960086,0.7654616
960087,0.7654616
960088,0.7654616
960089,0.7654616
960090,0.7654616
960098,0.63585556
960099,0.7998778
960100,0.7998778
960101,0.7998778
960102,0.7998778
960105,0.6718375
960106,0.7998778
960107,0.7998778
960108,0.7998778
960109,0.7998778
960110,0.7998778
960111,0.7998778
960127,0.63261634
960128,0.776137
960129,0.776137
960130,0.776137
960131,0.776137
960132,0.776137
960315,0.61423117
960316,0.73726314
960317,0.73726314
960318,0.73726314
960319,0.73726314
960320,0.73726314
960321,0.73726314
960322,0.73726314
960323,0.73726314
960324,0.73726314
960325,0.73726314
960326,0.73726314
960327,0.73726314
960328,0.73726314
960329,0.73726314
962520,0.56570035
962596,0.56147486
962597,0.7481052
962598,0.7481052
962599,0.7481052
962600,0.7481052
962601,0.7481052
962618,0.5966508
962619,0.7493466
962620,0.7493466
962621,0.7493466
962622,0.7493466
962623,0.7493466
962624,0.7493466
962625,0.7493466
962626,0.7493466
962627,0.7493466
962628,0.7493466
962629,0.7493466
962630,0.7493466
962648,0.5966508
962649,0.7493466
962650,0.7493466
962651,0.7493466
962652,0.7493466
962672,0.5966508
962673,0.7493466
962674,0.7493466
962675,0.7493466
962676,0.7493466
962677,0.7493466
962678,0.7493466
962679,0.7493466
962680,0.7493466
962681,0.7493466
962682,0.7493466
962683,0.7493466
911366,0.18368714
911367,0.41742492
911368,0.41742492
911369,0.41742492
911370,0.41742492
911371,0.41742492
911372,0.22472313
911373,0.43172395
911374,0.43172395
911375,0.43172395
911376,0.43172395
911377,0.43172395
911378,0.22472313
911379,0.43172395
911380,0.43172395
911381,0.43172395
911382,0.43172395
911383,0.22472313
911384,0.43172395
911385,0.43172395
911386,0.43172395
911387,0.43172395
911388,0.43172395
911399,0.19618072
911428,0.15610965
911448,0.13915107
911449,0.2488676
911458,0.10568908
911459,0.24875109
911460,0.24875109
911461,0.24875109
911462,0.24875109
911463,0.24875109
911464,0.24875109
911465,0.24875109
911466,0.24875109
911500,0.092553206
911593,0.08454935
911594,0.2755979
911595,0.2755979
911596,0.2755979
911611,0.13305973
911662,0.1238501
911663,0.27123493
911664,0.27123493
911665,0.27123493
911673,0.13410756
911674,0.27123493
911675,0.27123493
911676,0.27123493
911677,0.27123493
911678,0.27123493
911686,0.1602456
911687,0.30756646
911688,0.30756646
911689,0.1602456
911694,0.13781452
911695,0.25008413
911696,0.25008413
911702,0.13776945
911703,0.24150783
911704,0.24150783
911711,0.13776945
911712,0.24150783
911713,0.24150783
911714,0.24150783
911715,0.24150783
911716,0.24150783
911717,0.24150783
911718,0.24150783
911719,0.24150783
911720,0.24150783
911721,0.24150783
911722,0.24150783
911723,0.24150783
911724,0.24150783
911725,0.24150783
911727,0.13776945
911728,0.24150783
911729,0.24150783
911730,0.24150783
911731,0.24150783
911795,0.11269972
912021,0.11987101
912022,0.26344505
912023,0.28618106
912024,0.28618106
912025,0.20792076
912026,0.36623254
912027,0.36623254
912031,0.20792076
912032,0.36623254
912037,0.20792076
912038,0.36623254
912039,0.36623254
912040,0.36623254
912041,0.36623254
912042,0.36623254
912064,0.20523842
912065,0.37436175
912066,0.37436175
912067,0.37436175
912068,0.37436175
912069,0.37436175
912070,0.37436175
912071,0.37436175
912072,0.37436175
912073,0.37436175
912074,0.37436175
912075,0.37436175
912076,0.37436175
912077,0.37436175
912078,0.37436175
912079,0.37436175
912080,0.37436175
912081,0.37436175
912082,0.37436175
912083,0.37436175
912084,0.37436175
912085,0.37436175
912086,0.37436175
912115,0.20523842
912116,0.37436175
912117,0.37436175
912118,0.37436175
912119,0.37436175
912169,0.20523842
912170,0.37436175
912171,0.37436175
912172,0.37436175
912173,0.37436175
912174,0.37436175
912191,0.17309082
912192,0.3046709
912193,0.3046709
912200,0.17309082
912201,0.3046709
912202,0.3046709
912210,0.17309082
912211,0.3046709
912212,0.3046709
912213,0.3046709
912214,0.3046709
912221,0.13982917
912222,0.2680374
912223,0.2680374
912224,0.2680374
912225,0.2680374
912234,0.13982917
912235,0.2680374
912236,0.2680374
912237,0.2680374
912243,0.13982917
912244,0.2680374
912245,0.2680374
912246,0.2680374
912260,0.090596534
912261,0.21813576
912262,0.21813576
912263,0.21813576
912264,0.21813576
912265,0.21813576
912266,0.21813576
912293,0.090596534
912294,0.21813576
912295,0.21813576
912296,0.21813576
912297,0.21813576
912385,0.08239897
912386,0.20982061
912388,0.08298651
912389,0.20982061
912390,0.20982061
912391,0.20982061
912392,0.20982061
912393,0.20982061
912394,0.20982061
912395,0.20982061
912396,0.20982061
912397,0.20982061
912398,0.20982061
912399,0.20982061
912400,0.20982061
912401,0.20982061
912402,0.20982061
912403,0.20982061
912404,0.20982061
912405,0.20982061
912406,0.20982061
912407,0.20982061
912408,0.20982061
912409,0.20982061
912410,0.20982061
912411,0.20982061
912412,0.20982061
912413,0.11724545
912414,0.18938112
912415,0.18938112
912416,0.18938112
912417,0.18938112
912418,0.18938112
912419,0.18938112
912420,0.18938112
912421,0.18938112
912422,0.18938112
912423,0.11724545
912424,0.31121504
912425,0.31121504
912426,0.31121504
912427,0.31121504
912428,0.31121504
912429,0.11724545
912430,0.31121504
912431,0.31121504
912432,0.31121504
912433,0.31121504
912434,0.31121504
912435,0.31121504
912436,0.09318643
912437,0.2590326
912438,0.2590326
912439,0.2590326
912440,0.2590326
912505,0.07522701
912532,0.054603435
912533,0.059772577
912534,0.13327847
912535,0.13327847
912536,0.13327847
912537,0.13327847
912538,0.13327847
912539,0.10627903
912540,0.22987838
912541,0.22987838
912542,0.22987838
912543,0.22987838
912544,0.22987838
912545,0.22987838
912546,0.10627903
912547,0.22987838
912548,0.22987838
912549,0.22987838
912550,0.22987838
912551,0.22987838
912552,0.10627903
912553,0.22987838
912554,0.22987838
912555,0.22987838
912556,0.22987838
912557,0.22987838
912558,0.22987838
912559,0.22987838
912560,0.1854984
912561,0.32642046
912562,0.32642046
912563,0.32642046
912564,0.32642046
912565,0.32642046
912574,0.1854984
912575,0.32642046
912576,0.32642046
912577,0.32642046
912578,0.32642046
912579,0.32642046
912580,0.32642046
912597,0.1854984
912598,0.32642046
912599,0.32642046
912600,0.32642046
912601,0.32642046
912602,0.32642046
912625,0.1946202
912626,0.44376528
912627,0.44376528
912642,0.22536446
912643,0.36689693
912644,0.44376528
912645,0.44376528
912646,0.44376528
912647,0.44376528
912648,0.44376528
912649,0.44376528
912650,0.44376528
912651,0.44376528
912652,0.44376528
912653,0.44376528
912654,0.44376528
912667,0.19516273
912668,0.36689693
912669,0.36689693
912670,0.36689693
912671,0.36689693
912672,0.36689693
912691,0.2141857
912730,0.13393575
912739,0.17268196
912740,0.30596456
912741,0.17762856
912745,0.17268196
912746,0.30596456
912747,0.30596456
912748,0.30596456
912749,0.31452656
912750,0.31452656
912751,0.31452656
912753,0.1354927
912754,0.30873933
912755,0.30873933
913335,0.15825099
913336,0.20957464
913337,0.20957464
913338,0.115431786
913339,0.20957464
913340,0.20957464
913341,0.20957464
913342,0.20957464
913343,0.20957464
913344,0.10186902
913345,0.19582134
913346,0.19582134
913347,0.19582134
913348,0.19582134
913349,0.19582134
913350,0.19582134
913415,0.20526798
913430,0.14864543
913431,0.3297163
913432,0.3297163
913433,0.3297163
913434,0.3297163
913435,0.22392315
913436,0.3297163
913437,0.3297163
913442,0.14864543
913443,0.3297163
913444,0.3297163
913445,0.3297163
913446,0.3297163
913447,0.3297163
913448,0.3297163
913449,0.3297163
913450,0.3297163
913451,0.3297163
913452,0.3297163
913459,0.14864543
913460,0.3297163
913461,0.3297163
913462,0.3297163
913463,0.3297163
913493,0.13604084
913847,0.22821869
913848,0.4377009
913849,0.4377009
913850,0.25849584
913851,0.4377009
913852,0.4377009
913853,0.4377009
913854,0.4377009
913855,0.4377009
913856,0.25849584
913857,0.4377009
913858,0.4377009
913859,0.4377009
913860,0.4377009
913861,0.4377009
913862,0.4377009
913864,0.18864329
913865,0.3727327
913867,0.18864329
914107,0.23174225
914108,0.24066629
914109,0.43431157
914110,0.43431157
914111,0.43431157
914112,0.43431157
914113,0.43431157
914114,0.43431157
914115,0.43431157
914116,0.43431157
914117,0.43431157
914118,0.43431157
914119,0.43431157
914120,0.43431157
914121,0.43431157
914122,0.43431157
914123,0.43431157
914124,0.43431157
914125,0.43431157
914126,0.43431157
914127,0.43431157
914128,0.43431157
914129,0.43431157
914130,0.43431157
914131,0.43431157
914132,0.43431157
914133,0.43431157
914134,0.43431157
914135,0.43431157
914136,0.23376785
914137,0.412946
914138,0.412946
914139,0.412946
914140,0.412946
914141,0.412946
914142,0.412946
914143,0.412946
914144,0.412946
914145,0.412946
914146,0.412946
914147,0.412946
914148,0.412946
914149,0.412946
914150,0.23376785
914151,0.412946
914152,0.412946
914153,0.412946
914154,0.412946
914155,0.412946
914156,0.412946
914157,0.412946
914158,0.412946
914159,0.412946
914160,0.412946
914161,0.412946
914162,0.412946
914163,0.23376785
914164,0.412946
914165,0.412946
914166,0.412946
914167,0.412946
914168,0.412946
914169,0.412946
914170,0.412946
914171,0.412946
914172,0.412946
914173,0.412946
914174,0.412946
914175,0.24585028
914176,0.42720398
914177,0.42720398
914178,0.42720398
914179,0.42720398
914180,0.42720398
914181,0.42720398
914182,0.42720398
914183,0.42720398
914184,0.42720398
914185,0.24585028
914186,0.42720398
914187,0.42720398
914188,0.42720398
914189,0.42720398
914211,0.1739522
914235,0.09415743
914236,0.13980584
914237,0.13980584
914238,0.07544907
914239,0.13980584
914240,0.13980584
914241,0.13980584
914243,0.07544907
914244,0.13980584
914245,0.13980584
914246,0.13980584
914247,0.13980584
914248,0.13980584
914254,0.07274297
914255,0.14050722
914256,0.14050722
914257,0.14050722
914260,0.07274297
914261,0.14050722
914262,0.14050722
914263,0.10479375
914488,0.09147077
914489,0.2335549
914490,0.2335549
914491,0.2335549
914492,0.2335549
914493,0.2335549
914494,0.2335549
914495,0.10338172
914496,0.2335549
914497,0.2335549
914498,0.2335549
914499,0.2335549
914500,0.2335549
914501,0.2335549
914502,0.2335549
914503,0.09481209
914504,0.216804
914505,0.216804
914506,0.216804
914507,0.216804
914508,0.216804
914509,0.09481209
914510,0.216804
914511,0.216804
914512,0.216804
914513,0.216804
914514,0.216804
914515,0.09481209
914516,0.216804
914517,0.216804
914518,0.1336191
914694,0.08769373
914695,0.18149368
914696,0.18149368
914697,0.18149368
914701,0.085020594
914702,0.18149368
914703,0.18149368
914704,0.18149368
914708,0.085020594
914709,0.18149368
914710,0.18149368
914711,0.18149368
914712,0.18149368
914715,0.15379123
914716,0.26881555
914717,0.26881555
914718,0.26881555
914719,0.26881555
914720,0.15379123
914721,0.26881555
914722,0.26881555
914723,0.26881555
914724,0.26881555
914726,0.15379123
914727,0.26881555
914728,0.26881555
914729,0.26881555
914750,0.13767816
914751,0.25370458
914752,0.25370458
914753,0.25370458
914754,0.25370458
914773,0.13767816
914774,0.25370458
914775,0.25370458
914776,0.25370458
914777,0.25370458
914778,0.13767816
914779,0.25370458
914780,0.25370458
914781,0.25370458
914782,0.13865642
914783,0.24654248
914784,0.24654248
914785,0.24654248
914786,0.24654248
914794,0.13865642
914877,0.104820825
914878,0.3910668
914879,0.3910668
914908,0.18238981
914909,0.3910668
914910,0.3910668
914911,0.3910668
914912,0.3910668
914930,0.16307345
914931,0.37197733
914932,0.37197733
914933,0.37197733
914934,0.37197733
914935,0.37197733
914950,0.16307345
914951,0.37197733
914952,0.37197733
914953,0.20970249
914954,0.20970249
914955,0.20970249
914956,0.37197733
914957,0.37197733
914958,0.37197733
914960,0.16307345
914961,0.37197733
914962,0.37197733
914963,0.37197733
914964,0.37197733
914965,0.37197733
914966,0.20970249
914967,0.08648505
914968,0.21739854
914969,0.21739854
914970,0.21739854
915130,0.17981392
915131,0.34118384
915132,0.34118384
915152,0.17809933
915153,0.42578974
915154,0.42578974
915155,0.34118384
915156,0.34118384
915157,0.34118384
915158,0.34118384
915159,0.34118384
915160,0.34118384
915161,0.34118384
915162,0.34118384
915163,0.34118384
915164,0.34118384
915184,0.22996245
915185,0.39328098
915186,0.39328098
915187,0.39328098
915188,0.39328098
915189,0.39328098
915190,0.39328098
915191,0.39328098
915203,0.22996245
915204,0.39328098
915205,0.39328098
915206,0.39328098
915207,0.39328098
915208,0.39328098
915218,0.22996245
915219,0.39328098
915220,0.39328098
915221,0.39328098
915222,0.39328098
915223,0.39328098
915224,0.39328098
915225,0.39328098
915238,0.20580156
915239,0.39012107
915240,0.39012107
915241,0.39012107
915242,0.39012107
915256,0.20580156
915257,0.39012107
915258,0.39012107
915259,0.39012107
915260,0.39012107
915261,0.39012107
915262,0.39012107
915263,0.39012107
915264,0.39012107
915265,0.39012107
915266,0.39012107
915267,0.39012107
915268,0.39012107
915269,0.39012107
915280,0.20580156
915281,0.39012107
915282,0.39012107
915283,0.39012107
915284,0.39012107
915287,0.12992184
915288,0.2946766
915289,0.39666343
915290,0.2946766
915291,0.2946766
915292,0.2946766
915293,0.39666343
915294,0.2946766
915295,0.2946766
915296,0.39666343
915297,0.39666343
915298,0.39666343
915299,0.2946766
915300,0.19947587
915301,0.39666343
915302,0.39666343
915303,0.39666343
915304,0.39666343
915305,0.2946766
915306,0.19947587
915307,0.39666343
915308,0.16471155
915309,0.16471155
915310,0.16471155
915311,0.16471155
915312,0.16471155
915313,0.08554275
915314,0.19269587
915315,0.19269587
915316,0.19269587
915317,0.19269587
915318,0.08554275
915319,0.19269587
915320,0.19269587
915321,0.19269587
915322,0.19269587
915323,0.19269587
915324,0.19269587
915325,0.08554275
915326,0.19269587
915327,0.19269587
915328,0.19269587
915329,0.19269587
915330,0.06328945
915595,0.020577237
915596,0.078006275
915598,0.030911338
915599,0.07240551
915600,0.07240551
915601,0.07240551
915602,0.030911338
915603,0.07240551
915604,0.07240551
915605,0.07240551
915606,0.030911338
915607,0.07240551
915608,0.07240551
915628,0.031398028
915629,0.07304569
915630,0.07304569
915631,0.07304569
916158,0.1394753
916159,0.3951427
916169,0.09120123
916170,0.18777694
916171,0.18777694
916172,0.18777694
916173,0.18777694
916174,0.18777694
916184,0.09120123
916185,0.18777694
916186,0.18777694
916187,0.18777694
916188,0.18777694
916189,0.18777694
916192,0.09120123
916193,0.18777694
916194,0.18777694
916195,0.18777694
916196,0.18777694
916197,0.18777694
916202,0.09137953
916203,0.19962572
916204,0.19962572
916205,0.19962572
916206,0.19962572
916207,0.19962572
916213,0.09137953
916214,0.19962572
916215,0.19962572
916216,0.19962572
916222,0.09137953
916229,0.050005525
916230,0.25387388
916231,0.25387388
916237,0.116942324
916238,0.25387388
916248,0.08165763
916640,0.13837586
916641,0.20982905
916642,0.20982905
916643,0.20982905
916644,0.20982905
916645,0.20982905
916646,0.20982905
916647,0.20982905
916652,0.09874157
916653,0.20982905
916654,0.20982905
916655,0.20982905
916656,0.20982905
916669,0.109887764
916776,0.16658881
916777,0.113520436
916778,0.24781959
916779,0.24781959
916780,0.24781959
916781,0.24781959
916783,0.09187173
916784,0.20769525
916785,0.20769525
916786,0.20769525
916787,0.20769525
916788,0.09187173
916789,0.20769525
916790,0.20769525
916791,0.20769525
916792,0.20769525
916793,0.20769525
916795,0.09187173
916796,0.20769525
916797,0.20769525
916798,0.20769525
916799,0.20769525
916800,0.20769525
916801,0.07714248
916802,0.1787828
916803,0.1787828
916804,0.1787828
916805,0.1787828
916806,0.1787828
916809,0.07714248
916810,0.1787828
916811,0.1787828
916812,0.1787828
916813,0.1787828
916814,0.1787828
916826,0.07714248
916827,0.1787828
916828,0.1787828
916848,0.055127796
916849,0.13349167
916850,0.13349167
916851,0.13349167
916852,0.13349167
916860,0.055127796
916861,0.10142084
916862,0.13349167
916863,0.13349167
916864,0.10142084
916865,0.13349167
916866,0.13349167
916867,0.13349167
916868,0.13349167
916876,0.055127796
916877,0.10142084
916878,0.13349167
916879,0.13349167
916880,0.10142084
916881,0.10142084
916882,0.10142084
916883,0.10142084
916884,0.10142084
916885,0.10142084
916891,0.062862836
916892,0.14950895
916893,0.14950895
916894,0.14950895
916895,0.14950895
916896,0.14950895
916897,0.14950895
916918,0.062862836
916919,0.11847799
916920,0.14950895
916921,0.11847799
916922,0.14950895
916923,0.14950895
916924,0.14950895
916925,0.14950895
916926,0.14950895
916927,0.14950895
916928,0.14950895
916929,0.14950895
916930,0.14950895
916933,0.062862836
916934,0.14950895
916935,0.14950895
916936,0.14950895
916937,0.14950895
916938,0.14950895
916939,0.14950895
916940,0.14950895
916941,0.14950895
916942,0.14950895
916943,0.14950895
916944,0.14950895
916950,0.05662808
916951,0.13838446
916952,0.13838446
916963,0.05662808
916964,0.13838446
916974,0.05662808
916975,0.13838446
917000,0.05435088
917012,0.07364925
917013,0.14570358
917014,0.14570358
917015,0.14570358
917016,0.14570358
917017,0.14570358
917024,0.061573382
917025,0.15565549
917028,0.06497635
917029,0.15565549
917030,0.15565549
917031,0.15565549
917044,0.09839643
917134,0.056644205
917135,0.11605164
917136,0.11605164
917138,0.04690464
917148,0.036642767
917149,0.036642767
917150,0.095980585
917151,0.095980585
917152,0.095980585
917153,0.095980585
917154,0.095980585
917155,0.036642767
917156,0.04254814
917195,0.043639958
917196,0.11014426
917198,0.039752346
917199,0.11014426
917200,0.11014426
917201,0.11014426
917202,0.11014426
917203,0.11014426
917204,0.11014426
917205,0.039109174
917206,0.10785117
917207,0.10785117
917208,0.10785117
917209,0.10785117
917210,0.039109174
917211,0.10785117
917212,0.10785117
917213,0.10785117
917214,0.10785117
917215,0.10785117
917216,0.039109174
917217,0.10785117
917218,0.10785117
917219,0.10785117
917220,0.10785117
917221,0.10785117
917222,0.04090365
917223,0.12952843
917224,0.12952843
917225,0.11243071
917226,0.12952843
917227,0.11243071
917228,0.11243071
917229,0.11243071
917230,0.11243071
917231,0.11243071
917232,0.04090365
917233,0.11243071
917234,0.11243071
917235,0.11243071
917236,0.11243071
917237,0.11243071
917238,0.11243071
917239,0.11243071
917240,0.11243071
917241,0.11243071
917242,0.11243071
917259,0.04090365
917260,0.11243071
917261,0.11243071
917262,0.11243071
917263,0.11243071
917264,0.11243071
917265,0.11243071
917270,0.044062383
917271,0.11446605
917272,0.11446605
917273,0.11446605
917274,0.11446605
917275,0.11446605
917276,0.11446605
917283,0.044062383
917284,0.11446605
917285,0.11446605
917286,0.11446605
917287,0.11446605
917288,0.11446605
917305,0.08913042
917306,0.11446605
917307,0.11446605
917308,0.11446605
917309,0.11446605
917310,0.11446605
917311,0.11446605
917312,0.11446605
917313,0.11446605
917319,0.066859566
917320,0.14394768
917321,0.14394768
917322,0.14394768
917323,0.14394768
917324,0.14394768
917325,0.14394768
917326,0.14394768
917327,0.14394768
917328,0.14394768
917337,0.066859566
917338,0.14394768
917339,0.14394768
917340,0.14394768
917341,0.14394768
917342,0.066859566
917343,0.14394768
917344,0.14394768
917345,0.14394768
917346,0.14394768
917347,0.14394768
917348,0.14394768
917349,0.060679313
917350,0.1373612
917351,0.1373612
917352,0.1373612
917353,0.1373612
917354,0.1373612
917355,0.060679313
917356,0.1373612
917357,0.1373612
917358,0.1373612
917359,0.1373612
917360,0.1373612
917361,0.056042086
917362,0.1373612
917363,0.1373612
917364,0.1373612
917365,0.1373612
917366,0.1373612
917367,0.1128533
917368,0.059803702
917369,0.11373403
917370,0.11373403
917371,0.11373403
917372,0.11373403
917373,0.059803702
917374,0.11373403
917375,0.11373403
917376,0.059803702
917377,0.11373403
917378,0.11373403
917379,0.11373403
917380,0.11373403
917381,0.10070122
917382,0.19366987
917383,0.19366987
917384,0.07726538
917739,0.062232025
917740,0.13457634
917741,0.13457634
917742,0.13457634
917743,0.13457634
917744,0.058322698
917745,0.13457634
917746,0.13457634
917747,0.13457634
917748,0.13457634
917749,0.13457634
917750,0.13457634
917762,0.099708125
918240,0.14900756
918241,0.2308053
918242,0.2308053
918243,0.2308053
918244,0.2308053
918245,0.2308053
918246,0.2308053
918247,0.2308053
918248,0.2308053
918249,0.2308053
918250,0.2308053
918251,0.2308053
918252,0.2308053
918253,0.2308053
918254,0.2308053
918255,0.2308053
918266,0.11032979
918267,0.2308053
918268,0.2308053
918269,0.2308053
918270,0.2308053
918271,0.2308053
918275,0.12028618
918276,0.23548366
918277,0.23548366
918278,0.23548366
918279,0.23548366
918280,0.23548366
918281,0.23548366
918282,0.23548366
918283,0.23548366
918284,0.23548366
918285,0.23548366
918286,0.23548366
918287,0.23548366
918288,0.23548366
918289,0.23548366
918290,0.23548366
918291,0.23548366
918293,0.12028618
918294,0.23548366
918295,0.23548366
918296,0.23548366
918297,0.23548366
918298,0.23548366
918299,0.23548366
918300,0.23548366
918301,0.23548366
918302,0.23548366
918303,0.23548366
918304,0.23548366
918305,0.23548366
918306,0.23548366
918307,0.23548366
918308,0.23548366
918309,0.23548366
918310,0.23548366
918311,0.23548366
918312,0.23548366
918313,0.23548366
918314,0.23548366
918315,0.23548366
918316,0.23548366
918317,0.23548366
918318,0.23548366
918319,0.23548366
918320,0.23548366
918321,0.23548366
918322,0.23548366
918323,0.23548366
918324,0.23548366
918325,0.23548366
918326,0.23548366
918327,0.23548366
918328,0.23548366
918329,0.23548366
918330,0.23548366
918331,0.23548366
918332,0.23548366
918333,0.23548366
918334,0.23548366
918335,0.23548366
918346,0.12028618
918347,0.23548366
918348,0.23548366
918349,0.23548366
918350,0.23548366
918351,0.23548366
918352,0.24530351
918353,0.24530351
918363,0.04418459
918364,0.12758578
918365,0.12758578
918366,0.12758578
918367,0.12758578
918392,0.04418459
918393,0.12758578
918394,0.12758578
918395,0.12758578
918396,0.12758578
918397,0.12758578
918398,0.12758578
918399,0.12758578
918400,0.12758578
918413,0.04418459
918414,0.12758578
918415,0.12758578
918416,0.12758578
918417,0.12758578
918418,0.12758578
918419,0.12758578
918420,0.12758578
918421,0.12758578
918422,0.12758578
918423,0.12758578
918424,0.12758578
918425,0.12758578
918426,0.12758578
918427,0.12758578
918428,0.12758578
918429,0.12758578
918430,0.12758578
918457,0.044692013
918458,0.12047529
918459,0.12047529
918460,0.12047529
918461,0.12047529
918462,0.12047529
918463,0.12047529
918467,0.044692013
918468,0.12047529
918469,0.12047529
918470,0.12047529
918471,0.12047529
918472,0.12047529
918473,0.12047529
918474,0.12047529
918475,0.12047529
918476,0.044692013
918477,0.12047529
918478,0.12047529
918479,0.12047529
918480,0.04668776
918481,0.124562666
918482,0.124562666
918483,0.124562666
918484,0.124562666
918485,0.124562666
918488,0.04668776
918489,0.124562666
918490,0.124562666
918491,0.124562666
918492,0.124562666
918493,0.046713796
919102,0.14823326
919103,0.23476745
919123,0.1233295
919124,0.23476745
919125,0.23476745
919126,0.23476745
919127,0.23476745
919128,0.23476745
919129,0.23476745
919130,0.23476745
919131,0.23476745
919132,0.23476745
919133,0.23476745
919147,0.1233295
919148,0.23476745
919149,0.23476745
919158,0.1350763
919333,0.073971964
919352,0.049873758
919353,0.1432616
919354,0.1432616
919362,0.049873758
919376,0.053029142
919377,0.1421563
919383,0.06043181
919384,0.1583665
919385,0.1583665
919386,0.1583665
919387,0.1583665
919388,0.1583665
919389,0.1583665
919390,0.1583665
919391,0.1583665
919392,0.1583665
919393,0.1583665
919394,0.1583665
919395,0.1583665
919400,0.06043181
919401,0.1583665
919402,0.1583665
919403,0.1583665
919404,0.1583665
919405,0.1583665
919406,0.1583665
919407,0.1583665
919408,0.1583665
919409,0.1583665
919410,0.1583665
919411,0.1583665
919419,0.06043181
919420,0.1583665
919421,0.1583665
919422,0.1583665
919423,0.1583665
919424,0.14757527
919425,0.14757527
919426,0.14757527
919431,0.06016502
919432,0.14894633
919433,0.14894633
919434,0.14894633
919435,0.14894633
919436,0.14894633
919442,0.06016502
919443,0.14894633
919444,0.14894633
919445,0.14894633
919446,0.14894633
919449,0.06016502
919450,0.14894633
919451,0.14894633
919452,0.14894633
919503,0.07592896
920123,0.06470729
920135,0.06414581
920893,0.1115155
920894,0.23069015
920895,0.23069015
920896,0.23069015
920903,0.05054477
921799,0.13034461
921806,0.16083719
921807,0.29180562
921808,0.29180562
921809,0.29180562
921810,0.29180562
921811,0.29180562
921841,0.22132325
922810,0.22766751
922811,0.30419552
922812,0.30419552
922819,0.16998474
922820,0.30419552
923458,0.046567723
923459,0.08876746
923479,0.030749751
925131,0.020276267
925132,0.05961925
925133,0.05961925
925134,0.05961925
925142,0.02182628
925143,0.05961925
925144,0.05961925
926092,0.050793044
926833,0.03288877
926834,0.037073214
927222,0.03647521
927223,0.0697736
927224,0.030731255
927225,0.0697736
927226,0.0697736
927227,0.0697736
927230,0.05288766
927231,0.11665774
927232,0.11665774
927233,0.11665774
927241,0.05288766
927242,0.11665774
927243,0.11665774
927252,0.05288766
927253,0.11665774
927254,0.11665774
927255,0.11665774
927676,0.084778085
927706,0.045726027
927724,0.044703986
927989,0.105232246
928051,0.19607212
928052,0.37576795
928053,0.37576795
928054,0.37576795
928055,0.37576795
928056,0.37576795
928071,0.2507773
928072,0.37576795
928073,0.37576795
928074,0.37576795
928075,0.37576795
928091,0.2507773
928092,0.37576795
928093,0.37576795
928094,0.37576795
928095,0.37576795
928096,0.37576795
928097,0.37576795
928113,0.133818
928114,0.18912901
928115,0.18912901
928116,0.18912901
928117,0.18912901
928126,0.133818
928152,0.26194546
928153,0.25238577
928154,0.25238577
928155,0.25238577
928156,0.10860983
928157,0.19053288
928158,0.19053288
928159,0.19053288
928160,0.19053288
928161,0.19053288
928162,0.19053288
928163,0.19053288
928164,0.19053288
928165,0.19053288
928166,0.19053288
928167,0.10860983
928168,0.19053288
928169,0.19053288
928170,0.19053288
928171,0.19053288
928172,0.11214146
928173,0.11214146
928174,0.048298996
928175,0.05406335
928176,0.05512458
928177,0.25458133
928178,0.25458133
928179,0.25458133
928180,0.25458133
928181,0.25458133
928182,0.25458133
928183,0.25458133
928184,0.14567517
928185,0.25458133
928186,0.25458133
928187,0.25458133
928188,0.25458133
928189,0.25458133
928190,0.25458133
928191,0.13396557
928192,0.23177713
928193,0.23177713
928194,0.23177713
928195,0.23177713
928196,0.23177713
928197,0.13396557
928198,0.23177713
928199,0.23177713
928200,0.23177713
928201,0.23177713
928206,0.15078494
928207,0.19809185
928213,0.11170738
928214,0.19809185
928215,0.19809185
928216,0.19809185
928217,0.19809185
928218,0.19809185
928219,0.19809185
928227,0.08190903
928228,0.14579672
928229,0.14579672
928230,0.14579672
928231,0.14579672
928232,0.14579672
928240,0.08190903
928274,0.047237158
928296,0.03198157
928297,0.07768432
928298,0.07768432
928320,0.04080165
928529,0.07707514
928530,0.11664609
928531,0.11664609
928532,0.11664609
928537,0.06517124
928538,0.11755247
928539,0.11755247
928540,0.11755247
928541,0.11755247
928542,0.11755247
928543,0.11755247
928549,0.06517124
928550,0.11755247
928551,0.11755247
928552,0.11755247
928553,0.11755247
928554,0.11755247
928558,0.06517124
928559,0.11755247
928560,0.11755247
928561,0.11755247
928562,0.11755247
928563,0.11755247
928564,0.11755247
928565,0.11755247
928566,0.11755247
928567,0.11755247
928573,0.094861746
928574,0.18130557
928575,0.18130557
928577,0.094861746
928660,0.033351872
928661,0.07106205
928662,0.07106205
928663,0.09181879
928664,0.09181879
928669,0.042105697
928670,0.07808026
928671,0.07808026
928672,0.07808026
928673,0.07808026
928680,0.042105697
928681,0.07808026
928682,0.07808026
928683,0.07808026
928684,0.07808026
928685,0.07808026
928692,0.042105697
928693,0.07808026
928694,0.07808026
928695,0.07808026
928696,0.07808026
928701,0.045907054
928702,0.0828964
928703,0.0828964
928704,0.0828964
928705,0.0828964
928710,0.045907054
928711,0.0828964
928712,0.0828964
928713,0.0828964
928714,0.0828964
928715,0.045907054
928716,0.0828964
928717,0.0828964
928718,0.0828964
928719,0.0828964
928720,0.039510306
928721,0.07292965
928722,0.07292965
928723,0.07292965
928724,0.07292965
928725,0.039510306
928726,0.07292965
928727,0.07292965
928728,0.07292965
928729,0.07292965
928731,0.039510306
928732,0.07292965
928733,0.07292965
928734,0.07292965
928735,0.07292965
928736,0.07292965
928737,0.07292965
928738,0.07292965
928739,0.07292965
928740,0.07292965
928741,0.07292965
928745,0.04024878
928746,0.07770636
928747,0.07770636
928748,0.07770636
928749,0.07770636
928750,0.07770636
928751,0.07770636
928752,0.07770636
928753,0.07770636
928759,0.04024878
928760,0.07770636
928761,0.07770636
928762,0.07770636
928763,0.07770636
928764,0.07770636
928765,0.07770636
928766,0.07770636
928767,0.07770636
928768,0.07770636
928777,0.04024878
928778,0.07770636
928779,0.07770636
928780,0.07770636
928788,0.040464688
928789,0.08191287
928790,0.08191287
928791,0.08191287
928792,0.08191287
928794,0.040464688
928795,0.08191287
928796,0.08191287
928797,0.040464688
928798,0.040956
928799,0.08286398
928800,0.040956
928803,0.040956
928810,0.057060596
928811,0.10784411
928812,0.10784411
928813,0.10784411
928814,0.10784411
928831,0.14012189
929008,0.06920009
929009,0.06015928
929182,0.15550333
929183,0.28329375
929206,0.22026983
929208,0.08374287
929209,0.13142513
929210,0.13142513
929211,0.07929159
929301,0.02271112
929585,0.18359207
929586,0.23055178
929587,0.23055178
929588,0.23055178
929589,0.23055178
929590,0.23055178
929591,0.23055178
929592,0.30823553
929593,0.23055178
929604,0.15052803
929629,0.07394628
929630,0.13922113
929631,0.13922113
929632,0.13922113
929633,0.13922113
929634,0.13922113
929637,0.07684317
929638,0.14305586
929639,0.14305586
929640,0.14305586
929641,0.14305586
929642,0.14305586
929647,0.07684317
929682,0.030983545
929916,0.2383038
929917,0.322196
929928,0.26575118
929929,0.3900003
929930,0.3900003
929931,0.3900003
929937,0.22350894
929938,0.3858297
929939,0.3900003
930012,0.1049092
930013,0.21497817
930014,0.21497817
930015,0.21497817
930016,0.21497817
930028,0.10289143
931133,0.23152412
931134,0.20387174
931135,0.20387174
931136,0.20387174
931137,0.20387174
931138,0.20206213
931139,0.20387174
931140,0.20387174
931141,0.20387174
931142,0.17529063
931149,0.07479395
931202,0.07897039
931207,0.06980246
931208,0.13594808
931214,0.07976848
931219,0.06436475
931220,0.1342644
931221,0.1342644
931222,0.1342644
931223,0.13681872
931224,0.13681872
931225,0.13681872
931226,0.13681872
931227,0.13681872
931228,0.13681872
931229,0.13681872
931230,0.13681872
931231,0.13681872
931232,0.066721365
931233,0.1342644
931234,0.1342644
931235,0.1342644
931236,0.1342644
931237,0.1342644
931238,0.1342644
931239,0.1342644
931240,0.1342644
931241,0.066721365
931242,0.05304676
931379,0.05308375
931380,0.07581357
931387,0.032815035
931388,0.07581357
931389,0.07581357
931390,0.07581357
931396,0.032815035
931567,0.13223629
931568,0.16287933
931569,0.16287933
931573,0.18814725
931574,0.26850054
931575,0.26850054
931576,0.26850054
931577,0.26850054
931578,0.26850054
931579,0.18814725
931580,0.26850054
931581,0.26850054
931582,0.26850054
931583,0.26850054
931584,0.26850054
931585,0.18814725
931586,0.26850054
931587,0.26850054
931588,0.26850054
931589,0.26850054
931590,0.26850054
931591,0.26850054
931592,0.26850054
931599,0.094639905
931600,0.13144988
931601,0.13144988
931602,0.13144988
931603,0.13144988
931604,0.13144988
931605,0.13144988
931607,0.094639905
931608,0.13144988
931609,0.13144988
931610,0.13144988
931611,0.13144988
931612,0.13144988
931613,0.13144988
931614,0.13144988
931615,0.13144988
931616,0.13144988
931617,0.13144988
931618,0.094639905
931619,0.13144988
931620,0.13144988
931623,0.112093024
932175,0.056255545
932176,0.057692733
932184,0.030977182
932185,0.07033995
932186,0.07033995
932187,0.07033995
932188,0.07033995
932189,0.07033995
932190,0.07033995
932191,0.07033995
932193,0.030977182
932194,0.07033995
932195,0.07033995
932196,0.07033995
932197,0.07033995
932198,0.07033995
932199,0.07033995
932200,0.07033995
932201,0.030977182
932202,0.07033995
932203,0.07033995
932204,0.07033995
932205,0.07033995
932206,0.07033995
932207,0.07033995
932208,0.07033995
932209,0.07033995
932210,0.07033995
932211,0.07033995
932212,0.07033995
932213,0.07033995
932214,0.07033995
932215,0.07033995
932216,0.07033995
932217,0.07033995
932218,0.07033995
932219,0.07033995
932220,0.07033995
932221,0.07033995
932224,0.037809733
932225,0.08342039
932227,0.031812906
933036,0.0751834
933037,0.031156885
933038,0.031156885
933039,0.031156885
933040,0.031156885
933043,0.009044864
933044,0.02148802
933045,0.02148802
933046,0.02148802
933047,0.02148802
933048,0.02148802
933049,0.02148802
933050,0.02148802
933051,0.02148802
933052,0.02148802
933053,0.02148802
933062,0.012811104
933063,0.023071108
933064,0.023071108
933065,0.02148802
933066,0.02148802
933088,0.012811104
933089,0.023071108
933090,0.023071108
933091,0.023071108
933113,0.011777754
933114,0.020315297
933115,0.020315297
933116,0.020315297
933117,0.020315297
933143,0.011777754
933144,0.020315297
933145,0.020315297
933146,0.020315297
933184,0.011777754
933185,0.020315297
933186,0.020315297
933187,0.020315297
933209,0.022369301
933210,0.04743695
933211,0.04743695
933212,0.04743695
933222,0.022369301
933223,0.04743695
933224,0.04743695
933225,0.054880153
933226,0.054880153
933237,0.024096496
933238,0.054880153
933239,0.054880153
933240,0.054880153
933449,0.24703331
933450,0.19495438
933451,0.27226195
933457,0.18200885
933458,0.3228734
933743,0.11937262
933744,0.10610306
933752,0.04735466
933753,0.10610306
933754,0.10610306
933755,0.10610306
933756,0.10610306
933757,0.10610306
933761,0.042719282
933762,0.092399344
933763,0.092399344
933764,0.092399344
933765,0.092399344
933766,0.092399344
933767,0.092399344
933771,0.042719282
933772,0.092399344
933773,0.092399344
933774,0.092399344
933775,0.092399344
933776,0.092399344
933778,0.042719282
933779,0.092399344
933780,0.092399344
933781,0.092399344
933782,0.092399344
933783,0.092399344
933784,0.041368272
933785,0.08962428
933786,0.08962428
933787,0.08962428
933788,0.08962428
933789,0.041368272
933790,0.08962428
933791,0.08962428
933792,0.08962428
933793,0.08962428
933794,0.08962428
933796,0.041368272
933797,0.08962428
933798,0.08962428
933799,0.08962428
933800,0.08962428
933801,0.08962428
933802,0.07397427
933803,0.13109541
933804,0.13109541
933805,0.13109541
933806,0.13109541
933807,0.13109541
933808,0.07397427
933809,0.13109541
933810,0.13109541
933811,0.13109541
933812,0.13109541
933813,0.13109541
933826,0.07397427
933827,0.13109541
933828,0.13109541
933829,0.13109541
933830,0.13109541
933879,0.12808673
933880,0.19336076
933881,0.19336076
933904,0.09969271
934141,0.106550515
934142,0.1489113
934143,0.1489113
934144,0.1489113
934145,0.1489113
934146,0.1489113
934147,0.1489113
934173,0.04558609
934197,0.04558609
934198,0.10455392
934199,0.10455392
934204,0.065408275
934205,0.13991417
934394,0.14623132
934395,0.17943157
934396,0.17943157
934397,0.089337125
934398,0.16335994
934684,0.17810296
934685,0.14146458
934690,0.08430522
934747,0.10399068
934748,0.16716994
934755,0.082511894
934908,0.13578467
934909,0.1665372
934924,0.08413694
934925,0.08707728
934926,0.15898277
934927,0.15898277
934928,0.15898277
934933,0.08707728
934947,0.10660449
934948,0.19111447
934954,0.111014366
935010,0.08043769
935011,0.1768669
935012,0.1768669
935013,0.1768669
935014,0.1768669
935015,0.07167188
935100,0.0790679
935101,0.15397026
935102,0.15397026
935115,0.06028265
935116,0.15397026
935117,0.15397026
935118,0.055122122
935119,0.055122122
935474,0.1600175
935475,0.2922255
935476,0.2922255
935477,0.2922255
935484,0.048349418
935485,0.13858388
935486,0.06965951
935487,0.14229573
935488,0.14229573
935489,0.14229573
935490,0.14229573
935498,0.06965951
935698,0.054790348
935699,0.06592666
935700,0.051912464
935701,0.06592666
935706,0.031094361
935707,0.064132385
935708,0.064132385
935709,0.064132385
935711,0.031094361
935712,0.064132385
935713,0.064132385
935714,0.031094361
935715,0.064132385
935716,0.064132385
935717,0.064132385
935869,0.18118975
935870,0.20469162
935871,0.30566368
935872,0.30566368
935873,0.30566368
935882,0.17064252
935883,0.30566368
935889,0.17064252
935899,0.20843288
935904,0.20843288
935905,0.34973815
935906,0.34973815
935907,0.34973815
935966,0.029111039
935967,0.018839458
935968,0.045995835
935969,0.045995835
935970,0.045995835
935971,0.045995835
935972,0.018839458
935973,0.045995835
935974,0.045995835
935975,0.045995835
935976,0.045995835
935980,0.018839458
935981,0.045995835
935982,0.045995835
935983,0.045995835
936146,0.12865354
936147,0.27669746
936148,0.27669746
936159,0.18200885
936160,0.3228734
936161,0.3228734
936162,0.3228734
936163,0.3228734
936164,0.3228734
936165,0.3228734
936166,0.3228734
936167,0.3228734
936168,0.3228734
936181,0.18200885
936193,0.18200885
936198,0.074916005
936199,0.14715438
936200,0.14715438
936201,0.14715438
936202,0.14715438
936203,0.14715438
936204,0.06965454
936424,0.13023801
936425,0.21277688
936426,0.21277688
936443,0.10999911
936444,0.21277688
936445,0.21277688
936446,0.21277688
936447,0.21277688
936448,0.21277688
936449,0.21277688
936467,0.10331164
936468,0.20316942
936492,0.10331164
936508,0.10331164
936523,0.12831466
936524,0.2372187
936546,0.17785594
936556,0.077461176
936557,0.14586994
936558,0.14586994
936559,0.14586994
936560,0.14586994
936561,0.07689904
936761,0.111399986
936762,0.19268249
936763,0.19268249
936764,0.19268249
936765,0.19268249
936766,0.19268249
936777,0.109089375
936806,0.10718483
936807,0.1736328
936808,0.1736328
936809,0.1736328
936810,0.1736328
936816,0.08219795
936875,0.041808136
936876,0.075799
936877,0.075799
936878,0.075799
936914,0.032935943
936915,0.075799
936916,0.075799
936917,0.075799
936918,0.075799
936933,0.032935943
936948,0.046245642
936949,0.107592635
936956,0.048022132
937048,0.09435533
937049,0.11575211
937050,0.11575211
937051,0.11575211
937052,0.11575211
937053,0.11575211
937054,0.11575211
937055,0.053261627
937089,0.15435633
937090,0.19064765
937091,0.23386236
937092,0.23386236
937093,0.23386236
937094,0.11900499
937095,0.23386236
937096,0.23386236
937156,0.13980769
937157,0.16458659
937389,0.13941206
937390,0.111406736
937401,0.05207751
937420,0.09710291
937421,0.15431581
937422,0.15898277
937458,0.08707728
937459,0.15898277
937460,0.15898277
937476,0.08707728
937515,0.1947518
937516,0.43964478
937517,0.43964478
937518,0.43964478
937519,0.43964478
937520,0.43964478
937542,0.067979574
937604,0.111946344
937616,0.0975197
937617,0.22669576
937618,0.22669576
937619,0.22669576
937638,0.0975197
937648,0.07473729
937649,0.18079779
937655,0.07473729
937656,0.18079779
937657,0.18079779
937663,0.07473729
937930,0.24670902
937931,0.2919457
937932,0.2919457
937940,0.18837675
937963,0.15577798
937975,0.07771492
937976,0.16167445
937977,0.16167445
937978,0.16167445
937985,0.07771492
937986,0.16167445
938052,0.12572335
938053,0.24442305
938062,0.100529574
938740,0.089391686
938741,0.24051999
938742,0.24051999
938743,0.24051999
938744,0.24051999
938745,0.24051999
938746,0.24051999
938747,0.24051999
938774,0.090627275
938775,0.24051999
938776,0.090627275
938793,0.1415316
938794,0.104515135
938802,0.111220464
938823,0.12364087
938824,0.3032401
938825,0.3032401
938853,0.069078006
938854,0.15012084
938855,0.15012084
938856,0.15012084
938863,0.057031933
938864,0.15012084
938865,0.15012084
938866,0.15012084
938869,0.043302976
938870,0.112546094
938871,0.112546094
938872,0.112546094
938873,0.112546094
938887,0.043302976
938888,0.112546094
938889,0.112546094
938890,0.112546094
938891,0.112546094
938901,0.043302976
938902,0.112546094
938903,0.112546094
938904,0.112546094
938911,0.0353819
938912,0.08938239
938913,0.08938239
938990,0.07745621
938991,0.11223032
938997,0.047719445
938998,0.11223032
938999,0.11223032
939000,0.11223032
939001,0.11223032
939005,0.047719445
939006,0.11223032
939007,0.11223032
939008,0.11223032
939009,0.11223032
939010,0.11223032
939022,0.05905449
939023,0.13346317
939024,0.13346317
939036,0.11871278
939037,0.20262732
939038,0.20262732
939039,0.20262732
939046,0.11871278
939047,0.20262732
939048,0.20262732
939049,0.20262732
939050,0.20262732
939057,0.11871278
939072,0.10590811
939073,0.18377545
939074,0.2187499
939083,0.10513724
939111,0.16758767
939112,0.36268318
939137,0.107809156
939201,0.1422126
939218,0.13987835
939219,0.3112788
939220,0.3112788
939221,0.3112788
939238,0.13987835
939416,0.24568702
939417,0.30534282
939418,0.3427031
939419,0.11248242
939423,0.102586195
939424,0.23108634
939425,0.23108634
939426,0.23108634
939427,0.23108634
939438,0.09479375
939439,0.23108634
939440,0.23108634
939441,0.23108634
939454,0.06359325
939455,0.15707569
939456,0.15707569
939457,0.15707569
939458,0.15707569
939459,0.15707569
939460,0.15707569
939461,0.15707569
939462,0.15707569
939463,0.15707569
939549,0.09775844
939699,0.15449972
939701,0.08438312
939702,0.19636455
939703,0.19636455
939712,0.08438312
939940,0.05872942
939941,0.12976052
939952,0.07478449
939953,0.18876912
939954,0.18876912
939976,0.07243807
939982,0.059299774
939983,0.14802265
939984,0.14802265
939985,0.14802265
939986,0.14802265
939988,0.058098234
939989,0.16082795
939990,0.16082795
939991,0.16082795
939992,0.18522337
939993,0.18522337
940001,0.058098234
940002,0.16082795
940003,0.16082795
940004,0.16082795
940005,0.16082795
940006,0.16082795
940010,0.058098234
940011,0.16082795
940012,0.16082795
940013,0.16082795
940014,0.16082795
940015,0.05719368
940016,0.15259793
940017,0.15259793
940018,0.15259793
940019,0.15259793
940020,0.15259793
940021,0.05719368
940022,0.18378894
940023,0.15259793
940024,0.15259793
940025,0.15259793
940026,0.05719368
940027,0.15259793
940028,0.15259793
940029,0.15259793
940030,0.15259793
940031,0.062080618
940032,0.16421682
940033,0.16421682
940034,0.16421682
940035,0.16421682
940036,0.16421682
940043,0.062080618
940044,0.16421682
940045,0.19722997
940046,0.16421682
940047,0.16421682
940048,0.16421682
940058,0.062080618
940059,0.16421682
940060,0.16421682
940061,0.16421682
940062,0.16421682
940063,0.16421682
940069,0.06409246
940070,0.16102898
940071,0.16102898
940072,0.16102898
940073,0.16102898
940083,0.06409246
940084,0.16102898
940085,0.16102898
940086,0.16102898
940087,0.16102898
940088,0.16102898
940128,0.06409246
940129,0.16102898
940130,0.16102898
940131,0.16102898
940132,0.16102898
940155,0.07723631
940156,0.16410463
940157,0.16410463
940158,0.19621758
940159,0.16410463
940160,0.16410463
940170,0.07723631
940171,0.16410463
940172,0.16410463
940173,0.16410463
940174,0.16410463
940181,0.07723631
940182,0.16410463
940183,0.16410463
940184,0.16410463
940185,0.17089981
940193,0.07213145
940194,0.15549204
940195,0.15549204
940196,0.15549204
940197,0.15549204
940214,0.07213145
940215,0.15549204
940240,0.07213145
940528,0.11616931
940535,0.055342764
940536,0.1338516
940537,0.1338516
940538,0.1338516
940539,0.1338516
940546,0.055342764
940547,0.1338516
940548,0.1338516
940576,0.05355658
940577,0.13628538
940578,0.13628538
940579,0.13628538
940601,0.05355658
940602,0.13628538
940603,0.13628538
940604,0.13628538
940605,0.13628538
940625,0.05355658
940642,0.0654839
940643,0.13391446
940644,0.13391446
940649,0.055759363
940653,0.031944785
940654,0.08935936
940655,0.08935936
940658,0.03908478
940659,0.08935936
940660,0.08935936
940661,0.08935936
940662,0.08935936
940663,0.08935936
940664,0.05509404
940665,0.119737774
940666,0.119737774
940667,0.119737774
940668,0.119737774
940669,0.05509404
940670,0.119737774
940671,0.119737774
940672,0.119737774
940673,0.119737774
940674,0.05509404
940675,0.09284304
940676,0.09284304
940677,0.09284304
940678,0.09284304
940679,0.09284304
940688,0.07387753
940689,0.14939502
940690,0.14939502
940691,0.14939502
940692,0.14939502
940693,0.14939502
940696,0.07387753
940697,0.14939502
940698,0.14939502
940699,0.14939502
940715,0.07387753
940716,0.14939502
940737,0.10210231
940738,0.20650998
940755,0.108760424
940756,0.20380244
940757,0.20380244
940758,0.20380244
940759,0.20380244
940779,0.10720326
940780,0.10720326
940781,0.20021836
940782,0.20021836
940783,0.20021836
940787,0.1893098
940788,0.3871047
940804,0.1893098
941156,0.1458694
941157,0.32214427
941158,0.193654
941159,0.29726642
941160,0.29726642
941161,0.29726642
941162,0.29726642
941188,0.1387668
941291,0.08609107
941292,0.07288548
941293,0.18660888
941294,0.18660888
941295,0.18660888
941296,0.18660888
941297,0.07760119
941384,0.11002535
941385,0.20389389
941386,0.20389389
941391,0.06529438
941392,0.1698985
941393,0.1698985
941394,0.1698985
941401,0.06529438
941402,0.1698985
941403,0.1698985
941404,0.1698985
941419,0.04670397
941498,0.08975466
941499,0.056011256
941500,0.14271694
941501,0.14271694
941502,0.14271694
941503,0.14271694
941504,0.14271694
941505,0.05709813
941506,0.14408693
941507,0.14408693
941511,0.05709813
941512,0.14408693
941513,0.14408693
941514,0.14408693
941515,0.14408693
941516,0.14408693
941570,0.100917
941988,0.16109808
941989,0.16618064
941990,0.32134214
941991,0.32134214
941992,0.32134214
941994,0.16618064
942040,0.17463101
942041,0.31592298
942042,0.31592298
942043,0.31592298
942044,0.31592298
942045,0.31592298
942060,0.16917291
942061,0.31592298
942071,0.19667159
942175,0.13161689
942176,0.07725242
942177,0.07725242
942178,0.07725242
942179,0.08938239
942180,0.039678812
942181,0.07725242
942182,0.07725242
942183,0.07725242
942184,0.07725242
942185,0.07725242
942186,0.073785886
942187,0.16799308
942188,0.16799308
942189,0.16799308
942190,0.16799308
942191,0.16799308
942192,0.16799308
942193,0.073785886
942194,0.16799308
942195,0.16799308
942196,0.16799308
942197,0.16799308
942198,0.073785886
942199,0.16799308
942200,0.16799308
942201,0.16799308
942202,0.16799308
942203,0.16799308
942206,0.06695204
942207,0.15660691
942208,0.15660691
942209,0.15660691
942210,0.15660691
942211,0.15660691
942223,0.06695204
942224,0.15660691
942225,0.15660691
942226,0.15660691
942227,0.15660691
942228,0.15660691
942232,0.06695204
942233,0.15660691
942234,0.15660691
942235,0.15660691
942236,0.15660691
942237,0.15660691
942264,0.10090919
942265,0.13192911
942266,0.13192911
942267,0.13192911
942268,0.13192911
942269,0.13192911
942270,0.13192911
942271,0.13192911
942283,0.057375684
942284,0.12813447
942285,0.12813447
942286,0.12813447
942287,0.12813447
942288,0.12813447
942289,0.12813447
942290,0.12813447
942302,0.057375684
942303,0.12813447
942304,0.12813447
942305,0.12813447
942306,0.12813447
942307,0.12813447
942318,0.057375684
942319,0.12813447
942320,0.12813447
942330,0.09428565
942331,0.13645215
942332,0.13645215
942333,0.17224671
942334,0.17224671
942347,0.09428565
942348,0.17224671
942349,0.17224671
942404,0.13705851
942433,0.122952655
942593,0.15449268
942594,0.25705093
942595,0.25705093
942596,0.25705093
942597,0.25705093
942598,0.25705093
942599,0.25705093
942600,0.25705093
942601,0.25705093
942602,0.25705093
942603,0.25131902
942604,0.25131902
942605,0.15286434
942606,0.25705093
942607,0.25705093
942608,0.105331264
942609,0.25705093
942610,0.25705093
942611,0.25705093
942612,0.25705093
942613,0.25705093
942614,0.25705093
942615,0.105331264
942616,0.25705093
942617,0.25705093
942618,0.25705093
942619,0.25705093
942776,0.101867355
942777,0.099814236
942778,0.099814236
942787,0.04922054
942788,0.099814236
942789,0.099814236
942790,0.099814236
942792,0.07990892
942793,0.18915579
942794,0.18915579
942795,0.18915579
942797,0.080446266
942798,0.19057885
942799,0.19057885
942800,0.18191169
942801,0.07580346
942802,0.18053891
942803,0.18053891
942804,0.18053891
942805,0.18191169
942806,0.18191169
942807,0.18053891
942808,0.07087918
942809,0.16993648
942810,0.16993648
942811,0.19916828
942812,0.19916828
942813,0.08466008
942814,0.19916828
942815,0.19916828
942816,0.17616181
942817,0.19916828
942818,0.19916828
942819,0.19916828
942820,0.19916828
942821,0.17616181
942830,0.08466008
942831,0.19916828
942832,0.19916828
942833,0.19916828
942840,0.084945455
942913,0.107398815
942926,0.07983273
942927,0.19068328
942928,0.19068328
942929,0.19068328
942930,0.19068328
942943,0.07983273
942944,0.12389738
942945,0.19068328
942946,0.19068328
942976,0.07113726
942977,0.16100056
942983,0.07105952
942984,0.16861579
942985,0.16861579
942986,0.16861579
942987,0.16861579
942988,0.16861579
943001,0.086306766
943198,0.12481117
943199,0.2472958
943208,0.10966537
943209,0.25949264
943210,0.25949264
943211,0.25949264
943212,0.25949264
943213,0.25949264
943214,0.25949264
943215,0.25949264
943216,0.25949264
943217,0.25949264
943227,0.10966537
943228,0.25949264
943229,0.25949264
943230,0.25949264
943231,0.25949264
943236,0.0986858
943237,0.24794072
943238,0.24794072
943239,0.24794072
943240,0.24794072
943246,0.0986858
943247,0.24794072
943248,0.24794072
943259,0.09823897
943325,0.095052406
943338,0.07187692
943339,0.18230306
943340,0.18888357
943341,0.18230306
943342,0.06088166
943343,0.16005
943344,0.16005
943345,0.16005
943346,0.16005
943359,0.06088166
943360,0.16005
943361,0.16005
943362,0.16005
943363,0.16005
943364,0.16005
943365,0.06088166
943366,0.16005
943367,0.16005
943368,0.16005
943369,0.20274623
943370,0.06336232
943371,0.17368364
943372,0.17368364
943373,0.17368364
943374,0.17368364
943375,0.06336232
943376,0.17368364
943377,0.17368364
943378,0.17368364
943379,0.17368364
943388,0.06336232
943389,0.17368364
943390,0.17368364
943391,0.17368364
943392,0.17368364
943393,0.17368364
943405,0.062381234
943406,0.16492507
943407,0.16492507
943408,0.16492507
943409,0.16492507
943410,0.16492507
943411,0.16492507
943413,0.062381234
943414,0.19804688
943415,0.16492507
943416,0.16492507
943417,0.16492507
943418,0.16492507
943422,0.062381234
943423,0.16492507
943424,0.16492507
943425,0.16492507
943426,0.16492507
943427,0.16492507
943428,0.16492507
943429,0.16492507
943432,0.0641257
943433,0.16902015
943434,0.16902015
943435,0.16902015
943436,0.16902015
943437,0.16902015
943438,0.16902015
943439,0.16902015
943440,0.16902015
943441,0.0641257
943442,0.16902015
943443,0.16902015
943444,0.16902015
943445,0.16902015
943446,0.16902015
943447,0.16902015
943448,0.16902015
943449,0.16902015
943452,0.0641257
943453,0.16902015
943454,0.16902015
943455,0.16902015
943456,0.16902015
943457,0.16902015
943458,0.16902015
943459,0.16902015
943460,0.16902015
943468,0.05914856
943476,0.05914856
943494,0.068278775
943501,0.068278775
943502,0.15270482
943503,0.15270482
943510,0.06942684
943526,0.066249065
943527,0.1501676
943539,0.071153216
943540,0.14173307
943541,0.14173307
943542,0.14173307
943559,0.071153216
943578,0.10057688
943598,0.1337578
943599,0.24906568
943600,0.12552743
943601,0.24906568
943602,0.24906568
943603,0.24906568
943604,0.24906568
943605,0.24906568
943606,0.12552743
943607,0.24906568
943608,0.24906568
943609,0.094695404
943610,0.20710826
943611,0.20710826
943612,0.20710826
943613,0.20710826
943614,0.094695404
943615,0.20710826
943616,0.20710826
943617,0.20710826
943618,0.20710826
943619,0.094695404
943620,0.20710826
943621,0.20710826
943622,0.20710826
943623,0.20710826
943624,0.20710826
943625,0.08718909
943626,0.2015624
943627,0.2015624
943628,0.2015624
943629,0.2015624
943633,0.08718909
943634,0.2015624
943635,0.2015624
943636,0.2015624
943637,0.2015624
943642,0.08718909
943643,0.2015624
943644,0.2015624
943645,0.2015624
943646,0.2015624
943647,0.2015624
943648,0.09326621
943649,0.21482167
943650,0.21482167
943651,0.21482167
943652,0.21482167
943653,0.21482167
943654,0.09326621
943655,0.21482167
943656,0.21482167
943657,0.21482167
943658,0.21482167
943659,0.09326621
943660,0.07420206
943745,0.036804296
943771,0.019626252
943772,0.03909327
943773,0.03909327
943774,0.03909327
943830,0.040400796
943831,0.13632451
943832,0.13632451
943878,0.052399274
943905,0.03056673
943906,0.067139305
943907,0.067139305
943908,0.067139305
943909,0.067139305
943910,0.067139305
943919,0.026553951
943920,0.067139305
943921,0.067139305
943922,0.067139305
943923,0.067139305
943924,0.067139305
943925,0.067139305
943939,0.027208291
943940,0.06585922
943941,0.06585922
943942,0.06585922
943943,0.06585922
943944,0.06585922
943955,0.027208291
943956,0.06585922
943957,0.06585922
943993,0.026569746
943994,0.069030404
944001,0.028575327
944002,0.069030404
944003,0.0646111
944004,0.0646111
944005,0.0646111
944006,0.0646111
944007,0.0646111
944008,0.0646111
944009,0.0646111
944010,0.0646111
944017,0.026671743
944018,0.0646111
944019,0.0646111
944020,0.0646111
944021,0.0646111
944022,0.0646111
944023,0.0646111
944024,0.0646111
944028,0.028343173
944029,0.063912325
944030,0.063912325
944031,0.063912325
944032,0.063912325
944033,0.063912325
944034,0.063912325
944040,0.028343173
944041,0.063912325
944042,0.063912325
944043,0.063912325
944044,0.063912325
944045,0.063912325
944046,0.028343173
944047,0.063912325
944048,0.063912325
944049,0.063912325
944050,0.063912325
944051,0.063912325
944052,0.05052746
944053,0.10487944
944054,0.10487944
944055,0.10487944
944056,0.10487944
944057,0.10487944
944058,0.10487944
944059,0.05052746
944060,0.10487944
944061,0.10487944
944062,0.10487944
944070,0.059121214
944071,0.12526207
944072,0.12526207
944073,0.12526207
944077,0.05888359
944078,0.13077933
944079,0.13077933
944080,0.13077933
944081,0.12526207
944082,0.12526207
944083,0.07908009
944084,0.12526207
944087,0.06692868
944088,0.13077933
944089,0.13077933
944090,0.13077933
944092,0.06592609
944093,0.12827256
944094,0.12827256
944095,0.12827256
944096,0.0684539
944097,0.12827256
944098,0.12827256
944099,0.12827256
944100,0.12827256
944101,0.12827256
944102,0.12827256
944103,0.12827256
944109,0.13397162
944110,0.2949865
944111,0.2949865
944112,0.2949865
944113,0.2949865
944117,0.13397162
944118,0.2949865
944119,0.2949865
944120,0.2949865
944121,0.2949865
944122,0.2949865
944123,0.2949865
944124,0.2949865
944125,0.2949865
944128,0.13397162
944315,0.08904754
944316,0.14793472
944329,0.052766595
944336,0.058277242
944337,0.14429396
944338,0.030691965
944339,0.07998649
944340,0.07998649
944341,0.07998649
944342,0.034206063
944343,0.07998649
944344,0.07998649
944345,0.07998649
944346,0.07998649
944352,0.034206063
944353,0.07998649
944354,0.07998649
944355,0.07998649
944356,0.07998649
944357,0.07998649
944373,0.04603135
944374,0.10587353
944375,0.10587353
944376,0.10587353
944377,0.10587353
944395,0.04603135
944396,0.10587353
944397,0.10587353
944398,0.10587353
944399,0.10587353
944400,0.10587353
944401,0.10587353
944402,0.10587353
944403,0.10587353
944404,0.10587353
944405,0.10587353
944406,0.10587353
944424,0.04603135
944425,0.10587353
944426,0.10587353
944427,0.10587353
944428,0.10587353
944429,0.10587353
944430,0.10587353
944446,0.076820716
944447,0.14996758
944448,0.14996758
944449,0.14996758
944476,0.076820716
944477,0.14996758
944478,0.14996758
944479,0.14996758
944480,0.14996758
944481,0.14996758
944513,0.076820716
944514,0.14996758
944515,0.14996758
944516,0.14996758
944532,0.066602156
944533,0.13139054
944536,0.06041126
944537,0.13139054
944538,0.13139054
944539,0.13139054
944540,0.13139054
944541,0.13139054
944542,0.13139054
944543,0.06041126
944544,0.09803485
944545,0.12050646
944547,0.09408503
944548,0.20496973
944549,0.20496973
944550,0.21330152
944551,0.21330152
944552,0.21330152
944561,0.09408503
944562,0.20496973
944563,0.20496973
944564,0.20496973
944567,0.120295644
944571,0.07308136
944572,0.07227738
944573,0.1513263
944574,0.1513263
944579,0.061904985
944580,0.14664659
944581,0.14664659
944582,0.14664659
944587,0.08524932
944618,0.09871394
944619,0.25578457
944620,0.25578457
944622,0.10141739
944637,0.088283375
944638,0.23486412
944664,0.0790828
944760,0.050845694
944761,0.060985763
944762,0.060985763
944763,0.060985763
944764,0.060985763
944770,0.027570032
944771,0.06412399
944772,0.06412399
944773,0.06412399
944865,0.08796186
944877,0.059699733
944878,0.12337981
944879,0.12337981
944880,0.12337981
944881,0.12337981
944882,0.12337981
944905,0.059699733
944906,0.12337981
944907,0.12337981
944908,0.12337981
944909,0.12337981
944910,0.12337981
944918,0.059699733
944919,0.12337981
944920,0.12337981
944921,0.12337981
944922,0.12337981
944923,0.12337981
944925,0.07013246
944926,0.13282274
944927,0.13282274
944928,0.13282274
944929,0.13282274
944930,0.13282274
944931,0.11646464
944932,0.22108626
944933,0.22108626
944934,0.22108626
944935,0.22108626
944936,0.22108626
944937,0.22108626
944938,0.22108626
944939,0.22108626
944940,0.11646464
944941,0.22108626
944942,0.22108626
944943,0.24987221
944944,0.24987221
944945,0.24987221
944953,0.14615661
944954,0.29227698
944955,0.29227698
944958,0.12789598
945001,0.08426816
945002,0.1832084
945003,0.1832084
945004,0.1832084
945019,0.110962935
945030,0.110962935
945031,0.2654202
945032,0.2654202
945033,0.2654202
945034,0.2654202
945045,0.09045417
945046,0.21487486
945171,0.07030798
945194,0.02975977
945195,0.072902806
945196,0.072902806
945197,0.072902806
945198,0.072902806
945199,0.072902806
945200,0.072902806
945201,0.072902806
945236,0.02975977
945237,0.072902806
945238,0.072902806
945343,0.13552956
945344,0.25458127
945345,0.25458127
945346,0.25458127
945347,0.25458127
945348,0.14593363
945349,0.25458127
945365,0.12187886
945366,0.26286948
945367,0.26286948
945368,0.26286948
945377,0.12187886
945378,0.26286948
945388,0.12187886
945389,0.26286948
945390,0.26286948
945391,0.26286948
945392,0.26286948
945393,0.26286948
945394,0.26286948
945411,0.11706536
945412,0.2454047
945413,0.2454047
945414,0.2454047
945415,0.2454047
945419,0.11706536
945420,0.2454047
945421,0.2454047
945422,0.2454047
945423,0.2454047
945425,0.11706536
945426,0.2454047
945427,0.2454047
945428,0.2454047
945429,0.2454047
945430,0.2454047
945431,0.2454047
945446,0.1390012
945500,0.0996144
945501,0.2911251
945508,0.10895665
945535,0.12835392
945536,0.29816005
945537,0.29816005
945538,0.29816005
945539,0.29816005
945541,0.12195779
945741,0.12954165
945742,0.2251297
945743,0.2251297
945744,0.09114251
945757,0.10411105
945758,0.1102452
945759,0.2367274
945760,0.2367274
945769,0.09632035
945770,0.21258913
945771,0.21258913
945785,0.09632035
945801,0.09632035
945809,0.09060665
945810,0.19415314
945818,0.09060665
945819,0.19415314
945820,0.19415314
945821,0.19415314
945822,0.19415314
945823,0.19415314
945833,0.09060665
945834,0.19415314
945835,0.19415314
945836,0.19415314
945837,0.19415314
945866,0.16743562
945867,0.32023674
945868,0.32023674
945869,0.32023674
945870,0.32023674
945871,0.32023674
945879,0.16743562
945880,0.32023674
945881,0.32023674
945882,0.32023674
945883,0.32023674
945884,0.32023674
945893,0.1728836
945894,0.32869363
945895,0.32869363
945896,0.32869363
945897,0.32869363
945898,0.32869363
945901,0.09738474
945902,0.18593203
945903,0.18593203
945904,0.18593203
945905,0.18593203
945911,0.09738474
945912,0.18593203
945913,0.18593203
945914,0.18593203
945915,0.18593203
945916,0.18593203
945917,0.18593203
945918,0.09738474
945919,0.18593203
945920,0.18593203
945921,0.18593203
945922,0.18593203
945923,0.11544909
945924,0.22381133
945925,0.22381133
945926,0.22381133
945927,0.22381133
945928,0.22381133
945930,0.11544909
945931,0.22381133
945932,0.22381133
945933,0.22381133
945934,0.22381133
945935,0.22381133
945936,0.11544909
945937,0.22381133
945938,0.22381133
945939,0.22381133
945940,0.22381133
945941,0.16955832
945942,0.30920032
945943,0.30920032
945944,0.30920032
945945,0.30920032
945946,0.30920032
945947,0.30920032
945948,0.16955832
945949,0.30920032
945950,0.30920032
945951,0.30920032
945952,0.30920032
945953,0.30920032
945954,0.16955832
945955,0.30920032
945956,0.30920032
945957,0.30920032
945958,0.30920032
945979,0.12972768
945980,0.2597492
945981,0.2597492
945982,0.2597492
945983,0.2597492
945984,0.2597492
945990,0.12972768
945991,0.2597492
945992,0.2597492
945993,0.2597492
945994,0.2597492
945995,0.2597492
946038,0.12972768
946039,0.2597492
946040,0.2597492
946041,0.2597492
946042,0.2597492
946043,0.2597492
946044,0.11737049
946045,0.24885221
946046,0.24885221
946047,0.24885221
946048,0.24885221
946049,0.24885221
946050,0.11737049
946051,0.24885221
946052,0.24885221
946053,0.24885221
946054,0.24885221
946055,0.11737049
946056,0.24885221
946057,0.24885221
946058,0.24885221
946059,0.24885221
946060,0.24885221
946061,0.12325098
946062,0.2606149
946063,0.2606149
946064,0.2606149
946065,0.2606149
946066,0.2606149
946067,0.2606149
946068,0.12325098
946069,0.2606149
946070,0.2606149
946071,0.2606149
946072,0.2606149
946073,0.12325098
946074,0.2606149
946075,0.2606149
946076,0.2606149
946077,0.2606149
946078,0.2606149
946085,0.1275508
946086,0.26824075
946087,0.26824075
946124,0.09346854
946254,0.13383836
946264,0.09772417
946265,0.24570182
946266,0.24570182
946267,0.24570182
946281,0.08382516
946300,0.08382516
946301,0.21932474
946326,0.08382516
946327,0.21932474
946328,0.21932474
946329,0.21932474
946356,0.10279565
946357,0.22084141
946358,0.22084141
946373,0.08562438
946374,0.22504434
946393,0.072262265
946395,0.07846651
946396,0.20884478
946397,0.20884478
946398,0.20884478
946406,0.10050452
946407,0.21817371
946545,0.102106
946546,0.19305967
946547,0.19305967
946548,0.19305967
946549,0.19305967
946550,0.19305967
946551,0.19305967
946564,0.111335784
946565,0.20837419
946566,0.20837419
946567,0.20837419
946608,0.10245185
946650,0.18181452
946697,0.06776013
946698,0.17533039
946699,0.17533039
946700,0.062239796
946701,0.17533039
946702,0.17533039
946703,0.17533039
946704,0.17533039
946705,0.17533039
946706,0.17533039
946707,0.0831355
946708,0.22376743
946709,0.22376743
946710,0.22376743
946711,0.22376743
946712,0.22376743
946713,0.28128514
946714,0.0831355
946715,0.22376743
946716,0.22376743
946717,0.22376743
946718,0.22376743
946719,0.0831355
946720,0.22376743
946721,0.22376743
946722,0.22376743
946723,0.22376743
946724,0.22376743
946725,0.28128514
946726,0.22376743
946727,0.06647339
946728,0.1877405
946729,0.1877405
946730,0.1877405
946731,0.1877405
946732,0.1877405
946734,0.06647339
946735,0.1877405
946736,0.1877405
946737,0.1877405
946738,0.23575036
946756,0.06647339
946757,0.1877405
946758,0.1877405
946759,0.1877405
946760,0.1877405
946761,0.1877405
946762,0.1877405
946775,0.06916512
946776,0.2031624
946777,0.2031624
946778,0.2031624
946779,0.2031624
946780,0.2031624
946781,0.2031624
946782,0.2031624
946792,0.06916512
946793,0.2031624
946794,0.2031624
946795,0.2031624
946796,0.2031624
946797,0.2031624
946808,0.06916512
946809,0.2031624
946810,0.2031624
946811,0.2031624
946812,0.2031624
946813,0.2031624
946814,0.2031624
946828,0.068100706
946829,0.19326495
946830,0.19326495
946831,0.19326495
946832,0.19326495
946833,0.19326495
946834,0.19326495
946842,0.068100706
946843,0.19326495
946844,0.19326495
946845,0.19326495
946846,0.19326495
946847,0.19326495
946848,0.19326495
946853,0.068100706
946854,0.19326495
946855,0.19326495
946856,0.19326495
946857,0.19326495
946858,0.19326495
946859,0.19326495
946860,0.069993176
946968,0.10451199
946969,0.20428558
946973,0.09975708
946974,0.20428558
946975,0.23847602
946976,0.20428558
946977,0.20428558
946978,0.20428558
946979,0.20428558
946981,0.091602914
946982,0.24324483
946983,0.24324483
946984,0.24324483
946985,0.24324483
946986,0.091602914
946988,0.10486617
947028,0.094651684
947029,0.08313841
947030,0.08313841
947031,0.08313841
947045,0.02891738
947046,0.059801716
947047,0.059801716
947048,0.059801716
947049,0.059801716
947058,0.02891738
947059,0.059801716
947060,0.059801716
947061,0.059801716
947069,0.02891738
947070,0.059801716
947071,0.059801716
947072,0.059801716
947073,0.059801716
947074,0.059801716
947077,0.022069808
947078,0.048014544
947079,0.048014544
947080,0.048014544
947081,0.048014544
947085,0.022069808
947086,0.048014544
947105,0.022069808
947106,0.048014544
947107,0.048014544
947108,0.048014544
947109,0.048014544
947127,0.039311696
947128,0.1026518
947129,0.1026518
947130,0.1026518
947131,0.1026518
947132,0.1026518
947143,0.039311696
947144,0.1026518
947145,0.1026518
947146,0.1026518
947155,0.039311696
947156,0.1026518
947157,0.1026518
947158,0.1026518
947171,0.03803067
947172,0.10105269
947173,0.10105269
947174,0.10105269
947175,0.10105269
947193,0.03803067
947194,0.10105269
947195,0.10105269
947196,0.10105269
947197,0.10105269
947203,0.03803067
947204,0.10105269
947205,0.10105269
947206,0.10105269
947254,0.04895919
947255,0.094983675
947256,0.094983675
947261,0.038053676
947262,0.094983675
947263,0.094983675
947264,0.094983675
947272,0.039762985
947574,0.0662927
947575,0.11567743
947576,0.11567743
947577,0.06260262
947578,0.1500146
947579,0.1500146
947580,0.1500146
947581,0.1500146
947582,0.1500146
947585,0.06260262
947586,0.1500146
947587,0.1500146
947588,0.1500146
947593,0.08438191
947594,0.2058117
947595,0.2058117
947596,0.2058117
947597,0.2058117
947609,0.18298706
947610,0.35238674
947611,0.35238674
947612,0.35238674
947613,0.35238674
947622,0.18298706
947623,0.35238674
947624,0.35238674
947625,0.35238674
947646,0.18298706
947647,0.35238674
947648,0.35238674
947649,0.35238674
947650,0.35238674
947679,0.17325442
947680,0.34190708
947681,0.34190708
947702,0.17325442
947703,0.34190708
947704,0.34190708
947705,0.34190708
947706,0.34190708
947727,0.17325442
947728,0.34190708
947729,0.34190708
947730,0.34190708
947743,0.15487
947744,0.3067591
947745,0.3067591
947746,0.3067591
947753,0.15487
947754,0.3067591
947755,0.3067591
947756,0.3067591
947757,0.3067591
947761,0.15487
947762,0.3067591
947763,0.18467431
947774,0.09832962
947775,0.38850757
948141,0.112273775
948142,0.282026
948143,0.282026
948144,0.282026
948145,0.282026
948149,0.098236926
948150,0.282026
948151,0.282026
948161,0.085097805
948162,0.25507712
948171,0.085097805
948172,0.25507712
948173,0.25507712
948178,0.07204853
948249,0.2156929
948250,0.41823226
948251,0.41823226
948265,0.19521353
948640,0.2912396
948641,0.41482133
948642,0.41482133
948643,0.21489498
948644,0.41482133
948645,0.41482133
948646,0.41482133
948647,0.41482133
948648,0.41482133
948649,0.21489498
948650,0.41482133
948651,0.41482133
948652,0.41482133
948653,0.41482133
948654,0.41482133
948655,0.16004203
948656,0.34635004
948657,0.34635004
948658,0.34635004
948659,0.34635004
948660,0.34635004
948674,0.13754454
948734,0.26076123
948735,0.46053556
948736,0.11736547
948737,0.32250765
948738,0.32250765
948739,0.32250765
948740,0.32250765
948750,0.11736547
948751,0.32250765
948752,0.32250765
948753,0.32250765
948754,0.32250765
948757,0.11736547
948758,0.32250765
948759,0.32250765
948760,0.32250765
948761,0.32250765
948762,0.32250765
948770,0.14362825
948771,0.37339637
948772,0.37339637
948773,0.37339637
948774,0.37339637
948784,0.14362825
948785,0.37339637
948786,0.37339637
948787,0.37339637
948788,0.37339637
948789,0.3356455
948801,0.14362825
948802,0.37339637
948803,0.37339637
948804,0.37339637
948805,0.37339637
948812,0.12992735
948813,0.34563157
948814,0.34563157
948815,0.34563157
948816,0.34563157
948817,0.34563157
948823,0.12709795
948824,0.30791265
948825,0.30791265
948826,0.30791265
948827,0.30791265
948834,0.11296107
948835,0.30791265
948836,0.27251506
948837,0.30791265
948838,0.30791265
948843,0.11477395
948844,0.3237922
948845,0.3237922
948846,0.3237922
948847,0.3237922
948848,0.118693
948849,0.2865791
948850,0.3237922
948851,0.3237922
948852,0.3237922
948853,0.3237922
948855,0.11477395
948856,0.3237922
948857,0.3237922
948858,0.3237922
948859,0.3237922
948868,0.112855
948869,0.33204132
948870,0.33204132
948871,0.33204132
948875,0.112855
948876,0.33204132
948877,0.33204132
948878,0.33204132
948879,0.33204132
948880,0.056426566
948881,0.06391075
948882,0.06391075
948884,0.020795273
948885,0.06391075
948886,0.06391075
948887,0.06391075
948888,0.06391075
948889,0.06391075
948890,0.06391075
948891,0.06391075
948892,0.017815791
948893,0.06601416
948894,0.06601416
948895,0.060292643
948896,0.060292643
948897,0.060292643
948898,0.060292643
948899,0.017815791
948903,0.017815791
948905,0.13619424
948906,0.3667293
948907,0.3667293
948908,0.3667293
948909,0.3667293
948910,0.15147027
948911,0.3667293
948912,0.3667293
948913,0.3667293
948920,0.15845296
948938,0.1289006
948939,0.24919212
948940,0.24919212
948941,0.12065076
948942,0.24919212
948943,0.12065076
948944,0.093117565
948945,0.23760116
948946,0.23760116
948947,0.23760116
948948,0.23760116
948949,0.13584717
948950,0.28410873
948951,0.28410873
948952,0.28410873
948953,0.28410873
948954,0.28410873
948955,0.23760116
948956,0.23760116
948957,0.13584717
948958,0.28410873
948959,0.28410873
948960,0.28410873
948961,0.28410873
948966,0.14878555
949062,0.12771413
949063,0.37868905
949064,0.37868905
949065,0.37868905
949066,0.37868905
949070,0.12857766
949072,0.12919788
949073,0.36170334
949074,0.36170334
949075,0.36170334
949076,0.36170334
949081,0.12919788
949082,0.36170334
949083,0.36170334
949084,0.36170334
949085,0.36170334
949091,0.12919788
949092,0.36170334
949093,0.36170334
949094,0.36170334
949095,0.36170334
949096,0.36170334
949101,0.15556465
949102,0.37772092
949103,0.37772092
949104,0.37772092
949105,0.37772092
949106,0.37772092
949115,0.15556465
949116,0.37772092
949117,0.37772092
949118,0.37772092
949119,0.37772092
949120,0.37772092
949145,0.13637385
949165,0.17198661
949173,0.19857474
949189,0.17921725
949294,0.062202588
949295,0.056534123
949296,0.049081217
949297,0.12666304
949298,0.12666304
949299,0.12666304
949300,0.12666304
949301,0.12666304
949304,0.049081217
949305,0.12666304
949306,0.12666304
949307,0.12666304
949308,0.12666304
949316,0.049081217
949317,0.12666304
949318,0.12666304
949319,0.12666304
949320,0.12666304
949474,0.13129169
949475,0.31667536
949476,0.31667536
949477,0.15824568
949478,0.31667536
949479,0.10052302
949480,0.31667536
949481,0.31667536
949482,0.31667536
949483,0.31667536
949484,0.15824568
949485,0.31667536
949486,0.31667536
949487,0.31667536
949488,0.15368885
949489,0.34411508
949490,0.34411508
949491,0.34411508
949495,0.1364121
949748,0.1563941
949764,0.17490374
949765,0.385449
949766,0.385449
949785,0.18173315
949786,0.22393551
949799,0.108541206
949800,0.22393551
949801,0.22393551
949802,0.22393551
949803,0.22393551
949811,0.09294878
949812,0.19539975
949813,0.19539975
949814,0.19539975
949815,0.19539975
949816,0.19539975
949819,0.09294878
949820,0.21223417
949821,0.21223417
949822,0.21223417
949823,0.21223417
949831,0.10102781
949832,0.21223417
949833,0.21223417
949834,0.21223417
949835,0.21223417
949836,0.21223417
949848,0.08058021
949849,0.15807196
949850,0.15807196
949851,0.15807196
949852,0.15807196
949853,0.15807196
949854,0.15807196
949917,0.05177853
949918,0.26015586
949919,0.26015586
949920,0.26015586
949921,0.26015586
949930,0.12545338
949931,0.2587945
949932,0.2587945
949933,0.2587945
949934,0.2587945
949941,0.12545338
949942,0.2587945
949943,0.2587945
949944,0.2587945
949945,0.2587945
949953,0.12545338
949954,0.2587945
949955,0.2587945
949995,0.122469515
949996,0.32858554
949997,0.32858554
950054,0.11593325
950055,0.33153683
950056,0.33153683
950062,0.12680544
950073,0.031925652
950074,0.058675
950075,0.058675
950076,0.058675
950085,0.025041498
950086,0.058675
950087,0.058675
950088,0.058675
950089,0.058675
950090,0.058675
950211,0.051818144
950212,0.1254183
950213,0.1254183
950214,0.1458403
950215,0.2646103
950216,0.1254183
950227,0.05001927
950228,0.1254183
950229,0.1254183
950230,0.1254183
950231,0.1254183
950232,0.1254183
950233,0.1254183
950245,0.09208726
950246,0.20152014
950247,0.20152014
950248,0.20152014
950249,0.20152014
950335,0.0810706
950345,0.17181472
950346,0.34675378
950347,0.34675378
950348,0.34675378
950350,0.14887497
950351,0.32881147
950352,0.32881147
950353,0.32881147
950354,0.32881147
950355,0.32881147
950356,0.32881147
950357,0.32881147
950362,0.14887497
950363,0.32881147
950364,0.32881147
950365,0.32881147
950366,0.32881147
950443,0.1625751
950481,0.17927319
950482,0.33027968
950491,0.10366845
950492,0.29010785
950507,0.12638661
950508,0.29010785
950509,0.29010785
950513,0.15637447
950621,0.023856197
950622,0.04307394
950623,0.04307394
950624,0.04307394
950625,0.04307394
950723,0.058328014
950724,0.15629403
950725,0.123241045
950726,0.123241045
950744,0.05915625
950745,0.15629403
950746,0.15629403
950761,0.16495864
950762,0.37294233
950763,0.37294233
950764,0.37294233
950765,0.37294233
950766,0.37294233
950767,0.22890212
950768,0.37294233
950789,0.16495864
950790,0.37294233
950791,0.37294233
950792,0.37294233
950807,0.16495864
950818,0.18538362
950833,0.18538362
950834,0.41147655
950835,0.41147655
950836,0.41147655
950837,0.41147655
950838,0.41147655
950839,0.41147655
950840,0.41147655
950850,0.18538362
950851,0.41147655
950852,0.41147655
950853,0.41147655
950854,0.41147655
950855,0.41147655
950856,0.41147655
950863,0.1838908
950864,0.39161646
950865,0.39161646
950866,0.39161646
950867,0.39161646
950868,0.39161646
950874,0.1838908
950875,0.39161646
950876,0.39161646
950884,0.1838908
950892,0.23556983
950893,0.4585041
950894,0.4585041
950895,0.4585041
950896,0.4585041
950897,0.23556983
950898,0.4585041
950899,0.4585041
950900,0.4585041
950901,0.4585041
950902,0.4585041
950910,0.23556983
950911,0.4585041
950912,0.4585041
950913,0.4585041
950914,0.4585041
950915,0.4022485
950921,0.122571915
950922,0.260304
950923,0.260304
950924,0.260304
950925,0.260304
950931,0.122571915
950932,0.260304
950933,0.260304
950934,0.260304
950935,0.260304
950974,0.1266595
950988,0.21439192
950989,0.3944335
950992,0.1621547
950997,0.1621547
951085,0.0716157
951086,0.15309976
951087,0.15309976
951088,0.15309976
951089,0.15309976
951090,0.15309976
951094,0.051973354
951095,0.13649888
951098,0.051973354
951099,0.13649888
951100,0.13649888
951107,0.051973354
951108,0.13649888
951109,0.13649888
951110,0.13649888
951139,0.1267152
951140,0.3394274
951141,0.3394274
951147,0.13424252
951148,0.13593373
951149,0.33016512
951150,0.33016512
951151,0.33016512
951152,0.33016512
951153,0.33016512
951154,0.33016512
951155,0.33016512
951156,0.33016512
951167,0.16174795
951168,0.35329232
951169,0.35329232
951196,0.13974355
951197,0.1574528
951198,0.34870198
951199,0.34870198
951200,0.34870198
951201,0.34870198
951202,0.34870198
951203,0.34870198
951204,0.34870198
951205,0.34870198
951206,0.34870198
951207,0.34870198
951208,0.34870198
951209,0.34870198
951210,0.34870198
951211,0.34870198
951212,0.34870198
951213,0.34870198
951214,0.34870198
951215,0.34870198
951216,0.34870198
951217,0.34870198
951218,0.34870198
951219,0.34870198
951220,0.1574528
951221,0.34870198
951222,0.34870198
951223,0.34870198
951224,0.1574528
951225,0.34870198
951226,0.34870198
951227,0.34870198
951228,0.34870198
951229,0.34870198
951230,0.34870198
951252,0.12395626
951312,0.096824035
951313,0.21683206
951314,0.21683206
951338,0.10299603
951339,0.21683206
951340,0.21683206
951341,0.21683206
951342,0.21683206
951362,0.089282885
951363,0.22080746
951364,0.25119776
951365,0.25119776
951366,0.25119776
951367,0.25119776
951368,0.25119776
951377,0.089282885
951378,0.22080746
951379,0.22080746
951380,0.22080746
951381,0.22080746
951382,0.22080746
951392,0.089282885
951393,0.22080746
951394,0.22080746
951395,0.22080746
951396,0.22080746
951408,0.101383545
951410,0.101383545
951413,0.19925322
951414,0.37950516
951415,0.41291916
951416,0.18122841
951417,0.41291916
951418,0.41291916
951419,0.41291916
951420,0.41291916
951421,0.18270557
951422,0.41705635
951423,0.18270557
951519,0.11346474
951573,0.11938529
951574,0.3049769
951575,0.3049769
951576,0.3049769
951577,0.3049769
951578,0.3049769
951589,0.11938529
951590,0.3049769
951609,0.069288164
951610,0.1733399
951611,0.1733399
951612,0.1733399
951613,0.1733399
951614,0.1733399
951615,0.1733399
951616,0.1733399
951617,0.1733399
951618,0.1733399
951619,0.1733399
951620,0.1733399
951651,0.08380495
951652,0.17301728
951653,0.17301728
951654,0.17301728
951655,0.17301728
951656,0.17301728
951657,0.17301728
951658,0.17301728
951659,0.17301728
951660,0.17301728
951661,0.17301728
951662,0.17301728
951663,0.17301728
951664,0.09360366
951665,0.25689492
951666,0.25689492
951673,0.095495164
951674,0.25689492
951675,0.25689492
951676,0.25689492
951677,0.25689492
951678,0.25689492
951679,0.25689492
951680,0.25689492
951683,0.095495164
951684,0.25689492
951685,0.25689492
951686,0.25689492
951687,0.25689492
951688,0.25689492
951689,0.25689492
951691,0.10434153
951692,0.27612838
951693,0.27612838
951697,0.10434153
951698,0.27612838
951699,0.27612838
951700,0.27612838
951701,0.27612838
951702,0.27612838
951703,0.27612838
951707,0.10434153
951708,0.27612838
951709,0.27612838
951710,0.27612838
951711,0.27612838
951713,0.10994252
951714,0.26421988
951715,0.26421988
951716,0.26421988
951717,0.26421988
951718,0.10994252
951719,0.26421988
951720,0.26421988
951721,0.26421988
951722,0.26421988
951723,0.26421988
951724,0.26421988
951725,0.26421988
951726,0.26421988
951727,0.26421988
951729,0.10994252
951730,0.26421988
951731,0.26421988
951732,0.26421988
951733,0.26421988
951737,0.12918666
951738,0.2843036
951739,0.2843036
951740,0.2843036
951741,0.2843036
951742,0.2843036
951743,0.35050723
951744,0.35050723
951751,0.14956419
951752,0.35050723
951753,0.35050723
951754,0.35050723
951770,0.14956419
951771,0.35050723
951772,0.35050723
951773,0.35050723
951774,0.35050723
951775,0.35050723
951778,0.15647523
951779,0.36499643
951787,0.13311699
951881,0.10027484
951882,0.24361074
951883,0.24361074
951884,0.099059984
951923,0.17252511
951924,0.13462847
951925,0.32404086
951926,0.32404086
951927,0.32404086
951928,0.32404086
951929,0.32404086
951930,0.13462847
951931,0.13462847
951953,0.08142744
951954,0.2686771
951955,0.2686771
951956,0.2686771
951959,0.10687782
951960,0.2686771
951961,0.2686771
951962,0.2686771
951963,0.2686771
951964,0.2686771
951983,0.07469261
951995,0.09306754
951996,0.24407671
952034,0.09306754
952037,0.10248148
952113,0.14231594
952114,0.32141024
952123,0.15424712
952124,0.34403992
952125,0.34403992
952126,0.34403992
952127,0.34403992
952136,0.15424712
952137,0.34403992
952138,0.34403992
952139,0.34403992
952140,0.34403992
952141,0.34403992
952142,0.34403992
952161,0.15424712
952162,0.34403992
952163,0.34403992
952164,0.34403992
952165,0.34403992
952166,0.34403992
952178,0.14601384
952179,0.3091736
952180,0.3091736
952181,0.3091736
952182,0.3091736
952187,0.14601384
952188,0.3091736
952189,0.3091736
952190,0.3091736
952191,0.3091736
952193,0.14601384
952194,0.3091736
952195,0.3091736
952196,0.3091736
952197,0.3091736
952198,0.22842237
952199,0.37677908
952200,0.17383362
952201,0.28976795
952202,0.28976795
952203,0.1566145
952220,0.08604132
952221,0.27183157
952222,0.19557975
952223,0.27183157
952224,0.19557975
952225,0.19557975
952226,0.19557975
952227,0.19557975
952228,0.19557975
952229,0.19557975
952233,0.15332633
952234,0.27183157
952235,0.27183157
952236,0.27183157
952237,0.27183157
952238,0.27183157
952239,0.15332633
952240,0.27183157
952241,0.27183157
952242,0.27183157
952243,0.27183157
952244,0.27183157
952245,0.27183157
952246,0.15453121
952247,0.28075594
952248,0.28075594
952249,0.28075594
952250,0.28075594
952251,0.15453121
952252,0.28075594
952253,0.28075594
952254,0.28075594
952255,0.28075594
952256,0.09555289
952623,0.10714096
952624,0.32646856
952625,0.32646856
952626,0.32646856
952632,0.12595841
952633,0.32646856
952634,0.32646856
952650,0.09711754
952651,0.28962833
952652,0.28962833
952653,0.28962833
952660,0.117580146
952661,0.28962833
952665,0.11313501
952666,0.28218758
952667,0.28218758
952668,0.28218758
952669,0.28218758
952670,0.28218758
952671,0.28218758
952672,0.11313501
952673,0.28218758
952674,0.28218758
952675,0.28218758
952676,0.28218758
952677,0.26759923
952678,0.10792288
952679,0.28218758
952680,0.28218758
952681,0.28218758
952682,0.28218758
952683,0.28218758
952686,0.08738968
952687,0.23824115
952688,0.23824115
952689,0.226948
952690,0.23824115
952691,0.08738968
952692,0.23824115
952693,0.23824115
952694,0.23824115
952695,0.23824115
952697,0.09966971
952698,0.226948
952699,0.226948
952700,0.23824115
952701,0.23824115
952702,0.23824115
952709,0.060159195
952710,0.17620514
952711,0.17620514
952712,0.17620514
952713,0.17620514
952714,0.17620514
952726,0.060159195
952727,0.17620514
952728,0.17620514
952729,0.17620514
952730,0.17620514
952731,0.17620514
952740,0.060159195
952741,0.17620514
952742,0.17620514
952743,0.17620514
952755,0.07414175
952756,0.19311401
952757,0.19311401
952758,0.19311401
952769,0.07414175
952770,0.19311401
952771,0.18344478
952772,0.19311401
952773,0.19311401
952783,0.07414175
952784,0.19311401
952785,0.19311401
952786,0.19311401
952787,0.19311401
952788,0.19311401
952800,0.06339251
952801,0.17118256
952802,0.17118256
952803,0.17118256
952804,0.17122647
952805,0.17122647
952819,0.0634377
952820,0.17122647
952821,0.17122647
952822,0.17122647
952823,0.17122647
952824,0.17122647
952831,0.0634377
952832,0.17122647
953059,0.07839017
953060,0.22304614
953061,0.22304614
953062,0.22304614
953063,0.22304614
953064,0.22304614
953065,0.22304614
953066,0.22304614
953072,0.09556313
953073,0.22304614
953074,0.22304614
953075,0.22304614
953076,0.22304614
953077,0.22304614
953078,0.22304614
953079,0.22304614
953080,0.22304614
953081,0.22304614
953082,0.22304614
953084,0.09556313
953085,0.22304614
953086,0.22304614
953087,0.22304614
953088,0.22304614
953089,0.22304614
953090,0.22304614
953091,0.22304614
953092,0.22304614
953093,0.22304614
953094,0.22304614
953095,0.22304614
953096,0.115206786
953097,0.26821086
953098,0.26821086
953099,0.26821086
953100,0.26821086
953101,0.26821086
953117,0.08641173
953440,0.102319166
953446,0.12626515
953447,0.28446454
953448,0.28446454
953449,0.28446454
953450,0.28446454
953457,0.12645338
953458,0.27085432
953459,0.27085432
953460,0.27085432
953461,0.27085432
953462,0.27085432
953463,0.12893878
953464,0.26874775
953465,0.26874775
953466,0.26874775
953468,0.12893878
953469,0.26874775
953470,0.26874775
953471,0.26874775
953472,0.26874775
953473,0.26874775
953474,0.098358266
953475,0.22574788
953476,0.22574788
953478,0.098358266
953611,0.027573068
953612,0.036971126
953613,0.036971126
953614,0.036971126
953615,0.032723032
953629,0.018016994
953630,0.036971126
953631,0.036971126
953632,0.036971126
953633,0.036971126
953634,0.036971126
953649,0.017219683
953650,0.03583761
953651,0.03583761
953652,0.03583761
953653,0.03583761
953654,0.03583761
953667,0.017219683
953668,0.03583761
953669,0.036184136
953670,0.036184136
953671,0.036184136
953672,0.036184136
953687,0.017389428
953688,0.036184136
953689,0.036184136
953690,0.036184136
953691,0.036184136
953715,0.032012317
953716,0.08067715
953717,0.08067715
953718,0.08067715
953719,0.08067715
953720,0.08067715
953756,0.032012317
953757,0.08067715
953758,0.08067715
953759,0.08067715
953760,0.08067715
953761,0.08067715
953762,0.08067715
953777,0.032012317
953778,0.08067715
953779,0.08067715
953780,0.08067715
953781,0.08067715
953795,0.033178195
953796,0.085363224
953797,0.085363224
953798,0.085363224
953807,0.033178195
953857,0.03487237
953858,0.08066286
953864,0.032802127
953865,0.08066286
953866,0.08066286
953867,0.08066286
953868,0.08066286
953869,0.08066286
953875,0.032802127
953876,0.08066286
953877,0.08066286
953878,0.08066286
953898,0.039355014
953899,0.120930314
953915,0.038929686
953916,0.120930314
953917,0.120930314
953918,0.120930314
953919,0.120930314
953939,0.07973055
953940,0.16906247
953941,0.16906247
953942,0.16906247
953943,0.16906247
953944,0.16906247
953956,0.07973055
953957,0.16906247
953958,0.16906247
954072,0.22662555
954073,0.28609452
954074,0.28609452
954076,0.13835163
954077,0.293042
954078,0.293042
954079,0.293042
954080,0.293042
954081,0.293042
954082,0.13835163
954083,0.293042
954084,0.293042
954085,0.293042
954086,0.293042
954087,0.293042
954092,0.13835163
954093,0.293042
954094,0.293042
954095,0.293042
954096,0.293042
954098,0.15613277
954099,0.32324588
954100,0.32324588
954101,0.32324588
954102,0.32324588
954103,0.32324588
954108,0.15613277
954109,0.32324588
954116,0.15407428
954387,0.13640858
954388,0.17168395
954389,0.3238155
954390,0.3238155
954465,0.15775108
954490,0.09721493
954491,0.16142577
954492,0.16142577
954493,0.16142577
954494,0.16142577
954500,0.097937055
954501,0.20381425
954502,0.20381425
954503,0.20381425
954504,0.20381425
954505,0.20381425
954506,0.16142577
954507,0.08611841
954508,0.20381425
954509,0.20381425
954510,0.20381425
954511,0.20381425
954513,0.12513997
954514,0.2507431
954515,0.2507431
954516,0.2507431
954517,0.2507431
954518,0.12513997
954519,0.2507431
954520,0.2507431
954521,0.2507431
954522,0.2507431
954523,0.2507431
954524,0.12513997
954525,0.2507431
954526,0.2507431
954527,0.2507431
954528,0.2507431
954529,0.2507431
954530,0.096276425
954531,0.21113002
954532,0.21113002
954533,0.21113002
954534,0.21113002
954535,0.096276425
954536,0.21113002
954537,0.21113002
954538,0.21113002
954539,0.21113002
954540,0.096276425
954541,0.21113002
954542,0.21113002
954543,0.21113002
954544,0.21051282
954545,0.21051282
954546,0.09608279
954547,0.21567309
954548,0.09608279
954716,0.055440094
954717,0.16505747
954718,0.16505747
954719,0.16505747
954720,0.16505747
954721,0.16505747
954722,0.16505747
954723,0.18542889
954724,0.16505747
954725,0.16505747
954726,0.18542889
954727,0.18542889
954728,0.18542889
954729,0.18542889
954730,0.16505747
954731,0.06484239
954732,0.16505747
954733,0.16505747
954734,0.16505747
954735,0.16505747
954740,0.048348773
954741,0.13724078
954742,0.13724078
954743,0.13724078
954744,0.13724078
954751,0.048348773
954752,0.13724078
954753,0.13724078
954754,0.13724078
954755,0.13724078
954756,0.13724078
954758,0.048348773
954759,0.13724078
954760,0.13724078
954761,0.13724078
954762,0.13724078
954763,0.13724078
954764,0.055751484
954765,0.16232365
954766,0.16232365
954767,0.08336894
954809,0.07658593
954810,0.1823812
954811,0.1823812
954812,0.1823812
954823,0.07519708
954824,0.1823812
954825,0.1823812
954826,0.1823812
954827,0.1823812
954828,0.1823812
954846,0.08071709
954847,0.19457684
954848,0.19457684
954849,0.19457684
954850,0.19457684
954862,0.08071709
954863,0.19457684
954864,0.19457684
954865,0.19457684
954866,0.19457684
954867,0.19457684
954883,0.08071709
954884,0.19457684
954885,0.19457684
954886,0.19457684
954904,0.08492158
954905,0.21254598
954906,0.21254598
954907,0.21254598
954908,0.21254598
954915,0.07123351
955034,0.07739119
955035,0.19707912
955036,0.19707912
955037,0.19707912
955038,0.09261993
955047,0.06794359
955048,0.1768342
955049,0.23534629
955054,0.07097204
955055,0.16761321
955056,0.15477824
955057,0.15477824
955058,0.15477824
955075,0.07097204
955076,0.15477824
955077,0.16761321
955078,0.15477824
955079,0.15477824
955097,0.050302535
955098,0.15477824
955099,0.15477824
955100,0.15477824
955101,0.15477824
955121,0.07945926
955122,0.16303028
955123,0.16303028
955124,0.16303028
955137,0.055192534
955138,0.14654334
955139,0.14654334
955140,0.16303028
955141,0.16303028
955142,0.16303028
955156,0.055192534
955157,0.14654334
955158,0.14654334
955159,0.14654334
955160,0.14654334
955161,0.14654334
955175,0.051414438
955176,0.1365047
955177,0.1365047
955178,0.1365047
955179,0.1365047
955180,0.1365047
955208,0.046521496
955538,0.076335214
955539,0.32985112
955540,0.22432278
955541,0.22432278
955551,0.10919649
955558,0.10919649
955559,0.27276558
955560,0.27276558
955561,0.27276558
955564,0.10919649
955565,0.27276558
955566,0.27276558
955567,0.27276558
955568,0.27276558
955575,0.113762766
955576,0.28922567
955577,0.28922567
955578,0.28922567
955579,0.28922567
955584,0.113762766
955585,0.28922567
955586,0.28922567
955587,0.28922567
955588,0.28922567
955595,0.113762766
955596,0.28922567
955597,0.28922567
955598,0.28922567
955599,0.28922567
955603,0.095815115
955604,0.266249
955605,0.07988764
955854,0.057237018
955855,0.18673946
955856,0.18673946
955857,0.06491975
955858,0.18673946
955859,0.18673946
955860,0.18673946
955865,0.06491975
956003,0.13432339
956004,0.33278868
956005,0.33278868
956006,0.33278868
956007,0.33278868
956013,0.11782566
956014,0.28089717
956015,0.28089717
956016,0.28089717
956017,0.28089717
956028,0.11782566
956029,0.28089717
956030,0.28069073
956031,0.28069073
956032,0.28069073
956039,0.117719494
956040,0.28069073
956041,0.28069073
956042,0.28069073
956043,0.28069073
956044,0.28069073
956045,0.28069073
956052,0.17372419
956053,0.35501438
956054,0.35501438
956055,0.35501438
956056,0.35501438
956060,0.19740266
956061,0.34175503
956062,0.35501438
956063,0.35501438
956064,0.35501438
956065,0.35501438
956066,0.35501438
956073,0.19740266
956074,0.35501438
956075,0.35501438
956076,0.35501438
956077,0.35501438
956078,0.35501438
956086,0.0942176
956087,0.20750746
956088,0.20750746
956089,0.20750746
956090,0.20750746
956104,0.0942176
956105,0.20750746
956106,0.20750746
956107,0.20750746
956108,0.20750746
956112,0.0942176
956113,0.20750746
956114,0.20750746
956115,0.20750746
956116,0.20750746
956117,0.17216681
956118,0.08987775
956119,0.21111515
956120,0.1798455
956121,0.21111515
956122,0.1798455
956123,0.21111515
956127,0.08987775
956128,0.21111515
956129,0.21111515
956130,0.21111515
956131,0.21111515
956138,0.08987775
956139,0.21111515
956140,0.21111515
956141,0.21111515
956142,0.21111515
956143,0.21111515
956146,0.10024105
956147,0.23825799
956148,0.23825799
956149,0.23825799
956150,0.23825799
956151,0.10024105
956152,0.23825799
956153,0.23825799
956154,0.23825799
956161,0.10024105
956162,0.23825799
956163,0.23825799
956164,0.23825799
956167,0.085295156
956169,0.04568277
956170,0.1454036
956171,0.054748442
956172,0.15271866
956173,0.15271866
956174,0.054748442
956388,0.08260318
956413,0.08577017
956414,0.19471624
956415,0.19471624
956416,0.19471624
956463,0.11464719
956464,0.2527947
956465,0.13214593
956466,0.26981506
956467,0.26981506
956468,0.26981506
956488,0.11412953
956539,0.09884987
956540,0.21712403
956541,0.21712403
956542,0.21712403
956548,0.07492581
956579,0.07299137
956580,0.22209603
956581,0.08332972
956582,0.22209603
956583,0.22209603
956584,0.22209603
956585,0.22209603
956586,0.08332972
956587,0.22209603
956588,0.22209603
956589,0.22209603
956590,0.22209603
956602,0.08094531
956603,0.21789025
956931,0.098533444
956932,0.15480484
956933,0.3329031
956934,0.3329031
956935,0.3329031
956936,0.3329031
956938,0.18616238
956939,0.37853265
956940,0.37853265
956941,0.37853265
956942,0.40162992
956943,0.40162992
956988,0.11370654
956989,0.25934163
956990,0.25934163
956991,0.25934163
956992,0.25934163
956993,0.25934163
956994,0.12259552
956995,0.25934163
956997,0.0737764
956998,0.20347746
956999,0.20347746
957000,0.20347746
957001,0.20347746
957002,0.0737764
957003,0.20347746
957004,0.20347746
957005,0.20347746
957006,0.20347746
957007,0.20347746
957012,0.0737764
957013,0.20347746
957014,0.20347746
957015,0.20347746
957016,0.07389694
957017,0.20250778
957018,0.20250778
957019,0.20250778
957020,0.20250778
957021,0.20250778
957022,0.07389694
957023,0.20250778
957024,0.20250778
957025,0.20250778
957026,0.20250778
957027,0.07389694
957028,0.06826923
957034,0.10911641
957035,0.25647318
957036,0.097902745
957043,0.08089493
957044,0.20062512
957045,0.07567583
957046,0.20062512
957047,0.20062512
957054,0.025271421
957055,0.06622172
957056,0.06622172
957057,0.06622172
957058,0.06622172
957059,0.06622172
957067,0.025271421
957068,0.06622172
957069,0.06622172
957070,0.06604303
957071,0.06604303
957072,0.06604303
957075,0.025200246
957076,0.06604303
957077,0.06604303
957078,0.06604303
957079,0.06604303
957080,0.06604303
957081,0.06604303
957082,0.06604303
957083,0.06604303
957084,0.06604303
957086,0.038466528
957087,0.0996366
957088,0.0996366
957089,0.0996366
957090,0.0996366
957091,0.0996366
957092,0.038466528
957093,0.0996366
957094,0.0996366
957095,0.0996366
957096,0.0996366
957097,0.0996366
957098,0.038466528
957099,0.0996366
957100,0.0996366
957101,0.0996366
957102,0.0996366
957104,0.040493283
957105,0.08272911
957106,0.08272911
957107,0.08272911
957108,0.08272911
957114,0.031803735
957115,0.08272911
957116,0.08272911
957117,0.08272911
957118,0.08272911
957119,0.08272911
957127,0.029907024
957128,0.07804011
957129,0.07804011
957130,0.07804011
957131,0.07804011
957132,0.07804011
957133,0.07804011
957141,0.029907024
957142,0.07804011
957143,0.07804011
957144,0.07804011
957145,0.07804011
957154,0.029907024
957155,0.07804011
957156,0.07804011
957157,0.07804011
957158,0.07804011
957159,0.07804011
957160,0.07804011
957161,0.07804011
957162,0.07804011
957163,0.07804011
957164,0.07804011
957169,0.098054335
957170,0.23103711
957171,0.23103711
957172,0.23103711
957173,0.23103711
957174,0.23103711
957175,0.23103711
957176,0.23103711
957177,0.23103711
957178,0.099640936
957179,0.099640936
957180,0.099640936
957181,0.099640936
957182,0.099640936
957183,0.099640936
957184,0.099640936
957185,0.099640936
957186,0.099640936
957187,0.099640936
957188,0.099640936
957208,0.098054335
957209,0.31062153
957210,0.31062153
957211,0.31062153
957212,0.31062153
957213,0.23103711
957214,0.31062153
957215,0.23103711
957216,0.31062153
957217,0.31062153
957218,0.31062153
957219,0.12507829
957220,0.16094816
957221,0.3532863
957222,0.3532863
957223,0.3532863
957224,0.3532863
957225,0.3532863
957231,0.13829437
957232,0.13443647
957233,0.34869602
957235,0.15667027
957236,0.34869602
957237,0.34869602
957238,0.34869602
957239,0.34869602
957243,0.13604227
957244,0.30226782
957245,0.30226782
957265,0.13604227
957266,0.30226782
957267,0.30226782
957268,0.30226782
957269,0.30226782
957289,0.13604227
957290,0.30226782
957291,0.30226782
957292,0.30226782
957293,0.30226782
957294,0.30226782
957323,0.1773715
957404,0.09962141
957405,0.19295238
957406,0.19295238
957407,0.19295238
957408,0.19295238
957409,0.19295238
957410,0.19295238
957411,0.19295238
957412,0.19295238
957413,0.19295238
957414,0.19295238
957415,0.19295238
957416,0.19295238
957417,0.19295238
957418,0.19295238
957419,0.19295238
957420,0.19295238
957421,0.19295238
957422,0.19295238
957430,0.13147876
957444,0.13147876
957445,0.23020491
957446,0.23020491
957447,0.23020491
957448,0.23020491
957458,0.13147876
957459,0.23020491
957460,0.23020491
957461,0.23020491
957462,0.23020491
957463,0.23020491
957471,0.10132248
957472,0.19300069
957473,0.19300069
957474,0.19300069
957475,0.19300069
957476,0.19300069
957485,0.10132248
957486,0.19300069
957487,0.19300069
957488,0.19300069
957489,0.19300069
957497,0.10132248
957498,0.19300069
957499,0.19300069
957500,0.19300069
957501,0.19300069
957502,0.19300069
957503,0.19300069
957510,0.104159296
957511,0.19783925
957512,0.19783925
957513,0.19783925
957514,0.19783925
957515,0.19783925
957522,0.104159296
957523,0.19783925
957524,0.19783925
957525,0.19783925
957543,0.091651544
957774,0.053996954
957775,0.21549946
957776,0.21549946
957777,0.21549946
957784,0.09624195
957785,0.21549946
957786,0.21549946
957787,0.21549946
957788,0.21549946
957797,0.09624195
957798,0.21549946
957799,0.21549946
957800,0.21549946
957801,0.21549946
957817,0.113023624
957818,0.24738401
957819,0.24738401
957820,0.24738401
957821,0.24738401
957822,0.24738401
957841,0.113023624
957842,0.24738401
957843,0.24738401
957844,0.24738401
957845,0.24738401
957846,0.24738401
957853,0.113023624
957854,0.24738401
957855,0.24738401
957856,0.24738401
957857,0.24738401
957868,0.09166119
957869,0.2320241
957870,0.2320241
957871,0.2320241
957872,0.2320241
957873,0.2320241
957874,0.2320241
957876,0.10897922
957959,0.106552176
957960,0.23855765
958027,0.065924965
958028,0.12706664
958029,0.12706664
958030,0.06802521
958031,0.14908348
958032,0.14908348
958033,0.14908348
958034,0.14908348
958035,0.14908348
958036,0.14908348
958037,0.06802521
958038,0.14908348
958039,0.14908348
958048,0.056454923
958324,0.07859456
958331,0.10175544
958332,0.23600271
958333,0.23600271
958334,0.23600271
958335,0.23600271
958344,0.09309552
958345,0.21138836
958346,0.21138836
958347,0.2525706
958351,0.09309552
958352,0.21138836
958353,0.21138836
958354,0.2525706
958355,0.2525706
958356,0.21138836
958362,0.09309552
958363,0.21138836
958364,0.21138836
958365,0.21138836
958366,0.21138836
958373,0.12082715
958374,0.23901619
958375,0.23901619
958376,0.23901619
958396,0.12082715
958397,0.23901619
958398,0.23901619
958399,0.23901619
958400,0.23901619
958405,0.12082715
958406,0.23901619
958409,0.130971
958410,0.25805065
958411,0.25805065
958412,0.25805065
958413,0.25805065
958414,0.25805065
958415,0.25805065
958421,0.130971
958422,0.25805065
958423,0.25805065
958424,0.25805065
958433,0.130971
958475,0.10745195
958476,0.20273867
958484,0.09431143
958485,0.20273867
958486,0.20273867
958487,0.20273867
958488,0.20273867
958490,0.09431143
958491,0.20273867
958492,0.20273867
958493,0.20273867
958494,0.20273867
958495,0.20273867
958504,0.097054765
958505,0.2060808
958506,0.2060808
958507,0.2060808
958508,0.2060808
958512,0.097054765
958513,0.2060808
958514,0.2060808
958515,0.2060808
958516,0.2060808
958518,0.097054765
958519,0.2060808
958520,0.2060808
958521,0.2060808
958522,0.2060808
958523,0.2060808
958524,0.2060808
958530,0.10689409
958531,0.23044312
958532,0.23044312
958533,0.23044312
958534,0.23044312
958537,0.10689409
958538,0.23044312
958539,0.23044312
958540,0.23044312
958541,0.23044312
958542,0.23044312
958549,0.10689409
958550,0.23044312
958551,0.23044312
958552,0.23044312
958562,0.07147291
958581,0.09738809
958590,0.10052739
958846,0.10022903
958847,0.24898016
958848,0.24898016
958849,0.24898016
958850,0.24898016
958851,0.24898016
958853,0.13022894
958854,0.27549833
958896,0.123906516
958897,0.2720661
958898,0.2720661
958899,0.2720661
958900,0.2720661
958901,0.2720661
958928,0.12696409
958929,0.2720661
958930,0.2720661
958962,0.103012465
958963,0.25194404
958964,0.25194404
958965,0.25194404
958970,0.12070451
958971,0.25194404
959004,0.13276209
959047,0.10432749
959048,0.27613512
959049,0.10054878
959050,0.28099218
959096,0.08723007
959097,0.26213232
959098,0.26213232
959099,0.26213232
959100,0.26213232
959109,0.0919128
959110,0.26213232
959120,0.06889509
959162,0.07213922
959163,0.22480087
959216,0.05773125
959217,0.19329488
959218,0.19329488
959219,0.19329488
959220,0.19329488
959221,0.19329488
959222,0.19329488
959223,0.06893374
959362,0.12580356
959363,0.35274217
959364,0.35274217
959365,0.35274217
959366,0.35274217
959367,0.35274217
959368,0.35274217
959369,0.35274217
959381,0.14925118
959382,0.35274217
959383,0.35274217
959384,0.35274217
959385,0.35274217
959386,0.35274217
959399,0.100234166
959533,0.07017618
959534,0.17228933
959546,0.10686316
959547,0.23854224
959548,0.23854224
959549,0.09441303
959550,0.23854224
959551,0.23854224
959552,0.23854224
959553,0.23854224
959559,0.09441303
959560,0.23854224
959561,0.23854224
959562,0.23854224
959563,0.23854224
959564,0.23854224
959572,0.09938441
959573,0.24901609
959574,0.24901609
959575,0.24901609
959576,0.24901609
959577,0.24901609
959583,0.09938441
959584,0.24901609
959585,0.24901609
959586,0.24901609
959587,0.24901609
959588,0.09938441
959589,0.24901609
959590,0.24901609
959591,0.064935125
959674,0.08780617
959675,0.26067027
959700,0.10096691
959706,0.122126184
959707,0.301871
959720,0.14096764
959812,0.08784971
959813,0.15303971
959814,0.15303971
959815,0.15303971
959816,0.15303971
959817,0.15303971
959818,0.15303971
959819,0.15303971
959820,0.15303971
959821,0.15303971
959822,0.15303971
959823,0.15303971
959824,0.15303971
959825,0.15303971
959826,0.15303971
959827,0.15303971
959828,0.15303971
959829,0.15303971
959830,0.15303971
959925,0.08715265
959926,0.17022306
959927,0.17022306
959928,0.062362365
959929,0.17022306
959930,0.17022306
959931,0.17022306
959932,0.17022306
959933,0.17022306
959934,0.05092489
959935,0.13649379
959936,0.13649379
959937,0.13649379
959938,0.13649379
959942,0.05092489
959943,0.13649379
959944,0.13649379
959945,0.13649379
959946,0.13649379
959947,0.13649379
959952,0.05092489
959953,0.13649379
959954,0.13649379
959955,0.13649379
959964,0.06644917
960058,0.111743
960059,0.22008628
960060,0.22008628
960061,0.22008628
960062,0.22008628
960063,0.22008628
960064,0.22008628
960065,0.22008628
960066,0.22008628
960067,0.22008628
960068,0.22008628
960069,0.22008628
960070,0.22008628
960071,0.22008628
960072,0.22008628
960073,0.22008628
960074,0.22008628
960075,0.09215561
960091,0.09215561
960092,0.22008628
960093,0.22008628
960094,0.22008628
960095,0.22008628
960096,0.22008628
960097,0.22008628
960143,0.13776734
960146,0.14065202
960147,0.29992422
960148,0.29992422
960149,0.29992422
960161,0.10716936
960218,0.10043766
960227,0.073578924
960305,0.12913859
960306,0.2530993
960307,0.2530993
960416,0.09459374
960425,0.081740856
960426,0.20887148
960427,0.20887148
960428,0.20887148
960429,0.20887148
960430,0.20887148
960451,0.07354398
960494,0.122264765
960495,0.26500398
960496,0.26500398
960502,0.12338486
960503,0.26500398
960504,0.26500398
960505,0.26500398
960506,0.26500398
960507,0.26500398
960522,0.12338486
960537,0.10321285
960538,0.22898677
960539,0.22898677
960540,0.22898677
960544,0.10321285
960585,0.08293409
960586,0.19375591
960587,0.19375591
960588,0.19375591
960589,0.19375591
960590,0.19375591
960591,0.19375591
960592,0.19375591
960618,0.10723841
960662,0.057457913
960671,0.07809548
960672,0.1666677
960673,0.1666677
960674,0.1666677
960675,0.1666677
960676,0.1666677
960677,0.1666677
960678,0.1666677
960688,0.07809548
960689,0.1666677
960690,0.1666677
960691,0.1666677
960692,0.1666677
960693,0.1666677
960707,0.07809548
960708,0.20281817
960709,0.20281817
960710,0.20281817
960721,0.1387417
960722,0.2414056
960723,0.2414056
960724,0.2414056
960725,0.2414056
960745,0.1387417
960746,0.2414056
960747,0.2414056
960748,0.2414056
960749,0.2414056
960750,0.2414056
960766,0.1387417
960767,0.2414056
960768,0.2414056
960769,0.2414056
960770,0.2414056
960771,0.2414056
960780,0.107125044
960781,0.2028683
960782,0.2028683
960783,0.2028683
960925,0.07013154
960926,0.14806123
960927,0.14806123
960928,0.14806123
960929,0.14806123
960930,0.14806123
960931,0.14806123
960932,0.14806123
960933,0.14806123
960934,0.14806123
960935,0.14806123
960936,0.14806123
960937,0.14806123
961005,0.09630442
961006,0.26044858
961007,0.26044858
961008,0.26044858
961009,0.26044858
961010,0.26044858
961017,0.12680161
961031,0.09276376
961088,0.11522431
961089,0.26766658
961115,0.12410679
961337,0.08174746
961338,0.16130531
961339,0.16130531
961340,0.16130531
961341,0.16130531
961342,0.16130531
961343,0.16130531
961344,0.16130531
961345,0.16130531
961353,0.13269551
961354,0.2539787
961355,0.2539787
961356,0.2539787
961357,0.2539787
961358,0.2539787
961359,0.2539787
961360,0.16130531
961361,0.2539787
961368,0.13269551
961369,0.2539787
961370,0.2539787
961371,0.2539787
961372,0.2539787
961373,0.2539787
961374,0.2539787
961375,0.2539787
961376,0.2539787
961377,0.2539787
961378,0.2539787
961379,0.2539787
961380,0.2539787
961381,0.2539787
961382,0.2539787
961387,0.11892469
961390,0.06204774
961391,0.16490626
961392,0.16490626
961393,0.16490626
961394,0.16490626
961395,0.16490626
961396,0.16490626
961397,0.080295
961398,0.16490626
961399,0.16490626
961400,0.16490626
961401,0.16490626
961402,0.16490626
961403,0.108202405
961404,0.21402812
961405,0.21402812
961406,0.21402812
961407,0.21402812
961408,0.108202405
961409,0.21402812
961410,0.21402812
961411,0.21402812
961412,0.21402812
961413,0.21402812
961414,0.21402812
961415,0.108202405
961416,0.21402812
961417,0.21402812
961418,0.21402812
961419,0.085114494
961420,0.17260529
961421,0.17260529
961422,0.17260529
961423,0.17260529
961424,0.17260529
961425,0.085114494
961426,0.17260529
961427,0.17260529
961428,0.17260529
961429,0.17260529
961437,0.064989805
961626,0.05416783
961631,0.10009857
961632,0.23272614
961633,0.23272614
961634,0.23272614
961635,0.23272614
961643,0.111873
961644,0.25566918
961645,0.25566918
961646,0.2408846
961647,0.25566918
961648,0.25566918
961649,0.25566918
961650,0.25566918
961651,0.25566918
961652,0.25566918
961653,0.25566918
961679,0.0898869
961782,0.08046023
961788,0.13544846
961789,0.24760158
961790,0.24760158
961791,0.24760158
961792,0.24760158
961808,0.13544846
961809,0.24760158
961810,0.24760158
961811,0.24760158
961812,0.24760158
961828,0.15975611
961829,0.30851713
961830,0.30851713
961831,0.30851713
961833,0.15975611
961834,0.30851713
961835,0.30851713
961836,0.30851713
961849,0.15975611
962114,0.068135336
962115,0.21092218
962116,0.21092218
962117,0.21092218
962118,0.21092218
962133,0.08448897
962134,0.21092218
962135,0.21092218
962149,0.08267438
962238,0.11355028
962239,0.2693467
962240,0.2693467
962241,0.14272776
962262,0.123423986
962271,0.09542847
962308,0.0728493
962309,0.24113974
962310,0.24113974
962311,0.24113974
962312,0.24113974
962313,0.24113974
962314,0.24113974
962315,0.24113974
962320,0.08495516
962321,0.24113974
962322,0.24113974
962323,0.24113974
962324,0.24113974
962325,0.24113974
962326,0.06754834
962327,0.19793625
962328,0.19793625
962329,0.19793625
962330,0.19793625
962331,0.06754834
962332,0.19793625
962333,0.19793625
962334,0.19793625
962335,0.19793625
962336,0.19793625
962337,0.19793625
962338,0.19793625
962339,0.06754834
962340,0.19793625
962341,0.19793625
962342,0.19793625
962343,0.19793625
962344,0.19793625
962345,0.19793625
962346,0.0613387
962347,0.18092854
962348,0.18092854
962349,0.18092854
962350,0.18092854
962351,0.0613387
962352,0.18092854
962353,0.18092854
962354,0.18092854
962355,0.18092854
962356,0.18092854
962357,0.0613387
962358,0.18092854
962359,0.18092854
962360,0.18092854
962361,0.18092854
962362,0.05857209
962363,0.17449528
962364,0.17449528
962365,0.17449528
962366,0.17449528
962371,0.05165989
962580,0.06413018
962581,0.1568508
962582,0.1568508
962583,0.1568508
962602,0.054812238
962603,0.1568508
962604,0.1568508
962631,0.054119013
962632,0.15387484
962633,0.15387484
962634,0.15387484
962653,0.054119013
962654,0.15387484
962655,0.15387484
962656,0.15387484
962657,0.15387484
962658,0.15387484
962684,0.054119013
962685,0.15387484
962686,0.15387484
962687,0.15387484
962715,0.07346079
962756,0.094810106
962757,0.24541895
962758,0.24541895
962759,0.24541895
962773,0.10616804
962774,0.24541895
962775,0.24541895
962776,0.24541895
962777,0.24541895
962778,0.24541895
962779,0.24541895
962780,0.24541895
962816,0.090091
962849,0.104761526
962850,0.24556987
962851,0.24556987
962852,0.24556987
962853,0.24556987
962854,0.24556987
962874,0.07156829
911612,0.07869986
911732,0.07012636
911733,0.15837437
911734,0.15837437
911735,0.15837437
911736,0.15837437
911737,0.15837437
911738,0.15837437
911739,0.15837437
911740,0.15837437
911741,0.15837437
911742,0.15837437
911743,0.15837437
911744,0.15837437
911745,0.15837437
911746,0.15837437
911747,0.15837437
911748,0.15837437
911749,0.15837437
911750,0.15837437
911751,0.15837437
911752,0.15837437
911753,0.15837437
911754,0.15837437
911755,0.15837437
911756,0.15837437
911757,0.15837437
911758,0.15837437
911759,0.15837437
911760,0.15837437
911761,0.15837437
911762,0.15837437
911763,0.15837437
911764,0.15837437
911765,0.15837437
911766,0.15837437
911767,0.15837437
911768,0.15837437
911769,0.15837437
911770,0.15837437
911771,0.15837437
911772,0.15837437
911773,0.15837437
911774,0.15837437
911775,0.15837437
911776,0.15837437
911782,0.06285973
911809,0.025547657
911815,0.021008465
911816,0.08343494
911817,0.08343494
911821,0.027094668
911822,0.061041806
911823,0.16159892
911824,0.16159892
911825,0.16159892
911826,0.16159892
911827,0.072302245
911828,0.19891451
911829,0.19891451
911830,0.19891451
911831,0.19891451
911832,0.19891451
911833,0.19891451
911834,0.19891451
911835,0.19891451
911836,0.19891451
911837,0.19891451
911838,0.19891451
911839,0.19891451
911840,0.19891451
911841,0.19891451
911842,0.072302245
911855,0.03264071
911856,0.07353936
911857,0.07353936
911858,0.07353936
911859,0.07353936
911860,0.07353936
911861,0.07353936
911862,0.07353936
911863,0.07353936
911864,0.07353936
911865,0.07353936
911877,0.032953784
911878,0.07353936
911879,0.07353936
911880,0.07353936
911881,0.07353936
911882,0.07353936
911883,0.07353936
911884,0.07353936
911890,0.032953784
911891,0.07353936
911892,0.07353936
911893,0.07353936
911894,0.07353936
911895,0.07353936
911905,0.024991
911906,0.05415376
911907,0.05415376
911908,0.05415376
911909,0.05415376
911910,0.05415376
911911,0.05415376
911912,0.05415376
911922,0.024991
911923,0.05415376
911924,0.05415376
911925,0.05415376
911926,0.05415376
911927,0.05415376
911933,0.024991
911934,0.05415376
911935,0.05415376
911936,0.05415376
911937,0.05415376
911938,0.05415376
911945,0.025511684
911946,0.05449931
911947,0.05449931
911948,0.05449931
911949,0.05449931
911950,0.05449931
911951,0.05449931
911957,0.025511684
911958,0.05449931
911959,0.05449931
911960,0.05449931
911961,0.05449931
911962,0.05449931
911963,0.05449931
911967,0.025511684
911968,0.05449931
911969,0.05449931
911970,0.05449931
911975,0.029677553
912028,0.056238852
912226,0.052942965
912459,0.09632893
912460,0.22786234
912461,0.22786234
912462,0.22786234
912463,0.22786234
912464,0.22786234
912497,0.05851229
912498,0.08820594
912499,0.08820594
912500,0.08820594
912501,0.040943455
912502,0.08820594
912503,0.08820594
912504,0.08820594
912692,0.14095485
912856,0.13142018
912863,0.14231426
912864,0.32766527
912865,0.32766527
912866,0.32766527
912867,0.32766527
912868,0.32766527
912869,0.32766527
912870,0.32766527
912871,0.32766527
912872,0.32766527
912873,0.32766527
912874,0.32766527
913052,0.06129336
913053,0.2702483
913054,0.2702483
913055,0.2702483
913056,0.06962655
913057,0.22717445
913058,0.22717445
913059,0.22717445
913060,0.22717445
913061,0.22717445
913062,0.22717445
913063,0.22717445
913064,0.22717445
913065,0.22717445
913066,0.22717445
913236,0.15649766
913237,0.39123562
913238,0.39123562
913239,0.39123562
913240,0.39123562
913241,0.39123562
913242,0.39123562
913243,0.39123562
913244,0.39123562
913245,0.39123562
913246,0.39123562
913247,0.39123562
913248,0.39123562
913249,0.39123562
913250,0.39123562
913251,0.39123562
913252,0.39123562
913276,0.12097662
913277,0.29022706
913278,0.29022706
913279,0.29022706
913280,0.29022706
913281,0.29022706
913282,0.29022706
913295,0.12097662
913296,0.29022706
913297,0.29022706
913298,0.29022706
913310,0.10519806
913577,0.040440626
913578,0.08206897
913579,0.08206897
913580,0.08206897
913583,0.03996601
913584,0.08206897
913585,0.08206897
913586,0.08206897
913898,0.121291816
914019,0.06513694
914020,0.0921485
914021,0.048567113
914022,0.0921485
914023,0.0921485
914024,0.0921485
914025,0.0921485
914026,0.053705893
914027,0.10807121
914028,0.10807121
914029,0.10807121
914030,0.053705893
914031,0.10807121
914032,0.10807121
914033,0.10807121
914034,0.10807121
914035,0.053705893
914291,0.06089528
914303,0.090052076
914304,0.18337062
914305,0.18337062
914306,0.18337062
914307,0.18337062
914322,0.090052076
914323,0.18337062
914447,0.05728702
914448,0.13726962
914449,0.13726962
914450,0.13726962
914451,0.13726962
914452,0.07955825
914453,0.13726962
914454,0.13726962
914455,0.13726962
914456,0.13726962
914457,0.13726962
914458,0.13726962
914459,0.13726962
914460,0.13726962
914461,0.13726962
914462,0.13726962
914463,0.13726962
914464,0.13726962
914465,0.13726962
914466,0.09391069
914467,0.15837437
914468,0.15837437
914469,0.15837437
914470,0.15837437
914471,0.15837437
914977,0.0662232
914978,0.19363259
914979,0.19363259
914980,0.19363259
914981,0.07636763
914982,0.19363259
914983,0.19363259
914984,0.19363259
914985,0.19363259
915765,0.16960998
915766,0.31867456
915767,0.31867456
915768,0.31867456
915769,0.31867456
915770,0.31867456
915771,0.31867456
915784,0.12762164
915785,0.31867456
915786,0.31867456
915787,0.31867456
915788,0.31867456
915793,0.12762164
915794,0.31867456
915795,0.31867456
915796,0.31867456
915797,0.31867456
915798,0.31867456
915799,0.31867456
915800,0.31867456
915801,0.31867456
915847,0.15298694
916807,0.076258995
916815,0.051140588
916816,0.10088781
916817,0.10088781
916818,0.10088781
916819,0.10088781
916820,0.10088781
916829,0.051140588
916830,0.10088781
916831,0.10088781
916832,0.10088781
916833,0.10088781
916853,0.048567113
916854,0.0921485
916976,0.22238104
916977,0.39082804
916978,0.39082804
916979,0.39082804
916980,0.39082804
917004,0.1870566
917005,0.1694028
917006,0.35537112
917032,0.1656326
917410,0.021473916
917411,0.08673511
917412,0.08673511
917413,0.08673511
917414,0.08673511
917415,0.08673511
917416,0.08673511
917417,0.08673511
917418,0.08673511
917419,0.08673511
917420,0.08673511
917421,0.08673511
917422,0.08673511
917435,0.026458055
917508,0.055160142
917509,0.07353936
917510,0.07353936
917784,0.061844196
917805,0.03646152
917806,0.07198414
917807,0.07198414
917808,0.07198414
917809,0.07198414
917810,0.07198414
917811,0.07198414
917838,0.03646152
917839,0.07198414
917840,0.07198414
917841,0.07198414
917842,0.07198414
917843,0.07198414
917858,0.04095863
917859,0.08049657
917860,0.08049657
917861,0.08049657
917973,0.05781975
917974,0.19363259
917975,0.08176519
917976,0.07636763
917977,0.19363259
917978,0.19363259
917979,0.19363259
917980,0.19363259
917981,0.19363259
917982,0.19363259
917983,0.19363259
917984,0.19363259
917985,0.19363259
917986,0.19363259
917987,0.19363259
917988,0.19363259
918004,0.056508042
918005,0.0860684
918006,0.0860684
918007,0.0860684
918008,0.0860684
918009,0.04158317
918010,0.078849636
918011,0.078849636
918017,0.04158317
918018,0.078849636
918024,0.04158317
918025,0.078849636
918026,0.078849636
918027,0.078849636
918028,0.078849636
918029,0.078849636
918030,0.078849636
918032,0.034816254
918033,0.06579656
918034,0.06579656
918035,0.06579656
918036,0.06579656
918037,0.06579656
918038,0.06579656
918039,0.06579656
918040,0.06579656
918041,0.034816254
918042,0.06579656
918043,0.06579656
918044,0.06579656
918368,0.0110195605
918369,0.03506388
918370,0.03506388
918371,0.03506388
918372,0.03506388
918495,0.117486455
918496,0.07384276
918497,0.27696794
918498,0.27696794
918499,0.27696794
918500,0.27696794
918502,0.03668724
918503,0.32493275
918504,0.32493275
918505,0.07477961
918506,0.07477961
918507,0.07477961
918508,0.07477961
918595,0.1871448
918596,0.35407203
918597,0.35407203
918602,0.11166986
918603,0.26802233
918604,0.26802233
918605,0.26802233
918606,0.26802233
918607,0.26802233
918608,0.26802233
918624,0.11166986
918625,0.26802233
918626,0.26802233
918627,0.26802233
918656,0.11166986
918657,0.26802233
918658,0.26802233
918735,0.19821012
918736,0.32774705
918737,0.32774705
918738,0.32774705
918739,0.32774705
918740,0.32774705
918741,0.32774705
918742,0.32774705
918759,0.2639666
918760,0.43947056
918761,0.43947056
918763,0.31997266
918764,0.4787134
918765,0.4787134
918766,0.4787134
918767,0.4787134
918768,0.4787134
918769,0.4787134
918770,0.43947056
918771,0.43947056
918772,0.43947056
918773,0.43947056
918774,0.43947056
918775,0.43947056
918776,0.43947056
918777,0.4787134
918782,0.18610261
918838,0.15902436
918851,0.1682482
918852,0.3764542
918853,0.3764542
918854,0.3764542
918855,0.3764542
918856,0.3764542
918857,0.3764542
918858,0.3764542
918859,0.3764542
918860,0.3764542
918861,0.3764542
918862,0.3764542
918863,0.39262348
918864,0.3764542
918879,0.1682482
918880,0.3764542
919040,0.12609793
919041,0.27059197
919088,0.12399047
919134,0.1566265
919135,0.33848408
919136,0.33848408
919137,0.33848408
919138,0.33848408
919139,0.33848408
919150,0.1704258
919151,0.33848408
919529,0.05549864
919530,0.092234895
919531,0.092234895
919564,0.044608302
919565,0.07747798
919566,0.07747798
919567,0.07747798
919568,0.07747798
919569,0.07747798
919570,0.07747798
919580,0.03933337
919581,0.07747798
919582,0.07747798
919583,0.07747798
919584,0.07747798
919585,0.07747798
919586,0.07747798
919587,0.07747798
919588,0.044250034
919589,0.09127019
919624,0.08020164
919625,0.109502204
919626,0.109502204
919636,0.03942833
919637,0.109502204
919992,0.18100801
919993,0.115960106
919994,0.41685218
920021,0.20908962
920022,0.41685218
920023,0.41685218
920024,0.20631923
920025,0.20631923
920026,0.41280058
920027,0.41280058
920028,0.41280058
920029,0.41280058
920030,0.41280058
920031,0.41280058
920033,0.20631923
920034,0.41280058
920035,0.41280058
920036,0.41280058
920037,0.41280058
920124,0.1660718
920136,0.17452757
920137,0.35431919
920138,0.35431919
920139,0.35431919
920140,0.35431919
920182,0.15880029
920183,0.39082804
920184,0.39082804
920185,0.39082804
920186,0.39082804
920187,0.39082804
920291,0.07832644
920299,0.07821131
920300,0.13372126
920301,0.13372126
920302,0.13372126
920303,0.13372126
920306,0.07821131
920307,0.13372126
920308,0.13372126
920309,0.13372126
920310,0.13372126
920311,0.13372126
920315,0.07821131
920316,0.13372126
920317,0.13372126
920318,0.13372126
920319,0.13372126
920320,0.13372126
920329,0.08490114
920330,0.14971825
920331,0.14971825
920332,0.14971825
920333,0.14971825
920334,0.14971825
920335,0.14971825
920412,0.028809685
920413,0.079624705
920420,0.023269657
920421,0.079624705
920422,0.079624705
920423,0.079624705
920552,0.051278133
920559,0.06387555
920560,0.1274608
920561,0.1274608
920562,0.1274608
920563,0.1274608
920564,0.1274608
920565,0.1274608
920572,0.06387555
920573,0.1274608
920574,0.1274608
920575,0.1274608
920576,0.1274608
920577,0.1274608
920578,0.1274608
920581,0.08291996
920582,0.1597143
920583,0.1597143
920584,0.1597143
920585,0.1597143
920586,0.1597143
920587,0.1597143
920589,0.08291996
920590,0.1597143
920591,0.1597143
920592,0.1597143
920593,0.1597143
920594,0.1597143
920599,0.08291996
920600,0.1597143
920601,0.1597143
920602,0.1597143
920603,0.1597143
920604,0.1597143
920616,0.112402335
920617,0.19901988
920618,0.19901988
920619,0.19901988
920620,0.19901988
920628,0.112402335
920629,0.19901988
920630,0.19901988
920631,0.19901988
920632,0.19901988
920633,0.112402335
920634,0.19901988
920635,0.19901988
920636,0.19901988
920637,0.19901988
920638,0.10962309
920639,0.19459099
920640,0.19459099
920641,0.19459099
920642,0.19459099
920643,0.19459099
920644,0.19459099
920645,0.10962309
920646,0.19459099
920647,0.19459099
920648,0.19459099
920649,0.19459099
920650,0.19459099
920651,0.10962309
920652,0.19459099
920653,0.19459099
920654,0.19459099
920655,0.19459099
920656,0.08839419
920657,0.15431309
920658,0.15431309
920812,0.043337114
920813,0.061073937
920814,0.061073937
920815,0.061073937
920816,0.061073937
920817,0.061073937
920825,0.03957785
920826,0.054713435
920827,0.054713435
920828,0.054713435
920829,0.054713435
920830,0.054713435
920831,0.054713435
920837,0.03957785
920838,0.054713435
920859,0.07257629
920860,0.15501851
920861,0.15501851
920862,0.15501851
920863,0.068834834
920864,0.15501851
920871,0.07955825
920991,0.07635642
920997,0.053448953
920998,0.16159892
920999,0.16159892
921000,0.16159892
921001,0.16159892
921002,0.16159892
921003,0.16159892
921004,0.16159892
921005,0.16159892
921019,0.072302245
921020,0.19891451
921021,0.19891451
921022,0.19891451
921023,0.19891451
921024,0.19891451
921025,0.19891451
921026,0.19891451
921039,0.03738597
921040,0.07353936
921041,0.07353936
921042,0.07353936
921049,0.032953784
921050,0.07353936
921051,0.07353936
921052,0.07353936
921053,0.07353936
921054,0.07353936
921055,0.07353936
921080,0.032953784
921081,0.07353936
921082,0.07353936
921083,0.07353936
921084,0.07353936
921085,0.07353936
921086,0.07353936
921099,0.024991
921100,0.05415376
921101,0.05415376
921102,0.05415376
921103,0.05415376
921104,0.05415376
921130,0.024991
921131,0.05415376
921132,0.05415376
921133,0.05415376
921176,0.02753904
921190,0.029677553
921191,0.066483326
921192,0.066483326
921193,0.066483326
921332,0.09812052
921396,0.10358086
921397,0.25213104
921398,0.07198414
921399,0.25213104
921565,0.0829395
921566,0.22786234
921567,0.22786234
921568,0.09892801
921569,0.22937733
921574,0.09892801
921575,0.22937733
921576,0.22937733
921577,0.22937733
921578,0.22937733
921579,0.22937733
921581,0.09892801
921582,0.22937733
921583,0.22937733
921584,0.22937733
921973,0.055234224
922005,0.11994736
922011,0.10853401
922012,0.27696794
922013,0.27696794
922014,0.27696794
922015,0.27696794
922028,0.14082116
922029,0.32493275
922055,0.11890405
922056,0.32766527
922057,0.32766527
922058,0.32766527
922060,0.14231426
922061,0.32766527
922062,0.32766527
922469,0.06129336
922470,0.2702483
922471,0.2702483
922472,0.2702483
922473,0.2702483
922474,0.2702483
922475,0.2702483
922687,0.116113275
922688,0.3764542
922689,0.3764542
922690,0.3764542
922691,0.3764542
922692,0.3764542
922781,0.13527669
922941,0.06166003
923289,0.120908186
923290,0.32973832
923291,0.20908962
923292,0.41685218
923293,0.41685218
923294,0.41685218
923295,0.41685218
923296,0.41685218
923297,0.20908962
923299,0.20265785
923300,0.35431919
923301,0.17452757
923302,0.35431919
923303,0.35431919
923304,0.35431919
923305,0.35431919
923306,0.35431919
923307,0.17452757
923308,0.35431919
923309,0.35431919
923310,0.35431919
923311,0.35431919
923318,0.15880029
923566,0.0513161
923567,0.16260827
923568,0.16260827
923579,0.090052076
923580,0.18337062
923581,0.18337062
923583,0.090052076
923584,0.18337062
923585,0.18337062
923593,0.06802638
923594,0.20369974
923595,0.20369974
923596,0.08903291
923597,0.1608582
923598,0.1608582
923599,0.1608582
923674,0.09571564
923675,0.19891451
923676,0.19891451
923677,0.19891451
923678,0.19891451
923679,0.19891451
923866,0.055614192
923867,0.19363259
923868,0.19363259
923869,0.19363259
923870,0.19363259
923881,0.09817769
923882,0.22786234
923883,0.22786234
923884,0.22786234
923885,0.22786234
923886,0.22786234
924571,0.14877357
924572,0.37016422
924585,0.16453889
924586,0.37016422
924587,0.37016422
924588,0.37016422
924589,0.37016422
924647,0.16116394
924648,0.31254154
924649,0.31254154
924681,0.122702666
924696,0.13230869
924697,0.30078295
924698,0.30078295
924699,0.30078295
924700,0.30078295
924701,0.30078295
924702,0.30078295
924703,0.30078295
924716,0.14244147
924717,0.32151634
924718,0.32151634
924719,0.32151634
924720,0.32151634
924735,0.14244147
924736,0.32151634
924737,0.32151634
924738,0.32151634
924739,0.32151634
924892,0.21591672
924893,0.36195812
924894,0.36195812
924899,0.25527012
924900,0.46926796
924901,0.46926796
924902,0.46926796
924903,0.46926796
925006,0.17023915
925009,0.18070166
925010,0.39567715
925011,0.39567715
925012,0.39567715
925013,0.092234895
925014,0.092234895
925022,0.03996601
925023,0.08206897
925024,0.08206897
925025,0.08206897
925026,0.08206897
925027,0.08206897
925028,0.08206897
925029,0.08206897
925031,0.03996601
925032,0.08206897
925033,0.08206897
925034,0.08206897
925035,0.08206897
925036,0.03996601
925037,0.08206897
925038,0.08206897
925039,0.08206897
925040,0.08206897
925046,0.03933337
925047,0.07747798
925048,0.07747798
925049,0.07747798
925050,0.07747798
925237,0.20637307
925319,0.13414055
925320,0.1656416
925338,0.053261578
925367,0.14347659
925368,0.39082804
925369,0.39082804
925370,0.39082804
925592,0.20203629
925593,0.4386938
925594,0.4386938
925595,0.4386938
925596,0.4386938
925597,0.4386938
925598,0.4386938
925617,0.028809685
925634,0.06974845
925635,0.18337062
925636,0.18337062
925637,0.18337062
925638,0.18337062
925639,0.18337062
925640,0.18337062
925641,0.18337062
925868,0.017061831
925869,0.03505275
925870,0.03505275
925871,0.03505275
925872,0.03505275
925874,0.013763399
925875,0.033332236
925876,0.033332236
925877,0.033332236
925878,0.033332236
925879,0.013763399
925880,0.033332236
925881,0.033332236
925882,0.033332236
925883,0.033332236
925892,0.013763399
925893,0.033332236
925894,0.033332236
925999,0.08309381
926009,0.09803218
926010,0.120193966
926011,0.26753354
926104,0.040617846
926105,0.052521437
926106,0.052521437
926107,0.052521437
926108,0.052521437
926113,0.02687105
926114,0.052521437
926115,0.052521437
926116,0.052521437
926117,0.052521437
926118,0.052521437
926123,0.02687105
926124,0.052521437
926136,0.01695203
926137,0.038399395
926138,0.038399395
926139,0.038399395
926140,0.038399395
926141,0.038399395
926142,0.038399395
926327,0.12690838
926328,0.04158317
926329,0.2066358
926330,0.2066358
926331,0.2066358
926332,0.2066358
926333,0.078849636
926334,0.078849636
926335,0.078849636
926336,0.078849636
926337,0.078849636
926338,0.078849636
926342,0.04158317
926343,0.078849636
926344,0.078849636
926345,0.078849636
926346,0.078849636
926348,0.034816254
926354,0.034816254
926355,0.06579656
926356,0.06579656
926357,0.06579656
926358,0.06579656
926371,0.034816254
926372,0.06579656
926373,0.06579656
926374,0.06579656
926389,0.036826067
926461,0.06723826
926573,0.107280165
926574,0.21532364
926575,0.21532364
926576,0.21532364
926577,0.21532364
926685,0.0648198
926686,0.16578932
926687,0.16578932
926688,0.16578932
926689,0.16578932
927069,0.11397758
927070,0.16453889
927071,0.37016422
927072,0.37016422
927073,0.37016422
927074,0.37016422
927078,0.1682482
927079,0.3764542
927080,0.3764542
927081,0.3764542
927082,0.3764542
927083,0.3764542
927089,0.1682482
927090,0.3764542
927091,0.3764542
927092,0.3764542
927093,0.3764542
927094,0.3764542
927095,0.3764542
927096,0.3764542
927097,0.3764542
927098,0.3764542
927099,0.3764542
927177,0.17006873
927456,0.04025696
927457,0.08019886
927458,0.08019886
927459,0.034368373
927460,0.08019886
927461,0.08019886
927462,0.08019886
927463,0.08019886
927464,0.03139979
927465,0.07357328
927466,0.07357328
927467,0.07357328
927468,0.07357328
927469,0.03139979
927470,0.07357328
927471,0.07357328
927472,0.07357328
927475,0.03139979
927476,0.07357328
927477,0.07357328
927478,0.07357328
927479,0.07357328
927999,0.086288996
928010,0.09290682
928011,0.16625178
928012,0.16625178
928021,0.09290682
928022,0.16625178
928023,0.16625178
928024,0.16625178
928025,0.16625178
928026,0.16625178
928027,0.16625178
928039,0.09290682
928040,0.16625178
928041,0.16625178
928042,0.16625178
928043,0.16625178
928044,0.16625178
928057,0.029948601
928058,0.050011452
928059,0.050011452
928060,0.050011452
928076,0.029948601
928077,0.050011452
928078,0.050011452
928079,0.050011452
928080,0.050011452
928098,0.029948601
928099,0.050011452
928100,0.050011452
928101,0.050011452
928102,0.050011452
928220,0.029511096
928221,0.19459099
928241,0.07872899
928242,0.15431309
928243,0.15431309
928244,0.15431309
928245,0.15431309
928246,0.15431309
928247,0.15431309
928248,0.15431309
928249,0.15431309
928250,0.15431309
928251,0.15431309
928252,0.15431309
928253,0.15431309
928254,0.15431309
928255,0.15431309
928256,0.15431309
928257,0.15431309
928258,0.15431309
928259,0.15431309
928260,0.15431309
928261,0.15431309
928262,0.15431309
928263,0.15431309
928264,0.15431309
928265,0.15431309
928266,0.15431309
928275,0.08839419
928276,0.15431309
928277,0.15431309
928278,0.15431309
928279,0.15431309
928285,0.08567069
928286,0.1480631
928287,0.1480631
928288,0.1480631
928289,0.1480631
928290,0.1480631
928299,0.08567069
928300,0.1480631
928301,0.1480631
928302,0.1480631
928303,0.1480631
928304,0.1480631
928305,0.1480631
928312,0.08567069
928313,0.1480631
928363,0.06255069
928433,0.07646927
928440,0.07493718
928441,0.1326583
928442,0.1326583
928443,0.1326583
928444,0.1326583
928445,0.1326583
928446,0.1326583
928454,0.09676231
928455,0.15501851
928456,0.15501851
928457,0.15501851
928458,0.15501851
928459,0.15501851
928460,0.15501851
928461,0.15501851
928470,0.09676231
928483,0.056934368
928496,0.06008416
928497,0.07549062
928498,0.07549062
928499,0.07549062
928500,0.07549062
928501,0.07549062
928502,0.07549062
928503,0.07549062
928504,0.07549062
928517,0.06008416
928518,0.07549062
928519,0.07549062
928520,0.07549062
929046,0.054748945
929047,0.078849636
929048,0.078849636
929049,0.078849636
929050,0.078849636
929051,0.078849636
929052,0.078849636
929055,0.04158317
929056,0.078849636
929057,0.078849636
929059,0.034816254
929060,0.06579656
929061,0.06579656
929062,0.06579656
929063,0.06579656
929072,0.034816254
929073,0.06579656
929074,0.06579656
929075,0.06579656
929223,0.027033515
929224,0.06871962
929225,0.06871962
929226,0.06871962
929227,0.033877846
929228,0.07384276
929229,0.07384276
929230,0.07384276
929231,0.07384276
929232,0.07384276
929233,0.033877846
929234,0.07384276
929235,0.07384276
929236,0.07384276
929237,0.07384276
929239,0.033877846
929240,0.07384276
929241,0.07384276
929242,0.07384276
929243,0.07384276
929253,0.03668724
929254,0.07477961
929673,0.04703291
929674,0.3764542
929675,0.3764542
929676,0.07340801
929677,0.3764542
929678,0.07340801
929679,0.07340801
929680,0.07340801
929711,0.045075275
929712,0.0626026
929735,0.02651599
929736,0.0626026
929737,0.0626026
929738,0.0626026
929739,0.0626026
929761,0.02651599
929762,0.0626026
929763,0.0626026
929764,0.0626026
930160,0.039597083
930161,0.08206897
930162,0.08206897
930163,0.08206897
930164,0.08206897
930165,0.08206897
930166,0.08206897
930167,0.08206897
930168,0.08206897
930169,0.08206897
930170,0.08206897
930171,0.08206897
930172,0.08206897
930173,0.08206897
930174,0.08206897
930175,0.08206897
930176,0.08206897
930177,0.08206897
930178,0.08206897
930185,0.03996601
930186,0.08206897
930187,0.08206897
930188,0.08206897
930189,0.08206897
930190,0.08206897
930198,0.03996601
930199,0.08206897
930200,0.08206897
930201,0.08206897
930202,0.08206897
930214,0.03933337
930215,0.07747798
930216,0.07747798
930217,0.07747798
930252,0.03933337
930253,0.07747798
930254,0.07747798
930613,0.23053005
930614,0.44688904
930615,0.44688904
930616,0.44688904
930624,0.23196763
930625,0.44688904
930626,0.44688904
930627,0.44688904
930628,0.44688904
930638,0.23196763
930639,0.44688904
930640,0.44688904
930641,0.44688904
930642,0.44688904
930647,0.11537312
930648,0.2766559
930649,0.2766559
930650,0.2766559
930651,0.2766559
930698,0.04680617
931056,0.13550356
931057,0.3475774
931065,0.15637672
931066,0.3475774
931067,0.3475774
931068,0.3475774
931069,0.3475774
931070,0.3475774
931071,0.3475774
931072,0.3475774
931073,0.3475774
931074,0.3475774
931075,0.3475774
931076,0.3475774
931077,0.3475774
931081,0.15637672
931082,0.3475774
931083,0.3475774
931084,0.3475774
931085,0.3475774
931086,0.3475774
931087,0.3475774
931088,0.3475774
931089,0.3475774
931090,0.3475774
931091,0.3475774
931092,0.3475774
931093,0.3475774
931094,0.3475774
931095,0.3475774
931096,0.3475774
931097,0.3475774
931098,0.3475774
931099,0.3475774
931100,0.3475774
931101,0.3475774
931156,0.20444371
931157,0.35351938
931158,0.35351938
931164,0.17157122
931165,0.35351938
931166,0.35351938
931167,0.35351938
931168,0.35351938
931169,0.35351938
931170,0.35351938
931171,0.35351938
931172,0.35351938
931173,0.35351938
931174,0.35351938
931175,0.35351938
931286,0.055588316
931287,0.15431309
931288,0.08567069
931289,0.1480631
931290,0.1480631
931291,0.1480631
931292,0.1480631
931293,0.1480631
931294,0.1480631
931295,0.1480631
931296,0.1480631
931297,0.1480631
931298,0.1480631
931299,0.1480631
931343,0.10239925
931344,0.18337062
931345,0.18337062
931352,0.09637362
931353,0.20369974
931354,0.20369974
931355,0.20369974
931356,0.20369974
931357,0.20369974
931432,0.055135235
931433,0.07549062
931434,0.07549062
931435,0.07549062
931436,0.06008416
931437,0.07549062
931438,0.07549062
931439,0.07549062
931440,0.07549062
931441,0.06944954
931442,0.08594564
931443,0.08594564
931444,0.08594564
931445,0.08594564
931446,0.08594564
931630,0.0677772
931631,0.16159892
931632,0.16159892
931633,0.16159892
931634,0.16159892
931635,0.16159892
931636,0.16159892
931637,0.16159892
931638,0.16159892
931639,0.16159892
931640,0.16159892
931643,0.072302245
931644,0.19891451
931645,0.19891451
931646,0.19891451
931647,0.19891451
931648,0.19891451
931649,0.19891451
931650,0.19891451
931666,0.06848912
931667,0.19891451
931668,0.19891451
931669,0.19891451
931675,0.08803507
931676,0.23523854
931677,0.23523854
931678,0.23523854
931679,0.23523854
931680,0.23523854
931681,0.23523854
931682,0.23523854
931687,0.08803507
931688,0.23523854
931689,0.23523854
931690,0.23523854
931691,0.23523854
931698,0.08803507
931699,0.23523854
931700,0.23523854
931701,0.23523854
932005,0.0334504
932154,0.06986787
932155,0.18184762
932156,0.18184762
932157,0.18184762
932158,0.18184762
932293,0.09943415
932294,0.1994012
932295,0.1994012
932296,0.1994012
932297,0.1994012
932298,0.1994012
932317,0.1021869
932318,0.1994012
932319,0.1994012
932320,0.1994012
932321,0.1994012
932322,0.1994012
932545,0.045284946
932546,0.07384276
932547,0.07384276
932548,0.07384276
932558,0.033877846
932559,0.07384276
932560,0.07384276
932561,0.07384276
932562,0.07384276
932563,0.07384276
932564,0.07384276
932574,0.03668724
932575,0.07477961
932576,0.07477961
932577,0.07477961
932578,0.07477961
932579,0.07477961
932580,0.07477961
932586,0.03668724
932587,0.07477961
932588,0.07477961
932589,0.07477961
932590,0.07477961
932591,0.07477961
932592,0.07477961
932593,0.07477961
932594,0.07477961
932595,0.07477961
932596,0.07477961
932597,0.07477961
932598,0.07477961
932599,0.07477961
932600,0.07477961
932601,0.07477961
932602,0.07477961
932603,0.07477961
932604,0.07477961
932605,0.07477961
932606,0.07477961
932607,0.07477961
932608,0.07477961
932609,0.07477961
932610,0.07477961
932618,0.03668724
932619,0.07477961
932620,0.07477961
932621,0.07477961
932622,0.07477961
932623,0.07477961
932624,0.07477961
932627,0.035313737
932628,0.072564274
932629,0.072564274
932630,0.072564274
932631,0.072564274
932632,0.072564274
932633,0.072564274
932634,0.035313737
932635,0.072564274
932636,0.072564274
932637,0.072564274
932638,0.072564274
932639,0.072564274
932644,0.035313737
932645,0.072564274
932707,0.127986
932708,0.26802233
932709,0.26802233
932723,0.11166986
932724,0.26802233
932725,0.26802233
932726,0.26802233
932752,0.10340566
932753,0.24936172
932754,0.24936172
932791,0.112317555
932824,0.123692565
932825,0.2690473
932826,0.2690473
932909,0.09995365
932910,0.2702483
932911,0.2702483
932912,0.2702483
932913,0.2702483
932914,0.2702483
932915,0.2702483
932916,0.2702483
933118,0.030917713
933119,0.060742408
933120,0.060742408
933121,0.060742408
933122,0.060742408
933147,0.03053947
933148,0.060742408
933149,0.060742408
933150,0.060742408
933151,0.060742408
933152,0.060742408
933153,0.060742408
933188,0.03053947
933189,0.060742408
933190,0.060742408
933191,0.060742408
933192,0.060742408
933193,0.060742408
933213,0.0345846
933289,0.045188136
933290,0.02651599
933291,0.0626026
933292,0.0626026
933293,0.0626026
933294,0.0626026
933295,0.02651599
933296,0.0626026
933297,0.0626026
933298,0.0626026
933299,0.0626026
933300,0.0626026
933301,0.0626026
933302,0.024674296
933303,0.057899985
933304,0.057899985
933305,0.057899985
933306,0.057899985
933307,0.057899985
933312,0.024674296
933313,0.057899985
933314,0.057899985
933315,0.057899985
933316,0.057899985
933317,0.057899985
933318,0.057899985
933324,0.024674296
933325,0.057899985
933326,0.057899985
933327,0.057899985
933328,0.057899985
933329,0.057899985
933330,0.057899985
933331,0.057899985
933338,0.036570963
933339,0.0719395
933340,0.0719395
933341,0.0719395
933342,0.0719395
933376,0.05168806
933377,0.08557377
933378,0.08557377
933379,0.08557377
933380,0.08557377
933381,0.08557377
933393,0.04845014
933394,0.08557377
933395,0.08557377
933396,0.08557377
933397,0.08557377
933398,0.08557377
933399,0.08557377
933410,0.057731953
933411,0.106116064
933412,0.106116064
933413,0.106116064
933414,0.106116064
933415,0.106116064
933416,0.106116064
933431,0.057731953
933432,0.106116064
933433,0.106116064
933585,0.12413244
933586,0.3145112
933587,0.3145112
933588,0.3145112
933589,0.12608582
933590,0.3145112
933591,0.3145112
933592,0.3145112
933593,0.3145112
933594,0.3145112
933595,0.3145112
933596,0.036747452
933597,0.08094116
933598,0.08094116
933599,0.08094116
933600,0.3145112
933601,0.08094116
933602,0.3145112
933603,0.3145112
933604,0.08094116
933605,0.044419203
933606,0.09104107
933607,0.09104107
933608,0.09104107
933609,0.09104107
933610,0.09104107
933611,0.09104107
933612,0.044419203
933631,0.04394616
933632,0.092234895
933633,0.092234895
933634,0.092234895
933635,0.092234895
933636,0.092234895
933637,0.092234895
933638,0.092234895
933639,0.092234895
933640,0.092234895
933831,0.055535596
933832,0.08149855
933833,0.08149855
933882,0.049716447
933883,0.08753445
933950,0.17705996
933951,0.37005532
933971,0.23196763
933972,0.44688904
933973,0.44688904
933974,0.44688904
933975,0.44688904
933976,0.44688904
934001,0.23196763
934002,0.44688904
934003,0.44688904
934004,0.44688904
934005,0.44688904
934006,0.44688904
934007,0.44688904
934016,0.23196763
934017,0.44688904
934018,0.44688904
934019,0.44688904
934024,0.11537312
934025,0.2766559
934026,0.2766559
934027,0.2766559
934028,0.2766559
934039,0.11537312
934040,0.2766559
934041,0.2766559
934042,0.2766559
934043,0.2766559
934044,0.2766559
934045,0.2766559
934052,0.11537312
934053,0.2766559
934054,0.2766559
934055,0.2766559
934056,0.2766559
934057,0.2766559
934063,0.04614345
934064,0.15997747
934065,0.15997747
934066,0.15997747
934067,0.15997747
934068,0.15997747
934074,0.04614345
934075,0.15997747
934102,0.072910555
934103,0.21613622
934104,0.07722477
934105,0.21613622
934106,0.21613622
934107,0.21613622
934108,0.21613622
934118,0.2163677
934133,0.20631923
934134,0.41280058
934152,0.1641694
934153,0.37996307
934154,0.37996307
934155,0.37996307
934156,0.37996307
934157,0.37996307
934158,0.37996307
934159,0.37996307
934160,0.37996307
934161,0.37996307
934162,0.37996307
934163,0.37996307
934164,0.37996307
934165,0.37996307
934166,0.37996307
934167,0.37996307
934168,0.37996307
934174,0.1656416
934175,0.33663625
934176,0.33663625
934177,0.33663625
934178,0.33663625
934179,0.33663625
934180,0.33663625
934181,0.33663625
934182,0.33663625
934183,0.33663625
934184,0.33663625
934185,0.33663625
934186,0.33663625
934362,0.17440712
934363,0.30176315
934364,0.30176315
934365,0.30176315
934366,0.30176315
934367,0.30176315
934368,0.30176315
934369,0.30176315
934370,0.30176315
934371,0.30176315
934372,0.30176315
934373,0.30176315
934380,0.1424388
934423,0.22500448
934424,0.4386938
934425,0.4386938
934681,0.061788626
934691,0.07483629
934692,0.15837437
934693,0.15837437
934694,0.09391069
934695,0.15837437
934696,0.15837437
934697,0.15837437
934698,0.15837437
934699,0.06285973
934700,0.1649627
934701,0.1649627
934702,0.1649627
934703,0.1649627
934708,0.06285973
934709,0.1649627
934710,0.1649627
934711,0.1649627
934712,0.1649627
934722,0.06285973
934723,0.1649627
934724,0.1649627
934725,0.1649627
934726,0.1649627
934727,0.1649627
934732,0.021008465
934733,0.08343494
934734,0.08343494
934735,0.08343494
934741,0.021008465
934742,0.08343494
934743,0.08343494
934749,0.021008465
934750,0.08343494
934751,0.08343494
934752,0.08343494
934753,0.08343494
934754,0.08343494
934756,0.027828408
934793,0.055187885
934794,0.07353936
934802,0.024991
934803,0.05415376
934804,0.05415376
934805,0.05415376
935132,0.030225297
935133,0.06579656
935134,0.06579656
935241,0.063308336
935643,0.08489356
935644,0.27009758
935645,0.27009758
935646,0.27009758
935647,0.27009758
935648,0.27009758
935649,0.27009758
935650,0.27009758
935664,0.117614046
935665,0.27009758
935666,0.27009758
935667,0.27009758
935851,0.18138455
935852,0.32774705
935853,0.32774705
935992,0.03449215
935993,0.07823508
936242,0.14650832
936243,0.39567715
936244,0.39567715
936246,0.18070166
936247,0.092234895
936248,0.39567715
936249,0.39567715
936250,0.39567715
936251,0.39567715
936252,0.092234895
936253,0.092234895
936259,0.04472684
936260,0.092234895
936261,0.092234895
936264,0.03996601
936265,0.08206897
936266,0.08206897
936267,0.08206897
936268,0.08206897
936269,0.08206897
936272,0.03926501
936279,0.03933337
936280,0.07747798
936281,0.07747798
936282,0.07747798
936283,0.07747798
936284,0.07747798
936288,0.03933337
936289,0.07747798
936290,0.07747798
936291,0.07747798
936292,0.07747798
936293,0.07747798
936294,0.07747798
936295,0.07747798
936296,0.07747798
936297,0.07747798
936298,0.07747798
936299,0.07747798
936300,0.07747798
936301,0.07747798
936581,0.049265012
936582,0.11141687
936583,0.11141687
936584,0.11141687
936585,0.11141687
936586,0.11141687
936587,0.11141687
936594,0.05625124
936595,0.11141687
936596,0.11141687
936597,0.11141687
936598,0.11141687
936599,0.11141687
936612,0.05625124
936613,0.11141687
936614,0.11141687
936615,0.11141687
936616,0.11141687
936625,0.17324401
936626,0.37996307
936650,0.26175004
936651,0.44891044
936652,0.44891044
936653,0.44891044
936659,0.19771492
936660,0.44891044
936661,0.44891044
936662,0.44891044
936663,0.44891044
936664,0.44891044
936665,0.44891044
936666,0.44891044
936667,0.44891044
936668,0.44891044
936669,0.44891044
936670,0.44891044
936671,0.44891044
936672,0.44891044
936673,0.44891044
936674,0.44891044
936675,0.44891044
936676,0.44891044
936677,0.44891044
936678,0.44891044
936679,0.44891044
936680,0.44891044
936686,0.19771492
936879,0.04029257
936880,0.1480631
936881,0.1480631
936882,0.1480631
936883,0.1480631
936884,0.1480631
936885,0.1480631
936886,0.1480631
936887,0.1480631
936888,0.1480631
936889,0.1480631
936890,0.1480631
936891,0.1480631
936892,0.1480631
936893,0.1480631
936894,0.1480631
936895,0.1480631
936896,0.1480631
936897,0.1480631
936898,0.1480631
936899,0.1480631
936900,0.1480631
936901,0.1480631
936902,0.1480631
936903,0.1480631
936919,0.08567069
936920,0.1480631
936921,0.1480631
936922,0.1480631
936934,0.08567069
937040,0.058201667
937041,0.1326583
937042,0.1326583
937043,0.1326583
937044,0.1326583
937056,0.069668725
937141,0.043476157
937142,0.059646204
937143,0.059646204
937144,0.059646204
937145,0.024958702
937146,0.059646204
937147,0.059646204
937148,0.059646204
937149,0.059646204
937150,0.059646204
937151,0.02771305
937152,0.061845437
937153,0.061845437
937154,0.061845437
937155,0.061845437
937163,0.03738597
937164,0.07353936
937165,0.07353936
937166,0.07353936
937167,0.07353936
937182,0.032953784
937183,0.07353936
937184,0.07353936
937185,0.07353936
937186,0.07353936
937187,0.07353936
937192,0.032953784
937193,0.07353936
937194,0.07353936
937195,0.07353936
937196,0.07353936
937197,0.07353936
937209,0.024991
937210,0.05415376
937211,0.05415376
937212,0.05415376
937213,0.05415376
937316,0.09697938
937317,0.066483326
937318,0.066483326
937319,0.21587156
937320,0.066483326
937321,0.21587156
937326,0.029677553
937327,0.066483326
937328,0.066483326
937329,0.066483326
937330,0.069689386
937331,0.069689386
937332,0.066483326
937335,0.025111824
937336,0.06715269
937337,0.06715269
937338,0.06715269
937339,0.025111824
937340,0.06715269
937341,0.06715269
937342,0.06715269
937343,0.06715269
937344,0.025111824
937345,0.06715269
937346,0.06715269
937347,0.06715269
937348,0.06715269
937350,0.02370122
937351,0.072157845
937352,0.02370122
937353,0.072157845
937354,0.072157845
937355,0.072157845
937356,0.072157845
937357,0.02370122
937358,0.072157845
937359,0.072157845
937360,0.072157845
937361,0.072157845
937362,0.072157845
937363,0.02645617
937364,0.0534418
937365,0.0534418
937366,0.0534418
937391,0.03366954
937392,0.06218818
937393,0.06218818
937394,0.06218818
937402,0.029539179
937403,0.06218818
937404,0.06218818
937405,0.06218818
937406,0.06218818
937407,0.06218818
937409,0.03867754
937414,0.03785158
937423,0.03646152
937424,0.07198414
937425,0.07198414
937426,0.07198414
937427,0.07198414
937428,0.07198414
937461,0.03646152
937462,0.07198414
937463,0.07198414
937464,0.07198414
937465,0.07198414
937466,0.07198414
937477,0.03646152
937528,0.03660444
937529,0.052521437
937530,0.052521437
937531,0.052521437
937532,0.052521437
937533,0.052521437
937543,0.017588258
937544,0.038399395
937550,0.017588258
937551,0.038399395
937552,0.038399395
937553,0.038399395
937554,0.017588258
937555,0.038399395
937620,0.09769317
937621,0.22786234
937622,0.22786234
937623,0.22786234
937624,0.22786234
937625,0.22786234
937626,0.22786234
937627,0.22786234
937628,0.22786234
937629,0.22786234
937658,0.051288135
937659,0.078849636
937660,0.078849636
937661,0.078849636
937664,0.04158317
937785,0.11667934
937786,0.1994012
937787,0.1994012
937788,0.1994012
937810,0.10412444
937811,0.21532364
937812,0.21532364
937813,0.21532364
937814,0.21532364
937815,0.21532364
937816,0.21532364
937817,0.21532364
937818,0.21532364
937819,0.21532364
937820,0.21532364
937821,0.21532364
937822,0.21532364
937823,0.21532364
937824,0.21532364
937825,0.21532364
937826,0.21532364
937827,0.21532364
937828,0.21532364
937829,0.21532364
937830,0.21532364
937831,0.21532364
937832,0.21532364
937833,0.21532364
937834,0.21532364
937835,0.21532364
937836,0.21532364
937837,0.21532364
937838,0.21532364
937839,0.21532364
937840,0.21532364
937841,0.21532364
937842,0.21532364
937843,0.21532364
937844,0.21532364
937860,0.10412444
937941,0.07687978
937942,0.24828522
937943,0.24828522
937944,0.24828522
938015,0.07211367
938115,0.04954138
938147,0.04260381
938148,0.077331565
938149,0.077331565
938150,0.077331565
938151,0.077331565
938152,0.077331565
938173,0.031910386
938183,0.11618067
938197,0.11618067
938198,0.30697274
938199,0.30697274
938200,0.30697274
938201,0.30697274
938202,0.30697274
938203,0.30697274
938204,0.30697274
938205,0.30697274
938206,0.30697274
938207,0.30697274
938301,0.16629231
938302,0.32774705
938303,0.32774705
938304,0.32774705
938305,0.32774705
938306,0.32774705
938310,0.17024097
938311,0.3508713
938312,0.3508713
938313,0.3508713
938314,0.3508713
938315,0.3508713
938316,0.3508713
938317,0.3508713
938318,0.3508713
938319,0.3508713
938320,0.3508713
938321,0.3508713
938322,0.3508713
938323,0.3508713
938324,0.3508713
938325,0.3508713
938326,0.3508713
938419,0.14796947
938420,0.37016422
938421,0.37016422
938422,0.37016422
938423,0.37016422
938424,0.37016422
938426,0.16453889
938427,0.37016422
938428,0.37016422
938429,0.37016422
938430,0.37016422
938441,0.1682482
938444,0.1682482
938445,0.3764542
938446,0.3764542
938447,0.3764542
938448,0.3764542
938535,0.13947019
938538,0.12097662
938539,0.29022706
938540,0.29022706
938541,0.29022706
938542,0.29022706
938543,0.29022706
938544,0.12097662
938545,0.29022706
938546,0.29022706
938551,0.11211056
938552,0.27059197
938558,0.11211056
938559,0.27059197
938564,0.11211056
938575,0.1566494
938583,0.1704258
938584,0.33848408
938585,0.33848408
938586,0.33848408
938587,0.33848408
938588,0.33848408
938589,0.33848408
938609,0.1704258
938610,0.33848408
938611,0.33848408
938779,0.065836355
938841,0.080208585
938842,0.09104107
938843,0.04472684
938844,0.092234895
938845,0.092234895
938846,0.092234895
938847,0.092234895
938848,0.092234895
938857,0.04472684
938858,0.092234895
938859,0.092234895
938860,0.092234895
938861,0.092234895
938862,0.092234895
938867,0.04472684
938868,0.092234895
939420,0.13795431
939421,0.37996307
939422,0.37996307
939428,0.23402356
939429,0.37996307
939430,0.37996307
939431,0.37996307
939432,0.37996307
939433,0.37996307
939442,0.23402356
939443,0.34462807
939444,0.34462807
939445,0.34462807
939446,0.34462807
939447,0.34462807
939464,0.21308371
939465,0.3208897
939466,0.3208897
939467,0.3208897
939468,0.3208897
939477,0.21308371
939664,0.27764857
939665,0.36949512
939666,0.36949512
939667,0.36949512
939668,0.36949512
939669,0.36949512
939674,0.23143296
939675,0.36949512
939676,0.36949512
939677,0.36949512
939678,0.36949512
939679,0.36949512
939680,0.36949512
939684,0.23143296
939685,0.36949512
939686,0.36949512
939687,0.36949512
939688,0.36949512
939689,0.36949512
939690,0.36949512
939691,0.36949512
939697,0.17799991
939698,0.30944315
939807,0.11101451
939808,0.21934997
939809,0.21934997
939810,0.21934997
939811,0.21934997
939812,0.21934997
939813,0.21934997
939814,0.21934997
939815,0.21934997
939816,0.21934997
939817,0.21934997
939818,0.21934997
939819,0.21934997
939820,0.21934997
939821,0.21934997
939822,0.21934997
939842,0.17966941
939881,0.13660014
939882,0.17666763
939883,0.17666763
940089,0.10409782
940680,0.16055188
940681,0.27994445
940682,0.27994445
940683,0.27994445
940684,0.27994445
940685,0.27994445
941014,0.048198357
941015,0.10537007
941016,0.10537007
941017,0.10537007
941018,0.10537007
941019,0.10537007
941026,0.035264276
941027,0.06914762
941028,0.06914762
941029,0.06914762
941030,0.06914762
941031,0.06914762
941034,0.035264276
941035,0.06914762
941036,0.06914762
941037,0.06914762
941369,0.13362086
941370,0.3771636
941371,0.32766527
941372,0.3771636
941373,0.3771636
941598,0.20841484
941794,0.030701702
941795,0.098506555
941796,0.098506555
941797,0.098506555
941798,0.098506555
941799,0.098506555
941800,0.098506555
941801,0.098506555
941802,0.098506555
941803,0.098506555
941804,0.098506555
941805,0.098506555
941806,0.098506555
941807,0.098506555
941808,0.098506555
941809,0.098506555
941818,0.04040819
941819,0.098506555
941820,0.098506555
941821,0.098506555
941822,0.098506555
941823,0.098506555
941824,0.098506555
941825,0.098506555
941826,0.098506555
941827,0.098506555
941828,0.098506555
941829,0.098506555
941830,0.098506555
941831,0.098506555
941832,0.098506555
941833,0.098506555
941834,0.098506555
941835,0.098506555
941836,0.098506555
941837,0.098506555
941838,0.098506555
941839,0.098506555
941840,0.098506555
941841,0.098506555
941842,0.098506555
941843,0.098506555
941844,0.098506555
941845,0.098506555
941846,0.098506555
941847,0.098506555
941848,0.098506555
941849,0.098506555
941850,0.04465705
941851,0.10926272
941852,0.10926272
941853,0.10926272
941854,0.10926272
941855,0.10926272
941856,0.10926272
941857,0.10926272
941858,0.10926272
941859,0.10926272
941860,0.10926272
941861,0.10926272
941862,0.10926272
941863,0.10926272
941864,0.10926272
941865,0.10926272
941891,0.21295783
941892,0.39123562
941893,0.13552496
941894,0.39123562
941895,0.13817972
941896,0.39123562
942171,0.16552925
942365,0.062647276
942376,0.17738236
942377,0.35028479
942378,0.35028479
942379,0.35028479
942380,0.35028479
942381,0.35028479
942382,0.35028479
942405,0.17738236
942406,0.35028479
942407,0.35028479
942408,0.35028479
942409,0.35028479
942410,0.35028479
942434,0.18005653
942460,0.18005653
942461,0.37005532
942554,0.04675231
942555,0.06693891
942556,0.06693891
942557,0.06693891
942558,0.032476027
942559,0.06693891
942560,0.06693891
942561,0.06693891
942644,0.21054015
942645,0.41685218
942838,0.24437067
942841,0.19771492
942842,0.44891044
942843,0.44891044
942844,0.44891044
942845,0.44891044
942846,0.44891044
942847,0.44891044
942858,0.14593004
942859,0.35537112
942860,0.35537112
942868,0.1694028
942869,0.35537112
942870,0.35537112
942871,0.35537112
942872,0.35537112
942873,0.35537112
942874,0.35537112
942900,0.1694028
942901,0.35537112
942947,0.15623637
943002,0.15935932
943003,0.34493735
943004,0.34493735
943005,0.34493735
943054,0.13933258
943055,0.16625178
943056,0.16625178
943057,0.16625178
943058,0.16625178
943071,0.029948601
943072,0.050011452
943073,0.050011452
943074,0.050011452
943075,0.050011452
943083,0.0128781125
943084,0.032058537
943085,0.032058537
943086,0.032058537
943087,0.032058537
943088,0.032058537
943089,0.032058537
943090,0.032058537
943091,0.032058537
943092,0.032058537
943099,0.013148728
943100,0.032058537
943101,0.032058537
943102,0.032058537
943103,0.10444516
943104,0.10444516
943105,0.032058537
943106,0.032058537
943107,0.032058537
943108,0.032058537
943109,0.032058537
943110,0.032058537
943111,0.032058537
943112,0.032058537
943113,0.032058537
943114,0.032058537
943119,0.01829082
943120,0.038554773
943121,0.038554773
943122,0.038554773
943123,0.038554773
943124,0.038554773
943125,0.038554773
943126,0.038554773
943132,0.01829082
943133,0.038554773
943134,0.038554773
943135,0.038554773
943136,0.038554773
943137,0.038554773
943138,0.038554773
943139,0.038554773
943140,0.038554773
943141,0.038554773
943142,0.038554773
943149,0.01829082
943150,0.038554773
943151,0.038554773
943152,0.038554773
943153,0.038554773
943154,0.038554773
943160,0.020815212
943161,0.043427896
943162,0.043427896
943163,0.043427896
943164,0.043427896
943165,0.043427896
943175,0.020815212
943176,0.043427896
943177,0.043427896
943178,0.043427896
943179,0.043427896
943180,0.043427896
943181,0.043427896
943187,0.020815212
943188,0.043427896
943189,0.043427896
943190,0.043427896
943191,0.043427896
943200,0.020938145
943201,0.11019364
943218,0.020938145
943219,0.04364109
943220,0.04364109
943221,0.04364109
943276,0.089839
943277,0.19459099
943278,0.19459099
943279,0.19459099
943280,0.19459099
943281,0.10962309
943282,0.19459099
943283,0.19459099
943284,0.06509764
943285,0.045118187
943305,0.034885358
943306,0.1480631
943307,0.1480631
943315,0.08567069
943316,0.09346822
943317,0.16260827
943318,0.16260827
943319,0.16260827
943320,0.16260827
943321,0.16260827
943322,0.16260827
943323,0.16260827
943324,0.16260827
943326,0.09346822
943327,0.16260827
943328,0.16260827
943329,0.16260827
943330,0.16260827
943331,0.16260827
943332,0.16260827
943333,0.16260827
943394,0.11264047
943395,0.20369974
943396,0.20369974
943412,0.08903291
943703,0.05762692
943704,0.17691079
943705,0.17691079
943706,0.17691079
943707,0.17691079
943708,0.17691079
943709,0.17691079
943710,0.17691079
943711,0.17691079
943712,0.17691079
943713,0.17691079
943714,0.17691079
943715,0.17691079
943716,0.17691079
943717,0.17691079
943726,0.06571768
943727,0.17691079
943790,0.07750392
943926,0.110498376
943927,0.24576113
943928,0.24576113
943929,0.24576113
943930,0.24576113
943931,0.24576113
943945,0.07185179
943946,0.1965492
943947,0.1965492
943948,0.1965492
943949,0.1965492
943958,0.07185179
943959,0.1965492
943960,0.1965492
943961,0.1965492
943962,0.1965492
943963,0.1965492
943964,0.1965492
943965,0.1965492
943967,0.07185179
943968,0.1965492
943969,0.1965492
943970,0.1965492
943971,0.1965492
943972,0.1965492
944133,0.036759734
944134,0.12018027
944230,0.095272265
944231,0.22786234
944232,0.22786234
944233,0.22786234
944235,0.09817769
944236,0.22786234
944237,0.09362782
944238,0.22937733
944249,0.09892801
944250,0.22937733
944251,0.22937733
944252,0.22937733
944253,0.22937733
944254,0.22937733
944264,0.0765027
944265,0.18184762
944266,0.18184762
944267,0.18184762
944268,0.18184762
944272,0.0765027
944273,0.18184762
944274,0.18184762
944275,0.18184762
944276,0.18184762
944277,0.18184762
944283,0.0765027
944299,0.08480061
944300,0.1786346
944623,0.109988436
944651,0.117607884
944652,0.32493275
944653,0.32493275
944654,0.32493275
944655,0.32493275
944656,0.32493275
944657,0.32493275
944665,0.14082116
944666,0.32493275
944669,0.14231426
944670,0.32766527
944671,0.32766527
944672,0.14231426
944673,0.32766527
944674,0.32766527
944675,0.32766527
944857,0.20841484
944858,0.32774705
944866,0.16643132
944867,0.32774705
944868,0.32774705
944869,0.32774705
944870,0.32774705
944871,0.32774705
944872,0.32774705
944873,0.32774705
944874,0.32774705
944883,0.17024097
944959,0.09940499
944960,0.2702483
944961,0.2702483
944962,0.2702483
944963,0.2702483
944964,0.2702483
944965,0.2702483
944966,0.2702483
944967,0.2702483
944968,0.2702483
944969,0.2702483
944970,0.2702483
944971,0.2702483
944972,0.2702483
944973,0.2702483
944974,0.06962655
944975,0.22717445
944976,0.22717445
944977,0.22717445
944978,0.22717445
944979,0.22717445
944980,0.22717445
944981,0.22717445
944982,0.22717445
944983,0.22717445
944984,0.22717445
944985,0.22717445
944986,0.22717445
944992,0.06876086
945053,0.13835658
945054,0.12762164
945055,0.31867456
945056,0.31867456
945057,0.31867456
945058,0.12762164
945059,0.31867456
945060,0.31867456
945061,0.31867456
945062,0.31867456
945063,0.16453889
945064,0.37016422
945065,0.37016422
945074,0.16453889
945075,0.37016422
945105,0.16531003
945106,0.3764542
945107,0.3764542
945108,0.3764542
945160,0.13947019
945161,0.12097662
945162,0.29022706
945163,0.29022706
945164,0.29022706
945165,0.29022706
945166,0.29022706
945167,0.29022706
945172,0.03162453
945173,0.08193548
945174,0.08193548
945175,0.08193548
945176,0.08193548
945177,0.08193548
945178,0.08193548
945179,0.29022706
945180,0.29022706
945181,0.08193548
945182,0.29022706
945183,0.29022706
945184,0.29022706
945185,0.29022706
945186,0.29022706
945187,0.29022706
945188,0.29022706
945189,0.29022706
945190,0.29022706
945191,0.29022706
945202,0.028962232
945203,0.07459114
945204,0.07459114
945205,0.07459114
945206,0.07459114
945207,0.07459114
945208,0.07459114
945209,0.07459114
945210,0.07459114
945211,0.07459114
945212,0.07459114
945213,0.07459114
945214,0.07459114
945215,0.07459114
945216,0.07459114
945217,0.07459114
945218,0.07459114
945219,0.07459114
945220,0.07459114
945221,0.07459114
945222,0.07459114
945223,0.07459114
945224,0.07459114
945225,0.07459114
945226,0.07459114
945227,0.07459114
945228,0.07459114
945229,0.07459114
945230,0.07459114
945231,0.07459114
945232,0.07459114
945233,0.07459114
945234,0.07459114
945235,0.07459114
945239,0.028962232
945240,0.07459114
945241,0.07459114
945242,0.07459114
945243,0.07459114
945244,0.07459114
945245,0.07459114
945246,0.07459114
945247,0.07459114
945248,0.07459114
945249,0.07459114
945250,0.07459114
945251,0.07459114
945252,0.07459114
945253,0.07459114
945254,0.07459114
945255,0.07459114
945256,0.07459114
945257,0.07459114
945258,0.07459114
945259,0.028962232
945260,0.07459114
945261,0.07459114
945262,0.07459114
945263,0.07459114
945264,0.07459114
945265,0.07459114
945266,0.07459114
945267,0.07459114
945268,0.07459114
945269,0.07459114
945270,0.07459114
945271,0.07459114
945272,0.07459114
945273,0.07459114
945274,0.07459114
945278,0.033057474
945279,0.07718665
945280,0.07718665
945281,0.07718665
945282,0.07718665
945283,0.07718665
945284,0.07718665
945285,0.07718665
945286,0.07718665
945287,0.07718665
945288,0.07718665
945289,0.07718665
945290,0.07718665
945291,0.079353034
945292,0.079353034
945395,0.20246089
945396,0.36892188
945397,0.36892188
945398,0.36892188
945399,0.103748314
945400,0.36892188
945438,0.08099153
946147,0.17986241
946149,0.20943251
946150,0.41739103
946151,0.41739103
946152,0.41739103
946153,0.41739103
946154,0.41739103
946155,0.41739103
946156,0.41739103
946157,0.41739103
946158,0.41739103
946159,0.41739103
946160,0.41739103
946161,0.41739103
946162,0.20943251
946163,0.41739103
946164,0.41739103
946165,0.41739103
946166,0.41739103
946167,0.41739103
946168,0.41739103
946169,0.41739103
946170,0.41739103
946171,0.41739103
946172,0.41739103
946173,0.41739103
946174,0.41739103
946175,0.41739103
946176,0.41739103
946177,0.41739103
946178,0.41739103
946345,0.17838939
946346,0.35628408
946352,0.16996394
946408,0.1922585
946409,0.3517542
946410,0.3517542
946411,0.3517542
946412,0.3517542
946413,0.3517542
946414,0.3517542
946415,0.3517542
946416,0.3517542
946417,0.3517542
946418,0.3517542
946419,0.3517542
946420,0.3517542
946421,0.3517542
946422,0.3517542
946423,0.3517542
946424,0.3517542
946425,0.3517542
946469,0.18093683
946470,0.3517542
946471,0.3517542
946472,0.3517542
946473,0.3517542
946474,0.3517542
946475,0.3517542
946476,0.3517542
946477,0.3517542
946478,0.3517542
946479,0.3517542
946480,0.3517542
946481,0.3517542
946482,0.3517542
946483,0.3517542
946484,0.3517542
946485,0.3517542
946486,0.3517542
946487,0.3517542
946488,0.3517542
946489,0.3517542
946490,0.3517542
946491,0.3517542
946492,0.3517542
946493,0.3517542
946494,0.3517542
946495,0.3517542
946496,0.3517542
946497,0.3517542
946498,0.3517542
946499,0.3517542
946500,0.3517542
946517,0.19605233
946518,0.4461017
946529,0.22919716
946530,0.4461017
946531,0.4461017
946532,0.4461017
946533,0.4461017
946534,0.4461017
946552,0.22919716
947017,0.10820464
947018,0.23865698
947019,0.23865698
947020,0.23865698
947021,0.23865698
947022,0.08956489
947023,0.23865698
947024,0.23865698
947025,0.23865698
947026,0.23865698
947027,0.23865698
947434,0.031088384
947435,0.085672036
947436,0.085672036
947437,0.085672036
947438,0.085672036
947439,0.085672036
947440,0.085672036
947441,0.085672036
947442,0.085672036
947459,0.042343255
947460,0.08023389
947461,0.08023389
947462,0.08023389
947463,0.08023389
947464,0.08023389
947469,0.042343255
947470,0.08023389
947471,0.08023389
947472,0.08023389
947473,0.08023389
947474,0.042343255
947475,0.08023389
947538,0.06528303
947539,0.0694044
947546,0.06718572
947547,0.15825762
947548,0.15825762
947549,0.15825762
947550,0.15825762
947551,0.15825762
947563,0.06718572
947564,0.15825762
947565,0.15825762
947566,0.15825762
947567,0.15825762
947568,0.15825762
947598,0.07243323
947783,0.09128107
948093,0.13054848
948094,0.3689877
948095,0.3689877
948096,0.17091073
948097,0.3809027
948098,0.17091073
948099,0.3809027
948100,0.3809027
948116,0.12571791
948117,0.10019836
948123,0.041147724
948124,0.10019836
948125,0.10019836
948126,0.10019836
948127,0.10019836
948128,0.10019836
948129,0.10019836
948130,0.10019836
948131,0.10019836
948132,0.10019836
948473,0.062345248
948513,0.18147823
948514,0.37708282
948515,0.37708282
948516,0.37708282
948517,0.37708282
948518,0.37708282
948519,0.37708282
948520,0.37708282
948521,0.37708282
948522,0.37708282
948523,0.37708282
948524,0.37708282
948525,0.37708282
948526,0.37708282
948527,0.37708282
948528,0.37708282
948529,0.37708282
948530,0.37708282
948531,0.37708282
948532,0.37708282
948533,0.37708282
948534,0.10293228
948535,0.37708282
948591,0.094107814
948682,0.14513884
948683,0.41739103
948684,0.41739103
948685,0.41739103
948686,0.41739103
948687,0.41739103
948688,0.41739103
948689,0.41739103
948690,0.41739103
948691,0.41739103
948692,0.41739103
948693,0.41739103
948694,0.41739103
948695,0.41739103
948696,0.41739103
948697,0.41739103
948698,0.41739103
948699,0.41739103
948700,0.41739103
948701,0.41739103
948702,0.20943251
948703,0.41739103
948704,0.41739103
948705,0.41739103
948706,0.41739103
948707,0.41739103
948708,0.41739103
948709,0.41739103
948710,0.41739103
948711,0.41739103
948712,0.41739103
948713,0.41739103
948904,0.17027733
949270,0.13270828
949271,0.23865698
949272,0.23865698
949273,0.23865698
949274,0.23865698
949275,0.06688813
949276,0.17968078
949277,0.17968078
949278,0.17968078
949279,0.17968078
949280,0.17968078
949281,0.06688813
949282,0.17968078
949283,0.17968078
949284,0.17968078
949285,0.17968078
949286,0.17968078
949287,0.17968078
949288,0.06688813
949289,0.17968078
949290,0.17968078
949291,0.17968078
949292,0.17968078
949293,0.17968078
949338,0.117015645
949339,0.25794253
949340,0.25794253
949341,0.25794253
949342,0.25794253
949343,0.25794253
949344,0.25794253
949345,0.25794253
949346,0.25794253
949347,0.25794253
949348,0.25794253
949349,0.25794253
949355,0.08252812
949356,0.25794253
949372,0.07285955
949472,0.04554224
949473,0.03545543
949541,0.032408778
949545,0.035457227
949569,0.030885877
949570,0.06831585
949571,0.06831585
949572,0.06831585
949573,0.06831585
949575,0.0375026
949576,0.06831585
949577,0.06831585
949578,0.06831585
949579,0.06831585
949580,0.06831585
949584,0.041692358
949585,0.08973844
949586,0.08973844
949587,0.08973844
949588,0.08973844
949589,0.08973844
949590,0.08973844
949598,0.041692358
949599,0.08973844
949600,0.08973844
949601,0.08973844
949602,0.08973844
949603,0.08973844
949607,0.041692358
949608,0.08973844
949609,0.08973844
949610,0.08973844
949611,0.08973844
949612,0.08973844
949613,0.08973844
949614,0.08973844
949615,0.08973844
949616,0.03720907
949617,0.09510959
949618,0.09510959
949619,0.09510959
949620,0.09510959
949621,0.09510959
949622,0.09510959
949629,0.03720907
949630,0.09510959
949631,0.09510959
949632,0.09510959
949633,0.09510959
949634,0.09510959
949635,0.09510959
949636,0.09510959
949656,0.03720907
949657,0.09510959
949658,0.09510959
949702,0.046603188
949703,0.06633923
949712,0.032217152
949713,0.06633923
949714,0.06633923
949715,0.06633923
949716,0.06633923
949717,0.06633923
949720,0.032217152
949721,0.06633923
949722,0.06633923
949723,0.06633923
949724,0.06633923
949725,0.06633923
949726,0.06633923
949727,0.048131004
949728,0.083175324
949729,0.083175324
949730,0.083175324
949731,0.083175324
949732,0.083175324
949733,0.048131004
949734,0.083175324
949735,0.083175324
949736,0.083175324
949737,0.083175324
949738,0.083175324
949739,0.083175324
949740,0.048131004
949741,0.083175324
949742,0.083175324
949743,0.083175324
949744,0.083175324
949745,0.083175324
949746,0.083175324
949749,0.06377357
949750,0.09909527
949751,0.09909527
949752,0.09909527
949753,0.09909527
949754,0.09909527
949755,0.09909527
949756,0.06377357
949757,0.09909527
949758,0.09909527
949855,0.0414863
949856,0.053764228
949857,0.053764228
949858,0.053764228
949865,0.02650462
949866,0.053764228
949867,0.053764228
949887,0.01267986
949888,0.03387237
949889,0.03387237
949890,0.03387237
949891,0.03387237
949892,0.03387237
949893,0.03387237
949902,0.012665062
949903,0.03387237
949904,0.03387237
949905,0.03387237
949906,0.03387237
949907,0.03387237
949922,0.012665062
949923,0.03387237
949924,0.03387237
949925,0.03387237
949935,0.014357058
949936,0.034336854
949937,0.034336854
949938,0.034336854
949939,0.034336854
949940,0.034336854
949946,0.014357058
949947,0.034336854
949948,0.034336854
949949,0.034336854
949950,0.034336854
949951,0.034336854
949952,0.034336854
949956,0.014357058
949957,0.034336854
949958,0.034336854
949959,0.034336854
949960,0.034336854
949961,0.034336854
949962,0.034336854
949963,0.034336854
949964,0.034336854
949965,0.034336854
949966,0.034336854
949967,0.015871795
949968,0.037596997
949969,0.037596997
949970,0.037596997
949971,0.037596997
949972,0.037596997
949973,0.015871795
949974,0.037596997
949975,0.037596997
949976,0.037596997
949977,0.037596997
950250,0.13403386
950251,0.33439758
950252,0.33439758
950260,0.17063938
950261,0.33439758
950262,0.33439758
950263,0.33439758
950264,0.33439758
950265,0.33439758
950266,0.17063938
950267,0.33439758
950268,0.33439758
950269,0.33439758
950270,0.33439758
950271,0.33439758
950272,0.33439758
950273,0.33439758
950275,0.17452519
950276,0.35774136
950277,0.35774136
950278,0.35774136
950279,0.35774136
950280,0.35774136
950293,0.17452519
950294,0.35774136
950295,0.35774136
950296,0.35774136
950297,0.35774136
950298,0.35774136
950349,0.1988867
950367,0.1988867
950368,0.44688115
950369,0.44688115
950370,0.44688115
950371,0.44688115
950372,0.44688115
950373,0.44688115
950374,0.44688115
950375,0.44688115
950376,0.44688115
950377,0.44688115
950378,0.44688115
950379,0.44688115
950380,0.44688115
950381,0.44688115
950382,0.44688115
950383,0.44688115
950384,0.44688115
950385,0.44688115
950386,0.44688115
950387,0.44688115
950388,0.44688115
950389,0.44688115
950390,0.44688115
950391,0.44688115
950392,0.44688115
950393,0.44688115
950394,0.44688115
950395,0.44688115
950396,0.44688115
950397,0.44688115
950398,0.44688115
950399,0.44688115
950400,0.44688115
950401,0.44688115
950402,0.44688115
950403,0.44688115
950404,0.44688115
950405,0.44688115
950406,0.44688115
950407,0.44688115
950408,0.44688115
950409,0.44688115
950410,0.44688115
950411,0.44688115
950412,0.44688115
950413,0.44688115
950414,0.44688115
950415,0.44688115
950416,0.44688115
950417,0.44688115
950418,0.44688115
950419,0.44688115
950420,0.44688115
950421,0.44688115
950422,0.44688115
950423,0.44688115
950424,0.44688115
950425,0.44688115
950426,0.44688115
950427,0.44688115
950431,0.02452354
950432,0.05061478
950433,0.05061478
950434,0.05061478
950435,0.27155924
950436,0.02452354
950437,0.05061478
950438,0.05061478
950439,0.05061478
950440,0.05061478
950441,0.05061478
950442,0.05061478
950444,0.02452354
950445,0.05061478
950446,0.05061478
951015,0.17058484
951016,0.0938302
951017,0.400207
951018,0.400207
951412,0.103354625
951823,0.024392994
951824,0.11195341
951825,0.11195341
951913,0.07811449
951914,0.19821617
951915,0.19821617
951916,0.19821617
951917,0.19821617
951918,0.19821617
951919,0.19821617
951920,0.19821617
951921,0.19821617
951922,0.046903178
951945,0.05053931
951946,0.05814927
951947,0.05814927
951948,0.05814927
951949,0.05814927
951950,0.05814927
951951,0.05814927
951957,0.048451025
951958,0.07076236
952044,0.05166746
952045,0.16977863
952046,0.16977863
952047,0.16977863
952048,0.16977863
952065,0.08381167
952066,0.17241322
952067,0.17241322
952068,0.17241322
952069,0.17241322
952070,0.17241322
952071,0.17241322
952072,0.17241322
952073,0.17241322
952074,0.17241322
952075,0.17241322
952079,0.09082162
952080,0.17241322
952081,0.17241322
952082,0.17241322
952083,0.17241322
952084,0.17241322
952085,0.17241322
952088,0.09082162
952089,0.17241322
952090,0.17241322
952091,0.17241322
952092,0.17241322
952093,0.17241322
952094,0.17241322
952128,0.08237218
952143,0.085307546
952144,0.14652558
952145,0.14652558
952146,0.14652558
952147,0.14652558
952148,0.14652558
952149,0.14652558
952150,0.14652558
952258,0.08424838
952259,0.19811113
952260,0.19811113
952261,0.19811113
952262,0.090012774
952263,0.23865698
952264,0.23865698
952265,0.23865698
953102,0.03380714
953103,0.056722544
953104,0.16720223
953105,0.16720223
953119,0.14909965
953120,0.3238261
953121,0.3238261
953371,0.11831488
953384,0.17452519
953385,0.35774136
953396,0.24212196
953397,0.44688115
953398,0.44688115
953399,0.44688115
953400,0.44688115
953407,0.24212196
953408,0.44688115
953409,0.44688115
953410,0.44688115
953411,0.44688115
953412,0.44688115
953416,0.24212196
953417,0.44688115
953418,0.44688115
953419,0.44688115
953420,0.44688115
953426,0.11736847
953427,0.27155924
953428,0.27155924
953429,0.27155924
953430,0.27155924
953431,0.27155924
953432,0.27155924
953433,0.27155924
953441,0.11736847
953559,0.16743164
953560,0.3689877
953561,0.3689877
953564,0.16384596
953565,0.3689877
953827,0.17250319
953828,0.34607515
953829,0.34607515
953830,0.34607515
953959,0.17752928
953960,0.3452406
953964,0.17471369
953965,0.3452406
953966,0.3452406
953967,0.3452406
953968,0.3452406
954279,0.11500626
954378,0.23907265
954379,0.4543233
954380,0.4543233
954381,0.4543233
954382,0.4543233
954383,0.4543233
954384,0.4543233
954391,0.116052255
954392,0.2779861
954393,0.2779861
954394,0.2779861
954395,0.2779861
954396,0.2779861
954397,0.2779861
954398,0.2779861
954399,0.2779861
954400,0.2779861
954401,0.2779861
954402,0.2779861
954403,0.2779861
954404,0.2779861
954405,0.2779861
954406,0.2779861
954407,0.2779861
954408,0.2779861
954409,0.2779861
954410,0.2779861
954411,0.2779861
954412,0.2779861
954413,0.2779861
954414,0.2779861
954415,0.2779861
954416,0.2779861
954417,0.2779861
954418,0.2779861
954419,0.2779861
954420,0.2779861
954421,0.2779861
954422,0.2779861
954423,0.2779861
954424,0.2779861
954425,0.2779861
954426,0.2779861
954427,0.2779861
954428,0.2779861
954429,0.2779861
954430,0.2779861
954431,0.2779861
954432,0.2779861
954433,0.2779861
954434,0.2779861
954435,0.2779861
954436,0.2779861
954437,0.2779861
954438,0.2779861
954439,0.2779861
954440,0.2779861
954441,0.2779861
954442,0.2779861
954443,0.2779861
954444,0.2779861
954445,0.2779861
954446,0.2779861
954447,0.2779861
954448,0.2779861
954449,0.2779861
954450,0.2779861
954451,0.2779861
954452,0.2779861
954453,0.2779861
954454,0.2779861
954455,0.2779861
954456,0.2779861
954457,0.2779861
954458,0.2779861
954459,0.2779861
954460,0.2779861
954461,0.2779861
954462,0.2779861
954495,0.07015147
954496,0.19019258
954497,0.19019258
954498,0.19019258
954499,0.19019258
954556,0.15608974
954557,0.33199242
954558,0.20825583
954562,0.176829
954570,0.22282791
954571,0.39533868
954572,0.39533868
954573,0.39533868
954574,0.39533868
954575,0.39533868
954576,0.39533868
954590,0.14831802
954591,0.35628408
954592,0.35628408
954594,0.16996394
954595,0.35628408
954596,0.35628408
954597,0.35628408
954598,0.35628408
954601,0.16996394
954680,0.19204405
954681,0.4461017
954682,0.4461017
954683,0.04944554
954684,0.11195341
954685,0.11195341
954686,0.11195341
954687,0.11195341
954688,0.04944554
954689,0.031967286
954690,0.05330816
954691,0.05330816
954692,0.05330816
954693,0.05330816
954694,0.023916716
954695,0.07703987
954696,0.07703987
954697,0.07703987
954698,0.07703987
954699,0.022469597
954700,0.07703987
955260,0.09019427
955261,0.17968078
955262,0.17968078
955263,0.17968078
955264,0.17968078
955267,0.06688813
955268,0.17968078
955269,0.17968078
955270,0.17968078
955271,0.17968078
955272,0.17968078
955273,0.07757926
955279,0.07757926
955280,0.20211312
955281,0.20211312
955292,0.07757926
955293,0.20211312
955294,0.20211312
955295,0.20211312
955296,0.20211312
955297,0.20211312
955308,0.08434201
955309,0.21908921
955310,0.21908921
955311,0.21908921
955312,0.21908921
955313,0.21908921
955314,0.21908921
955612,0.076098226
955613,0.22697516
955614,0.22697516
955615,0.22697516
955616,0.22697516
955623,0.09773152
955624,0.22697516
955625,0.22697516
955626,0.22697516
955627,0.22697516
955628,0.22697516
955643,0.10062624
955644,0.23273651
955645,0.23273651
955646,0.23273651
955647,0.23273651
955648,0.23273651
955649,0.23273651
955650,0.23273651
955651,0.23273651
955687,0.07147042
955688,0.17021482
955689,0.17021482
955690,0.17021482
955691,0.17021482
955707,0.0734932
955708,0.17021482
955709,0.17021482
955710,0.17021482
955711,0.17021482
955730,0.0734932
955731,0.17021482
955732,0.17021482
955733,0.17021482
955734,0.17021482
955735,0.17021482
955736,0.17021482
955737,0.17021482
955738,0.17021482
955739,0.17021482
955740,0.17021482
955741,0.17021482
955825,0.10014194
955826,0.23216999
955827,0.23216999
955828,0.23216999
955829,0.23216999
955830,0.23216999
955831,0.23216999
955832,0.23216999
955833,0.23216999
955834,0.23216999
955835,0.23216999
955836,0.23216999
955837,0.23216999
955838,0.23216999
955839,0.23216999
955840,0.23216999
955841,0.23216999
955842,0.23216999
955843,0.23216999
955844,0.23216999
955847,0.07907145
955848,0.23216999
955849,0.23216999
956175,0.13081652
956176,0.3238261
956177,0.3238261
956178,0.14021136
956179,0.3238261
956180,0.3238261
956181,0.3238261
956182,0.3238261
956183,0.3238261
956192,0.14021136
956193,0.3238261
956246,0.14061974
956247,0.27384117
956248,0.27384117
956249,0.27384117
956250,0.27384117
956251,0.27384117
956252,0.27384117
956253,0.27384117
956254,0.27384117
956255,0.27384117
956260,0.11959036
956261,0.27384117
956262,0.27384117
956263,0.27384117
956389,0.14085457
956390,0.27499393
956391,0.27499393
956392,0.27499393
956393,0.27499393
956394,0.27499393
957718,0.12330906
957859,0.08155715
957860,0.1092201
957861,0.1092201
957862,0.1092201
957863,0.1092201
957864,0.1092201
957865,0.1092201
957866,0.1092201
957867,0.1092201
957875,0.057628036
958070,0.057855044
958071,0.16373032
958072,0.16373032
958073,0.16373032
958074,0.16373032
958075,0.16373032
958076,0.16373032
958078,0.10711501
958079,0.16373032
958080,0.16373032
958081,0.16373032
958082,0.16373032
958083,0.16373032
958084,0.10711501
958085,0.16373032
958086,0.16373032
958113,0.046542905
958114,0.05497165
958115,0.05497165
958116,0.05497165
958117,0.05497165
958118,0.05497165
958119,0.05497165
958120,0.05497165
958121,0.05497165
958122,0.15679666
958123,0.05497165
958124,0.15679666
958126,0.042442232
958127,0.05814927
958128,0.05814927
958136,0.041808423
958147,0.09508261
958148,0.16519926
958149,0.16519926
958150,0.16519926
958151,0.16519926
958152,0.16519926
958153,0.16519926
958165,0.09508261
958166,0.16519926
958167,0.16519926
958168,0.16519926
958169,0.16519926
958170,0.16519926
958171,0.16519926
958172,0.16519926
958187,0.09508261
958188,0.16519926
958189,0.16519926
958190,0.16519926
958191,0.16519926
958192,0.16519926
958193,0.16519926
958208,0.091613434
958209,0.18621887
958210,0.18621887
958211,0.18621887
958212,0.18621887
958213,0.18621887
958214,0.18621887
958222,0.091613434
958223,0.18621887
958224,0.18621887
958225,0.18621887
958226,0.18621887
958227,0.18621887
958233,0.091613434
958234,0.18621887
958235,0.18621887
958236,0.18621887
958237,0.18621887
958238,0.18621887
958239,0.18621887
958240,0.18621887
958248,0.10215334
958249,0.21438897
958250,0.21438897
958251,0.21438897
958252,0.21438897
958253,0.21438897
958254,0.21438897
958255,0.21438897
958261,0.10215334
958262,0.21438897
958263,0.21438897
958264,0.21438897
958265,0.21438897
958266,0.21438897
958267,0.21438897
958268,0.21438897
958269,0.10215334
958270,0.21438897
958271,0.21438897
958272,0.21438897
958273,0.21438897
958274,0.21438897
958275,0.21438897
958276,0.21438897
958277,0.21438897
958278,0.21438897
958279,0.21438897
958287,0.094418384
958288,0.16977863
958289,0.16977863
958290,0.16977863
958291,0.16977863
958294,0.094418384
958295,0.16977863
958296,0.16977863
958297,0.16977863
958298,0.16977863
958303,0.094418384
958304,0.16977863
958305,0.16977863
958306,0.16977863
958313,0.09082162
958314,0.17241322
958315,0.17241322
958316,0.17241322
958317,0.17241322
958377,0.08172924
958378,0.16524203
958379,0.16524203
958380,0.16524203
958381,0.16524203
958382,0.16524203
958383,0.16524203
958384,0.16524203
958385,0.16524203
958386,0.16524203
958387,0.16524203
958388,0.16524203
958401,0.10361492
958402,0.16524203
958563,0.083841294
958564,0.16298309
958568,0.053966407
958569,0.16298309
958823,0.11168856
958977,0.16382746
958978,0.3518708
958979,0.3518708
958980,0.3518708
958998,0.057266034
959781,0.3550987
959782,0.44688115
959783,0.44688115
959784,0.44688115
959785,0.44688115
959786,0.44688115
959787,0.11736847
959792,0.084011346
959799,0.18859567
959800,0.3689877
960020,0.20264316
960152,0.2423111
960153,0.47675362
960154,0.47675362
960155,0.47675362
960330,0.15078373
960335,0.18351777
960336,0.400207
960343,0.15011069
960406,0.25666714
960407,0.43758273
960408,0.43758273
960409,0.43758273
960410,0.43758273
960571,0.22056371
960694,0.08352974
960866,0.2287676
960867,0.4156252
960868,0.4156252
960869,0.4156252
960870,0.4156252
960871,0.4156252
960872,0.4156252
960873,0.4156252
960874,0.4156252
960875,0.4156252
960876,0.4156252
960877,0.4156252
960878,0.4156252
960879,0.20825583
960880,0.4156252
960881,0.4156252
960882,0.4156252
960883,0.4156252
960884,0.4156252
960885,0.4156252
960886,0.4156252
960887,0.4156252
960888,0.4156252
960889,0.4156252
960890,0.4156252
960891,0.4156252
960892,0.4156252
960893,0.20943251
960894,0.41739103
960895,0.41739103
960896,0.41739103
960897,0.41739103
960898,0.20943251
960899,0.41739103
960900,0.41739103
960901,0.41739103
960902,0.41739103
960903,0.41739103
960904,0.41739103
960905,0.41739103
960906,0.41739103
960907,0.41739103
960908,0.41739103
960909,0.41739103
960910,0.41739103
961383,0.13152035
961384,0.4461017
961457,0.057528626
961463,0.08992964
961464,0.15679666
961465,0.15679666
961466,0.15679666
961467,0.15679666
961474,0.08992964
961475,0.15679666
961476,0.15679666
961477,0.15679666
961478,0.15679666
961479,0.15679666
961480,0.15679666
961487,0.08992964
961488,0.15679666
961489,0.15679666
961490,0.15679666
961491,0.15679666
961492,0.15679666
961493,0.15679666
961505,0.08716335
961506,0.15046397
961507,0.15046397
961508,0.15046397
961509,0.15046397
961510,0.15046397
961511,0.15046397
961512,0.15046397
961513,0.15046397
961527,0.08716335
961528,0.15046397
961529,0.15046397
961530,0.15046397
961531,0.15046397
961532,0.15046397
961533,0.15046397
961534,0.15046397
961535,0.15046397
961543,0.08716335
961544,0.15046397
961545,0.15046397
961546,0.15046397
961547,0.15046397
961548,0.15046397
961553,0.09508261
961554,0.16519926
961555,0.16519926
961556,0.16519926
961557,0.16519926
961558,0.16519926
961559,0.16519926
961570,0.09508261
961571,0.16519926
961572,0.16519926
961573,0.16519926
961574,0.16519926
961575,0.16519926
961582,0.09508261
961583,0.16519926
961584,0.16519926
961585,0.16519926
961586,0.16519926
961592,0.091613434
961593,0.18621887
961594,0.18621887
961595,0.18621887
961596,0.18621887
961597,0.18621887
961599,0.091613434
961600,0.18621887
961747,0.07571106
961748,0.16524203
961749,0.16524203
961750,0.16524203
961751,0.16524203
961756,0.10361492
961757,0.16524203
961758,0.16524203
961759,0.16524203
961760,0.16524203
961761,0.16524203
961766,0.085307546
961767,0.14652558
961768,0.14652558
961769,0.14652558
961770,0.14652558
961771,0.085307546
961772,0.14652558
961773,0.14652558
961774,0.14652558
961775,0.14652558
961776,0.085307546
961777,0.14652558
961778,0.14652558
961779,0.14652558
961780,0.14652558
961783,0.10058382
961784,0.16877502
961922,0.07048093
961928,0.08956489
961929,0.23865698
961943,0.03356166
961954,0.02545586
961955,0.055130403
961956,0.055130403
961957,0.055130403
961958,0.055130403
961973,0.02545586
961974,0.055130403
961975,0.055130403
961976,0.055130403
961977,0.055130403
961978,0.055130403
961996,0.02545586
961997,0.055130403
961998,0.055130403
961999,0.055130403
962000,0.055130403
962001,0.055130403
962096,0.10465882
962254,0.15355892
962255,0.3518708
962290,0.038371693
962372,0.04090436
962373,0.114218764
962374,0.114218764
962375,0.114218764
962376,0.114218764
962485,0.06343308
962486,0.1846283
962500,0.07968448
962501,0.1846283
962502,0.1846283
911467,0.02282605
911468,0.049823266
911469,0.049823266
911470,0.049823266
911471,0.049823266
911481,0.0281284
911482,0.049823266
911483,0.049823266
911484,0.049823266
911485,0.049823266
911486,0.049823266
911487,0.049823266
911488,0.05036792
911518,0.026613612
911519,0.049829114
911528,0.029363204
911529,0.049829114
911530,0.049829114
911531,0.049829114
911532,0.049829114
911533,0.049829114
911548,0.036355335
911549,0.06287857
911550,0.06287857
911551,0.06287857
911552,0.06287857
911571,0.036355335
911572,0.06287857
911573,0.06287857
911574,0.06287857
911597,0.039213445
911598,0.07697549
911599,0.07697549
911600,0.07697549
911601,0.07697549
911602,0.07697549
911613,0.04507472
911614,0.07697549
911615,0.07697549
911616,0.07697549
911617,0.07697549
911626,0.053328156
911627,0.09051646
911628,0.09051646
911629,0.09051646
911638,0.053328156
911639,0.09051646
911640,0.09051646
911641,0.09051646
911642,0.09051646
911643,0.09051646
911644,0.09051646
911657,0.053328156
911666,0.04681753
911667,0.0823671
911668,0.0823671
911669,0.0823671
911679,0.04681753
911680,0.04681753
911681,0.0823671
911682,0.0823671
911683,0.0823671
911684,0.0823671
911685,0.0823671
911777,0.03074801
911778,0.06712829
911779,0.06712829
911780,0.06712829
911781,0.06712829
911783,0.009875038
911784,0.020835929
911785,0.020835929
911786,0.020835929
911787,0.020835929
911788,0.009875038
911789,0.020835929
911790,0.020835929
911796,0.009875038
911797,0.020835929
911798,0.020835929
911799,0.020835929
911800,0.020835929
911801,0.020835929
911802,0.020835929
911810,0.008002078
911811,0.018017298
911812,0.018017298
911813,0.018017298
911814,0.018017298
911818,0.008002078
911819,0.018017298
911820,0.018017298
911939,0.0056428257
911940,0.00970223
911941,0.00970223
911952,0.005023335
911953,0.008520845
911954,0.008520845
911955,0.008520845
911964,0.005023335
911965,0.008520845
911966,0.008520845
911971,0.005023335
911972,0.008520845
911973,0.008520845
911974,0.008520845
911977,0.0056058853
911978,0.0076684686
911981,0.004778573
911982,0.007569192
911983,0.007569192
911984,0.007569192
911985,0.007569192
911986,0.004778573
911987,0.007110304
911988,0.007110304
911989,0.007110304
911990,0.007110304
912087,0.017061079
912088,0.031964086
912089,0.031964086
912120,0.015071623
912121,0.031964086
912122,0.031964086
912123,0.031964086
912175,0.015071623
912176,0.031964086
912177,0.031964086
912178,0.031964086
912179,0.031964086
912180,0.031964086
912181,0.031964086
912182,0.031964086
912194,0.015761709
912195,0.03215691
912196,0.03215691
912197,0.03215691
912198,0.03215691
912199,0.03215691
912203,0.015761709
912204,0.03215691
912205,0.03215691
912206,0.03215691
912207,0.03215691
912208,0.03215691
912209,0.03215691
912215,0.015761709
912216,0.03215691
912217,0.03215691
912218,0.03215691
912219,0.03215691
912220,0.03215691
912227,0.016827991
912228,0.036975425
912229,0.036975425
912230,0.036975425
912231,0.036975425
912232,0.036975425
912233,0.036975425
912238,0.016827991
912239,0.036975425
912240,0.036975425
912241,0.036975425
912242,0.036975425
912247,0.016827991
912248,0.036975425
912249,0.036975425
912250,0.036975425
912251,0.036975425
912267,0.01230846
912268,0.02617724
912269,0.02617724
912270,0.02617724
912271,0.02617724
912272,0.02617724
912273,0.02617724
912274,0.02617724
912275,0.02617724
912276,0.02617724
912277,0.02617724
912278,0.02617724
912279,0.02617724
912280,0.02617724
912281,0.02617724
912282,0.02617724
912283,0.02617724
912284,0.02617724
912285,0.02617724
912286,0.02617724
912298,0.01230846
912299,0.02617724
912300,0.02617724
912301,0.02617724
912302,0.02617724
912303,0.02617724
912304,0.02617724
912305,0.02617724
912306,0.02617724
912307,0.02617724
912308,0.02617724
912309,0.02617724
912310,0.02617724
912311,0.02617724
912312,0.02617724
912313,0.02617724
912314,0.02617724
912315,0.02617724
912316,0.02617724
912317,0.02617724
912318,0.02617724
912319,0.02617724
912320,0.02617724
912321,0.02617724
912322,0.02617724
912323,0.02617724
912324,0.02617724
912325,0.02617724
912332,0.01230846
912333,0.02617724
912334,0.02617724
912335,0.02617724
912336,0.02617724
912337,0.02617724
912338,0.02617724
912349,0.011299526
912350,0.02563348
912351,0.02563348
912441,0.020939581
912442,0.04181726
912443,0.04181726
912444,0.04181726
912445,0.017516254
912446,0.04181726
912447,0.04181726
912448,0.04181726
912449,0.04181726
912450,0.04181726
912451,0.04181726
912452,0.04181726
912453,0.04181726
912454,0.04181726
912455,0.04181726
912456,0.04181726
912457,0.04181726
912458,0.04181726
912506,0.004850073
912507,0.003999942
912603,0.025858445
912604,0.04348644
912605,0.04348644
912606,0.04348644
912607,0.04348644
912608,0.04348644
912628,0.02197623
912629,0.048166666
912630,0.048166666
912673,0.022336451
912674,0.048166666
912693,0.019461375
912694,0.04307943
912695,0.04307943
912696,0.04307943
912697,0.04307943
912710,0.019461375
912711,0.04307943
912712,0.04307943
912713,0.04307943
912714,0.04307943
912721,0.019461375
912722,0.04307943
912723,0.04307943
912724,0.04307943
912725,0.04307943
912726,0.04307943
912727,0.04307943
912728,0.04307943
912731,0.013571996
912732,0.028515432
912733,0.028515432
912734,0.028515432
912735,0.028515432
912742,0.013571996
912777,0.011977819
912780,0.015876854
912781,0.03226404
912783,0.013716016
912784,0.03226404
912785,0.03226404
912786,0.03226404
912787,0.03226404
912788,0.03226404
912789,0.03226404
912790,0.03226404
912791,0.03226404
912792,0.03107213
912793,0.03107213
912794,0.03107213
912795,0.03107213
912796,0.03107213
912797,0.03107213
912798,0.03107213
912799,0.03107213
912800,0.03107213
912801,0.03107213
912808,0.013199971
912809,0.03107213
912974,0.021167602
912983,0.019112976
912984,0.041950874
912985,0.041950874
912988,0.019112976
912989,0.041950874
912990,0.041950874
912991,0.041950874
912992,0.041950874
913000,0.019112976
913001,0.041950874
913002,0.041950874
913003,0.041950874
913004,0.041950874
913005,0.041950874
913006,0.041950874
913007,0.041950874
913008,0.041950874
913009,0.041950874
913019,0.018080167
913020,0.036533196
913021,0.036533196
913022,0.036533196
913023,0.036533196
913024,0.036533196
913025,0.036533196
913026,0.036533196
913035,0.018080167
913036,0.036533196
913037,0.036533196
913038,0.036533196
913039,0.036533196
913183,0.021853367
913184,0.03913579
913185,0.03913579
913186,0.03913579
913193,0.014013644
913194,0.030538581
913195,0.030538581
913196,0.030538581
913197,0.030538581
913202,0.014013644
913498,0.018133184
913499,0.03457808
913500,0.03457808
913501,0.03457808
913502,0.03457808
913505,0.015413895
913506,0.03457808
913507,0.03457808
913508,0.03457808
913509,0.01688169
913510,0.037800696
913511,0.037800696
913512,0.037800696
913513,0.037800696
913514,0.01688169
913566,0.024583744
913567,0.04913913
913568,0.04913913
913569,0.04913913
913574,0.02166387
913575,0.04913913
913576,0.04913913
913593,0.023055095
913594,0.047891214
913595,0.047891214
913596,0.047891214
913597,0.047891214
913598,0.047891214
913599,0.047891214
913600,0.047891214
913601,0.018197993
913602,0.039123368
913603,0.039123368
913604,0.039123368
913710,0.0126502
913711,0.014144147
913712,0.014144147
913713,0.011252702
913714,0.016935851
913715,0.016935851
913716,0.011252702
913717,0.016935851
913718,0.016935851
913719,0.016935851
913720,0.016935851
913721,0.016935851
913722,0.011252702
913723,0.016935851
913724,0.016935851
913725,0.016935851
913726,0.016935851
913732,0.0097420225
913733,0.015546727
913734,0.015546727
913735,0.015546727
913738,0.0097420225
913739,0.015546727
913740,0.015546727
913743,0.026981808
913744,0.061976958
913745,0.061976958
913746,0.061976958
913747,0.061976958
913748,0.015546727
913763,0.018823339
913764,0.041488357
913765,0.041488357
913766,0.041488357
913775,0.01849323
913776,0.041488357
913777,0.041488357
913778,0.041488357
913806,0.01841203
913807,0.03520154
913808,0.03520154
913809,0.016364496
913810,0.03520154
913811,0.03520154
913812,0.03520154
913813,0.03520154
913814,0.027331578
913815,0.059623156
913816,0.059623156
913817,0.059623156
913818,0.059623156
913819,0.027331578
913820,0.059623156
913821,0.059623156
914353,0.02932296
914402,0.038537417
914403,0.08580289
914411,0.038393702
914412,0.06900804
914413,0.06900804
914414,0.06900804
914415,0.06900804
914416,0.06900804
914417,0.06900804
914472,0.029407406
914473,0.06026993
914474,0.06026993
914479,0.011114541
914583,0.004926261
914584,0.008570736
914587,0.004673992
914588,0.008570736
914589,0.008570736
914590,0.008570736
914591,0.008570736
914592,0.008570736
914593,0.008570736
914596,0.004673992
914597,0.008570736
914598,0.008570736
914599,0.008570736
914600,0.008570736
914608,0.004385094
914609,0.007526087
914610,0.007526087
914621,0.004385094
914624,0.004385094
914628,0.0052678264
914629,0.0072888187
914630,0.0072888187
914631,0.0072888187
914632,0.0072888187
914633,0.0045165755
914634,0.0072365995
914635,0.0072365995
914636,0.0072365995
914637,0.0072365995
914638,0.0045165755
914639,0.0072365995
914640,0.0072365995
914641,0.0072365995
914642,0.0072365995
914643,0.0045165755
914644,0.0072365995
914675,0.020566586
914678,0.01991742
914679,0.043254703
914680,0.043254703
914681,0.043254703
914682,0.043254703
914705,0.021108199
914706,0.04432471
914707,0.04432471
914713,0.019757222
914787,0.01664451
914788,0.03215691
914789,0.03215691
914797,0.017193994
914798,0.03215691
914799,0.03215691
914800,0.03215691
914801,0.03215691
914802,0.03215691
914803,0.03215691
914804,0.03215691
914805,0.03215691
914806,0.03215691
914807,0.03215691
914811,0.018830398
914812,0.041274525
914813,0.041274525
914814,0.041274525
914815,0.041274525
914816,0.041274525
914817,0.041274525
914818,0.041274525
914819,0.041274525
914821,0.018830398
914822,0.041274525
914823,0.041274525
914824,0.041274525
914825,0.041274525
914826,0.041274525
914840,0.018830398
914841,0.041274525
914842,0.041274525
914843,0.041274525
914844,0.041274525
914854,0.010551619
914855,0.022485895
914856,0.022485895
914857,0.022485895
914858,0.022485895
914859,0.022485895
914880,0.010551619
914881,0.022485895
914882,0.022485895
914883,0.022485895
914884,0.022485895
914913,0.010551619
914914,0.022485895
914936,0.009544833
914986,0.018109301
914987,0.036269628
914989,0.015141568
914990,0.036269628
914991,0.036269628
914992,0.036269628
914993,0.036269628
914994,0.036269628
914995,0.036269628
914996,0.036269628
914997,0.036269628
914998,0.036269628
914999,0.036269628
915000,0.036269628
915001,0.036269628
915004,0.023426084
915005,0.051959306
915006,0.051959306
915007,0.051959306
915008,0.051959306
915009,0.051959306
915010,0.051959306
915011,0.051959306
915012,0.0045001525
915013,0.010234735
915014,0.0060970886
915015,0.009838748
915016,0.009838748
915017,0.009838748
915018,0.0060970886
915019,0.009838748
915020,0.009838748
915021,0.009838748
915022,0.009838748
915029,0.0060970886
915030,0.009838748
915031,0.009838748
915051,0.006276615
915091,0.02147226
915092,0.04390788
915093,0.04390788
915094,0.04390788
915095,0.04390788
915096,0.04390788
915097,0.04390788
915098,0.04390788
915099,0.04390788
915100,0.04390788
915104,0.01769345
915105,0.03925189
915106,0.03925189
915107,0.03925189
915108,0.03925189
915109,0.03925189
915110,0.03925189
915111,0.03925189
915112,0.03925189
915113,0.03925189
915114,0.03925189
915115,0.03925189
915116,0.03925189
915117,0.03925189
915118,0.03925189
915119,0.03925189
915120,0.03925189
915121,0.03925189
915122,0.03925189
915123,0.03925189
915124,0.03925189
915133,0.01769345
915134,0.03925189
915135,0.03925189
915136,0.03925189
915137,0.03925189
915138,0.03925189
915165,0.01769345
915166,0.03925189
915167,0.03925189
915168,0.03925189
915169,0.03925189
915192,0.012332383
915193,0.025946798
915194,0.025946798
915195,0.025946798
915196,0.025946798
915197,0.025946798
915209,0.012332383
915210,0.025946798
915211,0.025946798
915212,0.025946798
915213,0.025946798
915214,0.025946798
915215,0.025946798
915226,0.012332383
915227,0.025946798
915228,0.025946798
915229,0.025946798
915243,0.010193758
915244,0.022863017
915245,0.022863017
915246,0.022863017
915247,0.022863017
915270,0.010193758
915271,0.022863017
915285,0.010193758
915392,0.0136059495
915393,0.036730886
915394,0.036730886
915395,0.036730886
915396,0.036730886
915397,0.036730886
915426,0.016590353
915427,0.036730886
915428,0.036730886
915429,0.036730886
915430,0.036730886
915431,0.036730886
915432,0.036730886
915433,0.036730886
915434,0.036730886
915435,0.036730886
915455,0.016590353
915456,0.036730886
915457,0.036730886
915458,0.036730886
915459,0.036730886
915487,0.013153028
915488,0.02796841
915489,0.02796841
915490,0.02796841
915502,0.013153028
915635,0.008487631
915636,0.009166612
915637,0.009166612
915638,0.009166612
915639,0.009166612
915640,0.006322688
915641,0.008474859
915642,0.008474859
915643,0.008474859
915644,0.008474859
915645,0.008474859
915646,0.008474859
915647,0.006322688
915648,0.008474859
915649,0.008474859
915650,0.008474859
915651,0.006377899
915652,0.009138358
915653,0.009138358
915654,0.006377899
915655,0.009138358
915656,0.009138358
915657,0.009138358
915658,0.006377899
915659,0.009138358
915660,0.009138358
915669,0.01812615
915670,0.035547145
915671,0.007291755
915672,0.035547145
915673,0.035547145
915674,0.035547145
915676,0.017502783
915677,0.038492188
915678,0.038492188
915679,0.017502783
915704,0.010290845
915976,0.011732288
915977,0.026223563
915978,0.012174935
915979,0.02688205
915980,0.02688205
915981,0.02688205
915982,0.02688205
915983,0.02688205
915984,0.02688205
916089,0.008022525
916100,0.021976102
916101,0.043145146
916102,0.043145146
916103,0.043145146
916104,0.043145146
916105,0.01599756
916106,0.035973795
916107,0.017100556
916108,0.035973795
916109,0.035973795
916110,0.01649099
916111,0.03737992
916112,0.03737992
916113,0.03737992
916114,0.03737992
916138,0.012110782
916139,0.028469618
916140,0.028469618
916141,0.028469618
916148,0.01267626
916149,0.028469618
916150,0.028469618
916151,0.028469618
916152,0.028469618
916160,0.01267626
916161,0.028469618
916162,0.028469618
916163,0.028469618
916164,0.028469618
916175,0.010831581
916176,0.024677478
916177,0.024677478
916178,0.024677478
916179,0.024677478
916180,0.024677478
916181,0.024677478
916182,0.024677478
916183,0.024677478
916321,0.027843196
916322,0.042390704
916323,0.042390704
916329,0.019071067
916330,0.042390704
916331,0.042390704
916332,0.042390704
916333,0.042390704
916334,0.042390704
916485,0.0075679743
916491,0.008195705
916492,0.011800424
916493,0.011800424
916494,0.011800424
916495,0.011800424
916496,0.011800424
916498,0.008195705
916499,0.011800424
916500,0.011800424
916501,0.011800424
916502,0.011800424
916503,0.008195705
916504,0.011800424
916505,0.011800424
916506,0.011800424
916507,0.009383543
916508,0.014136129
916509,0.014136129
916510,0.014136129
916511,0.014136129
916512,0.014136129
916513,0.009383543
916514,0.014136129
916518,0.02668377
916519,0.01347041
916520,0.054040153
916521,0.054040153
916523,0.02341464
916524,0.054040153
916525,0.054040153
916526,0.054040153
916527,0.018601775
916536,0.018601775
916595,0.029181534
916886,0.0203511
916887,0.047908902
916888,0.047908902
916898,0.029487219
916899,0.048821174
916931,0.029487219
916932,0.048821174
916945,0.029487219
916946,0.048821174
916947,0.048821174
916948,0.048821174
916949,0.048821174
916953,0.031683292
916954,0.053244196
916955,0.053244196
916956,0.053244196
916957,0.053244196
916965,0.031683292
916966,0.053244196
916967,0.053244196
916968,0.053244196
917008,0.045037962
917009,0.09080493
917010,0.09080493
917011,0.09080493
917018,0.053939737
917019,0.09080493
917020,0.09080493
917021,0.09080493
917022,0.09080493
917023,0.09080493
917033,0.040384326
917034,0.078696154
917035,0.078696154
917036,0.078696154
917037,0.078696154
917038,0.078696154
917039,0.078696154
917045,0.03651836
917050,0.03651836
917051,0.06254519
917052,0.06254519
917053,0.06254519
917054,0.06254519
917055,0.06254519
917056,0.06254519
917057,0.06254519
917058,0.06254519
917061,0.03651836
917062,0.06254519
917063,0.06254519
917064,0.06254519
917065,0.06254519
917066,0.03553702
917067,0.06120709
917068,0.06120709
917069,0.06120709
917070,0.06120709
917071,0.03553702
917072,0.06120709
917073,0.06120709
917074,0.06120709
917075,0.06120709
917076,0.06120709
917077,0.03553702
917078,0.06120709
917079,0.059773684
917080,0.059773684
917081,0.028445587
917082,0.062230133
917083,0.062230133
917084,0.062230133
917085,0.062230133
917086,0.028445587
917087,0.062230133
917088,0.062230133
917089,0.062230133
917090,0.062230133
917095,0.028445587
917096,0.062230133
917097,0.062230133
917098,0.062230133
917099,0.062230133
917100,0.024831075
917101,0.024831075
917102,0.054881
917103,0.054881
917104,0.054881
917105,0.054881
917106,0.054881
917107,0.024831075
917108,0.054881
917109,0.054881
917110,0.054881
917111,0.054881
917157,0.020061126
917158,0.04318377
917159,0.04318377
917160,0.04318377
917161,0.04318377
917162,0.024371965
917243,0.031901307
917244,0.07494832
917245,0.07494832
917246,0.07494832
917247,0.07494832
917248,0.07494832
917249,0.07494832
917250,0.07494832
917251,0.07494832
917252,0.07494832
917253,0.07494832
917254,0.07494832
917255,0.07494832
917256,0.07494832
917257,0.07494832
917258,0.07494832
917266,0.042147145
917267,0.07494832
917268,0.07494832
917269,0.07494832
917277,0.033308193
917278,0.0638446
917279,0.0638446
917280,0.0638446
917281,0.0638446
917282,0.0638446
917289,0.033308193
917290,0.0638446
917291,0.0638446
917292,0.0638446
917293,0.0638446
917294,0.0638446
917295,0.0638446
917296,0.0638446
917297,0.0638446
917298,0.0638446
917299,0.0638446
917314,0.033308193
917315,0.0638446
917316,0.0638446
917317,0.0638446
917318,0.0638446
917329,0.027369702
917330,0.051331807
917331,0.051331807
917332,0.051331807
917333,0.051331807
917334,0.051331807
917335,0.051331807
917336,0.051331807
917385,0.007830842
917386,0.019374607
917387,0.019374607
917388,0.008265713
917633,0.013065896
917634,0.026742585
917635,0.026742585
917636,0.026742585
917637,0.026742585
917638,0.026742585
917652,0.010649185
917653,0.022975886
917654,0.022975886
917655,0.022975886
917656,0.022975886
917657,0.022975886
917668,0.010649185
917669,0.022975886
917670,0.022975886
917671,0.021779012
917672,0.021779012
917673,0.021779012
917674,0.021779012
917675,0.021779012
917676,0.021779012
917677,0.010366336
917678,0.021779012
917679,0.021779012
917680,0.021779012
917681,0.021779012
917682,0.021779012
917683,0.012345679
917684,0.026164802
917685,0.026164802
917686,0.026164802
917687,0.026164802
917689,0.012345679
917690,0.026164802
917732,0.019185897
917733,0.043791763
917735,0.020209022
917736,0.043791763
917737,0.043791763
917738,0.043791763
917763,0.01802246
917764,0.039317604
917767,0.017967245
917768,0.039317604
917769,0.039317604
917877,0.020643381
917878,0.015061286
917879,0.033995125
917880,0.033995125
917881,0.033995125
917882,0.033995125
917883,0.015061286
917884,0.033995125
917885,0.033995125
917886,0.015061286
917887,0.033995125
917888,0.033995125
917889,0.033995125
917890,0.033995125
917891,0.01155603
917892,0.025219545
917893,0.025219545
917894,0.025219545
917895,0.025219545
917896,0.025219545
917897,0.025219545
917899,0.01155603
917900,0.025219545
917901,0.025219545
917902,0.025219545
917903,0.025219545
917904,0.025219545
917905,0.01155603
917906,0.025219545
917907,0.025219545
917908,0.025219545
917909,0.025219545
917910,0.025219545
917911,0.025219545
917912,0.025219545
917913,0.01045442
917914,0.024342394
917915,0.024342394
917916,0.024342394
917917,0.024342394
917918,0.024342394
917919,0.024342394
917920,0.01045442
917921,0.024342394
917922,0.024342394
917923,0.024342394
917924,0.024342394
917925,0.024342394
917926,0.01045442
917927,0.024342394
917928,0.024342394
917929,0.024342394
917930,0.024342394
917931,0.024342394
917932,0.024342394
917933,0.024342394
917934,0.024342394
917935,0.024342394
917936,0.024342394
917937,0.024342394
917938,0.011598788
917939,0.026762737
917940,0.026762737
917941,0.026762737
917942,0.026762737
917943,0.026762737
917944,0.026762737
917945,0.026762737
917946,0.026762737
917947,0.026762737
917948,0.026762737
917949,0.026762737
917950,0.026762737
917951,0.026762737
917952,0.026762737
917953,0.026762737
917954,0.011598788
917955,0.026762737
917956,0.026762737
917957,0.026762737
917958,0.026762737
917959,0.026762737
917960,0.011598788
917961,0.026762737
917962,0.026762737
917963,0.026762737
917964,0.0119909
917965,0.027789786
917966,0.027789786
917967,0.027789786
917968,0.027789786
917969,0.0119909
917970,0.027789786
917971,0.027789786
917972,0.027789786
918158,0.024957571
918159,0.059487894
918160,0.059487894
918167,0.024304526
918168,0.059487894
918169,0.059487894
918170,0.059487894
918171,0.059487894
918172,0.059487894
918178,0.021246936
918179,0.049122054
918180,0.049122054
918181,0.049122054
918182,0.049122054
918183,0.049122054
918184,0.049122054
918185,0.049122054
918186,0.049122054
918187,0.049122054
918188,0.049122054
918200,0.021246936
918201,0.049122054
918202,0.049122054
918203,0.049122054
918204,0.049122054
918205,0.049122054
918206,0.049122054
918207,0.049122054
918208,0.049122054
918209,0.049122054
918210,0.049122054
918211,0.049122054
918212,0.049122054
918213,0.049122054
918214,0.049122054
918215,0.049122054
918336,0.010886316
918337,0.0247179
918338,0.0247179
918339,0.0247179
918340,0.0247179
918354,0.011762934
918355,0.0247179
918356,0.0247179
918357,0.0247179
918373,0.010078829
918374,0.022565892
918375,0.022565892
918376,0.022565892
918377,0.022565892
918378,0.022565892
918401,0.010078829
918402,0.022565892
918403,0.022565892
918404,0.022565892
918405,0.022565892
918406,0.022565892
918407,0.022565892
918408,0.022565892
918409,0.022565892
918410,0.022565892
918411,0.022565892
918412,0.022565892
918431,0.010078829
918432,0.022565892
918433,0.022565892
918434,0.022565892
918435,0.022565892
918464,0.010087772
918465,0.022415522
918466,0.022415522
918486,0.0117448885
918487,0.024077687
918513,0.020998543
918514,0.033525307
918515,0.033525307
918516,0.033525307
918517,0.033525307
918518,0.015143659
918519,0.033525307
918583,0.0062021944
918584,0.0069894567
918585,0.0069894567
918586,0.0069894567
918598,0.0044683926
918599,0.0069894567
918600,0.0069894567
918601,0.0069894567
918609,0.013009483
918610,0.019016653
918611,0.019016653
918612,0.019016653
918628,0.013009483
918629,0.019016653
918630,0.019016653
918631,0.019016653
918632,0.019016653
918659,0.013009483
918660,0.019016653
918661,0.019016653
918662,0.019016653
918663,0.019016653
918683,0.010483689
918684,0.017847477
918685,0.017847477
918686,0.017847477
918699,0.010483689
918710,0.010483689
918711,0.017847477
918712,0.017847477
918713,0.017847477
918714,0.017847477
918715,0.017847477
918718,0.011582122
918719,0.021852184
918720,0.021852184
918721,0.021852184
918722,0.021852184
918723,0.021852184
918725,0.010948748
918726,0.021852184
918727,0.021852184
918728,0.021852184
918729,0.021852184
918730,0.018021764
918731,0.021852184
918732,0.04214331
918743,0.015617917
918744,0.035356298
918745,0.035356298
918746,0.035356298
918753,0.01798846
918754,0.040286466
918755,0.040286466
918947,0.0048919334
918948,0.008629553
918949,0.008629553
918952,0.0055102045
918953,0.008629553
918954,0.008629553
918955,0.008629553
918956,0.008629553
918957,0.008629553
918958,0.0055102045
918959,0.008629553
918960,0.008629553
918961,0.008629553
918973,0.005778838
918974,0.007687051
918975,0.007687051
918976,0.007687051
918985,0.005778838
918986,0.007687051
918987,0.007687051
918988,0.007687051
918989,0.007687051
919002,0.005778838
919003,0.007687051
919004,0.007687051
919005,0.007687051
919006,0.007687051
919007,0.007687051
919011,0.010028586
919012,0.01639687
919013,0.01639687
919014,0.010028586
919015,0.01639687
919016,0.01639687
919020,0.010028586
919021,0.01639687
919022,0.01639687
919023,0.01639687
919024,0.01639687
919028,0.011622154
919032,0.011622154
919033,0.021439882
919034,0.021439882
919035,0.021439882
919036,0.021439882
919037,0.021439882
919042,0.011622154
919043,0.021439882
919044,0.021439882
919045,0.021439882
919046,0.021439882
919056,0.0128383115
919057,0.02514391
919058,0.02514391
919059,0.02514391
919060,0.02514391
919073,0.0128383115
919074,0.042915322
919075,0.02514391
919076,0.042915322
919089,0.017825732
919090,0.042915322
919091,0.042915322
919092,0.042915322
919159,0.017518032
919160,0.03912446
919161,0.03912446
919162,0.03912446
919163,0.03912446
919164,0.03912446
919165,0.03912446
919173,0.016668454
919316,0.01184421
919317,0.028435314
919318,0.028435314
919319,0.028435314
919320,0.028435314
919321,0.012684923
919322,0.028435314
919334,0.011833483
919335,0.026874667
919336,0.026874667
919337,0.026874667
919338,0.026874667
919339,0.026874667
919340,0.026874667
919355,0.011833483
919356,0.026874667
919357,0.026874667
919358,0.026874667
919359,0.026874667
919363,0.011833483
919364,0.026874667
919365,0.026874667
919366,0.013061476
919367,0.029395215
919368,0.029395215
919369,0.029395215
919370,0.029395215
919371,0.013061476
919372,0.025779
919373,0.025779
919374,0.025779
919375,0.025779
919378,0.011205186
919379,0.025779
919380,0.025779
919381,0.025779
919382,0.025779
919396,0.012210956
919397,0.027845107
919398,0.027845107
919399,0.027845107
919412,0.012210956
919413,0.027845107
919414,0.027845107
919415,0.027845107
919416,0.027845107
919417,0.027845107
919418,0.027845107
919427,0.012210956
919428,0.027845107
919429,0.027845107
919430,0.027845107
919437,0.0127556445
919438,0.029224496
919439,0.029224496
919440,0.029224496
919441,0.029224496
919447,0.0127556445
919448,0.029224496
919552,0.019340446
919553,0.043463107
919554,0.043463107
919555,0.043463107
919557,0.015696142
919558,0.03555805
919559,0.03555805
919560,0.03555805
919571,0.015696142
919572,0.03555805
919573,0.03555805
919574,0.03555805
919575,0.03555805
919611,0.008014279
919612,0.010124193
919613,0.010124193
919618,0.0071560163
919627,0.0071560163
919628,0.010136108
919629,0.010136108
919630,0.010136108
919638,0.0071560163
919639,0.010136108
919643,0.012007905
919644,0.020875096
919645,0.020875096
919646,0.020875096
919647,0.020875096
919648,0.020875096
919650,0.012007905
919651,0.020875096
919652,0.020875096
919653,0.020875096
919654,0.012007905
919655,0.020875096
919656,0.020875096
919657,0.020875096
919658,0.014422948
919659,0.014422948
919660,0.026186388
919661,0.026186388
919662,0.026186388
919663,0.026186388
919664,0.014422948
919665,0.026186388
919666,0.026186388
919667,0.012345743
919668,0.054352462
919671,0.02237434
919672,0.054352462
919673,0.054352462
919674,0.054352462
919675,0.054352462
919676,0.054352462
919682,0.022173164
919683,0.021461206
919684,0.052230835
919685,0.052230835
919686,0.052230835
919687,0.052230835
919688,0.052230835
919689,0.052230835
919690,0.052230835
919691,0.052230835
919692,0.052230835
919693,0.052230835
919694,0.052230835
919695,0.052230835
919696,0.052230835
919697,0.052230835
919698,0.052230835
919699,0.052230835
919706,0.021461206
919707,0.052230835
919708,0.052230835
919709,0.052230835
919710,0.052230835
919711,0.052230835
919718,0.019239869
919719,0.043596562
919720,0.043596562
919721,0.043596562
919722,0.043596562
919723,0.043596562
919724,0.043596562
919725,0.043596562
919726,0.043596562
919731,0.019239869
919732,0.043596562
919733,0.043596562
919734,0.043596562
919735,0.043596562
919736,0.043596562
919737,0.043596562
919738,0.043596562
919739,0.043596562
919740,0.043596562
919741,0.043596562
919742,0.043596562
919743,0.043596562
919744,0.043596562
919745,0.043596562
919746,0.043596562
919747,0.043596562
919748,0.043596562
919752,0.019239869
919753,0.043596562
919754,0.043596562
919755,0.043596562
919756,0.043596562
919757,0.043596562
919770,0.019393867
919771,0.042987466
919772,0.042987466
919773,0.042987466
919774,0.042987466
919775,0.042987466
919781,0.019393867
919782,0.042987466
919783,0.042987466
919784,0.042987466
919785,0.042987466
919786,0.042987466
919787,0.042987466
919788,0.042987466
919793,0.019393867
919794,0.042987466
919795,0.042987466
919796,0.042987466
919797,0.042987466
919798,0.042987466
919803,0.028416324
919804,0.045707908
919805,0.045707908
919806,0.045707908
919807,0.045707908
919808,0.045707908
919809,0.045707908
919812,0.028416324
919813,0.045707908
919814,0.045707908
919815,0.045707908
919816,0.045707908
919817,0.045707908
919819,0.028416324
919820,0.045707908
919821,0.045707908
919822,0.045707908
919823,0.045707908
919824,0.045707908
919828,0.032600164
919829,0.05041157
919830,0.05041157
919831,0.05041157
919832,0.05041157
919833,0.05041157
919840,0.032600164
919841,0.05041157
919842,0.05041157
919843,0.05041157
919844,0.05041157
919845,0.05041157
919846,0.05041157
919847,0.05041157
919848,0.05041157
919849,0.05041157
919850,0.05041157
919851,0.05041157
919852,0.05041157
919853,0.05041157
919854,0.05041157
919855,0.05041157
919856,0.05041157
919866,0.032600164
919867,0.05041157
919868,0.05041157
919869,0.05041157
919875,0.034434065
919876,0.052803084
919877,0.052803084
919878,0.052803084
919879,0.052803084
919880,0.052803084
919881,0.052803084
919888,0.034434065
919889,0.052803084
919890,0.052803084
919891,0.052803084
919897,0.034434065
919898,0.052803084
919899,0.052803084
919900,0.052803084
919910,0.026394872
919911,0.04626191
919912,0.04626191
919913,0.04626191
919914,0.04626191
920044,0.0237362
920079,0.01912223
920080,0.043684307
920081,0.043684307
920082,0.043684307
920083,0.029827738
920084,0.029827738
920085,0.029827738
920086,0.029827738
920087,0.029827738
920088,0.029827738
920089,0.029827738
920090,0.029827738
920107,0.01688135
920108,0.029827738
920109,0.029827738
920110,0.029827738
920111,0.029827738
920125,0.01688135
920126,0.029827738
920127,0.029827738
920128,0.029827738
920129,0.029827738
920130,0.029827738
920141,0.017257085
920142,0.030936599
920143,0.030936599
920144,0.030936599
920145,0.030936599
920146,0.030936599
920147,0.030936599
920148,0.030936599
920153,0.017257085
920154,0.030936599
920155,0.030936599
920156,0.030936599
920157,0.030936599
920158,0.030936599
920159,0.030936599
920164,0.017257085
920165,0.030936599
920166,0.030936599
920167,0.030936599
920168,0.030936599
920169,0.030936599
920170,0.030936599
920171,0.030936599
920172,0.030936599
920188,0.018670209
920189,0.03399492
920190,0.03399492
920191,0.03399492
920197,0.01795683
920198,0.03399492
920199,0.03399492
920200,0.03399492
920211,0.01795683
920212,0.03399492
920221,0.023370085
920222,0.0457641
920223,0.0457641
920224,0.0457641
920225,0.0457641
920226,0.0457641
920232,0.023370085
920233,0.0457641
920234,0.0457641
920235,0.0457641
920237,0.023370085
920238,0.0457641
920239,0.0457641
920240,0.0457641
920241,0.0457641
920242,0.026491895
920243,0.051394653
920244,0.051394653
920245,0.051394653
920246,0.051394653
920247,0.026491895
920248,0.051394653
920249,0.051394653
920250,0.051394653
920255,0.026491895
920256,0.051394653
920257,0.051394653
920258,0.051394653
920259,0.051394653
920260,0.051394653
920261,0.03043482
920262,0.058820046
920263,0.058820046
920264,0.058820046
920265,0.058820046
920266,0.058820046
920267,0.058820046
920268,0.03043482
920269,0.058820046
920270,0.058820046
920271,0.058820046
920272,0.058820046
920273,0.03043482
920274,0.058820046
920275,0.058820046
920276,0.058820046
920277,0.058820046
920278,0.058820046
920279,0.031209983
920280,0.05795202
920281,0.05795202
920282,0.05795202
920283,0.05795202
920284,0.05795202
920285,0.031209983
920286,0.05795202
920287,0.05795202
920288,0.05795202
920289,0.05795202
920290,0.05795202
920292,0.031209983
920293,0.05795202
920294,0.05795202
920295,0.05795202
920296,0.05795202
920297,0.05795202
920298,0.05795202
920304,0.029017063
920305,0.052526373
920389,0.014299101
920390,0.03475611
920391,0.03475611
920394,0.008715841
920395,0.022530781
920396,0.022530781
920397,0.022530781
920398,0.022530781
920399,0.022530781
920414,0.008715841
920415,0.022530781
920416,0.022530781
920417,0.022530781
920418,0.022530781
920419,0.022530781
920424,0.008715841
920425,0.022530781
920426,0.022530781
920427,0.022530781
920440,0.020939903
920441,0.04805603
920442,0.04805603
920443,0.04805603
920444,0.04805603
920455,0.020939903
920456,0.04805603
920457,0.04805603
920458,0.04805603
920459,0.04805603
920460,0.04805603
920461,0.04805603
920469,0.020939903
920470,0.04805603
920471,0.04805603
920479,0.012009269
920480,0.027680606
920481,0.027680606
920482,0.027680606
920483,0.027680606
920485,0.012009269
920486,0.027680606
920487,0.027680606
920488,0.027680606
920489,0.027680606
920490,0.012009269
920491,0.027680606
920492,0.016929891
920493,0.027680606
920494,0.027680606
920495,0.027680606
920496,0.0074554966
920497,0.017273203
920498,0.017273203
920499,0.017273203
920500,0.0074554966
920501,0.017273203
920502,0.017273203
920503,0.017273203
920504,0.017273203
920505,0.0074554966
920506,0.017273203
920507,0.017273203
920508,0.017273203
920509,0.017273203
920510,0.017273203
920511,0.0078475755
920512,0.01817215
920513,0.01817215
920514,0.01817215
920515,0.01817215
920516,0.0078475755
920517,0.01817215
920518,0.01817215
920519,0.01817215
920520,0.01817215
920521,0.0078475755
920522,0.01817215
920523,0.01817215
920524,0.01817215
920525,0.01817215
920526,0.007859242
920527,0.01831352
920528,0.01831352
920529,0.01831352
920530,0.01831352
920531,0.01831352
920533,0.007859242
920534,0.01831352
920535,0.01831352
920536,0.01831352
920537,0.01831352
920538,0.007859242
920539,0.01831352
920540,0.01831352
920541,0.01831352
920661,0.01321238
920662,0.023812596
920663,0.023812596
920664,0.023812596
920665,0.020622823
920666,0.023812596
920672,0.011256952
920673,0.020754207
920674,0.020754207
920675,0.020754207
920682,0.011256952
920683,0.020754207
920684,0.020754207
920685,0.020754207
920686,0.020754207
920687,0.020754207
920688,0.020754207
920689,0.020754207
920690,0.020754207
920691,0.020754207
920695,0.011256952
920696,0.020754207
920697,0.020754207
920698,0.020754207
920699,0.011988432
920700,0.02242084
920701,0.02242084
920702,0.02242084
920703,0.02242084
920704,0.02242084
920705,0.02242084
920706,0.02242084
920707,0.02242084
920708,0.02242084
920709,0.02242084
920710,0.02242084
920711,0.02242084
920712,0.02242084
920713,0.02242084
920714,0.011988432
920715,0.02242084
920716,0.02242084
920717,0.02242084
920718,0.02242084
920719,0.02242084
920720,0.02242084
920727,0.011988432
920728,0.02242084
920729,0.02242084
920730,0.02242084
920744,0.01215413
920745,0.023114596
920746,0.023114596
920747,0.023114596
920748,0.023114596
920752,0.01215413
920753,0.023114596
920754,0.023114596
920755,0.023114596
920756,0.023114596
920757,0.023114596
920758,0.01215413
920759,0.023114596
920760,0.023114596
920761,0.023114596
920762,0.023114596
920763,0.014891576
920764,0.029384298
920765,0.029384298
920766,0.029384298
920767,0.029384298
920768,0.014891576
920769,0.029384298
920770,0.029384298
920771,0.029384298
920772,0.029384298
920773,0.014891576
920774,0.029384298
920775,0.029384298
920776,0.029384298
920777,0.029384298
920778,0.018080896
920779,0.03785395
920780,0.03785395
920781,0.03785395
920782,0.03785395
920783,0.019392494
920784,0.03785395
920785,0.03785395
920786,0.03785395
920787,0.03785395
920788,0.03785395
920789,0.019392494
920790,0.03785395
920791,0.03785395
920792,0.03785395
920793,0.03785395
920794,0.03785395
920795,0.03785395
920796,0.022416255
920797,0.043628227
920798,0.043628227
920799,0.043628227
920800,0.043628227
920801,0.043628227
920802,0.043628227
920803,0.022416255
920804,0.043628227
920805,0.043628227
920806,0.043628227
920807,0.043628227
920808,0.043628227
920809,0.043628227
920810,0.043628227
920811,0.043628227
920818,0.022416255
920819,0.043628227
920820,0.043628227
920821,0.043628227
920822,0.043628227
920823,0.043628227
920824,0.043628227
920832,0.02207574
920833,0.04129519
920834,0.04129519
920835,0.04129519
920836,0.04129519
920839,0.02207574
920840,0.04129519
920841,0.02207574
920842,0.04129519
920843,0.04129519
920844,0.04129519
920845,0.04129519
920846,0.04129519
920847,0.020828117
920848,0.037934717
920849,0.037934717
920850,0.037934717
920851,0.037934717
920852,0.037934717
920853,0.037934717
920854,0.020828117
920855,0.037934717
920856,0.037934717
920857,0.037934717
920858,0.037934717
920865,0.020828117
920866,0.037934717
920867,0.029381756
920868,0.029381756
920872,0.021548873
920873,0.016874008
920874,0.042764653
920875,0.028083812
920876,0.008817362
920877,0.019279242
920878,0.019279242
920879,0.019279242
920880,0.019279242
920882,0.008817362
920883,0.019279242
920884,0.019279242
920885,0.019279242
920886,0.019279242
920887,0.019279242
920897,0.008817362
920898,0.019279242
920899,0.019279242
920900,0.019279242
920901,0.019279242
920904,0.0041145263
920905,0.0107063465
920906,0.0107063465
920907,0.0107063465
920908,0.0107063465
920909,0.0041145263
920910,0.0107063465
920911,0.0107063465
920912,0.0107063465
920913,0.0041145263
920914,0.0107063465
920915,0.0107063465
920916,0.0107063465
920917,0.0107063465
920918,0.0107063465
920919,0.0107063465
920923,0.005549585
920924,0.013081991
920925,0.013081991
920926,0.013081991
920927,0.013081991
920928,0.013081991
920985,0.008280615
920986,0.01552818
920987,0.01552818
920988,0.01552818
920989,0.01552818
920990,0.01552818
920992,0.006202653
920993,0.01552818
920994,0.01552818
920995,0.01552818
920996,0.01552818
921006,0.006202653
921007,0.01552818
921008,0.01552818
921009,0.01552818
921010,0.01552818
921027,0.008005857
921043,0.008958147
921056,0.0076770727
921057,0.018361205
921087,0.003197376
921088,0.0061262613
921089,0.0061262613
921105,0.002733927
921106,0.005292749
921107,0.005292749
921108,0.005292749
921134,0.002733927
921135,0.005292749
921136,0.005292749
921137,0.005292749
921152,0.0021678673
921153,0.0044744336
921154,0.0044744336
921155,0.0044744336
921156,0.0044744336
921157,0.0044744336
921158,0.0044744336
921167,0.0023900352
921168,0.0044744336
921169,0.0044744336
921170,0.0044744336
921177,0.0023900352
921178,0.0044744336
921179,0.0039833332
921180,0.0039833332
921225,0.0019831208
921233,0.002186397
921234,0.0037702287
921235,0.0037702287
921236,0.0037702287
921237,0.0037702287
921238,0.0037702287
921239,0.0037702287
921247,0.0020648008
921248,0.003609098
921249,0.003609098
921250,0.003609098
921285,0.0020648008
921286,0.003609098
921287,0.003609098
921288,0.003609098
921289,0.003609098
921290,0.003609098
921291,0.003609098
921302,0.0020648008
921303,0.003609098
921304,0.003609098
921305,0.003609098
921306,0.003609098
921313,0.0019142029
921314,0.0034841776
921316,0.0076924106
921317,0.018815028
921318,0.018815028
921319,0.009337911
921320,0.007630451
921321,0.018815028
921322,0.018815028
921323,0.018815028
921324,0.018815028
921325,0.018815028
921326,0.018815028
921360,0.010269891
921361,0.02201333
921362,0.02201333
921363,0.02201333
921364,0.02201333
921377,0.009840318
921378,0.02201333
921379,0.02201333
921380,0.02201333
921381,0.02201333
921382,0.02201333
921400,0.012188396
921401,0.026930174
921402,0.026930174
921403,0.026930174
921409,0.012188396
921410,0.026930174
921411,0.026930174
921412,0.026930174
921413,0.026930174
921414,0.026930174
921431,0.012188396
921432,0.026930174
921433,0.026930174
921439,0.012775397
921440,0.02632225
921441,0.02632225
921513,0.010426738
921514,0.021020187
921539,0.0024465828
921580,0.020204863
921585,0.016750114
921586,0.04162409
921587,0.011104886
921588,0.02653072
921589,0.02653072
921590,0.02653072
921591,0.011104886
921592,0.02653072
921593,0.02653072
921594,0.02653072
921595,0.011104886
921596,0.02653072
921597,0.02653072
921598,0.02653072
921604,0.011225449
921605,0.027108518
921606,0.027108518
921607,0.027108518
921608,0.027108518
921609,0.027108518
921610,0.027108518
921641,0.011225449
921642,0.027108518
921643,0.027108518
921644,0.027108518
921645,0.027108518
921646,0.027108518
921660,0.011225449
921661,0.027108518
921662,0.027108518
921663,0.027108518
921664,0.027108518
921665,0.027108518
921681,0.010644112
921682,0.026066665
921683,0.026066665
921684,0.026066665
921685,0.026066665
921686,0.026066665
921698,0.010644112
921699,0.026066665
921700,0.026066665
921701,0.026066665
921702,0.026066665
921703,0.026066665
921704,0.026066665
921705,0.026066665
921767,0.014739523
921793,0.016253121
921794,0.03754757
921795,0.03754757
921812,0.020036792
921852,0.017289609
921853,0.041605815
921860,0.018877694
921861,0.041605815
921862,0.041605815
921863,0.041605815
921864,0.041605815
921869,0.012316717
921870,0.02640781
921871,0.02640781
921872,0.02640781
921873,0.02640781
921874,0.02640781
921880,0.012316717
921881,0.02640781
921882,0.02640781
921883,0.02640781
921884,0.02640781
921890,0.012316717
921891,0.02640781
921892,0.02640781
921893,0.02640781
921894,0.02640781
921905,0.005339489
921906,0.013637381
921907,0.013637381
921908,0.013637381
922006,0.0094070425
922007,0.022479407
922008,0.022479407
922009,0.022479407
922010,0.022479407
922016,0.008896475
922017,0.022479407
922018,0.022479407
922019,0.022479407
922078,0.009997101
922087,0.008071993
922088,0.019032476
922089,0.019032476
922090,0.019032476
922091,0.019032476
922247,0.015714776
922248,0.026048608
922249,0.026048608
922250,0.026048608
922251,0.026048608
922252,0.026048608
922253,0.010756675
922254,0.026048608
922255,0.026048608
922260,0.014191438
922261,0.033430047
922262,0.033430047
922263,0.033430047
922264,0.033430047
922265,0.033430047
922266,0.033430047
922267,0.033430047
922268,0.033430047
922269,0.033430047
922270,0.033430047
922428,0.018411594
922429,0.03496702
922430,0.03496702
922431,0.03496702
922452,0.017174527
922453,0.03496702
922454,0.03496702
922455,0.03496702
922456,0.03496702
922457,0.03496702
922458,0.03496702
922459,0.0113095995
922460,0.024907894
922461,0.024907894
922462,0.024907894
922463,0.0113095995
922464,0.024907894
922465,0.024907894
922466,0.024907894
922467,0.024907894
922468,0.024907894
922476,0.0113095995
922477,0.024907894
922478,0.024907894
922479,0.024907894
922480,0.024907894
922481,0.005078271
922482,0.013310103
922483,0.013310103
922484,0.013310103
922485,0.013310103
922486,0.013310103
922487,0.013310103
922488,0.013310103
922489,0.013310103
922490,0.013310103
922491,0.013310103
922492,0.013310103
922493,0.013310103
922494,0.013310103
922501,0.005078271
922502,0.013310103
922594,0.008070294
922595,0.019696103
922596,0.019696103
922597,0.019696103
922598,0.019696103
922599,0.019696103
922600,0.019696103
922640,0.010077668
922641,0.024382422
922642,0.024382422
922643,0.024382422
922644,0.024382422
922645,0.024382422
922646,0.024382422
922647,0.024382422
922648,0.024382422
922649,0.024382422
922650,0.024382422
922651,0.024382422
922652,0.024382422
922653,0.024382422
922654,0.024382422
922655,0.024382422
922656,0.024382422
922657,0.024382422
922658,0.024382422
922659,0.024382422
922660,0.024382422
922661,0.024382422
922662,0.024382422
922663,0.024382422
922664,0.024382422
922665,0.024382422
922666,0.024382422
922667,0.024382422
922668,0.024382422
922669,0.024382422
922670,0.024382422
922671,0.024382422
922672,0.024382422
922673,0.024382422
922700,0.011001097
922702,0.00922628
922703,0.022571063
922704,0.0069770506
922705,0.01690724
922706,0.01690724
922725,0.0048570763
922726,0.0052413023
922728,0.0029817102
922729,0.00445683
922730,0.00445683
922731,0.00445683
922732,0.00445683
922737,0.0029817102
922738,0.00445683
922739,0.00445683
922740,0.00445683
922741,0.00445683
922745,0.0042309486
922746,0.009541817
922747,0.009541817
922748,0.009541817
922749,0.0051851873
922750,0.0051851873
922751,0.024100063
922752,0.024100063
922753,0.024100063
922754,0.009400495
922755,0.023911634
922756,0.023911634
922757,0.023911634
922758,0.023911634
922759,0.023911634
922760,0.009400495
922761,0.009400495
922762,0.023911634
922763,0.023911634
922764,0.023911634
922765,0.023911634
922768,0.012633227
922769,0.030706605
922770,0.030706605
922771,0.030706605
922772,0.030706605
922776,0.012633227
922777,0.030706605
922778,0.030706605
922779,0.030706605
922780,0.030706605
922782,0.012633227
922783,0.030706605
922784,0.030706605
922785,0.030706605
922786,0.012519623
922787,0.029360788
922788,0.029360788
922789,0.029360788
922790,0.029360788
922791,0.029360788
922797,0.012519623
922798,0.029360788
922799,0.029360788
922800,0.029360788
922802,0.012519623
922803,0.029360788
922804,0.029360788
922805,0.029360788
922806,0.029360788
922813,0.015369454
922829,0.015602026
922830,0.031893935
922831,0.031893935
922832,0.031893935
922837,0.015183172
922838,0.031893935
922839,0.031893935
922840,0.031893935
922841,0.031893935
922851,0.015183172
922852,0.031893935
922853,0.031893935
922854,0.031893935
922864,0.011996771
922865,0.027479628
922866,0.027479628
922867,0.027479628
922870,0.011996771
922871,0.027479628
922872,0.027479628
922873,0.027479628
922874,0.027479628
922875,0.027479628
922877,0.011996771
922878,0.027479628
922879,0.027479628
922880,0.027479628
922881,0.027479628
922882,0.027479628
922898,0.00512076
922899,0.013303085
922900,0.013303085
922901,0.013303085
922902,0.013303085
922918,0.00512076
922919,0.013303085
922920,0.013303085
922921,0.013303085
922922,0.013303085
922923,0.013303085
922924,0.013303085
922942,0.00512076
922943,0.013303085
922944,0.013303085
922945,0.013303085
922946,0.013303085
922947,0.013303085
922948,0.013303085
922955,0.0063461764
922956,0.015407406
922957,0.015407406
922958,0.015407406
922959,0.015407406
922960,0.015407406
922973,0.0063461764
922974,0.015407406
922975,0.015407406
922976,0.015407406
922977,0.015407406
922983,0.0063461764
922984,0.015407406
922985,0.015407406
922986,0.015407406
922987,0.015407406
922988,0.015407406
922996,0.0072941477
922997,0.017550569
922998,0.017550569
922999,0.017550569
923000,0.017550569
923006,0.0072941477
923007,0.017550569
923008,0.017550569
923009,0.017550569
923010,0.017550569
923011,0.017550569
923012,0.017550569
923013,0.017550569
923014,0.017550569
923017,0.0072941477
923018,0.017550569
923019,0.018628234
923020,0.018628234
923021,0.018628234
923022,0.018628234
923023,0.007660167
923024,0.01852285
923025,0.01852285
923026,0.01852285
923027,0.01852285
923028,0.007660167
923029,0.01852285
923081,0.007685971
923084,0.009454599
923085,0.022632107
923086,0.022632107
923087,0.022632107
923088,0.009454599
923089,0.022632107
923090,0.022632107
923091,0.022632107
923092,0.022632107
923093,0.022632107
923094,0.009454599
923105,0.01929502
923106,0.038279723
923107,0.038279723
923108,0.038279723
923109,0.038279723
923110,0.038279723
923111,0.038279723
923112,0.038279723
923229,0.011939354
923230,0.017221346
923231,0.018351065
923232,0.017221346
923233,0.017221346
923234,0.017221346
923235,0.00832105
923236,0.017221346
923237,0.017221346
923238,0.017221346
923239,0.017221346
923240,0.017221346
923241,0.017221346
923243,0.00832105
923244,0.017221346
923245,0.017221346
923246,0.017221346
923247,0.017221346
923248,0.012506396
923249,0.023421723
923250,0.023421723
923251,0.023421723
923252,0.012506396
923253,0.023421723
923254,0.023421723
923255,0.023421723
923256,0.012506396
923257,0.023421723
923258,0.021377156
923259,0.021377156
923260,0.021377156
923261,0.013064493
923262,0.023620063
923263,0.023620063
923264,0.023620063
923265,0.023620063
923266,0.013064493
923267,0.023620063
923268,0.023620063
923269,0.023620063
923270,0.023620063
923271,0.013064493
923272,0.023620063
923273,0.023620063
923274,0.023620063
923275,0.023620063
923276,0.013001629
923277,0.023487115
923278,0.023487115
923279,0.023487115
923280,0.013001629
923281,0.023487115
923282,0.023487115
923283,0.013001629
923284,0.023487115
923285,0.023487115
923286,0.023487115
923287,0.023487115
923288,0.015803345
923365,0.021448696
923366,0.047459684
923367,0.047459684
923368,0.047459684
923374,0.023425048
923375,0.049436685
923376,0.049436685
923377,0.049436685
923378,0.049436685
923379,0.049436685
923384,0.023425048
923385,0.049436685
923386,0.049436685
923387,0.049436685
923388,0.049436685
923394,0.023425048
923395,0.049436685
923396,0.049436685
923397,0.049436685
923404,0.011736517
923405,0.026376903
923406,0.026376903
923407,0.026376903
923408,0.026376903
923409,0.026376903
923419,0.011736517
923420,0.026376903
923421,0.026376903
923422,0.026376903
923423,0.026376903
923424,0.026376903
923433,0.011736517
923434,0.026376903
923435,0.026376903
923436,0.026376903
923437,0.026376903
923447,0.0061094887
923448,0.011989245
923449,0.011989245
923450,0.011989245
923451,0.011989245
923452,0.011989245
923460,0.0061094887
923461,0.011989245
923462,0.011989245
923463,0.011989245
923464,0.011989245
923465,0.011989245
923466,0.011989245
923480,0.0061094887
923481,0.011989245
923482,0.011989245
923483,0.011989245
923484,0.011989245
923485,0.011989245
923486,0.008331448
923487,0.014816503
923488,0.014816503
923489,0.014816503
923490,0.014816503
923491,0.014816503
923492,0.014816503
923493,0.008331448
923494,0.014816503
923495,0.014816503
923496,0.014816503
923497,0.014816503
923498,0.008331448
923499,0.014816503
923500,0.014816503
923501,0.014816503
923502,0.0071540456
923516,0.010892085
923517,0.018898629
923518,0.018898629
923519,0.018898629
923522,0.011019868
923523,0.018898629
923524,0.018898629
923525,0.018898629
923534,0.009414217
923535,0.0164607
923536,0.0164607
923537,0.0164607
923538,0.0164607
923539,0.0164607
923540,0.009414217
923541,0.0164607
923542,0.0164607
923543,0.0164607
923544,0.0164607
923545,0.0164607
923546,0.0164607
923547,0.009414217
923548,0.0164607
923549,0.0164607
923550,0.0164607
923551,0.0164607
923552,0.0164607
923553,0.01002717
923554,0.017788827
923555,0.017788827
923556,0.017788827
923557,0.01002717
923558,0.017788827
923559,0.017788827
923560,0.017788827
923561,0.017788827
923562,0.017788827
923569,0.01002717
923570,0.017788827
923571,0.017788827
923572,0.017788827
923592,0.011378158
923625,0.013792244
923626,0.018274866
923627,0.018274866
923628,0.018274866
923629,0.018274866
923630,0.018274866
923631,0.018274866
923632,0.007925949
923633,0.018274866
923634,0.00419928
923635,0.008504771
923636,0.008504771
923637,0.008504771
923640,0.0032855023
923641,0.008504771
923642,0.008504771
923643,0.008504771
923644,0.008504771
923645,0.008504771
923646,0.0044326982
923647,0.010397028
923648,0.010397028
923649,0.010397028
923650,0.010397028
923651,0.010397028
923652,0.0044326982
923653,0.010397028
923654,0.010397028
923655,0.010397028
923656,0.010397028
923657,0.0044326982
923658,0.010397028
923659,0.010397028
923660,0.010397028
923661,0.010397028
923662,0.010397028
923663,0.010397028
923664,0.003932106
923665,0.009158439
923666,0.009158439
923702,0.014208287
923703,0.011227354
923709,0.0040883706
923710,0.009500262
923711,0.009500262
923712,0.009500262
923713,0.009500262
923734,0.021416929
923735,0.019519147
923736,0.019519147
923737,0.019519147
923738,0.019519147
923739,0.019519147
923740,0.008681393
923741,0.019519147
923742,0.019519147
923743,0.019519147
923744,0.019519147
923745,0.019519147
923746,0.019519147
923753,0.008681393
923754,0.019519147
923755,0.019519147
923756,0.019519147
923757,0.019519147
923758,0.019519147
923765,0.010009298
923766,0.022479098
923767,0.022479098
923768,0.022479098
923769,0.022479098
923770,0.022479098
923771,0.022479098
923791,0.010009298
923792,0.022479098
923793,0.022479098
923794,0.022479098
923803,0.010009298
923804,0.022479098
923805,0.022479098
923806,0.022479098
923807,0.022479098
923808,0.010492458
923809,0.021969385
923810,0.021969385
923811,0.021969385
923812,0.017627396
923813,0.04118183
923814,0.04118183
923815,0.04118183
923816,0.04118183
923817,0.04118183
923818,0.04118183
923819,0.04118183
923820,0.04118183
923821,0.01910146
923822,0.04118183
923823,0.04118183
923824,0.04118183
923825,0.04118183
923826,0.01910146
923827,0.04118183
923828,0.04118183
923829,0.04118183
923830,0.04118183
923835,0.009418972
923836,0.020689493
923837,0.020689493
923838,0.020689493
923839,0.020689493
923840,0.020689493
923841,0.009418972
923842,0.020689493
923843,0.020689493
923844,0.020689493
923845,0.020689493
923846,0.020689493
923847,0.020689493
923848,0.020689493
923849,0.020689493
923850,0.020689493
923860,0.014307802
923861,0.029614817
923862,0.029614817
923863,0.029614817
923864,0.029614817
923871,0.012677383
923872,0.029614817
923873,0.029614817
923874,0.029614817
923875,0.029614817
923876,0.029614817
923887,0.018125905
923888,0.03934218
923889,0.03934218
923919,0.0126769645
923920,0.022830598
923924,0.010358552
923925,0.022830598
923926,0.022830598
923927,0.022830598
923928,0.022830598
923930,0.010358552
923931,0.022830598
923953,0.02135371
923954,0.029705618
923955,0.029705618
923956,0.013391728
923957,0.029705618
923978,0.017828312
923979,0.038911402
923980,0.038911402
923981,0.038911402
923982,0.038911402
923983,0.038911402
923984,0.038911402
923985,0.038911402
923986,0.038911402
923987,0.038911402
923988,0.038911402
923989,0.038911402
923990,0.038911402
923991,0.038911402
923992,0.038911402
923993,0.038911402
923994,0.038911402
923995,0.038911402
923996,0.038911402
923997,0.038911402
923998,0.038911402
923999,0.038911402
924000,0.038911402
924001,0.038911402
924002,0.038911402
924003,0.038911402
924004,0.038911402
924005,0.038911402
924006,0.038911402
924007,0.038911402
924008,0.038911402
924009,0.038911402
924010,0.038911402
924011,0.038911402
924012,0.038911402
924013,0.038911402
924014,0.038911402
924015,0.038911402
924016,0.038911402
924017,0.038911402
924018,0.038911402
924019,0.038911402
924020,0.038911402
924022,0.018467287
924074,0.021222072
924075,0.046720497
924076,0.046720497
924077,0.046720497
924078,0.046720497
924079,0.046720497
924080,0.046720497
924081,0.046720497
924082,0.046720497
924083,0.046720497
924084,0.046720497
924085,0.046720497
924086,0.046720497
924087,0.046720497
924088,0.046720497
924089,0.046720497
924090,0.046720497
924091,0.046720497
924092,0.046720497
924093,0.046720497
924094,0.046720497
924095,0.046720497
924096,0.046720497
924097,0.046720497
924098,0.046720497
924099,0.046720497
924100,0.046720497
924101,0.046720497
924102,0.046720497
924103,0.046720497
924104,0.046720497
924105,0.046720497
924106,0.046720497
924107,0.046720497
924108,0.046720497
924109,0.046720497
924110,0.046720497
924111,0.046720497
924112,0.046720497
924113,0.046720497
924114,0.046720497
924115,0.046720497
924134,0.020337446
924135,0.042121183
924136,0.042121183
924137,0.042121183
924138,0.042121183
924177,0.020337446
924178,0.042121183
924179,0.042121183
924244,0.01355078
924245,0.031729154
924246,0.031729154
924247,0.031729154
924256,0.014544435
924257,0.031729154
924258,0.031729154
924259,0.031729154
924260,0.031729154
924290,0.0060292426
924291,0.014802761
924292,0.014802761
924293,0.014802761
924294,0.014802761
924313,0.0060292426
924314,0.014802761
924315,0.014802761
924316,0.014802761
924320,0.0060292426
924321,0.014802761
924322,0.014802761
924328,0.0065880236
924329,0.0155484425
924330,0.0155484425
924331,0.0155484425
924332,0.0155484425
924333,0.0155484425
924334,0.0155484425
924353,0.010719557
924354,0.022875048
924355,0.022875048
924356,0.022875048
924357,0.022875048
924358,0.022875048
924359,0.022875048
924360,0.00941203
924361,0.022875048
924362,0.022875048
924363,0.022875048
924364,0.022875048
924365,0.022875048
924366,0.022875048
924367,0.022875048
924368,0.022875048
924373,0.012504076
924397,0.0049099186
924398,0.0061806324
924399,0.0061806324
924402,0.003146676
924403,0.0061806324
924404,0.0061806324
924405,0.0061806324
924407,0.003146676
924408,0.0061806324
924409,0.0061806324
924410,0.002769776
924411,0.0050989543
924412,0.0050989543
924413,0.0050989543
924414,0.0050989543
924417,0.0020796976
924418,0.0050989543
924419,0.0050989543
924420,0.0050989543
924432,0.0030036562
924454,0.016416585
924455,0.03188139
924456,0.03188139
924457,0.03188139
924472,0.014602546
924517,0.012324399
924518,0.025535023
924519,0.025535023
924520,0.025535023
924525,0.011006795
924526,0.025535023
924527,0.025535023
924528,0.025535023
924529,0.025535023
924533,0.006641402
924534,0.017250674
924535,0.017250674
924536,0.017250674
924537,0.017250674
924538,0.017250674
924539,0.017250674
924540,0.006641402
924541,0.017250674
924542,0.017250674
924543,0.017250674
924546,0.006641402
924547,0.017250674
924548,0.017250674
924549,0.007457371
924550,0.018117428
924551,0.018117428
924552,0.018117428
924553,0.018117428
924554,0.018117428
924704,0.005313117
924705,0.006799193
924753,0.005749922
924784,0.0120259365
924785,0.014232283
924786,0.014232283
924787,0.014232283
924788,0.007169031
924789,0.014232283
924790,0.014232283
924791,0.014232283
924792,0.014232283
924793,0.014232283
924794,0.008469247
924795,0.01679189
924802,0.010320975
924803,0.019418407
924804,0.019418407
924805,0.019418407
924806,0.019418407
924807,0.019418407
924812,0.010320975
924813,0.019418407
924814,0.019418407
924815,0.019418407
924816,0.019418407
924819,0.010320975
924820,0.019418407
924821,0.019418407
924822,0.019418407
924828,0.009183679
924829,0.017682672
924830,0.035271
924842,0.014886534
924843,0.035271
924844,0.035271
924845,0.035271
924846,0.035271
924847,0.035271
924855,0.014886534
924856,0.035271
924857,0.035271
924858,0.035271
924859,0.035271
924860,0.035271
924876,0.017606657
924877,0.041915547
924908,0.018843004
924909,0.03832294
924910,0.03832294
924916,0.018058391
924917,0.03832294
924918,0.03832294
924919,0.03832294
925041,0.03296001
925042,0.040903255
925043,0.040903255
925044,0.040903255
925045,0.040903255
925051,0.0130916415
925052,0.030980121
925053,0.030980121
925054,0.030980121
925055,0.030980121
925056,0.030980121
925058,0.0130916415
925059,0.030980121
925060,0.030980121
925061,0.030980121
925062,0.030980121
925064,0.0130916415
925065,0.030980121
925066,0.030980121
925067,0.030980121
925068,0.030980121
925069,0.030980121
925070,0.030980121
925075,0.013795273
925076,0.032969214
925077,0.032969214
925078,0.032969214
925079,0.032969214
925080,0.032969214
925081,0.032969214
925082,0.013795273
925083,0.006798568
925084,0.008295724
925085,0.008295724
925086,0.0047689695
925087,0.008295724
925088,0.008295724
925089,0.008295724
925090,0.008295724
925092,0.0056731645
925093,0.008503738
925094,0.008503738
925095,0.008503738
925096,0.008503738
925098,0.0056731645
925105,0.0056731645
925106,0.008503738
925107,0.008503738
925108,0.008503738
925109,0.008503738
925110,0.008503738
925122,0.009532412
925123,0.01688956
925124,0.01688956
925125,0.01688956
925126,0.01688956
925127,0.01688956
925135,0.009532412
925136,0.01688956
925137,0.01688956
925138,0.01688956
925139,0.01688956
925145,0.009532412
925146,0.04912367
925147,0.01688956
925148,0.01688956
925149,0.01688956
925150,0.01688956
925153,0.010892038
925154,0.020175612
925155,0.020175612
925156,0.020175612
925157,0.010892038
925158,0.020175612
925159,0.020175612
925160,0.010892038
925161,0.020175612
925162,0.020175612
925163,0.020175612
925164,0.020175612
925165,0.012186014
925166,0.022179129
925167,0.022179129
925168,0.022179129
925169,0.012186014
925170,0.022179129
925171,0.022179129
925172,0.022179129
925174,0.012186014
925175,0.022179129
925176,0.022179129
925177,0.022179129
925178,0.022179129
925179,0.009599473
925180,0.017900277
925181,0.017900277
925182,0.017900277
925183,0.017900277
925184,0.017900277
925185,0.017900277
925191,0.009599473
925192,0.017900277
925193,0.017900277
925194,0.017900277
925195,0.017900277
925196,0.017900277
925202,0.009599473
925203,0.017900277
925204,0.017900277
925206,0.010523325
925207,0.019154979
925208,0.019154979
925209,0.046918243
925224,0.019924896
925225,0.046918243
925226,0.046918243
925227,0.046918243
925228,0.046918243
925234,0.019924896
925235,0.046918243
925691,0.024881281
925692,0.031535774
925698,0.020189073
925699,0.040919542
925700,0.040919542
925701,0.040919542
925702,0.040919542
925703,0.040919542
925704,0.020189073
925705,0.040919542
925706,0.040919542
925707,0.040919542
925708,0.040919542
925719,0.019424383
925720,0.047318872
925721,0.047318872
925722,0.047318872
925723,0.047318872
925724,0.047318872
925725,0.047318872
925726,0.047318872
925727,0.047318872
925728,0.047318872
925729,0.047318872
925802,0.019419847
925803,0.041212916
925804,0.041212916
925805,0.041212916
925806,0.041212916
925807,0.041212916
925808,0.021499025
925809,0.041212916
925810,0.041212916
925811,0.041212916
925812,0.041212916
925813,0.041212916
925814,0.041212916
925815,0.041212916
925816,0.041212916
925817,0.041212916
925818,0.041212916
925819,0.041212916
925820,0.041212916
925821,0.041212916
925822,0.041212916
925823,0.041212916
925824,0.041212916
925825,0.041212916
925826,0.041212916
925827,0.041212916
925828,0.022836022
925829,0.043939278
925830,0.043939278
925831,0.043939278
925832,0.043939278
925833,0.043939278
925834,0.043939278
925835,0.022836022
925836,0.043939278
925837,0.043939278
925838,0.043939278
925839,0.043939278
925840,0.043939278
925841,0.022836022
925842,0.043939278
925843,0.043939278
925844,0.043939278
925845,0.043939278
925850,0.021260345
925851,0.047647905
925852,0.047647905
925853,0.047647905
925854,0.047647905
925855,0.047647905
925856,0.047647905
925857,0.047647905
925858,0.047647905
925859,0.047647905
925864,0.0068352846
925865,0.015149507
925866,0.015149507
925867,0.015149507
925873,0.0058766184
925884,0.008449433
925885,0.01849268
925886,0.01849268
925887,0.01849268
925888,0.01849268
925889,0.01849268
925890,0.01849268
925891,0.01849268
925895,0.007921376
925896,0.01849268
925897,0.01849268
925898,0.01849268
925899,0.01849268
925900,0.01849268
925901,0.01849268
925902,0.017994786
925903,0.02125789
925904,0.02125789
925905,0.02125789
925906,0.02125789
925907,0.02125789
925908,0.02125789
925909,0.008577039
925910,0.02125789
925911,0.02125789
925912,0.02125789
925913,0.02125789
925914,0.02125789
925915,0.02125789
925916,0.02125789
925917,0.008577039
925918,0.02125789
925926,0.011851105
925927,0.023247344
925928,0.023247344
925929,0.023247344
925934,0.009812147
925936,0.0034199173
925937,0.0065733166
925938,0.0065733166
925943,0.0034199173
925944,0.0065733166
925945,0.020301744
925946,0.0065733166
925947,0.0065733166
925948,0.0065733166
925949,0.0065733166
925953,0.0034199173
925954,0.0065733166
925955,0.0065733166
925956,0.0065733166
925957,0.0065733166
925963,0.0027676995
925964,0.005145881
925965,0.005145881
925966,0.005145881
925967,0.005145881
925968,0.005145881
925975,0.0027676995
925976,0.005145881
925977,0.005145881
925982,0.0027676995
925983,0.005145881
925984,0.005145881
925985,0.005145881
925986,0.005145881
926000,0.016919449
926001,0.011452909
926002,0.026863646
926003,0.026863646
926004,0.026863646
926005,0.026863646
926006,0.026863646
926007,0.026863646
926008,0.026863646
926017,0.013449073
926018,0.027564626
926019,0.027564626
926020,0.027564626
926072,0.016167853
926073,0.03248282
926074,0.03248282
926075,0.03248282
926081,0.014546252
926082,0.03248282
926083,0.03248282
926084,0.03248282
926085,0.03248282
926086,0.03248282
926087,0.015245057
926088,0.031753644
926089,0.031753644
926090,0.031753644
926091,0.031753644
926093,0.015245057
926094,0.031753644
926095,0.031753644
926096,0.031753644
926097,0.031753644
926098,0.031753644
926099,0.015245057
926100,0.031753644
926101,0.031753644
926102,0.031753644
926103,0.031753644
926109,0.021191467
926110,0.049048
926111,0.049048
926112,0.049048
926119,0.021191467
926120,0.049048
926121,0.049048
926122,0.049048
926125,0.021191467
926126,0.049048
926127,0.049048
926128,0.049048
926129,0.049048
926130,0.049048
926131,0.011538658
926132,0.027251067
926133,0.027251067
926134,0.027251067
926135,0.027251067
926143,0.011538658
926144,0.027251067
926145,0.027251067
926146,0.027251067
926147,0.027251067
926148,0.027251067
926149,0.027251067
926150,0.027251067
926151,0.011538658
926152,0.027251067
926153,0.027251067
926154,0.027251067
926155,0.027251067
926156,0.027251067
926157,0.027251067
926158,0.027251067
926159,0.027251067
926160,0.027251067
926161,0.027251067
926162,0.027251067
926163,0.01103959
926164,0.026241621
926165,0.026241621
926166,0.026241621
926167,0.026241621
926168,0.026241621
926169,0.026241621
926170,0.026241621
926171,0.026241621
926172,0.026241621
926173,0.026241621
926179,0.01103959
926214,0.022471782
926215,0.041154217
926247,0.016443657
926248,0.041154217
926249,0.041154217
926250,0.041154217
926487,0.03441627
926488,0.04263812
926489,0.04263812
926490,0.04263812
926491,0.01795309
926492,0.04263812
926493,0.04263812
926528,0.020886406
926529,0.04537145
926530,0.04537145
926531,0.04537145
926532,0.04537145
926533,0.04537145
926534,0.04537145
926535,0.04537145
926536,0.04537145
926537,0.04537145
926538,0.04537145
926539,0.04537145
926540,0.04537145
926541,0.04537145
926542,0.04537145
926543,0.04537145
926544,0.04537145
926545,0.04537145
926546,0.04537145
926547,0.04537145
926548,0.04537145
926549,0.04537145
926550,0.04537145
926551,0.04537145
926552,0.04537145
926553,0.04537145
926554,0.04537145
926555,0.04537145
926556,0.04537145
926557,0.04537145
926558,0.04537145
926559,0.04537145
926560,0.04537145
926561,0.04537145
926562,0.04537145
926563,0.04537145
926564,0.04537145
926578,0.01708033
926579,0.03652223
926580,0.015907025
926581,0.03652223
926582,0.03652223
926583,0.03652223
926584,0.03652223
926585,0.03652223
926586,0.03652223
926587,0.03652223
926588,0.03652223
926589,0.03652223
926590,0.03652223
926591,0.03652223
926592,0.03652223
926593,0.03652223
926594,0.03652223
926595,0.03652223
926596,0.03652223
926597,0.03652223
926598,0.03652223
926599,0.03652223
926600,0.03652223
926601,0.03652223
926602,0.03652223
926603,0.03652223
926604,0.03652223
926605,0.03652223
926606,0.03652223
926607,0.03652223
926608,0.03652223
926609,0.03652223
926610,0.03652223
926611,0.03652223
926612,0.0146476375
926613,0.032892223
926614,0.032892223
926615,0.032892223
926616,0.032892223
926617,0.032892223
926618,0.032892223
926619,0.032892223
926620,0.0146476375
926621,0.032892223
926622,0.032892223
926623,0.032892223
926624,0.032892223
926625,0.032892223
926630,0.0146476375
926631,0.032892223
926632,0.032892223
926633,0.032892223
926634,0.032892223
926642,0.012209048
926643,0.027564736
926644,0.027564736
926645,0.012209048
926646,0.027564736
926647,0.027564736
926648,0.027564736
926649,0.027564736
926652,0.012209048
926653,0.027564736
926654,0.027564736
926655,0.027564736
926656,0.0064043705
926657,0.0064043705
926658,0.016224373
926659,0.016224373
926660,0.016224373
926661,0.016224373
926662,0.0064043705
926663,0.016224373
926664,0.016224373
926665,0.016224373
926666,0.016224373
926667,0.016224373
926668,0.0071914284
926669,0.017040435
926670,0.017040435
926671,0.017040435
926672,0.017040435
926673,0.017040435
926674,0.0071914284
926675,0.017040435
926676,0.017040435
926677,0.017040435
926678,0.017040435
926679,0.017040435
926721,0.019087318
926731,0.012859232
926732,0.03208982
926733,0.03208982
926734,0.03208982
926735,0.03208982
926736,0.03208982
926737,0.03208982
926738,0.03208982
926739,0.03208982
926756,0.017294891
926757,0.040128727
926758,0.040128727
926759,0.040128727
926760,0.040128727
926761,0.040128727
926787,0.016220972
926788,0.013131976
926789,0.013131976
926790,0.013131976
926791,0.013131976
926797,0.0048296163
926798,0.009386066
926799,0.009386066
926800,0.009386066
926801,0.009386066
926802,0.009386066
926803,0.009386066
926812,0.0048296163
926813,0.009386066
926814,0.009386066
926815,0.009386066
926825,0.0048296163
926826,0.009386066
926827,0.009386066
926828,0.009386066
926829,0.009386066
926830,0.009386066
926858,0.0056352355
926885,0.010300505
926886,0.01292484
926892,0.006675957
926893,0.01292484
926894,0.01292484
926895,0.01292484
926898,0.006675957
926899,0.01292484
926900,0.01292484
926901,0.01292484
926902,0.01292484
926904,0.007054948
926905,0.01354319
926906,0.01354319
926907,0.01354319
926908,0.01354319
926915,0.007054948
926916,0.01354319
926917,0.01354319
926918,0.01354319
926924,0.007054948
926925,0.01354319
926926,0.01354319
926927,0.01354319
926928,0.01354319
926935,0.0063164625
926936,0.01240645
926937,0.01240645
926938,0.01240645
926939,0.01240645
926940,0.01240645
926956,0.0063164625
926957,0.01240645
926958,0.01240645
926959,0.01240645
926979,0.0063164625
926980,0.01240645
926981,0.01240645
926982,0.01240645
926983,0.01240645
926993,0.0069387527
926994,0.013414989
926995,0.013414989
926996,0.013414989
926997,0.013414989
927002,0.012829522
927003,0.029864822
927004,0.029864822
927005,0.013414989
927006,0.029864822
927008,0.012829522
927009,0.029864822
927010,0.029864822
927013,0.012625146
927014,0.026181696
927015,0.026181696
927016,0.026181696
927017,0.026181696
927018,0.026181696
927019,0.026181696
927029,0.012625146
927030,0.026181696
927031,0.026181696
927032,0.026181696
927033,0.026181696
927034,0.026181696
927035,0.026181696
927039,0.012625146
927040,0.026181696
927041,0.026181696
927042,0.026181696
927075,0.017013725
927076,0.03534938
927077,0.03534938
927084,0.013624065
927085,0.03337444
927086,0.03337444
927087,0.03337444
927088,0.03337444
927100,0.013624065
927121,0.010494467
927122,0.020363977
927123,0.020363977
927131,0.008476149
927132,0.020363977
927284,0.022351457
927285,0.028360423
927286,0.028360423
927294,0.011920497
927295,0.028360423
927296,0.028360423
927297,0.028360423
927311,0.011920497
927312,0.028360423
927313,0.028360423
927314,0.028360423
927315,0.028360423
927316,0.028360423
927317,0.028360423
927318,0.028360423
927323,0.011385176
927324,0.027343359
927325,0.027343359
927326,0.027343359
927327,0.027343359
927328,0.011385176
927329,0.027343359
927330,0.027343359
927331,0.027343359
927332,0.027343359
927333,0.027343359
927334,0.027343359
927335,0.011385176
927336,0.027343359
927337,0.011679175
927338,0.024967194
927339,0.024967194
927340,0.024967194
927341,0.024967194
927342,0.024967194
927343,0.024967194
927344,0.011679175
927345,0.024967194
927346,0.024967194
927347,0.024967194
927348,0.024967194
927349,0.011679175
927350,0.024967194
927351,0.024967194
927352,0.024967194
927353,0.024967194
927354,0.024967194
927355,0.024967194
927419,0.023274671
927539,0.021787161
927540,0.029708639
927541,0.012486741
927542,0.029708639
927543,0.029708639
927544,0.029708639
927545,0.029708639
927546,0.029708639
927547,0.016599957
927548,0.009695781
927549,0.02070253
927550,0.02070253
927551,0.02070253
927552,0.02070253
927553,0.02070253
927554,0.02070253
927555,0.009695781
927556,0.02070253
927557,0.02070253
927558,0.02070253
927559,0.02070253
927560,0.02070253
927561,0.009695781
927562,0.02070253
927563,0.02070253
927564,0.02070253
927565,0.02070253
927566,0.014562461
927567,0.02812039
927568,0.02812039
927569,0.02812039
927570,0.014562461
927571,0.02812039
927572,0.02812039
927573,0.02812039
927574,0.02812039
927575,0.02812039
927576,0.014562461
927577,0.02812039
927578,0.02812039
927579,0.02812039
927580,0.01908069
927581,0.036415495
927582,0.036415495
927583,0.036415495
927584,0.036415495
927585,0.036415495
927586,0.036415495
927587,0.036415495
927588,0.036415495
927589,0.01908069
927590,0.036415495
927591,0.036415495
927592,0.036415495
927593,0.036415495
927600,0.01908069
927601,0.036415495
927602,0.036415495
927603,0.036415495
927604,0.036415495
927605,0.036415495
927627,0.032599848
927628,0.050571296
927629,0.050571296
927655,0.02657075
927656,0.050571296
927657,0.050571296
927658,0.050571296
927659,0.050571296
927662,0.019002
927663,0.035968065
927664,0.035968065
927665,0.035968065
927666,0.035968065
927667,0.035968065
927668,0.035968065
927669,0.035968065
927670,0.019002
927671,0.035968065
927672,0.0220445
927673,0.0220445
927677,0.008778736
927678,0.0220445
927679,0.0220445
927680,0.0220445
927681,0.0220445
927682,0.0220445
927683,0.0220445
927684,0.012303481
927685,0.031187933
927686,0.031187933
927687,0.031187933
927688,0.031187933
927689,0.031187933
927695,0.012303481
927696,0.031187933
927697,0.031187933
927698,0.031187933
927699,0.031187933
927700,0.031187933
927707,0.012303481
927708,0.031187933
927709,0.031187933
927710,0.031187933
927711,0.031187933
927712,0.031187933
927713,0.031187933
927714,0.031187933
927725,0.011298227
927726,0.029170157
927727,0.029170157
927728,0.04175226
927729,0.04175226
927733,0.02142742
927734,0.04175226
927735,0.04175226
927736,0.04175226
927737,0.04175226
927740,0.02142742
927741,0.04175226
927742,0.04175226
927743,0.04175226
927744,0.04175226
927745,0.04175226
927746,0.04175226
927747,0.04175226
927748,0.04175226
927749,0.04175226
927750,0.04175226
927751,0.04175226
927752,0.04175226
927753,0.04175226
927754,0.04175226
927755,0.04175226
927756,0.04175226
927757,0.04175226
927758,0.04175226
927759,0.04175226
927760,0.04175226
927761,0.029170157
927762,0.04175226
927763,0.04175226
927764,0.04175226
927765,0.04175226
927766,0.04175226
927767,0.04175226
927768,0.04175226
927769,0.04175226
927770,0.04175226
927771,0.04175226
927772,0.04175226
927773,0.04175226
927774,0.04175226
927775,0.04175226
927776,0.04175226
927777,0.04175226
927778,0.04175226
927779,0.04175226
927784,0.028508691
927785,0.057323147
927786,0.057323147
927787,0.057323147
927793,0.028508691
927794,0.057323147
927795,0.057323147
927800,0.028508691
927801,0.057323147
927802,0.057323147
927803,0.057323147
927804,0.057323147
927814,0.03230452
927815,0.06199259
927816,0.06199259
927817,0.06199259
927842,0.03230452
927843,0.06199259
927844,0.06199259
927845,0.06199259
927846,0.06199259
927847,0.06199259
927848,0.06199259
927864,0.03230452
927865,0.06199259
927866,0.06199259
927867,0.06199259
927868,0.06199259
927869,0.06199259
927870,0.06199259
927871,0.06199259
927875,0.035707083
927876,0.06830142
927877,0.06830142
927878,0.06830142
927879,0.06830142
927880,0.06830142
927882,0.035707083
927883,0.06830142
927884,0.06830142
927885,0.06830142
927886,0.06830142
927888,0.035707083
927889,0.06830142
927890,0.06830142
927891,0.06830142
927892,0.06830142
927893,0.06830142
927900,0.028675752
927901,0.053081688
927902,0.053081688
927903,0.053081688
927904,0.053081688
927905,0.053081688
927906,0.053081688
927907,0.053081688
927908,0.053081688
927915,0.035281084
927916,0.06631437
927917,0.06631437
927918,0.06631437
927919,0.06631437
927920,0.06631437
927921,0.06631437
927922,0.06631437
927928,0.035281084
927929,0.06631437
927930,0.06631437
927931,0.06631437
927932,0.06631437
927933,0.06631437
927934,0.06631437
927935,0.06631437
927936,0.06631437
927937,0.06631437
927941,0.02916532
927942,0.05363902
927975,0.022067301
927976,0.05219009
927977,0.05219009
927990,0.0282146
927991,0.05219009
927992,0.027948342
927993,0.027948342
927994,0.027948342
928000,0.01435309
928001,0.027948342
928002,0.027948342
928003,0.027948342
928004,0.027948342
928013,0.013382407
928014,0.024167242
928015,0.024167242
928016,0.024167242
928017,0.024167242
928028,0.013382407
928029,0.024167242
928030,0.024167242
928031,0.024167242
928032,0.024167242
928045,0.013382407
928046,0.024167242
928047,0.024167242
928048,0.024167242
928049,0.024167242
928061,0.020131864
928062,0.047041353
928063,0.047041353
928064,0.047041353
928065,0.047041353
928066,0.058740877
928067,0.047041353
928068,0.058740877
928081,0.020131864
928082,0.047041353
928083,0.047041353
928084,0.047041353
928085,0.047041353
928086,0.047041353
928103,0.020131864
928104,0.047041353
928105,0.047041353
928106,0.047041353
928107,0.047041353
928118,0.008530329
928119,0.017068638
928120,0.017068638
928121,0.017068638
928122,0.017068638
928127,0.008530329
928128,0.017068638
928129,0.017068638
928130,0.017068638
928131,0.017068638
928267,0.018947385
928268,0.04503175
928269,0.04503175
928270,0.04503175
928271,0.04503175
928272,0.04503175
928280,0.018870847
928281,0.04503175
928282,0.04503175
928283,0.04503175
928284,0.04503175
928291,0.015522794
928292,0.03788716
928293,0.03788716
928294,0.03788716
928295,0.03788716
928306,0.015522794
928307,0.03788716
928308,0.03788716
928309,0.03788716
928310,0.03788716
928311,0.03788716
928314,0.015522794
928315,0.03788716
928316,0.03788716
928317,0.03788716
928318,0.03788716
928319,0.03788716
928321,0.024777988
928322,0.060529932
928323,0.060529932
928324,0.060529932
928325,0.060529932
928326,0.026840774
928327,0.053295758
928328,0.053295758
928329,0.053295758
928330,0.053295758
928331,0.060529932
928332,0.060529932
928333,0.053295758
928338,0.026840774
928339,0.053295758
928340,0.053295758
928341,0.053295758
928342,0.053295758
928343,0.053295758
928344,0.053295758
928345,0.053295758
928383,0.02313336
928384,0.061155513
928385,0.061155513
928386,0.061155513
928387,0.061155513
928402,0.035403017
928403,0.030572005
928404,0.07796034
928405,0.07796034
928406,0.016843341
928407,0.07796034
928408,0.07796034
928409,0.07796034
928410,0.07796034
928411,0.07796034
928412,0.039313976
928413,0.07796034
928414,0.07796034
928415,0.07796034
928416,0.07796034
928421,0.030688494
928422,0.057883587
928423,0.057883587
928424,0.057883587
928425,0.057883587
928426,0.057883587
928434,0.030688494
928435,0.057883587
928447,0.030688494
928448,0.057883587
928449,0.057883587
928450,0.057883587
928451,0.057883587
928462,0.0257378
928463,0.047441937
928464,0.047441937
928465,0.047441937
928466,0.047441937
928467,0.047441937
928468,0.047441937
928471,0.0257378
928472,0.047441937
928578,0.010958383
928579,0.025765149
928580,0.025765149
928581,0.025765149
928582,0.025765149
928583,0.025765149
928584,0.025765149
928585,0.025765149
928587,0.011689957
928588,0.025765149
928589,0.025765149
928590,0.025765149
928591,0.025765149
928592,0.025765149
928593,0.0064311125
928594,0.016320044
928595,0.016320044
928596,0.016320044
928597,0.016320044
928598,0.016320044
928599,0.0064311125
928600,0.016320044
928601,0.016320044
928602,0.016320044
928603,0.016320044
928604,0.0064311125
928605,0.016320044
928606,0.016320044
928607,0.016320044
928608,0.016320044
928609,0.016320044
928610,0.016320044
928612,0.009292556
928613,0.021335935
928614,0.021335935
928615,0.021335935
928616,0.021335935
928617,0.021335935
928618,0.021335935
928619,0.021335935
928620,0.021335935
928621,0.021335935
928626,0.009292556
928627,0.021335935
928628,0.021335935
928629,0.021335935
928630,0.021335935
928631,0.021335935
928635,0.009292556
928636,0.02255145
928665,0.013222672
928666,0.027576987
928667,0.027576987
928668,0.027576987
928801,0.012589838
928802,0.015846075
928804,0.008707548
928805,0.015846075
928806,0.015846075
928807,0.015846075
928808,0.015846075
928809,0.015846075
928815,0.007884622
928816,0.014437604
928817,0.014437604
928818,0.014437604
928819,0.014437604
928820,0.007884622
928821,0.014437604
928822,0.014437604
928823,0.014437604
928824,0.014437604
928825,0.007884622
928826,0.014437604
928827,0.014437604
928828,0.014437604
928829,0.014437604
928830,0.014437604
928832,0.0068518235
928833,0.011778081
928834,0.011778081
928835,0.011778081
928836,0.0068518235
928837,0.011778081
928838,0.011778081
928839,0.011778081
928840,0.011778081
928841,0.011778081
928842,0.0068518235
928843,0.011778081
928844,0.011778081
928846,0.0070019383
928847,0.027117485
928848,0.027117485
928849,0.027117485
928850,0.027117485
928858,0.012609712
928859,0.027117485
928895,0.012609712
928896,0.027117485
928905,0.012233062
928906,0.024557348
928907,0.024557348
928908,0.024557348
928909,0.024557348
928910,0.024557348
928911,0.024557348
928912,0.024557348
928913,0.024557348
928914,0.024557348
928915,0.024557348
928916,0.024557348
928917,0.024557348
928918,0.024557348
928919,0.024557348
928920,0.024557348
928921,0.024557348
928922,0.024557348
928923,0.024557348
928924,0.024557348
928925,0.024557348
928926,0.024557348
928927,0.024557348
928928,0.024557348
928929,0.024557348
928930,0.012233062
928931,0.024557348
928932,0.024557348
928933,0.024557348
928934,0.024557348
928935,0.024557348
928936,0.024557348
928937,0.024557348
928938,0.024557348
928939,0.024557348
928940,0.024557348
928941,0.024557348
928942,0.024557348
928943,0.024557348
928944,0.024557348
928945,0.024557348
928946,0.012233062
928947,0.024557348
928948,0.024557348
928949,0.024557348
928957,0.023327367
928958,0.05177498
928959,0.05177498
928960,0.05177498
928961,0.05177498
928966,0.023327367
928967,0.05177498
928968,0.05177498
928969,0.05177498
928973,0.023327367
928974,0.05177498
928975,0.05177498
928976,0.05177498
928977,0.05177498
928987,0.016362807
928988,0.0378353
928989,0.0378353
928990,0.0378353
928991,0.0378353
928997,0.016362807
928998,0.0378353
928999,0.0378353
929000,0.0378353
929001,0.0378353
929002,0.0378353
929003,0.016362807
929004,0.0378353
929005,0.0378353
929006,0.0378353
929007,0.0378353
929011,0.035242837
929012,0.05432225
929013,0.05432225
929014,0.05432225
929015,0.05432225
929020,0.032002404
929021,0.07611849
929022,0.07611849
929023,0.07611849
929024,0.07611849
929025,0.07611849
929026,0.07611849
929027,0.07611849
929028,0.07611849
929029,0.07611849
929030,0.07611849
929064,0.025018618
929076,0.025849583
929129,0.028726995
929130,0.02004872
929131,0.049282905
929132,0.049282905
929133,0.049282905
929134,0.049282905
929135,0.049282905
929136,0.049282905
929137,0.049282905
929153,0.018971344
929154,0.038220346
929155,0.038220346
929156,0.038220346
929157,0.038220346
929158,0.038220346
929164,0.017778441
929165,0.038220346
929166,0.038220346
929167,0.038220346
929168,0.038220346
929169,0.038220346
929170,0.038220346
929171,0.038220346
929172,0.038220346
929173,0.038220346
929174,0.038220346
929184,0.017778441
929185,0.038220346
929186,0.038220346
929187,0.038220346
929188,0.038220346
929196,0.017946012
929197,0.03866134
929198,0.03866134
929199,0.03866134
929200,0.03866134
929204,0.017946012
929207,0.008627045
929238,0.021857189
929244,0.017308924
929245,0.044545908
929246,0.044545908
929247,0.044545908
929248,0.044545908
929249,0.044545908
929250,0.044545908
929266,0.02266018
929267,0.05417589
929269,0.006207461
929270,0.0125244
929271,0.006207461
929272,0.0125244
929277,0.006207461
929284,0.005011884
929285,0.010548822
929287,0.0035877782
929302,0.0040561347
929413,0.012160034
929414,0.016402885
929420,0.008162878
929421,0.016402885
929422,0.016402885
929423,0.016402885
929424,0.016402885
929425,0.008162878
929426,0.016402885
929427,0.016402885
929428,0.016402885
929429,0.016402885
929430,0.00872476
929431,0.017026713
929432,0.017026713
929433,0.017026713
929442,0.00872476
929443,0.017026713
929444,0.017026713
929445,0.017026713
929481,0.00872476
929482,0.017026713
929483,0.017026713
929484,0.017026713
929485,0.017026713
929486,0.017026713
929501,0.007679951
929502,0.014464884
929503,0.014464884
929506,0.007679951
929507,0.014464884
929508,0.014464884
929509,0.014464884
929510,0.014464884
929511,0.014464884
929528,0.007679951
929529,0.014464884
929530,0.014464884
929531,0.014464884
929532,0.014464884
929540,0.009197395
929541,0.017039478
929542,0.017039478
929543,0.017039478
929544,0.017039478
929552,0.009197395
929553,0.017039478
929554,0.017039478
929555,0.017039478
929556,0.017039478
929562,0.016972886
929563,0.03776364
929564,0.03776364
929565,0.03776364
929594,0.015634928
929595,0.05837172
929627,0.016035503
929628,0.038337264
929696,0.006421151
929697,0.012605758
929698,0.012605758
929699,0.012605758
929700,0.012605758
929703,0.006301957
929765,0.013476704
929766,0.0269682
929767,0.0269682
929822,0.015812373
929823,0.03681675
929824,0.03681675
929832,0.01700269
929833,0.03681675
929834,0.03681675
929835,0.03681675
929853,0.01700269
929854,0.03681675
929855,0.03681675
929856,0.03681675
929857,0.03681675
929877,0.014884666
929878,0.031172851
929879,0.031172851
929880,0.031172851
929918,0.025678752
929919,0.060595356
929920,0.060595356
929921,0.060595356
929922,0.031687636
929923,0.060595356
929940,0.0224525
929941,0.06182461
929942,0.06182461
929943,0.06182461
929950,0.024363905
929951,0.06182461
929952,0.06182461
929953,0.06182461
929954,0.06182461
929959,0.014070644
929960,0.039383963
929961,0.039383963
929962,0.039383963
929963,0.039383963
929968,0.014070644
929969,0.039383963
929970,0.039383963
929971,0.039383963
929972,0.039383963
929977,0.014070644
929978,0.039383963
929979,0.039383963
929980,0.039383963
929981,0.039383963
929987,0.018644083
929988,0.04857163
929989,0.04857163
929990,0.04857163
929995,0.018644083
929996,0.04857163
929997,0.04857163
929998,0.04857163
930003,0.018644083
930004,0.04857163
930005,0.04857163
930006,0.04857163
930007,0.04857163
930017,0.021138655
930018,0.054446027
930019,0.054446027
930020,0.054446027
930021,0.054446027
930029,0.021138655
930030,0.054446027
930031,0.054446027
930032,0.054446027
930033,0.054446027
930034,0.054446027
930039,0.021138655
930040,0.054446027
930041,0.054446027
930042,0.054446027
930043,0.054446027
930044,0.054446027
930045,0.054446027
930046,0.054446027
930203,0.05449603
930204,0.09899736
930218,0.019359967
930219,0.05254789
930220,0.05254789
930221,0.05254789
930222,0.05254789
930223,0.05254789
930224,0.05254789
930255,0.019359967
930256,0.05254789
930257,0.05254789
930258,0.05254789
930272,0.019359967
930273,0.05254789
930274,0.05254789
930275,0.05254789
930292,0.021274287
930293,0.058162753
930294,0.058162753
930295,0.058162753
930296,0.058162753
930297,0.058162753
930561,0.035329003
930562,0.07411871
930571,0.02928338
930572,0.07411871
930573,0.07411871
930574,0.07411871
930575,0.07411871
930576,0.07411871
930577,0.07411871
930578,0.07411871
930579,0.07411871
930580,0.07411871
930581,0.07411871
930582,0.07411871
930583,0.07411871
930584,0.07411871
930585,0.07411871
930586,0.07411871
930587,0.07411871
930588,0.07411871
930589,0.07411871
930590,0.07411871
930591,0.07411871
930592,0.07411871
930593,0.07411871
930598,0.02759054
930599,0.02759054
930607,0.02759054
930608,0.070056334
930609,0.070056334
930610,0.070056334
930611,0.070056334
930612,0.070056334
930617,0.026285257
930618,0.062160205
930655,0.027621748
930656,0.073216476
930657,0.073216476
930658,0.073216476
930664,0.028596995
930665,0.073216476
930666,0.073216476
930667,0.073216476
930668,0.073216476
930678,0.017335257
930679,0.03824706
930680,0.03824706
930681,0.03824706
930687,0.017335257
930688,0.03824706
930689,0.03824706
930690,0.03824706
930691,0.03824706
930699,0.017335257
930700,0.03824706
930701,0.03824706
930702,0.03824706
930703,0.03824706
930710,0.027772618
930711,0.055172265
930712,0.055172265
930713,0.055172265
930722,0.027772618
930723,0.055172265
930724,0.055172265
930725,0.055172265
930726,0.055172265
930727,0.055172265
930740,0.027772618
930741,0.055172265
930742,0.055172265
930743,0.055172265
930744,0.055172265
930745,0.055172265
930753,0.030538015
930754,0.060056835
930755,0.060056835
930756,0.060056835
930757,0.060056835
930761,0.030538015
930762,0.060056835
930763,0.060056835
930764,0.060056835
930769,0.030538015
930770,0.060056835
930771,0.060056835
930772,0.060056835
930773,0.060056835
930779,0.029170478
930780,0.057397325
930781,0.057397325
930782,0.057397325
930802,0.05788807
930803,0.06191122
930804,0.13219129
930805,0.13219129
930806,0.13219129
930807,0.13219129
930808,0.13219129
930809,0.06425656
930810,0.1350953
930811,0.1350953
930812,0.1350953
930813,0.1350953
930831,0.06425656
930832,0.1350953
930833,0.1350953
930834,0.1350953
930835,0.1350953
930850,0.06425656
930851,0.1350953
930852,0.1350953
930853,0.1350953
930854,0.1350953
930855,0.1350953
930874,0.031769942
930875,0.068616815
930876,0.068616815
930877,0.068616815
930878,0.068616815
930879,0.068616815
930880,0.068616815
930881,0.068616815
930882,0.068616815
930893,0.031769942
930894,0.068616815
930895,0.068616815
930896,0.068616815
930897,0.068616815
930898,0.068616815
930899,0.068616815
930900,0.068616815
930901,0.068616815
930902,0.068616815
930903,0.068616815
930904,0.068616815
930905,0.068616815
930919,0.031769942
930920,0.068616815
930921,0.068616815
930922,0.068616815
930923,0.068616815
930924,0.068616815
930925,0.068616815
930934,0.034732323
930935,0.07581129
930936,0.07581129
930937,0.07581129
930938,0.07581129
930939,0.07581129
930940,0.07581129
930941,0.034732323
930942,0.07581129
930943,0.07581129
930944,0.07581129
930945,0.07581129
930946,0.07581129
930950,0.034732323
930951,0.07581129
930952,0.07581129
930953,0.07581129
930954,0.07581129
930955,0.07581129
930964,0.03564182
930965,0.07895799
930966,0.07895799
930967,0.07895799
930968,0.07895799
930982,0.03564182
930983,0.07895799
930984,0.07895799
930985,0.07895799
930986,0.07895799
930987,0.07895799
930988,0.07895799
930989,0.07895799
931002,0.03564182
931003,0.07895799
931004,0.07895799
931005,0.07895799
931012,0.052941184
931013,0.11896243
931014,0.11896243
931015,0.11896243
931016,0.052941184
931017,0.11896243
931018,0.11896243
931019,0.11896243
931020,0.11896243
931021,0.052941184
931022,0.11896243
931023,0.11896243
931024,0.11896243
931025,0.11896243
931026,0.059789907
931027,0.13980336
931028,0.13980336
931029,0.13980336
931030,0.13980336
931031,0.13980336
931034,0.059789907
931035,0.13980336
931036,0.13980336
931037,0.13980336
931038,0.13980336
931047,0.059789907
931048,0.13980336
931049,0.13980336
931050,0.13980336
931058,0.06589033
931059,0.15274146
931060,0.15274146
931061,0.15274146
931078,0.06589033
931079,0.15274146
931080,0.15274146
931102,0.06589033
931103,0.15274146
931104,0.15274146
931105,0.15274146
931106,0.15274146
931107,0.15274146
931108,0.057002857
931109,0.1267178
931110,0.1267178
931111,0.1267178
931112,0.057002857
931113,0.1267178
931114,0.1267178
931115,0.1267178
931116,0.1267178
931117,0.057002857
931118,0.1267178
931119,0.1267178
931120,0.1267178
931121,0.1267178
931122,0.047306392
931123,0.10378033
931124,0.10378033
931125,0.10378033
931126,0.10378033
931127,0.047306392
931128,0.10378033
931129,0.10378033
931130,0.10378033
931131,0.10378033
931132,0.10378033
931143,0.047306392
931144,0.10378033
931145,0.10378033
931146,0.10378033
931147,0.10378033
931148,0.10378033
931150,0.045792207
931151,0.10112169
931152,0.10112169
931153,0.10112169
931154,0.10112169
931155,0.10112169
931159,0.045792207
931160,0.10112169
931161,0.10112169
931162,0.10112169
931163,0.10112169
931176,0.045792207
931177,0.04195268
931178,0.107322484
931179,0.107322484
931180,0.04195268
931181,0.107322484
931182,0.107322484
931183,0.04195268
931184,0.107322484
931185,0.107322484
931186,0.026858702
931187,0.068910114
931188,0.068910114
931189,0.068910114
931190,0.068910114
931191,0.026858702
931192,0.068910114
931193,0.068910114
931194,0.026858702
931195,0.068910114
931196,0.068910114
931197,0.068910114
931198,0.01450904
931199,0.032099552
931200,0.032099552
931201,0.032099552
931203,0.01450904
931204,0.032099552
931205,0.032099552
931206,0.032099552
931209,0.01450904
931210,0.032099552
931211,0.032099552
931212,0.032099552
931213,0.032099552
931215,0.021131538
931216,0.04223362
931217,0.04223362
931285,0.045309875
931303,0.03359303
931304,0.07591631
931309,0.034807883
931310,0.07591631
931311,0.07591631
931312,0.07591631
931313,0.07591631
931317,0.033506323
931318,0.0743756
931319,0.0743756
931320,0.0743756
931321,0.0743756
931325,0.033506323
931326,0.0743756
931327,0.0743756
931328,0.0743756
931329,0.0743756
931330,0.0743756
931346,0.033506323
931347,0.0743756
931348,0.05332076
931349,0.05332076
931350,0.05332076
931351,0.05332076
931358,0.037971072
931359,0.08156721
931360,0.08156721
931361,0.08156721
931362,0.08156721
931363,0.08156721
931364,0.037971072
931365,0.08156721
931366,0.08156721
931370,0.037971072
931371,0.08156721
931372,0.08156721
931373,0.08156721
931374,0.08156721
931375,0.08156721
931381,0.04741561
931382,0.105950214
931383,0.105950214
931384,0.105950214
931385,0.105950214
931391,0.04741561
931392,0.105950214
931393,0.105950214
931394,0.105950214
931395,0.105950214
931397,0.04741561
931398,0.105950214
931399,0.105950214
931400,0.105950214
931401,0.105950214
931402,0.052581254
931403,0.11671152
931404,0.10621433
931405,0.10621433
931406,0.10621433
931407,0.10621433
931408,0.10621433
931409,0.049950566
931410,0.10621433
931411,0.10621433
931412,0.10621433
931413,0.049950566
931414,0.10621433
931415,0.10621433
931416,0.10621433
931418,0.04142968
931419,0.08404239
931420,0.08404239
931421,0.08404239
931422,0.08404239
931423,0.08404239
931424,0.04142968
931425,0.08404239
931426,0.08404239
931427,0.08404239
931428,0.04142968
931429,0.08404239
931430,0.08404239
931431,0.08404239
931621,0.009180008
931622,0.014392235
931624,0.007202611
931625,0.014392235
931626,0.014392235
931627,0.014392235
931628,0.014392235
931629,0.014392235
931641,0.017135808
931642,0.024774464
931651,0.016853658
931652,0.03497144
931653,0.03497144
931654,0.03497144
931655,0.03497144
931656,0.03497144
931657,0.03497144
931658,0.03497144
931659,0.03497144
931660,0.03497144
931661,0.016853658
931662,0.03497144
931663,0.03497144
931664,0.03497144
931665,0.03497144
931734,0.0075776065
931735,0.011300225
931737,0.0041295476
931738,0.0075957663
931739,0.0075957663
931740,0.0075957663
931742,0.0041295476
931743,0.0075957663
931744,0.0075957663
931745,0.0075957663
931746,0.0075957663
931747,0.0075957663
931748,0.0075957663
931761,0.0037038568
931764,0.0039629894
931765,0.0067654653
931766,0.0067654653
931767,0.0067654653
931769,0.013805443
931770,0.03147003
931771,0.03147003
931772,0.03147003
931773,0.03147003
931782,0.015804524
931783,0.035349905
931784,0.018532595
931785,0.035349905
931786,0.035349905
931787,0.035349905
931788,0.035349905
931801,0.018049592
931802,0.034462027
931803,0.034462027
931804,0.034462027
931805,0.034462027
931827,0.018049592
931828,0.034462027
931829,0.034462027
931830,0.034462027
931831,0.034462027
931832,0.034462027
931833,0.034462027
931873,0.018049592
931874,0.034462027
931875,0.034462027
931876,0.034462027
931878,0.016774358
931879,0.029930605
931880,0.029930605
931881,0.029930605
931886,0.016774358
931887,0.029930605
931888,0.029930605
931889,0.029930605
931890,0.029930605
931899,0.016774358
931900,0.029930605
931901,0.029930605
931902,0.029930605
931903,0.029930605
931904,0.029930605
931905,0.023440015
931906,0.04569485
931907,0.04569485
931908,0.04569485
931909,0.04569485
931917,0.023440015
931918,0.04569485
931919,0.04569485
931920,0.04569485
931921,0.04569485
931922,0.04569485
931923,0.04569485
931924,0.04569485
931928,0.023440015
931929,0.04569485
932013,0.025381736
932014,0.05211812
932015,0.05211812
932016,0.05211812
932017,0.05211812
932018,0.05211812
932142,0.024210444
932143,0.06604047
932144,0.06604047
932145,0.06604047
932146,0.06604047
932245,0.020018678
932246,0.043756764
932247,0.043756764
932248,0.043756764
932250,0.01883175
932251,0.045283604
932252,0.045283604
932253,0.045283604
932254,0.045283604
932255,0.021911992
932256,0.045283604
932257,0.045283604
932258,0.045283604
932342,0.021514995
932343,0.05604002
932344,0.05604002
932345,0.05604002
932374,0.028799074
932375,0.05604002
932376,0.05604002
932377,0.05604002
932378,0.05604002
932379,0.05604002
932380,0.05604002
932381,0.05604002
932382,0.05604002
932405,0.028799074
932418,0.021118138
932419,0.040434707
932420,0.040434707
932439,0.021118138
932440,0.040434707
932441,0.040434707
932442,0.040434707
932443,0.040434707
932452,0.021118138
932453,0.040434707
932454,0.040434707
932455,0.040434707
932456,0.040434707
932457,0.040434707
932464,0.014833655
932465,0.031694002
932466,0.031694002
932467,0.031694002
932477,0.014833655
932478,0.031694002
932479,0.031694002
932480,0.031694002
932481,0.031694002
932482,0.031694002
932486,0.014833655
932487,0.031694002
932488,0.031694002
932489,0.031694002
932490,0.031694002
932491,0.031694002
932503,0.008458382
932504,0.020056667
932507,0.008779329
932508,0.020056667
932509,0.020056667
932510,0.020056667
932511,0.020056667
932515,0.010024888
932516,0.022692632
932517,0.022692632
932518,0.022692632
932523,0.010024888
932524,0.022692632
932525,0.022692632
932526,0.022692632
932527,0.022692632
932528,0.022692632
932533,0.010024888
932534,0.022692632
932535,0.022692632
932536,0.022692632
932537,0.022692632
932656,0.030989923
932657,0.056165263
932658,0.056165263
932659,0.056165263
932660,0.056165263
932661,0.056165263
932662,0.056165263
932663,0.014137885
932664,0.033915598
932665,0.033915598
932666,0.033915598
932667,0.033915598
932668,0.033915598
932669,0.033915598
932670,0.033915598
932671,0.033915598
932672,0.033915598
932673,0.014137885
932674,0.033915598
932675,0.033915598
932676,0.03186223
932677,0.03186223
932765,0.011905886
932766,0.023032935
932767,0.023032935
932768,0.023032935
932776,0.010539648
932777,0.023032935
932778,0.023032935
932779,0.023032935
932780,0.023032935
932781,0.023032935
932784,0.0122796185
932785,0.026029624
932786,0.026029624
932787,0.026029624
932788,0.026029624
932789,0.026029624
932790,0.026029624
932792,0.0122796185
932793,0.026029624
932794,0.026029624
932795,0.026029624
932796,0.026029624
932797,0.026029624
932827,0.0122796185
932887,0.008972496
932888,0.043144852
932889,0.043144852
932890,0.01931794
932891,0.043144852
932892,0.043144852
932893,0.043144852
932894,0.01931794
932895,0.043144852
932896,0.043144852
933308,0.0073564285
933309,0.028561557
933310,0.028561557
933311,0.028561557
933319,0.012725374
933320,0.028561557
933321,0.028561557
933322,0.028561557
933332,0.012725374
933333,0.028561557
933334,0.028561557
933335,0.028561557
933336,0.028561557
933337,0.028561557
933343,0.014820763
933344,0.030927233
933345,0.030927233
933346,0.030927233
933347,0.030927233
933348,0.030927233
933350,0.014820763
933351,0.030927233
933352,0.030927233
933353,0.030927233
933354,0.030927233
933355,0.030927233
933356,0.014820763
933357,0.030927233
933358,0.030927233
933359,0.030927233
933364,0.018003812
933365,0.041269302
933366,0.041269302
933367,0.041269302
933368,0.02616165
933369,0.041269302
933382,0.018003812
933383,0.041269302
933384,0.041269302
933385,0.041269302
933386,0.041269302
933400,0.018003812
933401,0.041269302
933402,0.041269302
933403,0.041269302
933404,0.041269302
933477,0.012025873
933478,0.030776361
933479,0.030776361
933480,0.030776361
933481,0.030776361
933482,0.030776361
933483,0.030776361
933489,0.013413569
933490,0.030776361
933491,0.030776361
933492,0.030776361
933493,0.030776361
933494,0.030776361
933501,0.013413569
933502,0.030776361
933503,0.030776361
933504,0.030776361
933505,0.030776361
933506,0.030776361
933507,0.030776361
933513,0.008054292
933514,0.020137133
933515,0.020137133
933516,0.020137133
933517,0.020137133
933518,0.020137133
933525,0.008054292
933526,0.020137133
933527,0.020137133
933528,0.020137133
933529,0.020137133
933530,0.020137133
933531,0.020137133
933532,0.020137133
933541,0.008054292
933542,0.020137133
933543,0.020137133
933544,0.020137133
933545,0.020137133
933546,0.020137133
933547,0.020137133
933552,0.009962064
933553,0.023267865
933554,0.023267865
933555,0.023267865
933556,0.023267865
933557,0.023267865
933562,0.009962064
933563,0.023267865
933564,0.023267865
933565,0.023267865
933566,0.023267865
933567,0.023267865
933568,0.023267865
933573,0.009962064
933574,0.023267865
933575,0.023267865
933576,0.023267865
933577,0.023267865
933578,0.023267865
933583,0.012435585
933584,0.028731318
933919,0.013499807
933920,0.04654627
933928,0.023356676
933929,0.04654627
933930,0.04654627
933931,0.04654627
933932,0.04654627
933933,0.04654627
933934,0.04654627
933935,0.04654627
933936,0.04654627
933937,0.04654627
933938,0.04654627
933939,0.04654627
933940,0.04654627
933941,0.04654627
933942,0.04654627
933943,0.04654627
933952,0.023356676
933953,0.04654627
933954,0.04654627
933955,0.04654627
933956,0.04654627
933957,0.04654627
933958,0.04654627
933959,0.04654627
933977,0.01809604
933978,0.033619843
933979,0.033619843
933980,0.033619843
933981,0.033619843
933982,0.033619843
933983,0.032314014
933984,0.032314014
933985,0.032314014
933986,0.032314014
933987,0.032314014
933988,0.032314014
933989,0.032314014
933990,0.032314014
933991,0.032314014
933992,0.032314014
934008,0.015753087
934009,0.032314014
934010,0.032314014
934011,0.032314014
934012,0.032314014
934013,0.032314014
934020,0.015753087
934021,0.032314014
934022,0.032314014
934023,0.032314014
934029,0.017406931
934030,0.0400767
934031,0.0400767
934032,0.0400767
934033,0.0400767
934046,0.017406931
934047,0.0400767
934048,0.0400767
934049,0.0400767
934050,0.0400767
934051,0.0400767
934058,0.017406931
934059,0.0400767
934060,0.0400767
934061,0.0400767
934062,0.0400767
934069,0.010488606
934070,0.020399885
934071,0.020399885
934072,0.020399885
934073,0.020399885
934076,0.010488606
934077,0.020399885
934078,0.020399885
934079,0.020399885
934080,0.010488606
934081,0.020399885
934082,0.020399885
934083,0.020399885
934084,0.020399885
934085,0.015727127
934086,0.027677981
934087,0.027677981
934088,0.027677981
934089,0.027677981
934090,0.027677981
934091,0.015727127
934092,0.027677981
934093,0.027677981
934094,0.027677981
934095,0.027677981
934096,0.027677981
934097,0.013157943
934098,0.022490423
934099,0.022490423
934100,0.022490423
934101,0.022490423
934111,0.056886323
934112,0.12973003
934113,0.12973003
934114,0.06851325
934115,0.12973003
934116,0.12973003
934117,0.12973003
934119,0.06851325
934120,0.12973003
934121,0.12973003
934122,0.12973003
934123,0.12973003
934124,0.12973003
934125,0.12973003
934126,0.12973003
934127,0.12973003
934128,0.12973003
934129,0.12973003
934130,0.12973003
934131,0.12973003
934132,0.12973003
934135,0.025087578
934136,0.065873094
934137,0.065873094
934138,0.065873094
934139,0.065873094
934140,0.065873094
934148,0.036840227
934149,0.065873094
934150,0.065873094
934151,0.065873094
934169,0.036840227
934170,0.065873094
934171,0.065873094
934172,0.065873094
934187,0.02959837
934188,0.050970923
934189,0.050970923
934190,0.050970923
934191,0.02959837
934192,0.050970923
934193,0.050970923
934194,0.050970923
934195,0.050970923
934196,0.050970923
934200,0.02959837
934201,0.050970923
934202,0.050970923
934203,0.050970923
934206,0.03024843
934207,0.052823003
934208,0.052823003
934209,0.052823003
934210,0.052823003
934211,0.052823003
934212,0.03024843
934213,0.052823003
934214,0.052823003
934215,0.052823003
934216,0.03024843
934217,0.052823003
934218,0.052823003
934219,0.052823003
934220,0.052823003
934221,0.052823003
934229,0.026679624
934230,0.0472213
934231,0.0472213
934232,0.0472213
934233,0.0472213
934243,0.026679624
934244,0.0472213
934245,0.0472213
934246,0.0472213
934247,0.0472213
934253,0.026679624
934254,0.0472213
934255,0.0472213
934256,0.0472213
934257,0.035433777
934258,0.064694084
934259,0.064694084
934260,0.064694084
934261,0.064694084
934262,0.035433777
934263,0.064694084
934264,0.064694084
934265,0.064694084
934266,0.035433777
934267,0.064694084
934268,0.064694084
934269,0.064694084
934270,0.064694084
934271,0.064694084
934274,0.041457687
934275,0.079330765
934276,0.079330765
934277,0.079330765
934278,0.079330765
934284,0.041457687
934285,0.079330765
934286,0.079330765
934287,0.079330765
934288,0.079330765
934294,0.041457687
934295,0.079330765
934296,0.079330765
934297,0.079330765
934298,0.079330765
934306,0.04577872
934307,0.08723994
934308,0.08723994
934309,0.08723994
934310,0.08723994
934311,0.08723994
934332,0.04577872
934333,0.08723994
934334,0.08723994
934335,0.08723994
934336,0.08723994
934337,0.08723994
934347,0.04577872
934348,0.08723994
934349,0.08723994
934350,0.08723994
934351,0.08723994
934352,0.08723994
934353,0.08723994
934356,0.039489284
934357,0.0728367
934358,0.0728367
934359,0.0728367
934360,0.0728367
934361,0.0728367
934374,0.039489284
934375,0.0728367
934376,0.0728367
934377,0.0728367
934378,0.0728367
934379,0.0728367
934381,0.029489014
934382,0.046114568
934383,0.046114568
934384,0.046114568
934385,0.046114568
934386,0.0728367
934387,0.0728367
934388,0.046114568
934389,0.025975827
934390,0.039589096
934391,0.039589096
934392,0.06175066
934393,0.03424039
934399,0.020128299
934401,0.029867344
934402,0.054327615
934403,0.054327615
934404,0.054327615
934405,0.054327615
934406,0.054327615
934407,0.054327615
934408,0.054327615
934409,0.054327615
934410,0.054327615
934411,0.054327615
934413,0.029867344
934414,0.054327615
934415,0.054327615
934416,0.054327615
934417,0.054327615
934418,0.054327615
934419,0.054327615
934420,0.054327615
934421,0.054327615
934422,0.054327615
934426,0.022247838
934427,0.047372382
934428,0.047372382
934429,0.047372382
934430,0.047372382
934431,0.022247838
934432,0.047372382
934433,0.047372382
934434,0.047372382
934435,0.047372382
934542,0.014868615
934543,0.040454645
934544,0.040454645
934556,0.023782214
934557,0.040454645
934558,0.040454645
934559,0.040454645
934560,0.040454645
934571,0.023782214
934572,0.040454645
934573,0.040454645
934574,0.040454645
934575,0.040454645
934581,0.02530674
934582,0.0436328
934605,0.02530674
934632,0.025046552
934633,0.06606912
934635,0.034870222
934636,0.06606912
934637,0.06606912
934638,0.06606912
934639,0.06606912
934640,0.06606912
934641,0.06606912
934642,0.06606912
934643,0.06606912
934644,0.06606912
934645,0.06606912
934646,0.06606912
934647,0.06606912
934648,0.06606912
934649,0.06606912
934650,0.06606912
934651,0.06606912
934652,0.06606912
934653,0.06606912
934654,0.06606912
934655,0.06606912
934656,0.026833365
934657,0.079128444
934661,0.04204032
934662,0.079128444
934663,0.079128444
934664,0.079128444
934672,0.034819353
934673,0.06344987
934674,0.06344987
934676,0.034819353
934677,0.06344987
934678,0.06344987
934679,0.06344987
934704,0.008455659
934705,0.014546203
934706,0.014546203
934713,0.0072575053
934714,0.014546203
934715,0.014546203
934716,0.014546203
934717,0.014546203
934718,0.014546203
934719,0.014546203
934720,0.014546203
934728,0.0072575053
934729,0.014546203
934730,0.014546203
934731,0.014546203
934736,0.003205933
934737,0.007581075
934738,0.007581075
934739,0.007581075
934740,0.007581075
934744,0.003205933
934745,0.007581075
934746,0.007581075
934757,0.011300347
934758,0.0069681625
934759,0.017750984
934760,0.017750984
934761,0.017750984
934762,0.017750984
934772,0.015834086
934795,0.006099181
934806,0.0057038194
934807,0.011071988
934808,0.011071988
934809,0.011071988
934810,0.011071988
934811,0.011071988
934812,0.011071988
934821,0.0057038194
934822,0.011071988
934823,0.011071988
934824,0.011071988
934825,0.0057038194
934826,0.011071988
934827,0.011071988
934829,0.005161376
934830,0.00938119
934831,0.00938119
934832,0.00938119
934833,0.00938119
934834,0.005161376
934835,0.00938119
934836,0.00938119
934837,0.00938119
934838,0.00938119
934839,0.005161376
934840,0.00938119
934841,0.00938119
934842,0.005304501
934843,0.008881893
934844,0.008881893
934846,0.0037656573
934847,0.0068673347
934848,0.0068673347
934870,0.01442665
934871,0.03193193
934872,0.03193193
934873,0.03193193
934874,0.03193193
934875,0.03193193
934902,0.012660431
934903,0.0292966
934904,0.0292966
934935,0.011267428
934936,0.024269473
934937,0.024269473
934938,0.024269473
934939,0.024269473
934940,0.024269473
934949,0.013548977
934950,0.024269473
934951,0.024269473
934952,0.024269473
934953,0.024269473
934955,0.013548977
934956,0.024269473
934957,0.024269473
934958,0.024269473
934959,0.024269473
934960,0.024269473
934961,0.024269473
934962,0.014196243
934963,0.0289089
934964,0.0289089
934965,0.0289089
934966,0.0289089
934967,0.0289089
934968,0.0289089
934973,0.014196243
934974,0.0289089
934975,0.0289089
934976,0.0289089
934977,0.0289089
934978,0.0289089
934984,0.014196243
934985,0.0289089
934986,0.0289089
934987,0.0289089
934988,0.0289089
934989,0.0289089
934990,0.0289089
934991,0.0289089
934995,0.012546657
934996,0.027113754
934997,0.027113754
934998,0.027113754
934999,0.027113754
935016,0.017736116
935039,0.0115225
935040,0.034578282
935096,0.01087136
935097,0.021091878
935103,0.0074207126
935104,0.013666762
935105,0.013666762
935106,0.013666762
935107,0.013666762
935108,0.013666762
935120,0.0074207126
935121,0.013666762
935122,0.013666762
935123,0.013666762
935124,0.013666762
935127,0.0074207126
935128,0.013666762
935129,0.013666762
935130,0.013666762
935131,0.013666762
935135,0.006837606
935136,0.013282946
935137,0.013282946
935138,0.013282946
935139,0.013282946
935143,0.006837606
935144,0.013282946
935151,0.006837606
935152,0.013282946
935153,0.013282946
935154,0.013282946
935155,0.013282946
935156,0.013282946
935157,0.00563484
935158,0.010031606
935159,0.010031606
935160,0.010031606
935161,0.010031606
935213,0.00563484
935214,0.010031606
935215,0.010031606
935216,0.010031606
935232,0.00563484
935233,0.010031606
935234,0.010031606
935235,0.010031606
935236,0.010031606
935237,0.0055353222
935242,0.003318279
935457,0.016802795
935458,0.037888836
935459,0.037888836
935460,0.037888836
935462,0.019240215
935463,0.037888836
935464,0.037888836
935465,0.037888836
935491,0.0059691044
935492,0.012017011
935493,0.012017011
935494,0.012017011
935495,0.012017011
935496,0.012017011
935518,0.011677034
935519,0.022666046
935520,0.009724026
935521,0.022666046
935522,0.022666046
935523,0.022666046
935524,0.022666046
935525,0.022666046
935533,0.009048725
935534,0.020073121
935541,0.0071118427
935542,0.014019727
935543,0.014019727
935544,0.014019727
935545,0.014019727
935546,0.014019727
935547,0.014019727
935552,0.0071118427
935553,0.014019727
935554,0.014019727
935555,0.014019727
935575,0.0071118427
935576,0.014019727
935577,0.014019727
935578,0.014019727
935579,0.014019727
935587,0.006552847
935588,0.013626154
935589,0.013626154
935590,0.013626154
935591,0.013626154
935600,0.006552847
935601,0.013626154
935602,0.013626154
935603,0.013626154
935604,0.013626154
935605,0.013626154
935613,0.006552847
935614,0.013626154
935615,0.013626154
935616,0.013027667
935617,0.013027667
935618,0.013027667
935628,0.005957433
935629,0.011246867
935630,0.011246867
935631,0.011246867
935632,0.011246867
935633,0.011246867
935651,0.006178345
935652,0.011850798
935653,0.011850798
935654,0.011850798
935655,0.011850798
935668,0.006178345
935669,0.011850798
935670,0.011850798
935671,0.011850798
935675,0.006069287
935676,0.004587401
935677,0.009469585
935678,0.009469585
935679,0.0053146197
935680,0.009469585
935681,0.009469585
935682,0.009469585
935683,0.009469585
935718,0.0117079355
935719,0.022982975
935720,0.012541761
935721,0.025725178
935722,0.025725178
935723,0.025725178
935724,0.025725178
935725,0.025725178
935726,0.025725178
935728,0.012541761
935729,0.025725178
935730,0.025725178
935731,0.025725178
935742,0.012541761
935743,0.025725178
935744,0.025725178
935745,0.025725178
935746,0.025725178
935770,0.014607376
935771,0.029658362
935772,0.029658362
935773,0.029658362
935774,0.029658362
935791,0.014607376
935792,0.029658362
935793,0.029658362
935794,0.029658362
935795,0.029658362
935796,0.029658362
935797,0.029658362
935803,0.014607376
935804,0.029658362
935805,0.029658362
935806,0.029658362
935807,0.029658362
935808,0.029658362
935829,0.011624269
935830,0.022833766
935831,0.022833766
935832,0.022833766
935833,0.022833766
935854,0.011624269
935855,0.022833766
935856,0.022833766
935857,0.022833766
935858,0.022833766
935859,0.022833766
935860,0.011624269
935861,0.043154847
935862,0.043154847
935874,0.01918645
935875,0.0408475
935876,0.0408475
935877,0.0408475
935878,0.0408475
935879,0.0408475
935890,0.016169902
935891,0.0408475
935892,0.0408475
935893,0.0408475
935894,0.0408475
935895,0.0408475
935900,0.015192772
935901,0.028950319
935902,0.028950319
935903,0.028950319
935908,0.015192772
935909,0.028950319
935910,0.028950319
935911,0.028950319
935912,0.028950319
935913,0.028950319
935914,0.028950319
935927,0.0055026393
935928,0.012764427
935929,0.012764427
935930,0.012764427
935931,0.0051721483
935932,0.012764427
935933,0.012764427
935934,0.0058263144
935935,0.013449313
935936,0.013449313
935937,0.013449313
935938,0.013449313
935940,0.0058263144
935941,0.013449313
935942,0.013449313
935944,0.00514205
935945,0.005403065
935946,0.012452404
935947,0.012452404
935977,0.008467638
935978,0.0120944595
935979,0.0120944595
935984,0.007046205
935985,0.0120944595
935986,0.0120944595
935987,0.0063567
935988,0.01103818
935989,0.01103818
935990,0.01103818
935991,0.01103818
935994,0.0063567
935995,0.01103818
935996,0.01103818
936073,0.019531129
936092,0.0188012
936093,0.041032434
936094,0.041032434
936095,0.041032434
936096,0.041032434
936105,0.0188012
936106,0.041032434
936107,0.041032434
936108,0.041032434
936109,0.041032434
936118,0.017616682
936119,0.03883396
936120,0.03883396
936329,0.017401835
936330,0.061058704
936337,0.026201652
936338,0.061058704
936339,0.061058704
936340,0.061058704
936341,0.061058704
936359,0.026241772
936360,0.058796026
936361,0.058796026
936362,0.058796026
936363,0.058796026
936364,0.058796026
936373,0.026241772
936374,0.058796026
936375,0.058796026
936376,0.058796026
936377,0.058796026
936378,0.058796026
936379,0.058796026
936380,0.058796026
936381,0.058796026
936382,0.058796026
936395,0.026241772
936396,0.058796026
936397,0.058796026
936398,0.058796026
936399,0.058796026
936412,0.022340756
936413,0.04856448
936414,0.04856448
936415,0.04856448
936416,0.04856448
936427,0.022340756
936428,0.04856448
936429,0.04856448
936430,0.04856448
936431,0.04856448
936432,0.04856448
936450,0.022340756
936451,0.04856448
936452,0.04856448
936469,0.018945226
936470,0.041373372
936471,0.041373372
936472,0.041373372
936493,0.018945226
936494,0.041373372
936495,0.041373372
936496,0.041373372
936497,0.041373372
936509,0.018945226
936510,0.041373372
936511,0.041373372
936512,0.041373372
936513,0.041373372
936632,0.016659828
936649,0.021087239
936654,0.037563417
936655,0.058569122
936656,0.058569122
936657,0.058569122
936658,0.058569122
936681,0.037563417
936682,0.058569122
936683,0.058569122
936684,0.058569122
936685,0.058569122
936687,0.037563417
936688,0.058569122
936689,0.058569122
936690,0.030914191
936691,0.06708602
936692,0.06708602
936693,0.06708602
936694,0.06708602
936695,0.04393289
936696,0.06708602
936697,0.06708602
936698,0.06708602
936699,0.06708602
936700,0.06708602
936701,0.06708602
936702,0.06708602
936703,0.06708602
936704,0.06708602
936705,0.04849885
936706,0.07387237
936707,0.07387237
936708,0.07387237
936709,0.07387237
936710,0.07387237
936711,0.04849885
936712,0.07387237
936713,0.07387237
936714,0.07387237
936715,0.07387237
936716,0.07387237
936717,0.07387237
936718,0.07387237
936719,0.07387237
936720,0.07387237
936721,0.07387237
936722,0.07387237
936723,0.07387237
936724,0.07387237
936725,0.04849885
936726,0.07387237
936727,0.07387237
936728,0.07387237
936729,0.07387237
936730,0.07387237
936731,0.07387237
936732,0.07387237
936733,0.041852094
936734,0.061527334
936735,0.061527334
936736,0.061527334
936737,0.061527334
936738,0.061527334
936739,0.061527334
936740,0.061527334
936741,0.041852094
936742,0.061527334
936743,0.061527334
936744,0.061527334
936745,0.061527334
936746,0.061527334
936747,0.061527334
936867,0.0133072045
936904,0.024092078
936905,0.034905538
936906,0.034905538
936907,0.034905538
936908,0.034905538
936909,0.034905538
936923,0.024092078
936924,0.034905538
936925,0.034905538
936926,0.034905538
936927,0.034905538
936928,0.034905538
936935,0.024092078
936936,0.034905538
936937,0.034905538
936938,0.034905538
936939,0.034905538
936940,0.025635945
936941,0.037664864
936942,0.037664864
936943,0.037664864
936944,0.037664864
936945,0.037664864
936946,0.037664864
936947,0.037664864
936950,0.025635945
936951,0.037664864
936952,0.037664864
936953,0.037664864
936954,0.037664864
936955,0.037664864
936957,0.025635945
936958,0.037664864
936959,0.037664864
936960,0.037664864
936961,0.037664864
936962,0.037664864
936963,0.037664864
936964,0.037664864
936965,0.021792548
936966,0.03242761
936967,0.03242761
936968,0.03242761
936969,0.021792548
936970,0.03242761
936971,0.03242761
936972,0.03242761
936973,0.03242761
936974,0.03242761
936976,0.021792548
936977,0.03242761
936978,0.03242761
936979,0.03242761
936980,0.03242761
936981,0.03242761
936982,0.029021785
936983,0.044729978
936984,0.044729978
936985,0.044729978
936986,0.029021785
936987,0.044729978
936988,0.044729978
936989,0.044729978
936990,0.044729978
936991,0.044729978
936992,0.029021785
936993,0.044729978
936994,0.044729978
936995,0.044729978
936996,0.044729978
936997,0.044729978
936998,0.036324415
936999,0.054796495
937000,0.054796495
937001,0.054796495
937002,0.054796495
937003,0.036324415
937004,0.054796495
937005,0.054796495
937006,0.054796495
937007,0.054796495
937008,0.054796495
937009,0.054796495
937010,0.035874262
937011,0.054130282
937012,0.054130282
937013,0.054130282
937017,0.043241564
937018,0.06499398
937019,0.06499398
937020,0.06499398
937026,0.043241564
937027,0.06499398
937028,0.06499398
937029,0.06499398
937030,0.06499398
937031,0.043241564
937032,0.06499398
937033,0.06499398
937034,0.06499398
937035,0.06499398
937057,0.024002032
937058,0.04638661
937059,0.04638661
937060,0.04638661
937061,0.04638661
937062,0.04638661
937063,0.029699173
937064,0.042020693
937065,0.042020693
937066,0.042020693
937067,0.042020693
937068,0.042020693
937069,0.029699173
937070,0.042020693
937071,0.042020693
937072,0.042020693
937073,0.042020693
937074,0.029699173
937075,0.042020693
937076,0.042020693
937077,0.042020693
937078,0.042020693
937079,0.042020693
937081,0.027767403
937082,0.039517064
937083,0.039517064
937084,0.039517064
937085,0.039517064
937086,0.027767403
937097,0.0039276876
937098,0.008177728
937099,0.008177728
937100,0.008177728
937101,0.008177728
937102,0.008177728
937112,0.004279661
937113,0.009321217
937114,0.009321217
937115,0.009321217
937116,0.009321217
937117,0.009321217
937121,0.004279661
937122,0.009321217
937123,0.009321217
937124,0.009321217
937125,0.009321217
937126,0.009321217
937128,0.004279661
937129,0.009321217
937130,0.009321217
937131,0.009321217
937132,0.009321217
937133,0.009321217
937134,0.0039920793
937135,0.008631189
937136,0.008631189
937137,0.008631189
937251,0.018405197
937252,0.026197104
937253,0.026197104
937254,0.026197104
937255,0.026197104
937256,0.026197104
937257,0.026197104
937258,0.026197104
937259,0.026197104
937260,0.026197104
937261,0.026197104
937262,0.026197104
937263,0.026197104
937264,0.026197104
937265,0.026197104
937266,0.026197104
937267,0.026197104
937268,0.026197104
937269,0.026197104
937270,0.026197104
937271,0.026197104
937272,0.026197104
937273,0.026197104
937274,0.026197104
937275,0.026197104
937276,0.026197104
937277,0.026197104
937278,0.026197104
937279,0.026197104
937280,0.026197104
937281,0.026197104
937282,0.026197104
937283,0.026197104
937284,0.026197104
937302,0.0105882725
937303,0.022248562
937304,0.022248562
937367,0.018072877
937368,0.03244143
937369,0.03244143
937370,0.03244143
937371,0.014454576
937372,0.03244143
937373,0.03244143
937374,0.03244143
937429,0.011377949
937430,0.02534401
937431,0.02534401
937432,0.02534401
937467,0.012488987
937468,0.02534401
937469,0.02534401
937470,0.02534401
937478,0.012488987
937479,0.026460087
937480,0.026460087
937481,0.026460087
937482,0.026460087
937483,0.026460087
937484,0.014421457
937485,0.027257184
937486,0.027257184
937487,0.027257184
937488,0.027257184
937489,0.014421457
937490,0.027257184
937491,0.027257184
937492,0.027257184
937493,0.027257184
937494,0.027257184
937495,0.027257184
937496,0.014421457
937497,0.027257184
937498,0.027257184
937499,0.027257184
937500,0.027257184
937501,0.027257184
937506,0.01401178
937507,0.030034868
937508,0.030034868
937509,0.030034868
937510,0.030034868
937521,0.01401178
937522,0.030034868
937523,0.030034868
937524,0.030034868
937525,0.030034868
937526,0.030034868
937534,0.01401178
937535,0.030034868
937536,0.030034868
937537,0.030034868
937538,0.030034868
937545,0.01418561
937546,0.032196976
937547,0.032196976
937548,0.032196976
937549,0.032196976
937563,0.017174374
937564,0.035592366
937565,0.035592366
937566,0.035592366
937567,0.035592366
937568,0.035592366
937569,0.035592366
937570,0.014703129
937571,0.035592366
937572,0.035592366
937573,0.035592366
937574,0.035592366
937575,0.035592366
937576,0.035592366
937577,0.035592366
937639,0.031927854
937640,0.07276157
937641,0.07276157
937642,0.07276157
937643,0.07276157
937644,0.07276157
937650,0.029549414
937651,0.06730628
937652,0.06730628
937653,0.06730628
937654,0.06730628
937666,0.006341857
937667,0.009990374
937668,0.005325391
937669,0.009990374
937670,0.009990374
937671,0.009990374
937672,0.009990374
937677,0.0035170773
937845,0.01541059
937846,0.034571692
937847,0.034571692
937848,0.034571692
937849,0.034571692
937850,0.034571692
937861,0.016006667
937862,0.034571692
937863,0.034571692
937864,0.034571692
937865,0.034571692
937866,0.034571692
937867,0.034571692
937868,0.034571692
937869,0.034571692
937870,0.034571692
937871,0.034571692
937872,0.034571692
937873,0.034571692
937874,0.034571692
937875,0.034571692
937876,0.034571692
937877,0.034571692
937878,0.034571692
937879,0.034571692
937880,0.034571692
937881,0.034571692
937882,0.034571692
937883,0.034571692
937884,0.034571692
937899,0.016006667
937900,0.034571692
937901,0.034571692
937902,0.034571692
937903,0.034571692
937911,0.01171976
937912,0.024836317
937913,0.024836317
937914,0.024836317
937919,0.01171976
937920,0.024836317
937921,0.024836317
937922,0.024836317
937923,0.024836317
937933,0.01171976
937934,0.024836317
937935,0.024836317
937936,0.024836317
937937,0.024836317
937945,0.011852959
937946,0.0240432
937947,0.0240432
937948,0.0240432
937949,0.0240432
937950,0.0240432
937954,0.011852959
937955,0.0240432
937956,0.0240432
937957,0.0240432
937958,0.0240432
937964,0.011852959
937965,0.0240432
937966,0.0240432
937967,0.0240432
937968,0.0240432
937969,0.0240432
937970,0.0240432
937979,0.0059802593
937987,0.0059802593
938028,0.01111861
938029,0.023339225
938030,0.023339225
938031,0.023339225
938032,0.023339225
938033,0.023339225
938098,0.0074069635
938099,0.013865402
938100,0.013865402
938101,0.013865402
938102,0.013865402
938103,0.0063761678
938104,0.013476084
938110,0.0063761678
938111,0.013476084
938116,0.0063761678
938117,0.013476084
938118,0.013476084
938119,0.013476084
938125,0.0061078123
938126,0.011716265
938127,0.011716265
938128,0.011716265
938129,0.011716265
938130,0.011716265
938131,0.011716265
938132,0.0061078123
938133,0.011716265
938134,0.011716265
938135,0.011716265
938136,0.011716265
938137,0.0061078123
938138,0.011716265
938139,0.011716265
938140,0.011716265
938141,0.0059999917
938245,0.021621434
938246,0.024806118
938247,0.04225361
938248,0.04225361
938249,0.04225361
938250,0.01817347
938251,0.03979738
938252,0.03979738
938253,0.03979738
938254,0.03979738
938257,0.01817347
938473,0.011036911
938474,0.031270154
938475,0.031270154
938476,0.031270154
938477,0.031270154
938481,0.014085092
938482,0.031270154
938483,0.031270154
938547,0.014546505
938548,0.021994015
938549,0.021994015
938550,0.021994015
938553,0.013235793
938554,0.02793582
938555,0.02793582
938556,0.02793582
938557,0.02793582
938560,0.013235793
938561,0.02793582
938562,0.02793582
938563,0.02793582
938565,0.013235793
938566,0.02793582
938567,0.02793582
938568,0.02793582
938569,0.02793582
938570,0.02793582
938571,0.02793582
938572,0.0137044685
938573,0.027495665
938574,0.027495665
938576,0.017057106
938577,0.037320368
938578,0.037320368
938579,0.037320368
938580,0.037320368
938581,0.022077749
938582,0.037320368
938590,0.01706451
938591,0.037320368
938592,0.037320368
938593,0.037320368
938594,0.037320368
938595,0.037320368
938612,0.01706451
938613,0.037320368
938660,0.015325699
938661,0.033455566
938662,0.033455566
938663,0.033455566
938675,0.01292992
938676,0.025529524
938677,0.025529524
938678,0.025529524
938688,0.01292992
938689,0.025529524
938702,0.01292992
938703,0.025529524
938728,0.010090495
938783,0.0077397297
938784,0.007799377
938785,0.017665718
938786,0.017665718
938787,0.017665718
938788,0.007799377
938789,0.017665718
938790,0.017665718
938791,0.017665718
938874,0.022292607
938875,0.04929433
938876,0.04929433
938877,0.04929433
938878,0.04929433
938879,0.04929433
938892,0.021635314
938893,0.04929433
938894,0.04929433
938895,0.04929433
938896,0.04929433
938897,0.04929433
938905,0.021635314
938906,0.04929433
938907,0.04929433
938908,0.04929433
938914,0.018350713
938915,0.04018112
938916,0.04018112
938917,0.04018112
938918,0.018350713
938919,0.04018112
938930,0.016729582
938953,0.005853098
938954,0.0118049625
938955,0.0118049625
938959,0.0067280536
938960,0.0118049625
938961,0.0118049625
938962,0.0118049625
938963,0.0073098466
938964,0.011059026
938965,0.011059026
938966,0.0073098466
938967,0.011059026
938968,0.011059026
938969,0.011059026
938970,0.011059026
938971,0.0073098466
938972,0.011059026
938973,0.011059026
938974,0.011059026
938975,0.011059026
938977,0.013666673
938978,0.02581939
938979,0.02581939
938980,0.013666673
938981,0.02581939
938982,0.02581939
938983,0.02581939
938984,0.02581939
938985,0.013666673
938986,0.02581939
938987,0.02581939
938988,0.02581939
938989,0.02581939
938992,0.015181263
938993,0.0299618
938994,0.0299618
938995,0.0299618
938996,0.0299618
939002,0.015181263
939003,0.0299618
939004,0.0299618
939012,0.011608189
939013,0.027242983
939014,0.027242983
939015,0.027242983
939016,0.014015448
939017,0.027242983
939018,0.027242983
939019,0.027242983
939020,0.027242983
939021,0.027242983
939025,0.014015448
939026,0.027242983
939027,0.027242983
939028,0.027242983
939029,0.027242983
939030,0.027242983
939031,0.027242983
939032,0.027242983
939040,0.012138236
939041,0.022796247
939042,0.022796247
939043,0.022796247
939044,0.022796247
939045,0.022796247
939051,0.012138236
939052,0.022796247
939053,0.022796247
939054,0.022796247
939055,0.022796247
939056,0.022796247
939058,0.012138236
939059,0.022796247
939060,0.022796247
939061,0.022796247
939062,0.022796247
939063,0.022796247
939064,0.022796247
939065,0.010800654
939066,0.019840322
939067,0.019840322
939068,0.019840322
939069,0.019840322
939070,0.019840322
939075,0.010800654
939076,0.017220821
939077,0.03768592
939078,0.03768592
939079,0.03768592
939080,0.03768592
939081,0.03768592
939082,0.03768592
939084,0.013349795
939085,0.027203249
939088,0.013349795
939089,0.027203249
939090,0.027203249
939091,0.027203249
939092,0.027203249
939093,0.027203249
939094,0.027203249
939097,0.017101005
939098,0.031283785
939099,0.031283785
939100,0.031283785
939101,0.031283785
939102,0.031283785
939103,0.031283785
939104,0.031283785
939105,0.031283785
939106,0.031283785
939107,0.031283785
939108,0.031283785
939109,0.031283785
939110,0.031283785
939113,0.016985804
939114,0.031283785
939115,0.031283785
939116,0.031283785
939117,0.031283785
939118,0.031283785
939119,0.031283785
939120,0.031283785
939121,0.031283785
939122,0.031283785
939123,0.016985804
939124,0.031283785
939125,0.031283785
939126,0.031283785
939127,0.031283785
939129,0.009930074
939130,0.015900578
939131,0.015900578
939132,0.015900578
939133,0.015900578
939134,0.015900578
939135,0.015900578
939136,0.015900578
939138,0.009930074
939139,0.015900578
939140,0.015900578
939141,0.015900578
939142,0.015900578
939143,0.015900578
939153,0.009930074
939154,0.015900578
939155,0.015900578
939156,0.015900578
939157,0.015900578
939158,0.015900578
939159,0.015900578
939160,0.015900578
939166,0.01199489
939167,0.0174261
939168,0.0174261
939169,0.0174261
939170,0.0174261
939177,0.01199489
939178,0.0174261
939179,0.0174261
939180,0.0174261
939181,0.0174261
939182,0.0174261
939183,0.0174261
939188,0.01199489
939189,0.0174261
939190,0.0174261
939191,0.0174261
939192,0.0174261
939193,0.0174261
939202,0.012029369
939203,0.017343227
939204,0.017343227
939205,0.017343227
939206,0.017343227
939207,0.017343227
939208,0.017343227
939209,0.017343227
939222,0.012029369
939223,0.017343227
939224,0.017343227
939225,0.017343227
939239,0.012029369
939240,0.017343227
939241,0.017343227
939242,0.017343227
939251,0.011742486
939252,0.016916864
939253,0.016916864
939254,0.016916864
939255,0.017329823
939434,0.017675508
939435,0.045943692
939436,0.045943692
939437,0.045943692
939448,0.02664989
939449,0.045943692
939450,0.045943692
939451,0.045943692
939452,0.045943692
939469,0.024971489
939470,0.04124841
939471,0.04124841
939472,0.04124841
939478,0.024971489
939479,0.04124841
939480,0.04124841
939481,0.04124841
939482,0.04124841
939483,0.04124841
939484,0.04124841
939485,0.04124841
939487,0.024971489
939488,0.04124841
939489,0.04124841
939490,0.04124841
939491,0.04124841
939508,0.025522605
939509,0.042763133
939510,0.042763133
939511,0.042763133
939512,0.042763133
939550,0.025522605
939551,0.042763133
939552,0.042763133
939553,0.042763133
939554,0.042763133
939555,0.042763133
939568,0.025522605
939569,0.042763133
939570,0.042763133
939571,0.042763133
939572,0.042763133
939573,0.042763133
939574,0.042763133
939575,0.042763133
939576,0.042763133
939577,0.042763133
939578,0.042763133
939585,0.023672136
939586,0.04014369
939587,0.04014369
939588,0.04014369
939589,0.04014369
939590,0.04014369
939591,0.04014369
939592,0.04014369
939593,0.04014369
939594,0.04014369
939595,0.04014369
939596,0.04014369
939601,0.023672136
939602,0.04014369
939603,0.04014369
939604,0.04014369
939605,0.04014369
939611,0.023672136
939612,0.04014369
939613,0.04014369
939614,0.04014369
939615,0.04014369
939616,0.04014369
939622,0.028541699
939623,0.050129447
939624,0.050129447
939625,0.050129447
939626,0.050129447
939627,0.050129447
939628,0.050129447
939629,0.050129447
939638,0.028541699
939639,0.050129447
939640,0.050129447
939641,0.050129447
939642,0.050129447
939700,0.02412588
939704,0.029472603
939705,0.05580377
939706,0.05580377
939707,0.05580377
939708,0.05580377
939709,0.05580377
939710,0.05580377
939711,0.05580377
939713,0.029472603
939714,0.05580377
939715,0.05580377
939716,0.05580377
939717,0.05580377
939718,0.05580377
939719,0.05580377
939720,0.05580377
939721,0.05580377
939722,0.05580377
939758,0.0093729785
939759,0.0066787056
939760,0.013891192
939761,0.013891192
939762,0.013891192
939763,0.013891192
939764,0.0066787056
939765,0.013891192
939766,0.013891192
939767,0.013891192
939768,0.013891192
939769,0.008585777
939770,0.01523126
939862,0.012125932
939863,0.04008415
939864,0.04008415
939865,0.04008415
939866,0.04008415
939884,0.024323944
939885,0.04008415
939886,0.04008415
939887,0.04008415
939904,0.02478398
939905,0.04026842
939906,0.04026842
939907,0.04026842
939919,0.02478398
939920,0.04026842
939921,0.04026842
939922,0.04026842
939942,0.02478398
939943,0.04026842
939944,0.04026842
939945,0.04026842
939955,0.02637099
939956,0.043432612
939957,0.043432612
939958,0.043432612
939959,0.043432612
939960,0.043432612
939961,0.043432612
939962,0.043432612
939963,0.043432612
939964,0.043432612
939965,0.043432612
939966,0.043432612
939967,0.043432612
939994,0.018271048
939995,0.047850713
939996,0.047850713
939997,0.047850713
939998,0.047850713
939999,0.047850713
940000,0.047850713
940007,0.027678952
940008,0.047850713
940009,0.047850713
940090,0.022884363
940091,0.0595519
940092,0.0595519
940093,0.0595519
940094,0.0595519
940095,0.0595519
940096,0.0595519
940097,0.0595519
940098,0.0595519
940099,0.0595519
940100,0.0595519
940101,0.0595519
940102,0.0595519
940103,0.0595519
940104,0.0595519
940105,0.0595519
940106,0.0595519
940107,0.0595519
940108,0.0595519
940109,0.0595519
940110,0.0595519
940111,0.0595519
940112,0.0595519
940113,0.0595519
940114,0.0595519
940115,0.0595519
940116,0.0595519
940117,0.0595519
940118,0.0595519
940186,0.01506125
940187,0.04334776
940198,0.024478413
940199,0.040768426
940200,0.040768426
940201,0.040768426
940202,0.040768426
940203,0.040768426
940216,0.024478413
940217,0.040768426
940218,0.040768426
940219,0.040768426
940220,0.040768426
940241,0.024478413
940242,0.040768426
940243,0.040768426
940244,0.040768426
940245,0.040768426
940246,0.040768426
940247,0.026795147
940248,0.05411589
940249,0.05411589
940250,0.05411589
940251,0.05411589
940252,0.05411589
940263,0.026795147
940264,0.05411589
940265,0.05411589
940266,0.05411589
940267,0.05411589
940268,0.05411589
940269,0.05411589
940270,0.05411589
940287,0.026795147
940288,0.05411589
940289,0.05411589
940296,0.007533741
940297,0.0156384
940298,0.0156384
940299,0.0156384
940309,0.007533741
940310,0.0156384
940311,0.0156384
940312,0.0156384
940313,0.0156384
940317,0.007533741
940318,0.0156384
940319,0.0156384
940320,0.0156384
940328,0.0029093123
940329,0.007583361
940330,0.007583361
940331,0.007583361
940332,0.007583361
940357,0.0029093123
940358,0.007583361
940359,0.007583361
940360,0.007583361
940378,0.0029093123
940379,0.007583361
940380,0.007583361
940402,0.0038908066
940403,0.008644464
940404,0.008644464
940405,0.008644464
940406,0.008644464
940407,0.008644464
940410,0.0038908066
940411,0.008644464
940434,0.016564157
940435,0.030742723
940436,0.030742723
940437,0.030742723
940463,0.0055317953
940464,0.008084417
940465,0.008084417
940466,0.008084417
940467,0.008084417
940468,0.004409651
940469,0.008084417
940470,0.008084417
940471,0.008084417
940472,0.008084417
940473,0.008084417
940478,0.004754717
940479,0.008154871
940480,0.008154871
940485,0.004754717
940486,0.008154871
940487,0.008154871
940488,0.008154871
940540,0.0045997174
940650,0.013114851
940651,0.029096402
940652,0.029096402
940656,0.013241893
940657,0.029096402
940694,0.010126176
940695,0.025106536
940700,0.012146449
940739,0.010351559
940740,0.023271887
940741,0.023271887
940742,0.023271887
940743,0.023271887
940760,0.011241879
940761,0.023271887
940762,0.023271887
940763,0.023271887
940776,0.011241879
940777,0.023271887
940778,0.023271887
940916,0.011568259
940922,0.009973334
940923,0.024777569
940924,0.024777569
940925,0.024777569
940926,0.024777569
940927,0.024777569
940928,0.024777569
940929,0.024777569
940930,0.024777569
940931,0.024777569
940932,0.024777569
940933,0.024777569
940934,0.024777569
940935,0.024777569
940936,0.024777569
940937,0.024777569
940938,0.024777569
940939,0.024777569
940940,0.024777569
940941,0.024777569
940950,0.022397531
940951,0.051253065
940961,0.022397531
941010,0.0034651437
941011,0.0046364865
941012,0.0046364865
941013,0.0046364865
941044,0.012956653
941067,0.012451066
941068,0.02828401
941069,0.02828401
941070,0.02828401
941071,0.02828401
941072,0.02828401
941073,0.02828401
941074,0.02828401
941075,0.02828401
941076,0.02828401
941077,0.02828401
941078,0.02828401
941079,0.02828401
941080,0.02828401
941081,0.02828401
941082,0.02828401
941083,0.02828401
941084,0.02828401
941085,0.02828401
941086,0.02828401
941087,0.02828401
941088,0.02828401
941089,0.02828401
941090,0.02828401
941091,0.02828401
941092,0.02828401
941093,0.02828401
941094,0.02828401
941095,0.02828401
941111,0.012920151
941112,0.02828401
941113,0.02828401
941114,0.02828401
941115,0.026902184
941116,0.026902184
941117,0.026902184
941118,0.026902184
941119,0.026902184
941120,0.026902184
941121,0.026902184
941122,0.026902184
941123,0.026902184
941124,0.026902184
941125,0.026902184
941126,0.026902184
941127,0.026902184
941163,0.01163256
941164,0.029726911
941165,0.029726911
941176,0.013970771
941177,0.029726911
941178,0.029726911
941179,0.029726911
941180,0.029726911
941181,0.007845545
941182,0.016096951
941183,0.016096951
941184,0.016096951
941189,0.007845545
941190,0.016096951
941191,0.016096951
941192,0.016096951
941193,0.016096951
941194,0.016096951
941198,0.007845545
941199,0.016096951
941200,0.016096951
941201,0.016096951
941202,0.016096951
941203,0.016096951
941206,0.003863371
941207,0.009930566
941208,0.009930566
941209,0.009930566
941210,0.009930566
941211,0.009930566
941212,0.003863371
941213,0.009930566
941214,0.009930566
941215,0.009930566
941216,0.009930566
941217,0.003863371
941218,0.009930566
941219,0.009930566
941220,0.009930566
941221,0.004222413
941222,0.009550721
941223,0.009550721
941224,0.009550721
941225,0.009550721
941226,0.009550721
941231,0.004222413
941311,0.008440601
941312,0.017464366
941313,0.017464366
941314,0.017464366
941315,0.017464366
941316,0.017464366
941317,0.017464366
941318,0.017464366
941319,0.017464366
941320,0.017464366
941327,0.0072965478
941328,0.017464366
941329,0.017464366
941330,0.017464366
941331,0.017464366
941332,0.017464366
941333,0.017464366
941334,0.017464366
941349,0.0045782626
941350,0.013599231
941351,0.013599231
941352,0.013599231
941353,0.013599231
941354,0.013599231
941355,0.013599231
941363,0.006678297
941364,0.013599231
941365,0.013599231
941366,0.013599231
941374,0.0045915246
941375,0.00845632
941376,0.00845632
941377,0.00845632
941378,0.00845632
941379,0.0045915246
941380,0.00845632
941381,0.00845632
941382,0.00845632
941383,0.00845632
941387,0.0045915246
941388,0.00845632
941389,0.00845632
941390,0.00845632
941395,0.0042297794
941396,0.008217614
941397,0.008217614
941398,0.008217614
941399,0.008217614
941405,0.0042297794
941406,0.008217614
941407,0.008217614
941408,0.008217614
941409,0.008217614
941412,0.0042297794
941413,0.0092473
941414,0.0092473
941415,0.0092473
941416,0.0092473
941420,0.005197254
941421,0.009049164
941422,0.009049164
941423,0.009049164
941424,0.009049164
941425,0.005197254
941426,0.009049164
941427,0.009049164
941428,0.009049164
941429,0.005197254
941430,0.009049164
941431,0.009049164
941432,0.009049164
941433,0.009049164
941434,0.009049164
941446,0.0051054196
941471,0.0034987454
941472,0.004132867
941473,0.0066830153
941474,0.0066830153
941475,0.0066830153
941476,0.004132867
941477,0.0066830153
941478,0.0066830153
941479,0.0066830153
941480,0.0066830153
941481,0.0066830153
941482,0.0066830153
941618,0.01634616
941619,0.032350406
941620,0.032350406
941621,0.032350406
941622,0.032350406
941623,0.032350406
941624,0.032350406
941625,0.032350406
941626,0.032350406
941627,0.032350406
941628,0.032350406
941629,0.032350406
941630,0.032350406
941631,0.032350406
941632,0.032350406
941633,0.032350406
941634,0.032350406
941635,0.032350406
941636,0.032350406
941637,0.032350406
941638,0.032350406
941639,0.032350406
941640,0.032350406
941641,0.032350406
941642,0.032350406
941643,0.032350406
941644,0.032350406
941645,0.032350406
941646,0.032350406
941647,0.032350406
941648,0.032350406
941649,0.032350406
941650,0.032350406
941653,0.0072101085
941654,0.0154030165
941655,0.0154030165
941673,0.008198003
941674,0.0154030165
941675,0.0154030165
941678,0.0037680692
941679,0.0037680692
941680,0.010076593
941681,0.010076593
941682,0.010076593
941684,0.0037680692
941685,0.010076593
941686,0.010076593
941687,0.010076593
941688,0.004118291
941702,0.008264889
941703,0.016229732
941704,0.016229732
941705,0.016229732
941774,0.00693036
941775,0.01028337
941776,0.01028337
941780,0.0054483395
941781,0.01028337
941782,0.01028337
941783,0.01028337
941784,0.01028337
941785,0.0058794767
941786,0.01006325
941787,0.01006325
941788,0.01006325
941789,0.01006325
941790,0.01006325
941810,0.0058794767
941811,0.01006325
941812,0.01006325
941813,0.01006325
941814,0.01006325
941866,0.00664667
941870,0.005538462
941871,0.008735911
941872,0.008735911
941873,0.008735911
941874,0.008735911
941875,0.008735911
941878,0.0046190773
941879,0.007371284
941880,0.007371284
941881,0.007371284
941882,0.007371284
941883,0.0046190773
941884,0.007371284
941885,0.007371284
941886,0.007371284
941897,0.0137965195
941898,0.03027182
941899,0.012541241
941900,0.03027182
942005,0.010803094
942006,0.025389796
942007,0.025389796
942008,0.025389796
942027,0.016071077
942028,0.03363956
942029,0.03363956
942030,0.03363956
942031,0.03363956
942032,0.03363956
942046,0.016071077
942047,0.03363956
942048,0.03363956
942049,0.03363956
942050,0.03363956
942062,0.016071077
942063,0.03363956
942064,0.03363956
942065,0.03363956
942066,0.03363956
942072,0.006875382
942073,0.0153024085
942074,0.0153024085
942075,0.0153024085
942076,0.0153024085
942077,0.0153024085
942081,0.006875382
942082,0.0153024085
942083,0.0153024085
942084,0.0153024085
942087,0.006875382
942088,0.0153024085
942089,0.0153024085
942090,0.0153024085
942098,0.0037391381
942099,0.009911925
942100,0.009911925
942101,0.009911925
942102,0.009911925
942103,0.009911925
942104,0.009911925
942105,0.009911925
942106,0.009911925
942107,0.009911925
942173,0.016313149
942204,0.008030157
942205,0.0094200885
942212,0.0051383316
942213,0.008285535
942214,0.008285535
942215,0.008285535
942216,0.008285535
942217,0.008285535
942229,0.0051383316
942230,0.008285535
942238,0.00516867
942239,0.0072669494
942240,0.0072669494
942241,0.0072669494
942242,0.0072669494
942243,0.0052277874
942244,0.0072669494
942245,0.00936857
942246,0.016321292
942255,0.00936857
942256,0.016321292
942257,0.016321292
942258,0.016321292
942272,0.00936857
942273,0.016321292
942274,0.016321292
942275,0.016321292
942276,0.016321292
942277,0.016321292
942291,0.009696221
942292,0.017676188
942293,0.017676188
942294,0.017676188
942295,0.017676188
942296,0.017676188
942308,0.009696221
942309,0.017676188
942310,0.017676188
942311,0.017676188
942312,0.017676188
942321,0.009696221
942322,0.017676188
942323,0.017676188
942324,0.017676188
942335,0.008632372
942336,0.015491716
942337,0.015491716
942338,0.015491716
942339,0.015491716
942340,0.015491716
942350,0.008632372
942351,0.015491716
942352,0.015491716
942358,0.008632372
942359,0.015491716
942360,0.015491716
942366,0.0076088035
942367,0.013175378
942368,0.013175378
942369,0.013175378
942370,0.013175378
942371,0.013175378
942462,0.010783367
942463,0.011673244
942464,0.027413955
942465,0.027413955
942466,0.027413955
942484,0.012245497
942485,0.027413955
942486,0.027413955
942487,0.027413955
942575,0.0060952683
942839,0.01649416
942848,0.02724927
942849,0.049792733
942850,0.049792733
942851,0.049792733
942852,0.049792733
942853,0.02724927
942854,0.049792733
942855,0.049792733
942856,0.049792733
942857,0.049792733
942861,0.035375845
942862,0.06310117
942863,0.06310117
942864,0.06310117
942865,0.06310117
942866,0.06310117
942875,0.035375845
942876,0.06310117
942877,0.06310117
942878,0.06310117
942879,0.06310117
942880,0.06310117
942902,0.035375845
942903,0.06310117
942904,0.06310117
942905,0.06310117
942906,0.06310117
942907,0.06310117
942908,0.06310117
942914,0.03414836
942915,0.06097248
942916,0.06097248
942917,0.06097248
942918,0.06097248
942919,0.06097248
942920,0.06097248
942931,0.03414836
942932,0.06097248
942933,0.06097248
942934,0.06097248
942935,0.06097248
942936,0.06097248
942937,0.06097248
942948,0.03414836
942949,0.06097248
942950,0.06097248
942951,0.06097248
942952,0.06097248
942953,0.06097248
942954,0.06097248
942966,0.026160453
942967,0.045180198
942968,0.045180198
942969,0.045180198
942970,0.045180198
943380,0.014192259
943381,0.051994924
943382,0.051994924
943383,0.051994924
943397,0.028968025
943398,0.051994924
943399,0.051994924
943419,0.028222596
943420,0.0702067
943421,0.0702067
943430,0.040153842
943450,0.02931485
943451,0.06818414
943461,0.038960785
943462,0.06818414
943463,0.06818414
943464,0.06818414
943465,0.06818414
943466,0.06818414
943467,0.06818414
943469,0.028699188
943470,0.04866202
943471,0.04866202
943472,0.04866202
943473,0.04866202
943474,0.04866202
943475,0.04866202
943477,0.028699188
943478,0.04866202
943479,0.04866202
943480,0.04866202
943481,0.04866202
943482,0.04866202
943483,0.028699188
943484,0.04866202
943485,0.04866202
943486,0.04866202
943487,0.04866202
943488,0.04866202
943489,0.04866202
943490,0.04866202
943495,0.021816108
943496,0.036152735
943497,0.036152735
943498,0.036152735
943499,0.036152735
943500,0.036152735
943504,0.015270884
943505,0.036152735
943506,0.036152735
943507,0.036152735
943508,0.036152735
943509,0.036152735
943511,0.020775834
943512,0.034626503
943513,0.034626503
943514,0.034626503
943515,0.034626503
943516,0.020775834
943517,0.034626503
943518,0.034626503
943519,0.034626503
943528,0.020775834
943529,0.034626503
943530,0.034626503
943531,0.034626503
943532,0.034626503
943533,0.034626503
943543,0.018840449
943544,0.038300864
943545,0.038300864
943546,0.038300864
943547,0.038300864
943560,0.018840449
943561,0.038300864
943562,0.038300864
943570,0.0058392547
943571,0.01264923
943572,0.01264923
943579,0.0060988916
943580,0.01264923
943581,0.01264923
943582,0.01264923
943586,0.0060988916
943587,0.01264923
943588,0.01264923
943690,0.012876845
943691,0.026434261
943692,0.026434261
943693,0.026434261
943694,0.026434261
943695,0.026434261
943696,0.011005357
943697,0.023838324
943698,0.023838324
943699,0.023838324
943700,0.023838324
943718,0.011005357
943719,0.023838324
943720,0.023838324
943728,0.011005357
943729,0.023838324
943731,0.004594553
943732,0.010674373
943733,0.010674373
943734,0.010674373
943746,0.004594553
943747,0.010674373
943748,0.010674373
943749,0.010674373
943750,0.010674373
943775,0.004594553
943776,0.010674373
943777,0.010674373
943778,0.010674373
943779,0.010674373
943791,0.006269807
943792,0.014695622
943793,0.014695622
943794,0.014695622
943801,0.006269807
943802,0.014695622
943803,0.014695622
943804,0.014695622
943805,0.014695622
943806,0.014695622
943833,0.006269807
943834,0.023563271
943835,0.023563271
943836,0.014695622
943837,0.014695622
943838,0.014695622
943839,0.014695622
943855,0.005189415
943856,0.012270917
943857,0.012270917
943858,0.012270917
943859,0.012270917
943860,0.012270917
943879,0.005189415
943880,0.012270917
943881,0.012270917
943882,0.012270917
943883,0.012270917
943884,0.012270917
943891,0.005189415
943892,0.012270917
943893,0.012270917
943894,0.012270917
943898,0.004335794
943899,0.009879105
943900,0.009879105
943901,0.009879105
943902,0.009879105
943903,0.009879105
943911,0.004335794
943912,0.009879105
943913,0.009879105
943914,0.009879105
943915,0.009879105
943916,0.009879105
943932,0.004335794
943933,0.009879105
943934,0.009879105
943935,0.009879105
943936,0.009879105
943937,0.009879105
943938,0.009879105
943950,0.006877554
943951,0.015824918
943952,0.015824918
943953,0.015824918
943954,0.015824918
943966,0.006877554
943973,0.013188112
943974,0.023140496
943975,0.023140496
943976,0.023140496
943977,0.023140496
943978,0.023140496
943979,0.023140496
943980,0.023140496
943981,0.023140496
943982,0.023140496
943983,0.023140496
943984,0.023140496
943985,0.023140496
943986,0.023140496
943987,0.023140496
944011,0.011845092
944012,0.024438621
944013,0.024438621
944014,0.024438621
944015,0.024438621
944016,0.010170988
944025,0.01232466
944026,0.024438621
944027,0.024438621
944035,0.01127734
944036,0.021489814
944037,0.021489814
944038,0.021489814
944039,0.021489814
944085,0.0099066
944091,0.010580498
944255,0.004320278
944256,0.0071230037
944257,0.0071230037
944258,0.0071230037
944259,0.0071230037
944260,0.0071230037
944269,0.004321671
944270,0.0077144224
944287,0.0036472448
944288,0.0040397043
944289,0.006600278
944290,0.006600278
944291,0.006600278
944293,0.0040397043
944294,0.006600278
944295,0.006600278
944296,0.006600278
944301,0.0024499344
944302,0.0045104627
944303,0.0045104627
944304,0.002973347
944305,0.0045104627
944306,0.0045104627
944307,0.0045104627
944358,0.012263834
944378,0.012254017
944379,0.02395389
944380,0.02395389
944553,0.0106828315
944554,0.022794943
944555,0.022794943
944565,0.012085409
944568,0.008264845
944569,0.01559474
944570,0.01559474
944624,0.010419342
944625,0.007855402
944626,0.017287971
944627,0.017287971
944628,0.017287971
944629,0.017287971
944630,0.017287971
944677,0.0054837354
944678,0.007975271
944679,0.007975271
944680,0.007975271
944684,0.0042387843
944685,0.007975271
944686,0.007975271
944687,0.007975271
944688,0.007975271
944689,0.007975271
944690,0.007975271
944701,0.004574648
944702,0.007804168
944703,0.007804168
944704,0.007804168
944717,0.004574648
944718,0.007804168
944719,0.007804168
944720,0.007804168
944728,0.004574648
944729,0.007804168
944730,0.007804168
944738,0.0044937655
944739,0.0070624375
944740,0.0070624375
944743,0.0030880796
944744,0.0070624375
944745,0.0036373017
944746,0.005761664
944747,0.005761664
944748,0.005761664
944750,0.0036373017
944751,0.005761664
944759,0.007132929
944765,0.0072482424
944766,0.010085582
944767,0.010085582
944768,0.010085582
944769,0.010085582
944774,0.0064969957
944775,0.011177857
944776,0.011177857
944777,0.011177857
944778,0.011177857
944779,0.011254611
944780,0.011254611
944781,0.006541827
944782,0.011254611
944783,0.011254611
944784,0.011254611
944785,0.006541827
944786,0.011254611
944787,0.011254611
944788,0.011254611
944789,0.011254611
944807,0.012245041
944808,0.023513578
944809,0.023513578
944810,0.023513578
944811,0.023513578
944812,0.011153008
944813,0.011153008
944814,0.023513578
944843,0.012245041
944844,0.023513578
944845,0.023513578
944846,0.023513578
944847,0.023513578
944853,0.012245041
944854,0.012849847
944859,0.012849847
944987,0.00801993
944988,0.010640863
944989,0.0043203086
944990,0.010640863
944991,0.010640863
944993,0.0043203086
944994,0.010640863
944995,0.010640863
944996,0.010640863
944997,0.004721606
944998,0.01023414
944999,0.01023414
945005,0.004721606
945006,0.01023414
945007,0.01023414
945008,0.01023414
945009,0.01023414
945010,0.01023414
945015,0.004721606
945016,0.01023414
945017,0.01023414
945018,0.01023414
945020,0.004451075
945021,0.009576987
945022,0.009576987
945023,0.009576987
945024,0.004451075
945112,0.014943625
945113,0.029488128
945114,0.029488128
945115,0.029488128
945117,0.013522248
945118,0.029488128
945119,0.029488128
945120,0.029488128
945121,0.029488128
945122,0.029488128
945129,0.013522248
945130,0.029488128
945131,0.029488128
945132,0.029488128
945142,0.012530834
945143,0.026162282
945144,0.026162282
945145,0.026162282
945146,0.026162282
945147,0.026162282
945157,0.012530834
945158,0.026162282
945159,0.026162282
945275,0.018806595
945276,0.025434583
945293,0.011486667
945294,0.02310034
945295,0.02310034
945296,0.02310034
945297,0.02310034
945298,0.02310034
945299,0.02310034
945310,0.012134862
945311,0.02438946
945312,0.02438946
945326,0.012054483
945327,0.02438946
945350,0.012054483
945351,0.02438946
945352,0.02438946
945353,0.02438946
945369,0.010443303
945370,0.021350602
945401,0.009686734
945402,0.021350602
945403,0.021350602
945404,0.021350602
945405,0.021350602
945416,0.011072239
945417,0.021067694
945418,0.021067694
945453,0.005721096
945464,0.004553803
945465,0.010467071
945466,0.010467071
945467,0.010467071
945468,0.010467071
945469,0.010467071
945558,0.017418206
945559,0.03531377
945560,0.03531377
945571,0.005183749
945572,0.010066633
945573,0.010066633
945589,0.0059417454
945590,0.010066633
945591,0.010066633
945592,0.010066633
945593,0.010066633
945609,0.0055657453
945610,0.008689999
945611,0.008689999
945612,0.008689999
945630,0.0055657453
945631,0.008689999
945701,0.008585286
945702,0.011488768
945703,0.011488768
945712,0.00760916
945713,0.011488768
945714,0.011488768
945715,0.011488768
945716,0.011488768
945717,0.011488768
945718,0.00760916
945729,0.01560456
945730,0.03254834
945731,0.03254834
945732,0.03254834
945733,0.03254834
945745,0.0119129345
945746,0.011572333
945747,0.026920017
945748,0.026920017
945749,0.026920017
945750,0.026920017
945751,0.013408295
945752,0.026920017
945753,0.026920017
945754,0.026920017
945755,0.026920017
945756,0.012457987
945761,0.0060599917
945762,0.015592208
945763,0.015592208
945764,0.015592208
945765,0.015592208
945772,0.0076520415
945773,0.020950684
945774,0.0126462225
945775,0.0126462225
945776,0.0126462225
945777,0.0126462225
945778,0.0126462225
945779,0.0126462225
945786,0.010327738
945787,0.020950684
945788,0.020950684
945789,0.020950684
945790,0.020950684
945791,0.020950684
945792,0.020950684
945793,0.020950684
945794,0.020950684
945795,0.020950684
945802,0.010327738
945803,0.020950684
945804,0.020950684
945805,0.020950684
945806,0.020950684
945811,0.009926516
945812,0.019526303
945813,0.019526303
945814,0.019526303
945815,0.019526303
945816,0.019526303
945824,0.009926516
945825,0.019526303
945826,0.019526303
945827,0.019526303
945828,0.019526303
945838,0.009926516
945839,0.019526303
945840,0.019526303
945841,0.019526303
945842,0.019526303
945843,0.019526303
945844,0.019526303
945845,0.019526303
945846,0.019526303
945847,0.019526303
945848,0.019526303
945849,0.019526303
945850,0.019526303
945851,0.019526303
945852,0.019526303
945853,0.019526303
945854,0.019526303
945855,0.019526303
945856,0.019526303
945857,0.019526303
945858,0.019526303
945859,0.019526303
945860,0.019526303
945861,0.019526303
945862,0.019526303
945872,0.009846931
945873,0.019694174
945874,0.019694174
945875,0.019694174
945876,0.019694174
945885,0.009846931
945886,0.019694174
945887,0.019694174
945959,0.00819615
945960,0.01689922
945961,0.01689922
945962,0.01689922
945963,0.01689922
945964,0.01689922
945965,0.01689922
945966,0.01689922
945967,0.01689922
945968,0.01689922
945969,0.01689922
945970,0.01689922
945971,0.01689922
945972,0.01689922
945973,0.01689922
945974,0.01689922
945975,0.01689922
945976,0.01689922
945977,0.01689922
945985,0.0106749525
945986,0.017547084
945987,0.017547084
945988,0.017547084
945989,0.017547084
945996,0.0106749525
945997,0.017547084
945998,0.017547084
945999,0.017547084
946000,0.017547084
946001,0.017547084
946002,0.017547084
946003,0.017547084
946004,0.017547084
946005,0.017547084
946006,0.017547084
946007,0.017547084
946008,0.017547084
946009,0.017547084
946010,0.017547084
946011,0.017547084
946012,0.017547084
946013,0.017547084
946014,0.017547084
946015,0.017547084
946016,0.017547084
946017,0.017547084
946018,0.017547084
946019,0.017547084
946020,0.017547084
946021,0.017547084
946022,0.017547084
946023,0.017547084
946024,0.017547084
946025,0.017547084
946026,0.017547084
946027,0.017547084
946028,0.017547084
946029,0.017547084
946030,0.017547084
946031,0.017547084
946032,0.017547084
946033,0.017547084
946034,0.017547084
946035,0.017547084
946036,0.017547084
946037,0.017547084
946223,0.012292441
946224,0.022093697
946225,0.022093697
946234,0.01103369
946235,0.022093697
946236,0.022093697
946237,0.022093697
946238,0.022093697
946239,0.0135496715
946240,0.027467074
946241,0.027467074
946242,0.040760037
946243,0.027467074
946244,0.040760037
946255,0.025315065
946256,0.040760037
946257,0.040760037
946258,0.040760037
946259,0.040760037
946268,0.025315065
946269,0.040760037
946270,0.040760037
946271,0.040760037
946272,0.040760037
946273,0.040760037
946274,0.040760037
946282,0.021737754
946283,0.035460465
946284,0.035460465
946285,0.035460465
946286,0.035460465
946287,0.035460465
946288,0.035460465
946289,0.035460465
946290,0.035460465
946291,0.035460465
946292,0.035460465
946293,0.035460465
946294,0.035460465
946295,0.035460465
946296,0.035460465
946302,0.021737754
946303,0.035460465
946304,0.035460465
946305,0.035460465
946306,0.035460465
946307,0.035460465
946308,0.035460465
946309,0.035460465
946310,0.035460465
946311,0.035460465
946312,0.035460465
946313,0.035460465
946314,0.035460465
946315,0.035460465
946316,0.035460465
946359,0.026454702
946360,0.046172947
946361,0.046172947
946362,0.046172947
946363,0.046172947
946375,0.029403398
946376,0.047230422
946377,0.047230422
946378,0.047230422
946379,0.05580466
946380,0.05580466
946381,0.05580466
946382,0.05580466
946383,0.05580466
946384,0.05580466
946385,0.05580466
946386,0.05580466
946387,0.05580466
946388,0.05580466
946389,0.05580466
946390,0.05580466
946391,0.05580466
946392,0.05580466
946399,0.019732047
946400,0.04129202
946401,0.04129202
946402,0.04129202
946403,0.04129202
946571,0.010741904
946572,0.01642244
946573,0.01642244
946574,0.01642244
946575,0.0054724216
946576,0.01048133
946577,0.01048133
946578,0.01048133
946579,0.01048133
946580,0.01048133
946581,0.0054724216
946582,0.01048133
946583,0.01048133
946584,0.01048133
946585,0.01048133
946586,0.01048133
946587,0.01048133
946588,0.01048133
946589,0.0054724216
946590,0.01048133
946591,0.01048133
946592,0.01048133
946593,0.01048133
946594,0.01048133
946595,0.0075147585
946596,0.01227216
946597,0.01227216
946598,0.01227216
946599,0.01227216
946600,0.01227216
946601,0.01227216
946602,0.0075147585
946603,0.01227216
946604,0.01227216
946605,0.01227216
946606,0.01227216
946607,0.01227216
946609,0.0075147585
946610,0.01227216
946611,0.01227216
946612,0.01227216
946613,0.01227216
946614,0.01227216
946615,0.01227216
946616,0.01227216
946617,0.01227216
946618,0.01227216
946619,0.01227216
946739,0.01401168
946740,0.029109111
946763,0.015364079
946764,0.029109111
946765,0.029109111
946766,0.029109111
946767,0.029109111
946783,0.013327825
946784,0.02436216
946785,0.02436216
946798,0.013327825
946799,0.02436216
946800,0.02436216
946801,0.02436216
946802,0.02436216
946815,0.013327825
946816,0.02436216
946817,0.02436216
946818,0.02436216
946819,0.02436216
946820,0.02436216
946821,0.02436216
946835,0.017432207
946836,0.028489184
946837,0.028489184
946838,0.028489184
946839,0.028489184
946840,0.028489184
946841,0.028489184
946849,0.017432207
946850,0.028489184
946851,0.028489184
946852,0.028489184
946875,0.013695828
946876,0.028181044
946877,0.028181044
946878,0.028181044
946879,0.028181044
946880,0.021443285
946881,0.028181044
946882,0.018184405
946883,0.028181044
946884,0.028181044
946885,0.028181044
946887,0.018184405
946888,0.028181044
946889,0.028181044
946890,0.028181044
946891,0.028181044
946894,0.016611045
946895,0.02589641
946896,0.02589641
946897,0.02589641
946898,0.02589641
946903,0.016611045
946904,0.02589641
946905,0.02589641
946911,0.016611045
946912,0.02589641
946913,0.02589641
946914,0.02589641
946915,0.02589641
946916,0.02589641
946922,0.015487753
946923,0.02947916
946924,0.02947916
946925,0.02947916
946926,0.02947916
946927,0.02947916
946928,0.02947916
946941,0.015487753
946942,0.02947916
946943,0.02947916
946944,0.02947916
946945,0.02947916
946946,0.02947916
946947,0.02947916
946955,0.015487753
946956,0.02947916
946957,0.02947916
946962,0.006245759
946963,0.011889484
946964,0.011889484
946965,0.011889484
946966,0.011889484
946967,0.011889484
946970,0.006245759
946971,0.011889484
946972,0.011889484
946990,0.011073758
946991,0.014231775
946992,0.014231775
946993,0.014231775
946994,0.014231775
946995,0.014231775
946996,0.006600878
946997,0.014231775
946998,0.014231775
946999,0.014231775
947000,0.014231775
947001,0.014231775
947002,0.014231775
947003,0.014231775
947004,0.014231775
947087,0.013371054
947088,0.025948757
947089,0.025948757
947090,0.025948757
947091,0.025948757
947092,0.025948757
947276,0.015140167
947277,0.024256311
947278,0.024256311
947279,0.024256311
947280,0.024256311
947281,0.024256311
947282,0.024256311
947283,0.024256311
947284,0.024256311
947285,0.024256311
947286,0.013069697
947287,0.024256311
947288,0.024256311
947289,0.013069697
947290,0.024256311
947291,0.024256311
947292,0.024256311
947293,0.024256311
947294,0.011827129
947295,0.021985553
947296,0.021985553
947297,0.021985553
947298,0.021985553
947299,0.011827129
947300,0.021985553
947301,0.021985553
947302,0.021985553
947303,0.021985553
947308,0.011827129
947309,0.021985553
947310,0.021985553
947311,0.021985553
947318,0.011866242
947319,0.021531234
947320,0.021531234
947321,0.021531234
947322,0.021531234
947323,0.021531234
947324,0.021531234
947325,0.021531234
947326,0.021531234
947327,0.021531234
947331,0.011866242
947332,0.021531234
947333,0.021531234
947334,0.021531234
947335,0.021531234
947336,0.021531234
947337,0.021531234
947389,0.008485428
947390,0.021321798
947391,0.021321798
947403,0.015392915
947404,0.03044563
947405,0.03044563
947406,0.03044563
947407,0.03044563
947408,0.013870481
947409,0.03044563
947410,0.03044563
947411,0.03044563
947412,0.03044563
947413,0.03044563
947414,0.03044563
947477,0.021109017
947478,0.05257896
947479,0.05257896
947480,0.025347594
947481,0.018257033
947482,0.038706794
947483,0.038706794
947484,0.038706794
947485,0.038706794
947486,0.038706794
947487,0.019407928
947488,0.039538994
947489,0.019407928
947490,0.039538994
947491,0.039538994
947569,0.015438391
947570,0.031360622
947571,0.031360622
947572,0.031360622
947573,0.015521677
947589,0.0139210615
947626,0.014347782
947627,0.028766427
947628,0.028766427
947629,0.028766427
947630,0.028766427
947631,0.028766427
947632,0.028766427
947651,0.015125009
947652,0.028766427
947653,0.028766427
947654,0.028766427
947655,0.028766427
947656,0.028766427
947657,0.028766427
947658,0.028766427
947659,0.028766427
947660,0.028766427
947661,0.028766427
947662,0.028766427
947663,0.028766427
947664,0.028766427
947665,0.028766427
947666,0.028766427
947682,0.013028005
947683,0.025042793
947684,0.025042793
947764,0.007839761
947765,0.016787449
947766,0.016787449
947767,0.016787449
947768,0.016787449
947769,0.016787449
947770,0.016787449
947771,0.016787449
947772,0.016787449
947773,0.016787449
947776,0.008940887
947777,0.016787449
947778,0.016787449
947779,0.016787449
947780,0.016787449
947781,0.016787449
947782,0.016787449
947800,0.012166101
947801,0.00917706
947802,0.020077806
947803,0.020077806
947829,0.0063810186
947830,0.009276432
947831,0.009276432
947832,0.009276432
947838,0.0049549965
947839,0.009276432
947840,0.009276432
947841,0.009276432
947842,0.009276432
947847,0.0049549965
947848,0.009276432
947849,0.009276432
947850,0.009276432
947853,0.0054494245
947862,0.0054494245
947863,0.009250363
947864,0.009250363
947871,0.0054494245
947872,0.009250363
947873,0.009250363
947874,0.009250363
947875,0.009250363
947928,0.0107297255
947929,0.013331643
947931,0.0077898297
947932,0.013331643
947933,0.013331643
947934,0.013331643
947935,0.013331643
947936,0.013331643
947937,0.0077898297
947938,0.013331643
947939,0.013331643
947940,0.013331643
947941,0.013331643
947942,0.013331643
947943,0.013331643
947944,0.0077826316
947945,0.013211534
947946,0.013211534
947947,0.013211534
947948,0.013211534
947955,0.0077826316
947956,0.013211534
947957,0.013211534
947958,0.013211534
947959,0.013211534
947960,0.013211534
947961,0.0077826316
947962,0.013211534
947963,0.013211534
947964,0.013211534
947965,0.013211534
947966,0.013211534
947967,0.007752184
947968,0.013248754
947969,0.013248754
947970,0.013248754
947971,0.013248754
947972,0.013248754
947973,0.007752184
947974,0.013248754
947975,0.013248754
947976,0.013248754
947977,0.013248754
947978,0.013248754
947979,0.013248754
947983,0.007752184
947984,0.013248754
947985,0.013248754
947986,0.013248754
947987,0.013248754
947988,0.013248754
947989,0.013248754
947996,0.013245856
948006,0.013245856
948007,0.025693813
948008,0.025693813
948009,0.013245856
948010,0.014535867
948011,0.026237521
948014,0.014535867
948015,0.026237521
948016,0.026237521
948017,0.026237521
948018,0.026237521
948028,0.014535867
948029,0.026237521
948030,0.026237521
948031,0.026237521
948032,0.026237521
948042,0.007999066
948043,0.015746027
948044,0.015746027
948045,0.015746027
948046,0.015746027
948052,0.007999066
948053,0.015746027
948108,0.0055577126
948109,0.011080125
948110,0.011080125
948111,0.011080125
948112,0.011080125
948118,0.00659454
948119,0.011049043
948120,0.011049043
948121,0.011049043
948122,0.011049043
948133,0.00659454
948136,0.00659454
948137,0.011049043
948140,0.00621231
948152,0.0052235886
948153,0.009592948
948154,0.009592948
948163,0.0049489625
948164,0.0077330093
948165,0.0077330093
948166,0.0077330093
948174,0.0049489625
948175,0.0077330093
948176,0.0077330093
948179,0.0092027895
948180,0.01232776
948181,0.01232776
948182,0.0086667305
948183,0.015521962
948184,0.015521962
948185,0.015521962
948186,0.015521962
948187,0.0086667305
948188,0.015521962
948189,0.015521962
948190,0.015521962
948191,0.015521962
948192,0.015521962
948193,0.0086667305
948194,0.015521962
948195,0.015521962
948196,0.015521962
948197,0.008658729
948198,0.014739204
948199,0.014739204
948200,0.014739204
948201,0.014739204
948202,0.013665047
948203,0.014739204
948204,0.02742006
948205,0.02742006
948206,0.014739204
948207,0.014739204
948208,0.013665047
948209,0.02742006
948210,0.02742006
948211,0.02742006
948212,0.02742006
948219,0.014338958
948230,0.014338958
948231,0.028943101
948232,0.028943101
948233,0.028943101
948234,0.028943101
948252,0.014338958
948253,0.028943101
948266,0.012426289
948267,0.014650227
948268,0.026970344
948269,0.026970344
948270,0.026970344
948271,0.026970344
948272,0.026970344
948273,0.014127554
948274,0.026970344
948275,0.026970344
948276,0.026970344
948277,0.026970344
948278,0.026970344
948279,0.026970344
948280,0.026970344
948289,0.014127554
948290,0.026970344
948291,0.026970344
948292,0.026970344
948293,0.023757776
948294,0.023757776
948295,0.023757776
948296,0.023757776
948313,0.00724732
948314,0.014960571
948315,0.014960571
948335,0.00724732
948336,0.014960571
948337,0.014960571
948366,0.021632649
948367,0.04651955
948368,0.04651955
948373,0.020985832
948374,0.043300766
948383,0.020985832
948384,0.043300766
948385,0.043300766
948386,0.043300766
948387,0.043300766
948388,0.043300766
948389,0.043300766
948395,0.020985832
948396,0.043300766
948397,0.043300766
948398,0.043300766
948399,0.043300766
948400,0.020240752
948401,0.042248853
948402,0.042248853
948405,0.020240752
948406,0.042248853
948407,0.042248853
948439,0.0116788065
948440,0.010459882
948441,0.017503366
948442,0.017503366
948443,0.017503366
948444,0.017503366
948445,0.010459882
948446,0.017503366
948447,0.017503366
948448,0.017503366
948449,0.017503366
948450,0.017503366
948451,0.009899919
948452,0.017346404
948453,0.017346404
948454,0.017346404
948455,0.017346404
948456,0.009899919
948457,0.017346404
948458,0.017346404
948459,0.017346404
948460,0.009899919
948461,0.017346404
948462,0.017346404
948463,0.017346404
948464,0.017346404
948465,0.017346404
948466,0.0076423576
948467,0.013192637
948468,0.013192637
948469,0.013192637
948474,0.0076423576
948475,0.013192637
948476,0.013192637
948479,0.0076423576
948480,0.013192637
948481,0.013192637
948482,0.013192637
948488,0.006735374
948489,0.011265176
948490,0.011265176
948491,0.011265176
948492,0.011265176
948497,0.006735374
948498,0.011265176
948499,0.011265176
948500,0.011265176
948504,0.006735374
948505,0.011265176
948506,0.011265176
948507,0.011265176
948610,0.0100763645
948611,0.019260822
948623,0.008641653
948624,0.019260822
948625,0.019260822
948626,0.019260822
948632,0.010764914
948633,0.022511179
948634,0.022511179
948635,0.022511179
948636,0.022511179
948637,0.022511179
948638,0.013521624
948639,0.022511179
948900,0.020496905
948901,0.058950864
948902,0.058950864
948914,0.018552825
948915,0.037674766
948916,0.037674766
948917,0.037674766
948918,0.037674766
948919,0.037674766
948921,0.020336408
948922,0.032368325
948923,0.032368325
948924,0.032368325
948925,0.032368325
948926,0.032368325
948927,0.032368325
948928,0.020336408
948929,0.032368325
948930,0.032368325
948931,0.032368325
948932,0.032368325
948933,0.032368325
948934,0.020336408
948935,0.032368325
948936,0.032368325
948937,0.032368325
948979,0.011903969
948982,0.020665988
948983,0.034709062
948984,0.034709062
948985,0.034709062
948986,0.034709062
948990,0.020665988
948991,0.034709062
948992,0.034709062
948993,0.034709062
948994,0.034709062
948995,0.034709062
948996,0.034709062
948999,0.020665988
949000,0.034709062
949001,0.034709062
949002,0.034709062
949003,0.034709062
949004,0.034709062
949005,0.034709062
949006,0.034709062
949007,0.034709062
949008,0.034709062
949009,0.034709062
949010,0.03044515
949011,0.050208017
949012,0.050208017
949013,0.050208017
949014,0.050208017
949016,0.03044515
949017,0.050208017
949018,0.050208017
949019,0.050208017
949020,0.050208017
949021,0.050208017
949022,0.050208017
949023,0.050208017
949024,0.050208017
949025,0.050208017
949026,0.050208017
949027,0.050208017
949028,0.050208017
949034,0.03044515
949035,0.050208017
949036,0.050208017
949037,0.050208017
949038,0.050208017
949039,0.050208017
949040,0.050208017
949041,0.050208017
949042,0.050208017
949043,0.050208017
949044,0.050208017
949045,0.050208017
949046,0.050208017
949047,0.050208017
949048,0.050208017
949049,0.050208017
949056,0.027050987
949057,0.04471221
949058,0.04471221
949059,0.04471221
949067,0.027050987
949068,0.04471221
949069,0.04471221
949071,0.027050987
949077,0.018182494
949078,0.02903344
949079,0.02903344
949080,0.02903344
949086,0.018182494
949087,0.02903344
949088,0.02903344
949089,0.02903344
949090,0.02903344
949097,0.018182494
949098,0.02903344
949099,0.02903344
949100,0.02903344
949107,0.017769184
949108,0.027712226
949109,0.027712226
949110,0.027712226
949111,0.027712226
949112,0.027712226
949121,0.017769184
949122,0.027712226
949123,0.027712226
949124,0.027712226
949125,0.027712226
949131,0.017769184
949132,0.027712226
949133,0.027712226
949134,0.027712226
949135,0.027712226
949136,0.027712226
949137,0.027712226
949146,0.016231148
949147,0.025464606
949148,0.025464606
949149,0.025464606
949150,0.025464606
949151,0.025464606
949153,0.016231148
949154,0.025464606
949155,0.025464606
949156,0.025464606
949157,0.025464606
949159,0.016231148
949160,0.025464606
949161,0.025464606
949162,0.025464606
949163,0.025464606
949164,0.025464606
949166,0.015133167
949167,0.028989391
949168,0.028989391
949169,0.028989391
949170,0.028989391
949171,0.028989391
949172,0.028989391
949174,0.015133167
949175,0.028989391
949176,0.028989391
949177,0.028989391
949178,0.028989391
949179,0.028989391
949180,0.028989391
949181,0.028989391
949182,0.015133167
949183,0.028989391
949184,0.028989391
949185,0.028989391
949186,0.028989391
949187,0.028989391
949188,0.028989391
949190,0.006067757
949191,0.011552513
949192,0.011552513
949193,0.011552513
949194,0.011552513
949195,0.011552513
949196,0.011552513
949197,0.006067757
949198,0.011552513
949199,0.011552513
949200,0.011552513
949201,0.011552513
949202,0.011552513
949203,0.011552513
949204,0.011552513
949205,0.006067757
949206,0.011552513
949207,0.011552513
949208,0.011552513
949209,0.011552513
949210,0.011552513
949211,0.011552513
949212,0.011552513
949213,0.0040473468
949214,0.009641489
949215,0.009641489
949216,0.009641489
949217,0.009641489
949218,0.009641489
949219,0.0040473468
949220,0.009641489
949221,0.009641489
949222,0.009641489
949223,0.009641489
949224,0.009641489
949225,0.009641489
949226,0.0040473468
949227,0.009641489
949228,0.009641489
949229,0.009641489
949230,0.009641489
949231,0.009641489
949232,0.0053119506
949233,0.010787987
949234,0.010787987
949235,0.010787987
949236,0.010787987
949237,0.010787987
949238,0.010787987
949239,0.0053119506
949240,0.010787987
949241,0.010787987
949242,0.010787987
949243,0.010787987
949244,0.010787987
949245,0.010787987
949246,0.010787987
949247,0.010787987
949248,0.010787987
949249,0.010787987
949250,0.010787987
949251,0.010787987
949252,0.010787987
949253,0.0053119506
949254,0.010787987
949255,0.010787987
949309,0.01306969
949310,0.027647456
949311,0.027647456
949321,0.013976691
949322,0.027647456
949323,0.027647456
949324,0.027647456
949326,0.011633827
949327,0.023234747
949328,0.023234747
949329,0.023234747
949330,0.023234747
949331,0.023234747
949332,0.011633827
949333,0.023234747
949334,0.023234747
949335,0.023234747
949337,0.011633827
949350,0.010208466
949351,0.021244071
949352,0.021244071
949353,0.021244071
949354,0.021244071
949357,0.010208466
949358,0.021244071
949359,0.021244071
949360,0.021244071
949361,0.021244071
949362,0.021244071
949363,0.010208466
949364,0.021244071
949365,0.021244071
949366,0.021244071
949367,0.021244071
949368,0.021244071
949369,0.021244071
949373,0.015578431
949374,0.031854372
949375,0.031854372
949376,0.031854372
949377,0.031854372
949384,0.015578431
949385,0.031854372
949386,0.031854372
949387,0.031854372
949388,0.031854372
949389,0.031854372
949396,0.015578431
949397,0.031854372
949398,0.031854372
949399,0.031854372
949400,0.031854372
949407,0.014190504
949408,0.029059196
949409,0.029059196
949410,0.029059196
949411,0.029059196
949412,0.029059196
949417,0.014190504
949418,0.029059196
949419,0.029059196
949420,0.029059196
949421,0.029059196
949422,0.014190504
949423,0.029059196
949424,0.029059196
949425,0.029059196
949428,0.011881907
949429,0.023417752
949430,0.023417752
949431,0.023417752
949432,0.023417752
949433,0.023417752
949435,0.011881907
949436,0.023417752
949437,0.023417752
949438,0.023417752
949492,0.01273299
949493,0.024187203
949494,0.024187203
949496,0.011686058
949497,0.024187203
949498,0.024187203
949499,0.024187203
949767,0.0095299315
949768,0.022873133
949769,0.022873133
949770,0.022873133
949771,0.022873133
949772,0.022873133
949773,0.022873133
949774,0.022873133
949775,0.022873133
949776,0.022873133
949777,0.022873133
949778,0.022873133
949779,0.022873133
949780,0.022873133
949781,0.022873133
949782,0.022873133
949783,0.022873133
949784,0.022873133
949787,0.011813242
949788,0.022873133
949789,0.022873133
949790,0.022873133
949791,0.022873133
949792,0.022873133
949793,0.022873133
949794,0.022873133
949795,0.022873133
949796,0.022873133
949797,0.022873133
949798,0.022873133
949804,0.011813242
949805,0.022873133
949806,0.022873133
949807,0.022873133
949808,0.022873133
949809,0.022873133
949810,0.022873133
949824,0.004477708
949825,0.011983734
949826,0.011983734
949837,0.0067732623
949838,0.011983734
949839,0.0106934495
949840,0.0106934495
949841,0.0106934495
949842,0.0106934495
949859,0.005650845
949860,0.0110919075
949861,0.0110919075
949862,0.0110919075
949863,0.0110919075
949868,0.009100826
949869,0.017190842
949870,0.017190842
949871,0.017190842
949872,0.017190842
949873,0.017190842
949874,0.017190842
949875,0.017190842
949876,0.017190842
949877,0.017190842
949878,0.009100826
949879,0.017190842
949880,0.017190842
949881,0.017190842
949882,0.017190842
949883,0.017190842
949884,0.017190842
949894,0.007363943
949895,0.01735433
949896,0.01735433
949897,0.01735433
949898,0.01735433
949899,0.01735433
949900,0.01735433
949908,0.007363943
949909,0.01735433
949910,0.01735433
949911,0.01735433
949912,0.01735433
949913,0.01735433
949914,0.01735433
949915,0.01735433
949916,0.01735433
949926,0.007363943
949927,0.01735433
949928,0.01735433
949929,0.01735433
950019,0.013577455
950020,0.02732801
950021,0.02732801
950022,0.02732801
950023,0.02732801
950024,0.02732801
950025,0.02732801
950026,0.02732801
950027,0.02732801
950028,0.02732801
950029,0.02732801
950040,0.024831155
950041,0.050326575
950042,0.050326575
950070,0.017823612
950071,0.04279188
950072,0.04279188
950077,0.020577934
950078,0.04279188
950079,0.04279188
950080,0.04279188
950081,0.04279188
950091,0.0064073903
950092,0.012054619
950093,0.012054619
950094,0.012054619
950095,0.012054619
950097,0.006824514
950098,0.011645281
950099,0.011645281
950100,0.006824514
950101,0.011645281
950102,0.011645281
950103,0.011645281
950104,0.006824514
950105,0.011645281
950106,0.011645281
950107,0.011645281
950110,0.00417192
950111,0.008411426
950120,0.005305432
950121,0.008411426
950122,0.008411426
950123,0.008411426
950124,0.008411426
950127,0.005305432
950128,0.008411426
950129,0.008411426
950131,0.003978444
950132,0.0065719094
950133,0.0065719094
950134,0.0065719094
950135,0.0065719094
950136,0.0065719094
950137,0.0065719094
950141,0.003978444
950142,0.0065719094
950143,0.0065719094
950148,0.003978444
950149,0.0065719094
950150,0.0065719094
950151,0.0065719094
950152,0.010725388
950153,0.016471906
950154,0.010725388
950155,0.016471906
950156,0.016471906
950157,0.016471906
950158,0.016471906
950159,0.016471906
950160,0.010725388
950161,0.016471906
950162,0.016471906
950163,0.016471906
950164,0.008794226
950165,0.015732184
950166,0.015732184
950173,0.008794226
950174,0.015732184
950175,0.015732184
950176,0.015732184
950177,0.015732184
950178,0.015732184
950184,0.008794226
950185,0.015732184
950186,0.015732184
950187,0.015732184
950188,0.015732184
950189,0.015732184
950299,0.011553907
950300,0.022894144
950301,0.022894144
950302,0.022894144
950303,0.022894144
950304,0.022894144
950305,0.022894144
950306,0.022894144
950307,0.022894144
950308,0.022894144
950309,0.022894144
950310,0.022894144
950311,0.022894144
950312,0.022894144
950313,0.0101306895
950314,0.022894144
950336,0.011713427
950337,0.022894144
950338,0.022894144
950339,0.022894144
950340,0.022894144
950341,0.022894144
950342,0.022894144
950343,0.022894144
950447,0.0093439035
950448,0.019803358
950449,0.019803358
950450,0.019803358
950451,0.019803358
950452,0.019803358
950453,0.019803358
950454,0.019803358
950456,0.008606161
950457,0.021193895
950458,0.021193895
950459,0.021193895
950460,0.021193895
950461,0.021193895
950462,0.021193895
950463,0.021193895
950464,0.021193895
950465,0.021193895
950466,0.021193895
950467,0.021193895
950468,0.021193895
950469,0.021193895
950470,0.021193895
950471,0.021193895
950472,0.021193895
950473,0.021193895
950474,0.021193895
950475,0.008606161
950476,0.021193895
950477,0.021193895
950478,0.021193895
950479,0.021193895
950480,0.021193895
950483,0.008606161
950484,0.021193895
950485,0.021193895
950486,0.021193895
950487,0.021193895
950488,0.021193895
950489,0.021193895
950490,0.021193895
950493,0.009401814
950494,0.020392135
950495,0.020392135
950496,0.020392135
950497,0.020392135
950498,0.020392135
950499,0.020392135
950686,0.005710302
950687,0.01630933
950688,0.01630933
950689,0.01630933
950690,0.01630933
950691,0.01630933
950692,0.01630933
950693,0.009846188
950694,0.01630933
950695,0.01630933
950696,0.01630933
950697,0.01630933
950698,0.009846188
950699,0.01630933
950700,0.01630933
950701,0.01630933
950702,0.009452433
950703,0.017695913
950704,0.017695913
950705,0.009452433
950706,0.017695913
950707,0.017695913
950708,0.017695913
950709,0.017695913
950710,0.017695913
950711,0.017695913
950712,0.015598094
950713,0.033995003
950714,0.033995003
950715,0.033995003
950716,0.033995003
950717,0.012797692
950718,0.026872318
950719,0.026872318
950720,0.026872318
950727,0.012797692
950728,0.026872318
950729,0.026872318
950730,0.026872318
950731,0.026872318
950732,0.026872318
950747,0.012797692
950748,0.026872318
950749,0.026872318
950750,0.026872318
950751,0.026872318
950752,0.026872318
950753,0.026872318
950769,0.012254272
950770,0.024940468
950771,0.024940468
950772,0.024940468
950773,0.024940468
950877,0.011470127
950878,0.020517642
950879,0.020517642
950885,0.010713682
950886,0.020517642
951044,0.022655776
951045,0.045458764
951046,0.045458764
951047,0.045458764
951048,0.045458764
951049,0.045458764
951050,0.045458764
951051,0.045458764
951052,0.045458764
951053,0.045458764
951054,0.045458764
951055,0.022057353
951056,0.045458764
951058,0.008714486
951059,0.008693672
951060,0.013633796
951061,0.013633796
951062,0.013633796
951063,0.008693672
951064,0.013633796
951065,0.013633796
951066,0.013633796
951067,0.013633796
951068,0.013633796
951069,0.013633796
951070,0.008693672
951071,0.013633796
951072,0.013633796
951073,0.013633796
951074,0.013633796
951078,0.0069919894
951079,0.039924838
951096,0.012057737
951101,0.011264809
951102,0.018839983
951103,0.018839983
951104,0.018839983
951105,0.018839983
951106,0.018839983
951111,0.011264809
951112,0.018839983
951115,0.010662219
951116,0.045186523
951157,0.014279859
951158,0.032603685
951159,0.032603685
951160,0.032603685
951161,0.032603685
951170,0.014154543
951171,0.02875933
951172,0.02875933
951173,0.02875933
951174,0.02875933
951175,0.02875933
951176,0.02875933
951177,0.02875933
951178,0.02875933
951179,0.02875933
951180,0.02875933
951183,0.014154543
951231,0.011882606
951232,0.025481692
951233,0.025481692
951234,0.025481692
951236,0.011449103
951237,0.022626016
951238,0.022626016
951239,0.022626016
951240,0.022626016
951241,0.022626016
951244,0.011449103
951253,0.011449103
951254,0.022626016
951255,0.022626016
951256,0.022626016
951257,0.022626016
951258,0.022626016
951269,0.012054518
951270,0.024203269
951271,0.024203269
951272,0.024203269
951273,0.024203269
951274,0.024203269
951275,0.024203269
951282,0.012054518
951283,0.024203269
951284,0.024203269
951285,0.024203269
951286,0.024203269
951287,0.024203269
951301,0.010260294
951315,0.011711086
951316,0.02282272
951317,0.02282272
951318,0.02282272
951319,0.02282272
951320,0.02282272
951343,0.011711086
951344,0.02282272
951345,0.02282272
951346,0.02282272
951347,0.02282272
951369,0.016039545
951370,0.026657827
951371,0.026657827
951372,0.026657827
951373,0.026657827
951374,0.026657827
951383,0.016039545
951384,0.026657827
951385,0.026657827
951386,0.026657827
951387,0.026657827
951388,0.026657827
951389,0.026657827
951397,0.016039545
951398,0.026657827
951399,0.026657827
951400,0.026657827
951401,0.026657827
951402,0.026657827
951409,0.016799938
951424,0.030194622
951425,0.06555217
951426,0.06555217
951427,0.06555217
951438,0.039683063
951439,0.06555217
951440,0.06555217
951441,0.06555217
951442,0.06555217
951443,0.06555217
951444,0.06555217
951445,0.06555217
951446,0.06555217
951447,0.06555217
951448,0.06555217
951449,0.06555217
951466,0.035878915
951467,0.056905318
951468,0.056905318
951469,0.056905318
951470,0.056905318
951486,0.035878915
951487,0.056905318
951488,0.056905318
951489,0.056905318
951490,0.056905318
951491,0.056905318
951520,0.035878915
951521,0.056905318
951522,0.056905318
951523,0.056905318
951524,0.056905318
951525,0.056905318
951526,0.056905318
951527,0.056905318
951528,0.056905318
951529,0.056905318
951530,0.056905318
951531,0.056905318
951532,0.056905318
951533,0.056905318
951534,0.056905318
951535,0.056905318
951536,0.056905318
951537,0.056905318
951538,0.056905318
951539,0.056905318
951540,0.056905318
951541,0.056905318
951542,0.056905318
951543,0.056905318
951544,0.056905318
951545,0.056905318
951546,0.056905318
951547,0.056905318
951548,0.056905318
951549,0.056905318
951550,0.056905318
951551,0.056905318
951552,0.056905318
951553,0.056905318
951554,0.056905318
951555,0.056905318
951556,0.056905318
951557,0.056905318
951558,0.056905318
951559,0.056905318
951560,0.056905318
951561,0.056905318
951562,0.056905318
951563,0.056905318
951564,0.056905318
951565,0.056905318
951566,0.056905318
951579,0.036661703
951580,0.05895963
951581,0.05895963
951582,0.05895963
951583,0.05895963
951591,0.036661703
951592,0.05895963
951593,0.05895963
951594,0.05895963
951595,0.05895963
951596,0.05895963
951621,0.036661703
951622,0.05895963
951623,0.05895963
951624,0.05895963
951625,0.05895963
951626,0.05895963
951627,0.031532858
951628,0.051420618
951629,0.049961027
951630,0.049961027
951631,0.049961027
951633,0.030203152
951634,0.049961027
951635,0.049961027
951636,0.049961027
951637,0.049961027
951638,0.049961027
951639,0.049961027
951640,0.049961027
951641,0.049961027
951642,0.049961027
951643,0.049961027
951648,0.030203152
951649,0.049961027
951780,0.017236622
951781,0.035209656
951782,0.035209656
951783,0.02184197
951784,0.035209656
951785,0.035209656
951786,0.035209656
951788,0.02184197
951789,0.035209656
951790,0.035209656
951791,0.035209656
951792,0.035209656
951793,0.017856883
951794,0.035172824
951795,0.035172824
951796,0.035172824
951797,0.035172824
951798,0.035172824
951799,0.035172824
951800,0.017856883
951801,0.035172824
951802,0.035172824
951803,0.035172824
951804,0.035172824
951805,0.035172824
951806,0.035172824
951807,0.035172824
951808,0.035172824
951809,0.017856883
951810,0.035172824
951811,0.035172824
951812,0.035172824
951813,0.035172824
951814,0.035172824
951815,0.009446436
951816,0.018957336
951817,0.018957336
951826,0.009446436
951827,0.018957336
951828,0.018957336
951829,0.018957336
951830,0.009446436
951831,0.018957336
951832,0.018957336
951833,0.008127818
951834,0.015843978
951835,0.015843978
951836,0.015843978
951837,0.015843978
951838,0.015843978
951839,0.008127818
951840,0.015843978
951841,0.015843978
951842,0.015843978
951843,0.015843978
951844,0.008127818
951845,0.015843978
951846,0.015843978
951847,0.015843978
951848,0.015843978
951853,0.011150042
951854,0.018533984
951855,0.018533984
951856,0.018533984
951857,0.018533984
951858,0.018533984
951863,0.011150042
951864,0.018533984
951865,0.018533984
951866,0.018533984
951869,0.011150042
951870,0.018533984
951871,0.018533984
951872,0.018533984
951876,0.011262462
951877,0.018577458
951885,0.010751496
951886,0.013472134
951965,0.020873478
951972,0.028274123
951973,0.045572698
951974,0.045572698
951975,0.045572698
951984,0.022858884
951985,0.037371907
951986,0.037371907
951987,0.037371907
951988,0.037371907
951989,0.037371907
951997,0.022858884
951998,0.037371907
951999,0.037371907
952000,0.037371907
952001,0.037371907
952002,0.037371907
952003,0.037371907
952004,0.037371907
952005,0.037371907
952006,0.037371907
952007,0.037371907
952008,0.037371907
952009,0.037371907
952010,0.037371907
952011,0.037371907
952012,0.037371907
952013,0.037371907
952014,0.037371907
952015,0.037371907
952016,0.037371907
952017,0.037371907
952018,0.037371907
952019,0.03695042
952020,0.03695042
952021,0.03695042
952022,0.03695042
952023,0.03695042
952024,0.03695042
952025,0.03695042
952026,0.03695042
952027,0.03695042
952028,0.03695042
952035,0.022597237
952036,0.03695042
952266,0.011816728
952267,0.031683557
952268,0.031683557
952269,0.031683557
952270,0.015258471
952271,0.031683557
952272,0.031683557
952273,0.031683557
952274,0.031683557
952338,0.006448225
952341,0.004812015
952342,0.007489302
952343,0.007489302
952344,0.007489302
952345,0.007489302
952346,0.007489302
952350,0.0033139484
952351,0.005374459
952352,0.005374459
952353,0.005374459
952355,0.0033139484
952356,0.005374459
952357,0.005374459
952358,0.005374459
952359,0.005374459
952362,0.0033139484
952363,0.005374459
952364,0.005374459
952365,0.005374459
952366,0.005374459
952372,0.010762263
952373,0.01622327
952374,0.01622327
952375,0.01622327
952376,0.01622327
952377,0.01622327
952395,0.010762263
952396,0.01622327
952397,0.01622327
952398,0.01622327
952399,0.01622327
952400,0.01622327
952401,0.01622327
952402,0.010762263
952403,0.01622327
952404,0.01622327
952405,0.01622327
952406,0.014143176
952407,0.029363567
952408,0.029363567
952409,0.029363567
952410,0.029363567
952411,0.014482337
952412,0.014143176
952413,0.029363567
952431,0.009102228
952432,0.019696286
952433,0.019696286
952434,0.019696286
952435,0.019696286
952436,0.019696286
952437,0.019696286
952438,0.019696286
952439,0.019696286
952440,0.019696286
952449,0.010442903
952450,0.019696286
952451,0.019696286
952452,0.019696286
952453,0.019696286
952454,0.019696286
952455,0.019696286
952456,0.019696286
952457,0.019696286
952458,0.019696286
952459,0.019696286
952460,0.019696286
952461,0.019696286
952465,0.010442903
952466,0.019696286
952467,0.019696286
952468,0.019696286
952469,0.019696286
952488,0.010808461
952489,0.02038992
952490,0.02038992
952491,0.02038992
952492,0.02038992
952532,0.010808461
952533,0.02038992
952534,0.02038992
952535,0.02038992
952536,0.02038992
952560,0.010808461
952561,0.02038992
952562,0.02038992
952563,0.02038992
952564,0.02038992
952565,0.02038992
952567,0.010844254
952568,0.01996791
952569,0.01996791
952573,0.010844254
952574,0.01996791
952576,0.010844254
952577,0.01996791
952578,0.01996791
952579,0.01996791
952580,0.01996791
952581,0.01996791
952582,0.01996791
952583,0.010627057
952584,0.020462012
952585,0.020462012
952586,0.020462012
952587,0.010627057
952588,0.020462012
952589,0.020462012
952590,0.020462012
952591,0.020462012
952592,0.010627057
952593,0.020462012
952594,0.020462012
952595,0.020462012
952596,0.020462012
952597,0.015065254
952598,0.03093583
952599,0.03093583
952600,0.015065254
952601,0.03093583
952602,0.03093583
952603,0.03093583
952604,0.03093583
952605,0.03093583
952606,0.015065254
952627,0.0200186
952628,0.03362769
952629,0.03362769
952630,0.03362769
952631,0.03362769
952635,0.015519594
952636,0.03362769
952715,0.0062068016
952716,0.009317158
952717,0.009317158
952718,0.009317158
952719,0.009317158
952720,0.009317158
952732,0.005798523
952733,0.009317158
952734,0.009317158
952744,0.005798523
952745,0.009317158
952746,0.009317158
952747,0.009317158
952748,0.009317158
952833,0.0048679234
952849,0.003165183
952850,0.0049210466
952851,0.0049210466
952852,0.0049210466
952853,0.0049210466
952863,0.003165183
952864,0.0049210466
952865,0.0049210466
952866,0.0049210466
952867,0.0049210466
952868,0.003165183
952869,0.0049210466
952870,0.0049210466
952871,0.0049210466
952872,0.0049210466
952873,0.0049210466
952874,0.0049210466
952875,0.0073929615
952876,0.014044717
952877,0.014044717
952878,0.014044717
952879,0.014044717
952880,0.014044717
952881,0.0073929615
952882,0.014044717
952883,0.017253447
952896,0.012431217
952897,0.029467821
952898,0.029467821
952899,0.01327164
952900,0.029467821
952904,0.01388984
952905,0.026157288
952906,0.026157288
952907,0.026157288
952908,0.026157288
952909,0.026157288
952910,0.026157288
952911,0.026157288
952912,0.026157288
952913,0.026157288
952914,0.026157288
952915,0.026157288
952916,0.026157288
952917,0.026157288
952918,0.026157288
952919,0.026157288
952920,0.026157288
952921,0.026157288
952922,0.026157288
952923,0.026157288
952924,0.026157288
952925,0.026157288
952926,0.026157288
952938,0.012022322
952939,0.026157288
952940,0.026157288
952941,0.026157288
952942,0.026157288
952943,0.026157288
952944,0.026157288
952945,0.026157288
952946,0.012452785
952947,0.023686746
952948,0.023686746
952949,0.023686746
952950,0.023686746
952951,0.023686746
952952,0.023686746
952953,0.023686746
952954,0.023686746
952955,0.023686746
952956,0.023686746
952957,0.023686746
952958,0.023686746
952959,0.023686746
952960,0.023686746
952961,0.023686746
952962,0.023686746
952963,0.023686746
952964,0.012452785
952965,0.023686746
952966,0.023686746
952967,0.023686746
952968,0.023686746
952969,0.023686746
952970,0.023686746
952971,0.023686746
952972,0.023686746
952973,0.023686746
952974,0.023686746
952975,0.023686746
952976,0.023686746
952977,0.023686746
952978,0.023686746
952979,0.023686746
952980,0.023686746
952983,0.010767062
952984,0.022268426
952985,0.022268426
952986,0.022268426
952989,0.011987997
952990,0.022268426
952991,0.022268426
952992,0.022268426
952993,0.022268426
952994,0.00887019
952995,0.016471365
952996,0.016471365
952997,0.016471365
952998,0.016471365
952999,0.016471365
953000,0.016471365
953007,0.00887019
953008,0.016471365
953009,0.016471365
953010,0.016471365
953011,0.016471365
953015,0.00887019
953016,0.016471365
953017,0.016471365
953018,0.016471365
953019,0.016471365
953020,0.016471365
953021,0.016471365
953022,0.016471365
953023,0.006258282
953024,0.014517264
953025,0.014517264
953026,0.014517264
953027,0.014517264
953028,0.014517264
953029,0.014517264
953030,0.014517264
953031,0.014517264
953032,0.014517264
953033,0.014517264
953034,0.014517264
953035,0.014517264
953036,0.014517264
953037,0.014517264
953038,0.014517264
953039,0.006258282
953040,0.014517264
953041,0.014517264
953042,0.014517264
953043,0.014517264
953044,0.014517264
953045,0.014517264
953046,0.014517264
953047,0.014517264
953048,0.014517264
953049,0.014517264
953050,0.014517264
953051,0.014517264
953052,0.014517264
953053,0.006258282
953054,0.014517264
953055,0.014517264
953056,0.014517264
953057,0.014517264
953058,0.014517264
953067,0.006841619
953068,0.013971106
953069,0.013971106
953070,0.013971106
953071,0.013971106
953083,0.006841619
953106,0.0063758628
953122,0.02416164
953123,0.04112041
953133,0.020049788
953134,0.04112041
953135,0.04112041
953136,0.04112041
953137,0.04112041
953138,0.04112041
953148,0.020062318
953149,0.04104568
953150,0.04104568
953151,0.04104568
953152,0.04014257
953168,0.019611454
953169,0.04014257
953170,0.04014257
953171,0.04014257
953172,0.04014257
953173,0.04014257
953174,0.04014257
953175,0.04014257
953176,0.04014257
953177,0.04014257
953178,0.04014257
953179,0.04014257
953180,0.04014257
953181,0.04014257
953182,0.04014257
953183,0.04014257
953184,0.04014257
953185,0.04014257
953186,0.04014257
953187,0.04014257
953188,0.019611454
953189,0.04014257
953190,0.04014257
953191,0.04014257
953192,0.04014257
953193,0.04014257
953194,0.04014257
953195,0.04014257
953196,0.04014257
953197,0.04014257
953198,0.04014257
953199,0.04014257
953202,0.017795552
953203,0.03491494
953207,0.017795552
953208,0.03491494
953209,0.03491494
953210,0.03491494
953211,0.03491494
953212,0.03491494
953213,0.03491494
953214,0.03491494
953215,0.03491494
953216,0.017795552
953217,0.03491494
953218,0.03491494
953238,0.0060265777
953239,0.007703804
953240,0.0037505142
953241,0.0060889767
953242,0.0060889767
953243,0.0060889767
953244,0.0060889767
953245,0.0060889767
953246,0.0060889767
953247,0.0060889767
953248,0.0037505142
953249,0.0060889767
953250,0.0060889767
953251,0.0060889767
953252,0.0037505142
953253,0.0060889767
953254,0.0060889767
953255,0.0060889767
953256,0.0060889767
953257,0.0060889767
953258,0.010114836
953259,0.015272664
953260,0.015272664
953261,0.015272664
953262,0.015272664
953269,0.010114836
953270,0.015272664
953271,0.015272664
953272,0.015272664
953273,0.015272664
953283,0.010114836
953284,0.015272664
953285,0.015272664
953286,0.015272664
953287,0.015272664
953288,0.008733008
953289,0.0153552955
953290,0.0153552955
953291,0.0153552955
953292,0.0153552955
953293,0.0153552955
953294,0.0153552955
953297,0.008733008
953298,0.0153552955
953299,0.0153552955
953300,0.0153552955
953303,0.008733008
953304,0.0153552955
953305,0.0153552955
953306,0.0153552955
953307,0.0153552955
953308,0.0072744177
953309,0.012701206
953310,0.012701206
953311,0.012701206
953313,0.0072744177
953314,0.012701206
953315,0.012701206
953316,0.012701206
953319,0.0072744177
953320,0.012701206
953321,0.012701206
953322,0.012701206
953323,0.012701206
953324,0.012701206
953336,0.006608277
953337,0.011177204
953338,0.011177204
953339,0.011177204
953340,0.011177204
953341,0.011177204
953344,0.006608277
953345,0.011177204
953346,0.011177204
953347,0.011177204
953348,0.011177204
953349,0.006608277
953350,0.011177204
953351,0.011177204
953352,0.011177204
953353,0.011177204
953354,0.011177204
953359,0.006257428
953360,0.010426172
953361,0.010426172
953362,0.010426172
953363,0.010426172
953364,0.010426172
953365,0.010426172
953366,0.010426172
953372,0.006257428
953373,0.010426172
953374,0.010426172
953375,0.010426172
953376,0.010426172
953377,0.010426172
953378,0.010426172
953386,0.006257428
953387,0.010426172
953388,0.010426172
953389,0.010426172
953390,0.010426172
953401,0.006255824
953402,0.010100227
953403,0.010100227
953404,0.010100227
953405,0.010100227
953406,0.010100227
953413,0.012797108
953414,0.022877472
953415,0.022877472
953421,0.012797108
953422,0.022877472
953423,0.022877472
953424,0.022877472
953425,0.022877472
953434,0.0094605135
953435,0.01897207
953436,0.01897207
953437,0.01897207
953477,0.008178579
953479,0.007814576
953480,0.017218618
953481,0.017218618
953482,0.017218618
953483,0.01854505
953484,0.01854505
953485,0.01854505
953486,0.008422769
953487,0.01854505
953488,0.01854505
953489,0.01854505
953490,0.01854505
953491,0.0064814677
953492,0.014195389
953493,0.014195389
953494,0.014195389
953495,0.014195389
953499,0.0064814677
953500,0.014195389
953501,0.014195389
953502,0.014195389
953503,0.014195389
953504,0.014195389
953510,0.0064814677
953511,0.014195389
953512,0.014195389
953513,0.014195389
953514,0.014195389
953515,0.014195389
953516,0.014195389
953517,0.014195389
953524,0.0066954982
953525,0.014741151
953526,0.014741151
953527,0.014741151
953528,0.014741151
953529,0.014741151
953537,0.0066954982
953538,0.014741151
953539,0.014741151
953540,0.014741151
953541,0.014741151
953542,0.014741151
953543,0.014741151
953544,0.014741151
953545,0.014741151
953546,0.014741151
953547,0.014741151
953548,0.014741151
953549,0.014741151
953550,0.014741151
953551,0.014741151
953552,0.014741151
953553,0.014741151
953554,0.014741151
953555,0.014741151
953556,0.014741151
953557,0.014741151
953604,0.02423459
953605,0.04327294
953606,0.04327294
953616,0.019601725
953617,0.04327294
953618,0.04327294
953619,0.04327294
953620,0.04327294
953635,0.019601725
953636,0.04327294
953637,0.04327294
953638,0.04327294
953639,0.04327294
953655,0.017786736
953656,0.037653644
953657,0.037653644
953658,0.037653644
953659,0.037653644
953673,0.017786736
953674,0.037653644
953675,0.037653644
953676,0.037653644
953677,0.037653644
953678,0.037653644
953692,0.017786736
953693,0.037653644
953694,0.037653644
953695,0.037653644
953696,0.037653644
953697,0.037653644
953698,0.037653644
953699,0.037653644
953700,0.037653644
953701,0.037653644
953702,0.037653644
953703,0.037653644
953721,0.018355984
953722,0.03925447
953723,0.03925447
953724,0.03925447
953725,0.03925447
953726,0.03925447
953727,0.03925447
953728,0.03925447
953729,0.03925447
953730,0.03925447
953731,0.03925447
953732,0.03925447
953733,0.03925447
953734,0.03925447
953735,0.03925447
953736,0.03925447
953737,0.03925447
953738,0.03925447
953739,0.03925447
953740,0.03925447
953741,0.03925447
953763,0.018355984
953808,0.0073564043
953809,0.010258445
953810,0.010258445
953811,0.010258445
953812,0.010258445
953831,0.0064394632
953832,0.010258445
953833,0.010258445
953834,0.010258445
953839,0.0052190637
953840,0.007172894
953841,0.007172894
953842,0.007172894
953843,0.007172894
953847,0.0052190637
953848,0.007172894
953849,0.007172894
953850,0.007172894
953852,0.0052190637
953853,0.007172894
953854,0.007172894
953855,0.007172894
953856,0.007172894
953859,0.010300675
953860,0.017295409
953861,0.017295409
953862,0.017295409
953863,0.017295409
953870,0.010300675
953871,0.017295409
953872,0.017295409
953873,0.017295409
953874,0.017295409
953879,0.010300675
953880,0.017295409
953881,0.017295409
953885,0.010413119
953886,0.019749466
953887,0.019749466
953888,0.019749466
953889,0.019749466
953890,0.010413119
953891,0.019749466
953892,0.019749466
953893,0.019749466
953894,0.010413119
953895,0.019749466
953896,0.019749466
953897,0.019749466
953900,0.008676372
953901,0.015665494
953902,0.015665494
953903,0.015665494
953904,0.008676372
953905,0.015665494
953906,0.015665494
953907,0.015665494
953908,0.015665494
953920,0.008676372
953921,0.015665494
953922,0.015665494
953923,0.015665494
953924,0.015665494
953945,0.007882869
953961,0.01367208
953962,0.028168779
953963,0.028168779
953969,0.013436102
953970,0.027014466
953971,0.027014466
953972,0.027014466
953973,0.027014466
953974,0.027014466
953975,0.027014466
953976,0.027014466
953977,0.027014466
953978,0.027014466
953979,0.027014466
953980,0.012866418
953981,0.027014466
953982,0.027014466
953983,0.01298892
953984,0.027014466
953985,0.027014466
953986,0.027014466
953987,0.027014466
953988,0.027014466
953989,0.027014466
953990,0.027014466
953991,0.027014466
953992,0.027014466
953993,0.027014466
953994,0.027014466
953995,0.027014466
953996,0.013410686
953997,0.025973583
953998,0.025973583
953999,0.025973583
954000,0.025973583
954001,0.025973583
954002,0.013410686
954003,0.025973583
954004,0.025973583
954005,0.025973583
954006,0.013410686
954007,0.025973583
954008,0.025973583
954009,0.025973583
954010,0.025973583
954013,0.007483403
954088,0.011395824
954089,0.017614173
954090,0.017614173
954091,0.017614173
954097,0.008084292
954104,0.009983839
954105,0.021703934
954106,0.021703934
954107,0.021703934
954110,0.009983839
954111,0.021703934
954112,0.021703934
954113,0.021703934
954114,0.021703934
954115,0.021703934
954142,0.02860574
954143,0.05029671
954144,0.05029671
954145,0.05029671
954159,0.02301811
954160,0.05029671
954161,0.05029671
954162,0.05029671
954168,0.02301811
954169,0.05029671
954170,0.05029671
954171,0.05029671
954172,0.05029671
954173,0.05029671
954174,0.022458764
954187,0.008564637
954188,0.0141057
954189,0.0141057
954190,0.0081727905
954191,0.0141057
954192,0.0141057
954193,0.0141057
954194,0.0141057
954195,0.0141057
954196,0.008153251
954197,0.012969794
954198,0.012969794
954199,0.012969794
954200,0.012969794
954201,0.012969794
954202,0.008153251
954203,0.012969794
954204,0.012969794
954205,0.012969794
954206,0.008153251
954207,0.012969794
954208,0.012969794
954209,0.012969794
954225,0.012406912
954226,0.018135617
954227,0.018135617
954228,0.018135617
954229,0.010690141
954230,0.018135617
954231,0.018135617
954232,0.018135617
954233,0.018135617
954234,0.010654169
954235,0.01891759
954236,0.01891759
954237,0.01891759
954238,0.01891759
954239,0.010654169
954240,0.01891759
954241,0.01891759
954242,0.01891759
954243,0.01891759
954244,0.010654169
954245,0.01891759
954246,0.01891759
954247,0.01891759
954248,0.01891759
954249,0.007910165
954250,0.015320146
954251,0.015320146
954252,0.015320146
954253,0.015320146
954256,0.008723644
954257,0.015320146
954258,0.015320146
954259,0.015320146
954260,0.015320146
954261,0.015320146
954266,0.017368346
954267,0.036939323
954268,0.036939323
954269,0.015320146
954270,0.036939323
954271,0.036939323
954280,0.015791519
954281,0.032600977
954282,0.032600977
954283,0.032600977
954284,0.032600977
954285,0.032600977
954286,0.032600977
954303,0.015791519
954317,0.015791519
954318,0.032600977
954319,0.032600977
954320,0.032600977
954321,0.032600977
954332,0.015873136
954333,0.032783765
954334,0.032783765
954335,0.032783765
954336,0.032783765
954337,0.032783765
954338,0.032783765
954343,0.015873136
954344,0.032783765
954345,0.032783765
954346,0.032783765
954347,0.032783765
954348,0.015873136
954349,0.032783765
954350,0.032783765
954351,0.032783765
954352,0.032783765
954353,0.032783765
954354,0.014001474
954355,0.028094416
954356,0.028094416
954357,0.028094416
954358,0.028094416
954359,0.028094416
954365,0.014001474
954366,0.028094416
954367,0.028094416
954368,0.028094416
954480,0.008970482
954481,0.018731607
954482,0.018731607
954483,0.018731607
954484,0.0093668215
954485,0.018731607
954486,0.018731607
954813,0.022108836
954814,0.04188928
954829,0.025702093
954830,0.04188928
954831,0.04188928
954832,0.04188928
954851,0.0228367
954852,0.037693173
954853,0.037693173
954854,0.037693173
954868,0.0228367
954869,0.037693173
954870,0.037693173
954871,0.037693173
954872,0.037693173
954873,0.037693173
954874,0.037693173
954875,0.037693173
954876,0.037693173
954877,0.037693173
954887,0.0228367
954888,0.037693173
954889,0.037693173
954890,0.037693173
954891,0.037693173
954892,0.037693173
954893,0.037693173
954894,0.037693173
954895,0.037693173
954896,0.037693173
954897,0.037693173
954898,0.037693173
954899,0.037693173
954900,0.037693173
954901,0.037693173
954909,0.022360997
954910,0.038388297
954911,0.038388297
954912,0.038388297
954913,0.038388297
954914,0.038388297
954916,0.023272216
954917,0.05312386
954918,0.05312386
954919,0.05312386
954920,0.05312386
954921,0.05312386
954922,0.025135918
954923,0.04973365
954924,0.04973365
954925,0.04973365
954926,0.029622575
954927,0.04973365
954928,0.04973365
954929,0.04973365
954930,0.04973365
954931,0.04973365
954932,0.029622575
954933,0.04973365
954934,0.04973365
954935,0.04973365
954936,0.019928267
954937,0.0323537
954938,0.0323537
954939,0.0323537
954940,0.0323537
954941,0.0323537
954942,0.0323537
954943,0.0323537
954944,0.019928267
954945,0.0323537
954946,0.0323537
954947,0.0323537
954948,0.0323537
954949,0.0323537
954962,0.019928267
954963,0.0323537
954964,0.0323537
954965,0.0323537
954966,0.0323537
954977,0.019054625
954978,0.030225467
954979,0.030225467
954980,0.030225467
954981,0.030225467
954989,0.019054625
954990,0.030225467
954991,0.030225467
954992,0.030225467
954993,0.030225467
954999,0.019054625
955059,0.006406762
955060,0.010655456
955061,0.010655456
955062,0.010655456
955063,0.010655456
955080,0.0043699336
955081,0.010655456
955082,0.010655456
955083,0.010655456
955084,0.010655456
955085,0.010655456
955086,0.010655456
955087,0.010655456
955088,0.010655456
955089,0.010655456
955090,0.010655456
955091,0.010655456
955092,0.010655456
955093,0.010655456
955094,0.010655456
955095,0.010655456
955096,0.010655456
955102,0.0043699336
955103,0.010655456
955104,0.010655456
955105,0.010655456
955106,0.010655456
955107,0.010655456
955108,0.010655456
955109,0.010655456
955110,0.010655456
955111,0.010655456
955112,0.010655456
955113,0.010655456
955114,0.010655456
955115,0.010655456
955116,0.010655456
955117,0.010655456
955118,0.010655456
955119,0.010655456
955120,0.010655456
955125,0.006237992
955126,0.012960111
955127,0.012960111
955128,0.012960111
955129,0.012960111
955130,0.012960111
955131,0.012960111
955132,0.012960111
955133,0.012960111
955134,0.012960111
955135,0.012960111
955136,0.012960111
955143,0.006237992
955144,0.012960111
955145,0.012960111
955146,0.012960111
955147,0.012960111
955148,0.012960111
955162,0.006237992
955163,0.012960111
955164,0.012960111
955165,0.012960111
955166,0.012960111
955181,0.00549062
955182,0.011329393
955183,0.011329393
955184,0.011329393
955185,0.011329393
955186,0.011329393
955195,0.00549062
955196,0.011329393
955197,0.011329393
955198,0.011329393
955199,0.011329393
955200,0.011329393
955209,0.00549062
955210,0.011329393
955211,0.011329393
955212,0.011329393
955213,0.011329393
955214,0.011329393
955215,0.011329393
955217,0.0059514134
955218,0.012341923
955219,0.012341923
955220,0.012341923
955221,0.012341923
955222,0.005952389
955274,0.017758684
955275,0.031981487
955276,0.031981487
955277,0.031981487
955278,0.031981487
955282,0.016000751
955283,0.031981487
955284,0.031981487
955285,0.031981487
955286,0.031981487
955287,0.031981487
955288,0.031981487
955289,0.031981487
955290,0.031981487
955291,0.031981487
955298,0.016000751
955299,0.031981487
955300,0.031981487
955301,0.031981487
955302,0.031981487
955315,0.019042827
955316,0.03835629
955317,0.03835629
955318,0.03835629
955319,0.03835629
955320,0.019042827
955321,0.03835629
955322,0.03835629
955323,0.03835629
955324,0.03835629
955325,0.03835629
955326,0.03835629
955327,0.019042827
955328,0.03835629
955329,0.03835629
955330,0.03835629
955332,0.014489035
955333,0.029534377
955334,0.029534377
955335,0.029534377
955345,0.014489035
955346,0.029534377
955347,0.029534377
955348,0.029534377
955349,0.029534377
955350,0.029534377
955351,0.029534377
955352,0.029534377
955353,0.029534377
955354,0.029534377
955355,0.029534377
955356,0.029534377
955357,0.029534377
955358,0.029534377
955365,0.014489035
955366,0.029534377
955367,0.029534377
955368,0.029534377
955369,0.029534377
955370,0.029534377
955371,0.029534377
955372,0.029534377
955373,0.029534377
955374,0.029534377
955375,0.029534377
955376,0.029534377
955377,0.029534377
955378,0.029534377
955393,0.012867152
955460,0.014181537
955461,0.026146244
955462,0.026146244
955463,0.013887514
955464,0.025608202
955465,0.025608202
955466,0.025608202
955472,0.013887514
955473,0.025608202
955474,0.025608202
955475,0.025608202
955476,0.025608202
955483,0.013887514
955484,0.025608202
955485,0.025608202
955486,0.025608202
955487,0.025608202
955488,0.025608202
955489,0.025608202
955490,0.025608202
955491,0.025608202
955492,0.025608202
955493,0.025608202
955494,0.025608202
955495,0.025608202
955496,0.025608202
955497,0.025608202
955498,0.025608202
955499,0.025608202
955505,0.01376863
955512,0.01376863
955513,0.027087674
955514,0.027087674
955515,0.027087674
955516,0.027087674
955517,0.027087674
955520,0.01376863
955521,0.027087674
955522,0.027087674
955523,0.027087674
955524,0.027087674
955525,0.027087674
955526,0.015548267
955527,0.032696616
955528,0.032696616
955529,0.032696616
955530,0.032696616
955531,0.015548267
955532,0.032696616
955533,0.032696616
955534,0.032696616
955535,0.032696616
955536,0.032696616
955542,0.015548267
955543,0.032696616
955544,0.032696616
955545,0.032696616
955546,0.032696616
955547,0.032696616
955552,0.013227158
955553,0.027741008
955554,0.027741008
955555,0.027741008
955556,0.027741008
955557,0.027741008
955562,0.013227158
955563,0.027741008
955569,0.013227158
955570,0.027741008
955571,0.027741008
955572,0.027741008
955573,0.027741008
955574,0.027741008
955580,0.0122292945
955581,0.02548335
955582,0.02548335
955583,0.02548335
955589,0.0122292945
955590,0.02548335
955591,0.02548335
955592,0.02548335
955593,0.02548335
955594,0.02548335
955600,0.0122292945
955601,0.02548335
955602,0.02548335
955666,0.036810324
955671,0.032778144
955672,0.068313465
955673,0.068313465
955674,0.068313465
955675,0.068313465
955676,0.068313465
955681,0.032778144
955682,0.068313465
955683,0.068313465
955684,0.068313465
955685,0.068313465
955686,0.068313465
955692,0.024090633
955693,0.048957378
955694,0.048957378
955695,0.048957378
955696,0.048957378
955697,0.048957378
955698,0.048957378
955699,0.048957378
955700,0.048957378
955701,0.048957378
955702,0.048957378
955703,0.048957378
955704,0.048957378
955712,0.024090633
955713,0.048957378
955714,0.048957378
955715,0.048957378
955716,0.048957378
955717,0.048957378
955742,0.024090633
955743,0.048957378
955744,0.048957378
955745,0.048957378
955746,0.048957378
955747,0.048957378
955748,0.048957378
955749,0.048957378
955750,0.048957378
955751,0.048957378
955752,0.048957378
955753,0.048957378
955754,0.048957378
955755,0.048957378
955770,0.027389811
955771,0.056059152
955948,0.019466698
955949,0.03149834
955950,0.03149834
955951,0.03149834
955952,0.03149834
955953,0.03149834
955954,0.03149834
955955,0.03149834
955956,0.03149834
955957,0.03149834
955958,0.03149834
955959,0.03149834
955976,0.014372166
955977,0.02780848
955978,0.02780848
955979,0.02780848
955980,0.02780848
955981,0.02780848
955982,0.02780848
955983,0.02780848
955984,0.02780848
955985,0.02780848
955986,0.02780848
955996,0.014372166
955997,0.02780848
956018,0.012372331
956019,0.027290309
956020,0.027290309
956021,0.029622642
956022,0.029622642
956023,0.029622642
956024,0.029622642
956025,0.029622642
956033,0.015700577
956034,0.029622642
956035,0.029622642
956036,0.029622642
956037,0.029622642
956038,0.029622642
956046,0.015700577
956047,0.029622642
956048,0.029622642
956049,0.029622642
956050,0.029622642
956051,0.029622642
956057,0.011605339
956058,0.021708585
956059,0.021708585
956067,0.011605339
956068,0.021708585
956069,0.021708585
956070,0.021708585
956071,0.021708585
956072,0.021708585
956079,0.011605339
956080,0.021708585
956081,0.021708585
956082,0.021708585
956083,0.021708585
956084,0.021708585
956091,0.0060697384
956092,0.014221363
956093,0.014221363
956094,0.014221363
956095,0.014221363
956096,0.014221363
956097,0.014221363
956124,0.0076149125
956125,0.014869696
956126,0.014869696
956132,0.0072139055
956133,0.014869696
956134,0.014869696
956135,0.014869696
956136,0.014869696
956144,0.0072139055
956145,0.014869696
956168,0.0058620917
956213,0.026273128
956214,0.047127906
956215,0.047127906
956264,0.019448966
956265,0.037836656
956266,0.037836656
956267,0.037836656
956268,0.037836656
956269,0.037836656
956270,0.023750458
956271,0.04726965
956272,0.04726965
956273,0.04726965
956274,0.04726965
956275,0.04726965
956276,0.04726965
956277,0.04726965
956278,0.04726965
956282,0.023750458
956283,0.04726965
956284,0.04726965
956285,0.04726965
956286,0.04726965
956297,0.023750458
956298,0.04726965
956299,0.04726965
956300,0.04726965
956301,0.04726965
956323,0.018433884
956324,0.037152227
956325,0.037152227
956326,0.037152227
956327,0.037152227
956328,0.037152227
956345,0.018433884
956346,0.037152227
956347,0.037152227
956348,0.037152227
956349,0.037152227
956350,0.037152227
956351,0.037152227
956352,0.037152227
956353,0.037152227
956364,0.018433884
956365,0.037152227
956366,0.037152227
956367,0.037152227
956368,0.037152227
956376,0.017598825
956377,0.020456951
956378,0.03848117
956379,0.03848117
956380,0.03848117
956381,0.03848117
956382,0.03848117
956395,0.019644197
956396,0.03848117
956397,0.03848117
956398,0.03848117
956399,0.03848117
956400,0.03848117
956401,0.03848117
956402,0.03848117
956403,0.03848117
956404,0.03848117
956417,0.019644197
956418,0.03848117
956419,0.03848117
956420,0.03848117
956421,0.03848117
956422,0.03848117
956423,0.03848117
956424,0.03848117
956425,0.03848117
956426,0.03848117
956427,0.03848117
956439,0.018224448
956440,0.03464115
956441,0.03464115
956442,0.03464115
956443,0.03464115
956444,0.03464115
956445,0.03464115
956446,0.03464115
956447,0.03464115
956448,0.03464115
956449,0.03464115
956450,0.03464115
956451,0.03464115
956452,0.03464115
956453,0.03464115
956511,0.014481963
956512,0.025774464
956513,0.025774464
956520,0.012772083
956521,0.025774464
956522,0.025774464
956523,0.025774464
956524,0.025774464
956525,0.025774464
956526,0.025774464
956529,0.012772083
956530,0.025774464
956531,0.025774464
956533,0.0070951986
956534,0.017929833
956535,0.017929833
956536,0.017929833
956537,0.017929833
956538,0.017929833
956543,0.0070951986
956544,0.017929833
956545,0.017929833
956546,0.017929833
956547,0.017929833
956549,0.0070951986
956550,0.017929833
956612,0.029298281
956613,0.046295047
956629,0.020753039
956630,0.046295047
956631,0.046295047
956632,0.046295047
956633,0.046295047
956634,0.046295047
956635,0.046295047
956636,0.046295047
956637,0.046295047
956649,0.019632114
956650,0.04375017
956651,0.04375017
956652,0.04375017
956653,0.04375017
956654,0.04375017
956655,0.04375017
956656,0.04375017
956657,0.04375017
956658,0.04375017
956714,0.008562742
956715,0.009748888
956716,0.009748888
956717,0.009748888
956959,0.011038071
956960,0.0059480653
956961,0.014925988
956962,0.014925988
956963,0.014925988
956964,0.014925988
956965,0.014925988
956966,0.014925988
956967,0.014925988
956968,0.014925988
956969,0.014925988
956970,0.014925988
956971,0.014925988
956972,0.014925988
956973,0.014925988
956974,0.014925988
956975,0.014925988
956976,0.014925988
956977,0.014925988
956978,0.014925988
956979,0.014925988
956980,0.014925988
956981,0.014925988
956982,0.014925988
956983,0.014925988
956984,0.014925988
956985,0.014925988
956986,0.014925988
957048,0.026516901
957060,0.021848924
957061,0.04608341
957103,0.0249828
957334,0.017409598
957335,0.024325686
957336,0.024325686
957337,0.024325686
957338,0.024325686
957339,0.024325686
957340,0.024325686
957341,0.024325686
957342,0.024325686
957343,0.024325686
957344,0.024325686
957345,0.024325686
957346,0.024325686
957347,0.024325686
957348,0.024325686
957349,0.024325686
957350,0.024325686
957351,0.024325686
957352,0.024325686
957353,0.024325686
957354,0.024325686
957355,0.024325686
957365,0.011832222
957366,0.024325686
957367,0.024325686
957368,0.024325686
957386,0.0097223995
957730,0.026740538
957731,0.054584324
957732,0.054584324
957733,0.054584324
957734,0.054584324
957735,0.054584324
957736,0.054584324
957737,0.054584324
957738,0.03096418
957739,0.05167599
957740,0.05167599
957741,0.05167599
957742,0.05167599
957743,0.05167599
957744,0.03096418
957745,0.05167599
957746,0.05167599
957747,0.05167599
957748,0.05167599
957749,0.03096418
957750,0.05167599
957751,0.05167599
957752,0.05167599
957753,0.05167599
957754,0.05167599
957755,0.05167599
957756,0.030954273
957757,0.055786625
957758,0.055786625
957759,0.055786625
957760,0.055786625
957761,0.055786625
957762,0.030954273
957763,0.055786625
957764,0.055786625
957765,0.055786625
957766,0.055786625
957767,0.030954273
957768,0.055786625
957769,0.055786625
957770,0.055786625
957771,0.055786625
957772,0.055786625
957773,0.055786625
957778,0.03837602
957779,0.06760438
957780,0.06760438
957781,0.06760438
957782,0.06760438
957783,0.06760438
957789,0.03837602
957790,0.06760438
957791,0.06760438
957792,0.06760438
957793,0.06760438
957794,0.06760438
957795,0.06760438
957796,0.06760438
957802,0.03837602
957803,0.06760438
957804,0.06760438
957805,0.06760438
957806,0.06760438
957807,0.06760438
957823,0.03571243
957824,0.063045114
957825,0.063045114
957826,0.063045114
957827,0.063045114
957828,0.063045114
957829,0.063045114
957847,0.03571243
957848,0.063045114
957849,0.063045114
957850,0.063045114
957851,0.063045114
957852,0.063045114
957858,0.03571243
958040,0.011339032
958041,0.014023826
958042,0.008403559
958043,0.014023826
958044,0.014023826
958045,0.014023826
958046,0.014023826
958047,0.014023826
958049,0.009051389
958050,0.015084993
958051,0.015084993
958052,0.015084993
958053,0.015084993
958054,0.015084993
958055,0.015084993
958056,0.009051389
958057,0.015084993
958058,0.015084993
958059,0.015084993
958060,0.015084993
958061,0.009051389
958062,0.015084993
958063,0.015084993
958064,0.015084993
958065,0.015084993
958066,0.010043068
958067,0.01672657
958068,0.01672657
958069,0.01672657
958137,0.018385647
958138,0.039488442
958139,0.039488442
958140,0.039488442
958154,0.027572341
958155,0.04488315
958156,0.04488315
958157,0.04488315
958158,0.04488315
958159,0.04488315
958173,0.027572341
958174,0.04488315
958175,0.04488315
958176,0.04488315
958177,0.04488315
958178,0.04488315
958194,0.027572341
958195,0.04488315
958196,0.04488315
958197,0.04488315
958198,0.04488315
958215,0.024264466
958216,0.040011745
958217,0.040011745
958218,0.040011745
958219,0.040011745
958228,0.024264466
958229,0.040011745
958230,0.040011745
958231,0.040011745
958232,0.040011745
958241,0.024264466
958242,0.040011745
958243,0.040011745
958244,0.040011745
958245,0.040011745
958246,0.040011745
958256,0.022319958
958257,0.03984662
958258,0.03984662
958259,0.03984662
958260,0.03984662
958280,0.017652772
958281,0.03984662
958282,0.03984662
958283,0.03984662
958284,0.03984662
958285,0.03984662
958286,0.03984662
958292,0.029644925
958293,0.05172998
958299,0.029644925
958300,0.05172998
958301,0.05172998
958302,0.05172998
958307,0.029644925
958308,0.05172998
958309,0.05172998
958310,0.05172998
958311,0.05172998
958312,0.05172998
958318,0.027709221
958319,0.04842417
958320,0.04842417
958321,0.04842417
958322,0.04842417
958323,0.04842417
958325,0.027709221
958326,0.04842417
958327,0.04842417
958328,0.04842417
958329,0.04842417
958330,0.04842417
958336,0.027709221
958337,0.04842417
958338,0.04842417
958339,0.04842417
958340,0.04842417
958341,0.04842417
958342,0.04842417
958343,0.04842417
958348,0.021931514
958349,0.036982555
958350,0.036982555
958357,0.021931514
958358,0.036982555
958359,0.036982555
958360,0.036982555
958361,0.036982555
958367,0.021931514
958368,0.036982555
958369,0.036982555
958370,0.036982555
958371,0.036982555
958372,0.036982555
958389,0.019471578
958390,0.032120097
958391,0.032120097
958392,0.032120097
958393,0.032120097
958394,0.032120097
958395,0.032120097
958403,0.019471578
958404,0.032120097
958407,0.019471578
958408,0.032120097
958425,0.017458616
958434,0.022103608
958435,0.03658142
958436,0.018973174
958437,0.038330164
958438,0.038330164
958439,0.018973174
958440,0.038330164
958441,0.038330164
958442,0.018973174
958443,0.038330164
958444,0.038330164
958445,0.038330164
958446,0.035245374
958447,0.035245374
958448,0.035245374
958449,0.0061336285
958450,0.010957458
958451,0.010957458
958452,0.010957458
958453,0.010957458
958454,0.0061336285
958455,0.010957458
958456,0.010957458
958457,0.010957458
958458,0.010957458
958459,0.010957458
958460,0.010957458
958461,0.010957458
958462,0.010957458
958463,0.010957458
958466,0.0061336285
958517,0.004631406
958525,0.004390552
958526,0.008042552
958527,0.008042552
958528,0.008042552
958529,0.008042552
958535,0.0036897298
958536,0.006710846
958543,0.0036897298
958544,0.006710846
958545,0.006710846
958546,0.006710846
958547,0.006710846
958548,0.006710846
958553,0.0036897298
958554,0.006710846
958555,0.006710846
958556,0.006710846
958557,0.0039999913
958558,0.007313689
958559,0.007313689
958560,0.007313689
958561,0.007313689
958597,0.017025435
958598,0.026222857
958599,0.026222857
958600,0.026222857
958601,0.026222857
958602,0.026222857
958603,0.026222857
958604,0.026222857
958605,0.026222857
958606,0.026222857
958673,0.013010836
958674,0.026503462
958675,0.026503462
958676,0.026503462
958677,0.026503462
958678,0.026503462
958679,0.026503462
958690,0.01458909
958691,0.02753373
958692,0.02753373
958693,0.02753373
958694,0.02753373
958695,0.02753373
958696,0.02753373
958697,0.02753373
958698,0.02753373
958699,0.02753373
958700,0.02753373
958708,0.01458909
958709,0.02753373
958710,0.02753373
958711,0.02753373
958712,0.02753373
958719,0.01458909
958720,0.02753373
958721,0.02753373
958722,0.02753373
958723,0.02753373
958730,0.016195029
958731,0.030854221
958732,0.030854221
958733,0.030854221
958742,0.016195029
958743,0.030854221
958744,0.030854221
958745,0.030854221
958746,0.030854221
958747,0.030854221
958753,0.016195029
958754,0.030854221
958755,0.030854221
958756,0.030854221
958757,0.030854221
958758,0.030854221
958759,0.013585696
958760,0.026133783
958761,0.026133783
958762,0.026133783
958763,0.026133783
958764,0.013585696
958765,0.026133783
958766,0.026133783
958767,0.026133783
958768,0.026133783
958769,0.026133783
958770,0.026133783
958771,0.026133783
958772,0.026133783
958773,0.026133783
958774,0.013585696
958777,0.012209921
958778,0.026522718
958779,0.026522718
958780,0.026522718
958781,0.026522718
958782,0.026522718
958783,0.026522718
958784,0.026522718
958785,0.026522718
958786,0.026522718
958787,0.026522718
958788,0.009210101
958789,0.026522718
958790,0.017926443
958791,0.017926443
958792,0.026522718
958793,0.026522718
958794,0.026522718
958795,0.026522718
958796,0.026522718
958797,0.026522718
958810,0.014168982
958811,0.031796657
958812,0.031796657
958813,0.031796657
958814,0.031796657
958815,0.031796657
958824,0.016227381
958825,0.031796657
958826,0.031796657
958827,0.031796657
958828,0.031796657
958829,0.031796657
958855,0.014088569
958856,0.025675531
958857,0.025675531
958858,0.025675531
958859,0.025675531
958860,0.025675531
958861,0.025675531
958862,0.025675531
958863,0.025675531
958864,0.025675531
958865,0.025675531
958866,0.025675531
958867,0.025675531
958868,0.025675531
958870,0.01386561
958871,0.025675531
958872,0.025675531
958873,0.025675531
958874,0.025675531
958875,0.025675531
958876,0.025675531
958877,0.025675531
958878,0.025675531
958879,0.025675531
958880,0.025675531
958881,0.025675531
958882,0.025675531
958902,0.014349245
958903,0.026574027
958904,0.026574027
958905,0.026574027
958906,0.026574027
958907,0.026574027
958908,0.026574027
958909,0.026574027
958910,0.026574027
958911,0.026574027
958912,0.026574027
958913,0.026574027
958914,0.026574027
958915,0.026574027
958916,0.026574027
958917,0.026574027
958918,0.026574027
958919,0.026574027
958920,0.026574027
958921,0.026574027
958922,0.026574027
958923,0.026574027
958924,0.026574027
958931,0.014349245
958932,0.026574027
958933,0.026574027
958934,0.026574027
958935,0.026574027
958942,0.014349245
958943,0.026574027
958944,0.026574027
958945,0.026574027
958946,0.026574027
958947,0.026574027
958966,0.0143965855
958967,0.026027406
958968,0.026027406
958969,0.026027406
958972,0.0143965855
958973,0.026027406
958974,0.026027406
958975,0.026027406
958976,0.026027406
958981,0.0143965855
958982,0.026027406
958983,0.026027406
958984,0.026027406
958985,0.026027406
958986,0.026027406
958987,0.009959529
958988,0.018034123
958989,0.018034123
958990,0.018034123
958991,0.018034123
958992,0.018034123
958993,0.018034123
958994,0.018034123
958995,0.018034123
958996,0.018034123
958997,0.018034123
958999,0.009959529
959000,0.018034123
959001,0.018034123
959002,0.018034123
959003,0.018034123
959005,0.009959529
959006,0.018034123
959007,0.018034123
959008,0.018034123
959010,0.009395146
959011,0.017528065
959012,0.017528065
959013,0.017528065
959014,0.017528065
959015,0.017528065
959016,0.017528065
959024,0.009395146
959025,0.017528065
959026,0.017528065
959027,0.017528065
959036,0.0088122
959037,0.014673476
959038,0.014673476
959039,0.014673476
959040,0.014673476
959042,0.007896963
959043,0.014673476
959044,0.014673476
959045,0.014673476
959121,0.010947788
959122,0.03185715
959132,0.016487548
959133,0.03185715
959134,0.03185715
959135,0.03185715
959136,0.03185715
959137,0.03185715
959138,0.03185715
959139,0.03185715
959140,0.03185715
959141,0.03185715
959142,0.03185715
959148,0.016487548
959149,0.03185715
959150,0.03185715
959151,0.03185715
959152,0.03185715
959153,0.03185715
959154,0.03185715
959155,0.03185715
959156,0.03185715
959164,0.01870479
959165,0.036457516
959166,0.036457516
959167,0.036457516
959168,0.036457516
959182,0.01870479
959183,0.036457516
959184,0.036457516
959185,0.036457516
959186,0.036457516
959187,0.036457516
959188,0.036457516
959189,0.036457516
959190,0.036457516
959191,0.036457516
959192,0.036457516
959193,0.01870479
959194,0.036457516
959195,0.036457516
959196,0.036457516
959197,0.036457516
959198,0.036457516
959199,0.036457516
959200,0.036457516
959201,0.036457516
959202,0.036457516
959203,0.036457516
959204,0.01562481
959205,0.030766249
959206,0.030766249
959207,0.030766249
959208,0.030766249
959209,0.030766249
959210,0.030766249
959211,0.030766249
959212,0.030766249
959213,0.030766249
959214,0.030766249
959215,0.030766249
959224,0.011319665
959226,0.0146420235
959227,0.0347808
959228,0.0347808
959229,0.0347808
959230,0.0347808
959231,0.0347808
959232,0.0347808
959233,0.0347808
959234,0.0347808
959235,0.0347808
959236,0.0347808
959237,0.0347808
959238,0.0347808
959239,0.0347808
959240,0.016631505
959241,0.0347808
959242,0.0347808
959243,0.0347808
959244,0.0347808
959245,0.0347808
959246,0.0347808
959247,0.0347808
959248,0.0347808
959249,0.0347808
959256,0.016631505
959257,0.0347808
959258,0.0347808
959259,0.0347808
959260,0.0347808
959261,0.0347808
959262,0.0347808
959266,0.01566287
959267,0.032499295
959268,0.032499295
959269,0.032499295
959270,0.032499295
959271,0.032499295
959272,0.01566287
959273,0.032499295
959274,0.032499295
959275,0.032499295
959276,0.032499295
959277,0.01566287
959278,0.032499295
959288,0.012347313
959289,0.027365902
959290,0.027365902
959291,0.027365902
959292,0.027365902
959302,0.014547099
959303,0.027365902
959304,0.027365902
959305,0.027365902
959306,0.027365902
959307,0.027365902
959308,0.027365902
959309,0.027365902
959328,0.014547099
959329,0.027365902
959330,0.027365902
959331,0.027365902
959332,0.027365902
959333,0.027365902
959334,0.027365902
959335,0.027365902
959343,0.012704309
959344,0.024148062
959345,0.024148062
959346,0.024148062
959370,0.012704309
959371,0.024148062
959372,0.024148062
959373,0.024148062
959374,0.024148062
959375,0.024148062
959387,0.012704309
959388,0.024148062
959389,0.024148062
959390,0.024148062
959391,0.024148062
959392,0.011923895
959393,0.022140011
959394,0.022140011
959395,0.022140011
959396,0.022140011
959397,0.022140011
959398,0.022140011
959400,0.011923895
959401,0.022140011
959402,0.022140011
959403,0.022140011
959404,0.022140011
959405,0.022140011
959406,0.011923895
959407,0.022140011
959408,0.022140011
959409,0.022140011
959410,0.022140011
959411,0.022140011
959412,0.022140011
959413,0.022140011
959414,0.022140011
959415,0.022140011
959416,0.022140011
959417,0.022140011
959418,0.022140011
959419,0.022140011
959420,0.022140011
959421,0.022140011
959422,0.022140011
959423,0.022140011
959424,0.022140011
959425,0.022140011
959426,0.022140011
959433,0.008781454
959434,0.015095666
959435,0.015095666
959436,0.015095666
959437,0.015095666
959438,0.015095666
959439,0.015095666
959440,0.015095666
959441,0.015095666
959442,0.015095666
959443,0.015095666
959444,0.015095666
959445,0.015095666
959446,0.015095666
959447,0.015095666
959448,0.015095666
959449,0.015095666
959450,0.015095666
959451,0.015095666
959452,0.015095666
959477,0.008781454
959478,0.015095666
959479,0.015095666
959480,0.015095666
959481,0.015095666
959482,0.015095666
959483,0.015095666
959484,0.015603169
959485,0.015603169
959486,0.015603169
959487,0.015603169
959488,0.015603169
959489,0.015603169
959490,0.015603169
959491,0.015603169
959492,0.015603169
959535,0.005065201
959554,0.00540839
959555,0.010373001
959556,0.010373001
959557,0.010373001
959558,0.010373001
959565,0.0056871395
959566,0.010373001
959567,0.010373001
959568,0.010373001
959569,0.010373001
959570,0.010373001
959571,0.010373001
959578,0.0057876087
959579,0.010555368
959580,0.010555368
959581,0.010555368
959582,0.010555368
959592,0.018128399
959594,0.017485628
959595,0.033034403
959596,0.033034403
959597,0.033034403
959598,0.033034403
959599,0.033034403
959609,0.017485628
959610,0.033034403
959611,0.033034403
959612,0.033034403
959613,0.033034403
959614,0.033034403
959615,0.033034403
959616,0.033034403
959617,0.033034403
959618,0.033034403
959619,0.033034403
959620,0.033034403
959621,0.033034403
959622,0.033034403
959624,0.014949964
959625,0.028514046
959627,0.014949964
959628,0.028514046
959629,0.028514046
959630,0.028514046
959632,0.014949964
959633,0.028514046
959634,0.028514046
959635,0.028514046
959636,0.028514046
959637,0.028514046
959638,0.013709335
959639,0.03116259
959640,0.03116259
959641,0.03116259
959642,0.03116259
959643,0.013709335
959644,0.03116259
959645,0.03116259
959646,0.03116259
959647,0.03116259
959648,0.03116259
959649,0.03116259
959659,0.016123338
959660,0.036651716
959661,0.036651716
959662,0.036651716
959668,0.018130744
959669,0.036651716
959670,0.036651716
959676,0.018130744
959677,0.036651716
959678,0.036651716
959679,0.036651716
959680,0.036651716
959681,0.016967358
959682,0.034037054
959683,0.034037054
959684,0.034037054
959685,0.034037054
959686,0.034037054
959687,0.034037054
959688,0.016967358
959689,0.034037054
959690,0.034037054
959691,0.034037054
959692,0.034037054
959693,0.034037054
959694,0.016967358
959695,0.034037054
959696,0.034037054
959697,0.034037054
959698,0.034037054
959699,0.034037054
959701,0.017473893
959702,0.033650987
959703,0.033650987
959704,0.033650987
959705,0.033650987
959708,0.017473893
959709,0.033650987
959710,0.033650987
959711,0.033650987
959712,0.033650987
959713,0.017473893
959714,0.033650987
959715,0.033650987
959716,0.033650987
959717,0.033650987
959718,0.033650987
959721,0.0162084
959722,0.030277792
959723,0.030277792
959724,0.030277792
959725,0.030277792
959733,0.0162084
959734,0.030277792
959735,0.030277792
959736,0.030277792
959737,0.030277792
959738,0.030277792
959744,0.0162084
959745,0.030277792
959746,0.030277792
959747,0.030277792
959748,0.030277792
959757,0.015001546
959758,0.028297557
959759,0.028297557
959765,0.015001546
959766,0.028297557
959767,0.028297557
959768,0.028297557
959769,0.028297557
959770,0.028297557
959778,0.015001546
959779,0.028297557
959780,0.028297557
959793,0.017237252
959794,0.033424724
959795,0.033424724
959796,0.033424724
959801,0.016676633
959802,0.033424724
959803,0.033424724
959804,0.033424724
959805,0.033424724
959806,0.033424724
959831,0.014358258
959832,0.02954572
959833,0.02954572
959834,0.02954572
959835,0.02954572
959844,0.014358258
959845,0.02954572
959846,0.02954572
959847,0.02954572
959848,0.02954572
959849,0.02954572
959850,0.02954572
959851,0.02954572
959852,0.02954572
959853,0.02954572
959854,0.02954572
959855,0.02954572
959856,0.02954572
959857,0.02954572
959858,0.02954572
959859,0.02954572
959860,0.02954572
959861,0.02954572
959862,0.02954572
959863,0.02954572
959864,0.02954572
959865,0.02954572
959866,0.02954572
959867,0.02954572
959868,0.02954572
959869,0.02954572
959870,0.02954572
959871,0.02954572
959872,0.02954572
959873,0.02954572
959874,0.02954572
959875,0.02954572
959876,0.02954572
959877,0.02954572
959878,0.02954572
959879,0.02954572
959880,0.02954572
959881,0.02954572
959882,0.02954572
959883,0.02954572
959884,0.02954572
959885,0.02954572
959886,0.02954572
959887,0.02954572
959888,0.02954572
959889,0.02954572
959890,0.02954572
959891,0.02954572
959892,0.02954572
959893,0.02954572
959894,0.02954572
959895,0.02954572
959896,0.02954572
959897,0.02954572
959898,0.02954572
959899,0.02954572
959900,0.02954572
959901,0.02954572
959902,0.02954572
959903,0.02954572
959904,0.02954572
959905,0.02954572
959906,0.02954572
959907,0.02954572
959908,0.02954572
959909,0.02954572
959910,0.02954572
959911,0.02954572
959912,0.02954572
959913,0.02954572
959914,0.02954572
959915,0.02954572
959916,0.02954572
959917,0.02954572
959918,0.02954572
959919,0.02954572
959920,0.02954572
959921,0.02954572
959922,0.02954572
959923,0.02954572
960103,0.015629234
960112,0.011767669
960113,0.023421336
960114,0.023421336
960115,0.023421336
960116,0.023421336
960150,0.014106762
960151,0.021387117
960156,0.0133818025
960157,0.025524247
960158,0.025524247
960159,0.025524247
960160,0.025524247
960162,0.0133818025
960163,0.025524247
960164,0.025524247
960165,0.025524247
960166,0.025524247
960167,0.025524247
960172,0.008257712
960173,0.017602839
960174,0.017602839
960175,0.017602839
960176,0.017602839
960178,0.009101467
960179,0.017602839
960180,0.017602839
960181,0.017602839
960182,0.017602839
960185,0.009101467
960186,0.017602839
960187,0.017602839
960188,0.017602839
960189,0.017602839
960190,0.0048658745
960191,0.010765767
960192,0.010765767
960193,0.010765767
960194,0.010765767
960195,0.010765767
960196,0.0048658745
960197,0.010765767
960198,0.010765767
960199,0.010765767
960200,0.010765767
960201,0.010765767
960202,0.010765767
960203,0.010765767
960205,0.0048658745
960206,0.010765767
960207,0.010765767
960208,0.010765767
960209,0.010765767
960210,0.010765767
960211,0.006312468
960212,0.012279907
960213,0.012279907
960214,0.012279907
960215,0.012279907
960216,0.012279907
960219,0.006312468
960220,0.012279907
960221,0.012279907
960222,0.012279907
960228,0.006312468
960229,0.012279907
960230,0.012279907
960231,0.012279907
960232,0.012279907
960237,0.005985114
960238,0.011557757
960239,0.011557757
960243,0.005985114
960244,0.011557757
960245,0.011557757
960246,0.011557757
960247,0.011557757
960248,0.011557757
960252,0.005985114
960253,0.011557757
960254,0.011557757
960255,0.011557757
960256,0.011557757
960257,0.00618285
960258,0.012003346
960259,0.012003346
960260,0.012003346
960261,0.00618285
960262,0.012003346
960263,0.012003346
960264,0.012003346
960265,0.012003346
960266,0.00618285
960267,0.012003346
960268,0.012003346
960269,0.012003346
960270,0.012003346
960271,0.012003346
960272,0.008678996
960273,0.016809596
960274,0.016809596
960275,0.016809596
960276,0.016809596
960277,0.016809596
960278,0.008678996
960279,0.016809596
960280,0.016809596
960281,0.016809596
960282,0.016809596
960283,0.016809596
960284,0.016809596
960285,0.008678996
960286,0.016809596
960287,0.016809596
960288,0.016809596
960289,0.016809596
960290,0.016809596
960291,0.016809596
960292,0.007784871
960293,0.0151859885
960294,0.0151859885
960295,0.0151859885
960296,0.0151859885
960297,0.0151859885
960298,0.0151859885
960299,0.007784871
960300,0.0151859885
960301,0.0151859885
960302,0.0151859885
960303,0.0151859885
960304,0.0151859885
960308,0.026280131
960309,0.02380965
960310,0.0469757
960311,0.0469757
960312,0.0469757
960313,0.0469757
960314,0.0469757
960331,0.020644225
960332,0.041837506
960333,0.041837506
960334,0.041837506
960337,0.020644225
960338,0.041837506
960339,0.041837506
960340,0.041837506
960341,0.041837506
960344,0.020214811
960345,0.04517917
960346,0.04517917
960347,0.04517917
960348,0.04517917
960350,0.021717409
960351,0.04517917
960352,0.04517917
960353,0.04517917
960354,0.04517917
960355,0.04517917
960356,0.04517917
960357,0.020192701
960358,0.040264875
960359,0.040264875
960360,0.040264875
960361,0.040264875
960362,0.020192701
960363,0.040264875
960364,0.040264875
960365,0.040264875
960366,0.040264875
960367,0.040264875
960368,0.020192701
960369,0.040264875
960370,0.040264875
960371,0.040264875
960372,0.023246093
960373,0.046707258
960374,0.046707258
960375,0.046707258
960376,0.046707258
960377,0.023246093
960378,0.046707258
960379,0.046707258
960380,0.046707258
960381,0.046707258
960382,0.046707258
960383,0.023246093
960384,0.046707258
960385,0.046707258
960386,0.046707258
960387,0.046707258
960388,0.046707258
960389,0.020203348
960390,0.041162167
960391,0.041162167
960392,0.041162167
960393,0.020203348
960394,0.041162167
960395,0.041162167
960396,0.041162167
960398,0.020203348
960399,0.041162167
960400,0.041162167
960401,0.041162167
960402,0.041162167
960403,0.041162167
960411,0.019300707
960412,0.046735495
960413,0.046735495
960414,0.046735495
960415,0.046735495
960417,0.019300707
960418,0.046735495
960419,0.046735495
960420,0.046735495
960421,0.046735495
960422,0.046735495
960431,0.019300707
960432,0.028587952
960433,0.046735495
960434,0.046735495
960438,0.024147198
960439,0.052029602
960440,0.052029602
960441,0.052029602
960442,0.052029602
960443,0.052029602
960444,0.052029602
960445,0.052029602
960446,0.052029602
960447,0.052029602
960448,0.052029602
960449,0.052029602
960452,0.024147198
960453,0.052029602
960454,0.052029602
960455,0.052029602
960456,0.052029602
960457,0.024147198
960458,0.052029602
960459,0.052029602
960460,0.052029602
960461,0.022948442
960462,0.04962947
960463,0.04962947
960464,0.04962947
960465,0.04962947
960466,0.022948442
960467,0.04962947
960468,0.04962947
960469,0.04962947
960470,0.04962947
960471,0.022948442
960472,0.04962947
960473,0.04962947
960474,0.04962947
960475,0.02149176
960476,0.044741675
960477,0.044741675
960478,0.044741675
960479,0.044741675
960480,0.044741675
960481,0.02149176
960482,0.044741675
960483,0.044741675
960484,0.044741675
960485,0.044741675
960486,0.044741675
960487,0.02149176
960488,0.044741675
960489,0.044741675
960490,0.044741675
960491,0.044741675
960492,0.044741675
960493,0.044741675
960497,0.018147627
960498,0.036746774
960499,0.036746774
960500,0.036746774
960501,0.036746774
960508,0.018147627
960509,0.036746774
960510,0.036746774
960511,0.036746774
960512,0.036746774
960513,0.036746774
960514,0.036746774
960523,0.018147627
960524,0.036746774
960525,0.036746774
960526,0.036746774
960527,0.036746774
960545,0.017659737
960546,0.03868651
960547,0.03868651
960548,0.03868651
960549,0.03868651
960550,0.03868651
960553,0.019114899
960554,0.03868651
960555,0.03868651
960556,0.03868651
960557,0.03868651
960558,0.03868651
960559,0.03868651
960560,0.017489258
960561,0.034383852
960562,0.034383852
960563,0.034383852
960564,0.034383852
960565,0.034383852
960572,0.017489258
960573,0.034383852
960574,0.034383852
960575,0.034383852
960593,0.017489258
960594,0.034383852
960595,0.034383852
960596,0.034383852
960597,0.034383852
960598,0.034383852
960607,0.012438467
960608,0.024890972
960609,0.024890972
960610,0.024890972
960611,0.024890972
960612,0.024890972
960619,0.012438467
960620,0.024890972
960621,0.024890972
960622,0.024890972
960623,0.024890972
960628,0.012438467
960629,0.024890972
960630,0.024890972
960631,0.024890972
960632,0.024890972
960633,0.024890972
960634,0.024890972
960640,0.007865591
960641,0.014737121
960642,0.014737121
960643,0.014737121
960916,0.030144637
960917,0.06465367
960938,0.03820234
960939,0.06465367
960940,0.06465367
960941,0.06465367
960942,0.06465367
960958,0.03317309
960959,0.053952698
960960,0.053952698
960961,0.053952698
960962,0.053952698
960963,0.053952698
960974,0.03317309
960975,0.053952698
960976,0.053952698
960977,0.053952698
960997,0.03317309
960998,0.053952698
960999,0.053952698
961000,0.053952698
961001,0.053952698
961002,0.053952698
961011,0.035565794
961012,0.058590144
961013,0.058590144
961014,0.058590144
961015,0.058590144
961016,0.058590144
961018,0.035565794
961019,0.058590144
961020,0.058590144
961021,0.058590144
961022,0.058590144
961023,0.058590144
961024,0.058590144
961025,0.035565794
961026,0.058590144
961027,0.058590144
961028,0.058590144
961029,0.058590144
961030,0.058590144
961032,0.031826355
961033,0.053123336
961034,0.053123336
961035,0.053123336
961036,0.053123336
961039,0.031826355
961046,0.024740154
961047,0.05734214
961048,0.03181618
961049,0.05734214
961050,0.05734214
961051,0.05734214
961052,0.05734214
961053,0.05734214
961054,0.03181618
961055,0.05734214
961056,0.05734214
961057,0.05734214
961058,0.05734214
961059,0.05734214
961060,0.05734214
961061,0.05734214
961062,0.05734214
961063,0.05734214
961064,0.05734214
961065,0.05734214
961066,0.05734214
961067,0.05734214
961068,0.05734214
961069,0.05734214
961070,0.05734214
961071,0.05734214
961072,0.05734214
961073,0.05734214
961074,0.030138211
961075,0.06820294
961076,0.06820294
961077,0.06820294
961080,0.038696896
961081,0.06820294
961082,0.06820294
961090,0.030015703
961091,0.06360606
961092,0.06360606
961093,0.06360606
961094,0.06360606
961095,0.06360606
961096,0.06360606
961097,0.06360606
961098,0.06360606
961099,0.06360606
961100,0.06360606
961101,0.06360606
961102,0.06360606
961103,0.06360606
961104,0.06360606
961105,0.06360606
961106,0.06360606
961107,0.06360606
961108,0.06360606
961116,0.036011867
961117,0.06360606
961118,0.06360606
961119,0.06360606
961120,0.06360606
961121,0.06360606
961122,0.06360606
961123,0.06360606
961124,0.06360606
961125,0.06360606
961126,0.06360606
961127,0.06360606
961128,0.06360606
961129,0.06360606
961130,0.06360606
961131,0.06360606
961132,0.06360606
961133,0.06360606
961134,0.06360606
961135,0.06360606
961136,0.06360606
961137,0.06360606
961138,0.06360606
961139,0.06360606
961140,0.06360606
961141,0.06360606
961142,0.06360606
961143,0.06360606
961144,0.06360606
961149,0.030029504
961150,0.0512261
961151,0.0512261
961152,0.0512261
961153,0.0512261
961154,0.0512261
961155,0.0512261
961156,0.0512261
961157,0.0512261
961158,0.0512261
961159,0.0512261
961160,0.0512261
961161,0.0512261
961162,0.0512261
961163,0.0512261
961164,0.0512261
961165,0.0512261
961166,0.0512261
961167,0.0512261
961168,0.0512261
961169,0.0512261
961170,0.0512261
961171,0.0512261
961172,0.0512261
961173,0.0512261
961174,0.0512261
961175,0.0512261
961176,0.0512261
961177,0.0512261
961178,0.0512261
961179,0.0512261
961180,0.0512261
961181,0.0512261
961182,0.0512261
961183,0.0512261
961184,0.0512261
961185,0.0512261
961186,0.0512261
961187,0.0512261
961188,0.0512261
961189,0.0512261
961190,0.0512261
961191,0.0512261
961192,0.0512261
961193,0.0512261
961194,0.0512261
961195,0.0512261
961196,0.0512261
961197,0.0512261
961198,0.0512261
961199,0.0512261
961200,0.0512261
961201,0.0512261
961202,0.0512261
961203,0.0512261
961204,0.0512261
961205,0.0512261
961206,0.0512261
961207,0.0512261
961208,0.0512261
961209,0.0512261
961210,0.0512261
961211,0.0512261
961212,0.0512261
961213,0.0512261
961214,0.0512261
961215,0.0512261
961216,0.0512261
961217,0.0512261
961218,0.0512261
961219,0.0512261
961220,0.0512261
961221,0.0512261
961222,0.0512261
961223,0.0512261
961224,0.0512261
961225,0.0512261
961226,0.0512261
961227,0.0512261
961228,0.0512261
961229,0.0512261
961230,0.0512261
961232,0.030029504
961233,0.0512261
961234,0.0512261
961235,0.0512261
961236,0.0512261
961237,0.0512261
961238,0.0512261
961239,0.0512261
961240,0.0512261
961241,0.0512261
961242,0.0512261
961243,0.0512261
961244,0.0512261
961245,0.0512261
961246,0.0512261
961247,0.0512261
961248,0.0512261
961249,0.0512261
961250,0.0512261
961251,0.0512261
961252,0.0512261
961253,0.0512261
961254,0.0512261
961255,0.0512261
961256,0.0512261
961257,0.0512261
961258,0.0512261
961259,0.0512261
961260,0.0512261
961261,0.0512261
961262,0.0512261
961263,0.0512261
961264,0.0512261
961265,0.0512261
961266,0.0512261
961267,0.0512261
961268,0.0512261
961269,0.0512261
961270,0.0512261
961271,0.0512261
961272,0.0512261
961273,0.0512261
961274,0.0512261
961275,0.0512261
961276,0.0512261
961277,0.0512261
961278,0.0512261
961279,0.0512261
961280,0.0512261
961281,0.0512261
961282,0.0512261
961283,0.0512261
961284,0.0512261
961285,0.0512261
961286,0.0512261
961287,0.0512261
961288,0.0512261
961289,0.0512261
961290,0.0512261
961291,0.0512261
961292,0.0512261
961293,0.0512261
961294,0.0512261
961295,0.0512261
961296,0.0512261
961297,0.0512261
961298,0.0512261
961299,0.0512261
961300,0.0512261
961301,0.019653464
961302,0.02773492
961303,0.046526622
961304,0.046526622
961305,0.046526622
961306,0.046526622
961310,0.02773492
961311,0.046526622
961312,0.046526622
961313,0.046526622
961314,0.046526622
961320,0.02773492
961321,0.046526622
961322,0.046526622
961323,0.046526622
961324,0.046526622
961325,0.046526622
961326,0.046526622
961327,0.046526622
961328,0.046526622
961329,0.046526622
961330,0.046526622
961331,0.046526622
961346,0.024280554
961347,0.049631495
961388,0.013086953
961389,0.016560832
961456,0.025738256
961458,0.026654763
961459,0.043536853
961460,0.043536853
961461,0.043536853
961462,0.043536853
961468,0.025318164
961469,0.04198099
961470,0.041272864
961471,0.041272864
961472,0.041272864
961473,0.041272864
961481,0.025318164
961482,0.04146789
961483,0.04146789
961484,0.04146789
961485,0.04146789
961486,0.04146789
961494,0.025318164
961495,0.04146789
961496,0.04146789
961497,0.04146789
961498,0.04146789
961499,0.04146789
961500,0.04146789
961501,0.04146789
961502,0.04146789
961503,0.04146789
961504,0.04146789
961514,0.023996023
961515,0.03879477
961516,0.03879477
961517,0.03879477
961518,0.03879477
961519,0.03879477
961520,0.03879477
961521,0.03879477
961522,0.03879477
961523,0.03879477
961524,0.03879477
961525,0.03879477
961526,0.03879477
961536,0.023996023
961537,0.03879477
961538,0.03879477
961539,0.03879477
961540,0.03879477
961541,0.03879477
961542,0.03879477
961549,0.023996023
961550,0.03879477
961551,0.03879477
961552,0.03879477
961560,0.026800854
961561,0.043888208
961562,0.043888208
961563,0.043888208
961564,0.043888208
961565,0.043888208
961566,0.04548186
961567,0.04548186
961568,0.04548186
961569,0.04548186
961576,0.027792072
961577,0.04548186
961578,0.04548186
961579,0.04548186
961580,0.04548186
961581,0.04548186
961587,0.027792072
961588,0.04548186
961589,0.04548186
961590,0.04548186
961591,0.04548186
961598,0.022890363
961601,0.017054852
961602,0.03783158
961603,0.03783158
961604,0.03783158
961605,0.03783158
961606,0.03783158
961607,0.03783158
961608,0.03783158
961609,0.021053595
961610,0.03783158
961611,0.03783158
961612,0.03783158
961613,0.03783158
961616,0.0274443
961617,0.048232626
961618,0.048232626
961619,0.048232626
961620,0.048232626
961627,0.0274443
961628,0.048232626
961629,0.048232626
961630,0.048232626
961636,0.0274443
961637,0.048232626
961638,0.048232626
961639,0.048232626
961640,0.048232626
961654,0.025648491
961655,0.045139674
961656,0.045139674
961657,0.045139674
961658,0.045139674
961659,0.045139674
961664,0.025648491
961665,0.045139674
961666,0.045139674
961667,0.045139674
961668,0.045139674
961669,0.045139674
961673,0.025648491
961674,0.045139674
961675,0.045139674
961676,0.045139674
961677,0.045139674
961678,0.045139674
961680,0.019669954
961681,0.033405688
961682,0.033405688
961683,0.033405688
961684,0.033405688
961688,0.019669954
961689,0.033405688
961690,0.033405688
961691,0.033405688
961692,0.033405688
961704,0.019669954
961705,0.033405688
961706,0.033405688
961707,0.033405688
961708,0.033405688
961731,0.017414754
961732,0.028926382
961733,0.028926382
961734,0.028926382
961735,0.028926382
961736,0.028926382
961737,0.028926382
961738,0.028926382
961739,0.028926382
961740,0.028926382
961741,0.028926382
961832,0.009941861
961837,0.0070598735
961838,0.013066412
961839,0.013066412
961840,0.013066412
961841,0.013066412
961842,0.013066412
961843,0.013066412
961844,0.013066412
961845,0.013066412
961846,0.013066412
961847,0.013066412
961848,0.013066412
961850,0.0070598735
961851,0.013066412
961852,0.013066412
961853,0.013066412
961854,0.013066412
961869,0.0050985147
961870,0.009038976
961871,0.009038976
961872,0.009038976
961873,0.009038976
961874,0.009038976
961875,0.009038976
961876,0.009038976
961877,0.009038976
961881,0.0047602574
961882,0.009038976
961883,0.009038976
961884,0.009038976
961885,0.009038976
961886,0.009038976
961887,0.009038976
961888,0.009038976
961889,0.009038976
961891,0.0047602574
961892,0.009038976
961893,0.009038976
961894,0.009038976
961895,0.009038976
961896,0.004000658
961897,0.007543542
961898,0.007543542
961899,0.007543542
961900,0.007543542
961901,0.007543542
961903,0.004000658
961904,0.007543542
961905,0.007543542
961906,0.007543542
961907,0.007543542
961908,0.007543542
961909,0.004000658
961910,0.007543542
961911,0.007543542
961912,0.007543542
961913,0.007543542
961914,0.007543542
961915,0.0043369574
961916,0.022834886
961917,0.031764474
961918,0.031764474
961919,0.016386462
961920,0.031764474
961921,0.031764474
961923,0.015733195
961924,0.031255778
961925,0.031255778
961926,0.031255778
961927,0.031255778
961930,0.015733195
961931,0.031255778
961932,0.031255778
961933,0.031255778
961934,0.031255778
961935,0.031255778
961944,0.015733195
961945,0.031255778
961946,0.031255778
961947,0.031255778
961948,0.031255778
961949,0.031255778
961959,0.015949592
961960,0.031588495
961961,0.031588495
961962,0.031588495
961963,0.031588495
961979,0.015949592
961980,0.031588495
961981,0.031588495
961982,0.031588495
961983,0.031588495
961984,0.031588495
962002,0.015949592
962003,0.031588495
962004,0.031588495
962005,0.031588495
962006,0.031588495
962015,0.015803922
962016,0.030869888
962017,0.030869888
962018,0.030869888
962019,0.030869888
962020,0.030869888
962037,0.015803922
962038,0.030869888
962039,0.030869888
962040,0.030869888
962041,0.030869888
962042,0.030869888
962051,0.015803922
962052,0.030869888
962053,0.030869888
962054,0.030869888
962055,0.030869888
962056,0.017541217
962057,0.03457841
962058,0.03457841
962060,0.017541217
962061,0.03457841
962062,0.03457841
962063,0.03457841
962064,0.03457841
962065,0.03457841
962090,0.017541217
962091,0.03457841
962092,0.03457841
962093,0.03457841
962094,0.03457841
962095,0.03457841
962097,0.014403265
962098,0.02868736
962099,0.014403265
962100,0.02868736
962101,0.02868736
962102,0.02868736
962103,0.014403265
962104,0.02868736
962105,0.02868736
962106,0.02868736
962109,0.013495184
962110,0.029113162
962111,0.029113162
962112,0.029113162
962113,0.029113162
962119,0.013495184
962120,0.029113162
962121,0.029113162
962122,0.029113162
962123,0.029113162
962124,0.029113162
962125,0.029113162
962136,0.013495184
962137,0.029113162
962138,0.029113162
962139,0.029113162
962140,0.029113162
962143,0.018171435
962144,0.038323194
962145,0.038323194
962146,0.038323194
962147,0.038323194
962148,0.038323194
962150,0.018171435
962151,0.038323194
962152,0.038323194
962153,0.038323194
962154,0.038323194
962155,0.038323194
962156,0.038323194
962157,0.018171435
962158,0.038323194
962159,0.038323194
962160,0.038323194
962161,0.038323194
962162,0.038323194
962163,0.038323194
962167,0.017427789
962168,0.036785714
962169,0.036785714
962170,0.036785714
962171,0.036785714
962172,0.036785714
962173,0.036785714
962178,0.017427789
962179,0.036785714
962180,0.036785714
962181,0.036785714
962182,0.036785714
962183,0.036785714
962184,0.036785714
962189,0.017427789
962190,0.036785714
962191,0.036785714
962192,0.036785714
962193,0.036785714
962194,0.036785714
962195,0.036785714
962196,0.036785714
962197,0.036785714
962198,0.036785714
962199,0.036785714
962200,0.036785714
962201,0.036785714
962202,0.036785714
962203,0.036785714
962204,0.036785714
962205,0.017376201
962206,0.035232354
962207,0.035232354
962208,0.035232354
962209,0.035232354
962210,0.035232354
962211,0.035232354
962212,0.035232354
962213,0.035232354
962214,0.035232354
962215,0.035232354
962216,0.035232354
962217,0.035232354
962218,0.035232354
962219,0.035232354
962220,0.035232354
962221,0.035232354
962222,0.035232354
962223,0.035232354
962224,0.035232354
962225,0.035232354
962226,0.035232354
962227,0.035232354
962228,0.035232354
962229,0.035232354
962230,0.035232354
962231,0.035232354
962232,0.035232354
962233,0.035232354
962234,0.035232354
962235,0.035232354
962236,0.035232354
962237,0.035232354
962242,0.019729786
962243,0.030779375
962244,0.016064458
962245,0.030779375
962246,0.030779375
962247,0.030779375
962249,0.016117355
962250,0.030148933
962251,0.030148933
962252,0.030148933
962253,0.030148933
962256,0.016117355
962257,0.030148933
962258,0.030148933
962259,0.030148933
962260,0.030148933
962263,0.016117355
962264,0.030148933
962265,0.030148933
962266,0.030148933
962272,0.010846029
962273,0.019766191
962274,0.019766191
962275,0.019766191
962276,0.019766191
962283,0.010846029
962291,0.010846029
962377,0.036409374
962378,0.023804322
962379,0.00726033
962380,0.00726033
962381,0.00726033
962382,0.00726033
962383,0.00726033
962384,0.00726033
962385,0.046361882
962386,0.046361882
962387,0.046361882
962388,0.046361882
962389,0.046361882
962390,0.0031429497
962391,0.00726033
962392,0.00726033
962393,0.00726033
962394,0.00726033
962395,0.00726033
962396,0.00726033
962397,0.00726033
962398,0.00726033
962399,0.004092388
962400,0.007660864
962401,0.007660864
962403,0.004092388
962404,0.007660864
962405,0.007660864
962406,0.007660864
962407,0.007660864
962408,0.007660864
962409,0.007660864
962410,0.047748588
962411,0.007660864
962412,0.047748588
962413,0.007660864
962414,0.007660864
962415,0.047748588
962416,0.007660864
962417,0.007660864
962418,0.007660864
962419,0.007660864
962420,0.007660864
962421,0.007660864
962427,0.023859337
962428,0.047748588
962429,0.047748588
962430,0.007660864
962431,0.047748588
962432,0.047748588
962433,0.047748588
962434,0.047748588
962435,0.047748588
962436,0.047748588
962437,0.047748588
962438,0.047748588
962439,0.047748588
962440,0.047748588
962441,0.047748588
962446,0.017990364
962447,0.03495711
962448,0.03495711
962449,0.03495711
962450,0.03495711
962451,0.03495711
962455,0.017990364
962456,0.03495711
962457,0.03495711
962458,0.03495711
962459,0.03495711
962467,0.017990364
962468,0.03495711
962469,0.03495711
962470,0.03495711
962471,0.03495711
962487,0.020405537
962488,0.039986644
962489,0.039986644
962490,0.039986644
962491,0.039986644
962503,0.020405537
962504,0.039986644
962505,0.039986644
962506,0.039986644
962507,0.039986644
962508,0.039986644
962510,0.020405537
962511,0.039986644
962512,0.039986644
962513,0.039986644
962514,0.039986644
962521,0.016686307
962537,0.013116585
962538,0.036109507
962539,0.036109507
962540,0.036109507
962547,0.015303875
962548,0.036109507
962549,0.036109507
962550,0.036109507
962551,0.036109507
962560,0.015303875
962561,0.036109507
962562,0.036109507
962563,0.036109507
962564,0.036109507
962565,0.017760148
962566,0.037356555
962567,0.037356555
962568,0.037356555
962569,0.037356555
962570,0.037356555
962584,0.017760148
962585,0.037356555
962586,0.037356555
962587,0.037356555
962588,0.037356555
962605,0.017760148
962606,0.037356555
962607,0.037356555
962608,0.037356555
962609,0.037356555
962610,0.037356555
962611,0.037356555
962635,0.016726907
962636,0.03903761
962637,0.03903761
962638,0.03903761
962639,0.03903761
962640,0.03903761
962641,0.03903761
962659,0.018745167
962660,0.03903761
962661,0.03903761
962662,0.03903761
962663,0.03903761
962688,0.018745167
962689,0.03903761
962690,0.03903761
962691,0.03903761
962692,0.03903761
962716,0.019099262
962717,0.03819619
962718,0.03819619
962719,0.03819619
962720,0.03819619
962727,0.019099262
962728,0.03819619
962729,0.03819619
962730,0.03819619
962731,0.03819619
962732,0.03819619
962733,0.03819619
962734,0.03819619
962739,0.019099262
962740,0.03819619
962741,0.03819619
962742,0.03819619
962743,0.03819619
962744,0.03819619
962746,0.016252147
962747,0.030743856
962748,0.030743856
962749,0.030743856
962750,0.030743856
962751,0.030743856
962760,0.016252147
962761,0.030743856
962762,0.030743856
962763,0.030743856
962764,0.030743856
962781,0.016252147
962782,0.030743856
962783,0.030743856
962784,0.030743856
962785,0.030743856
962804,0.014196477
962805,0.0271399
962806,0.0271399
962807,0.0271399
962808,0.0271399
962817,0.014196477
962818,0.0271399
962819,0.0271399
962820,0.0271399
962821,0.0271399
962822,0.0271399
962823,0.0271399
962824,0.0271399
962825,0.0271399
962826,0.0271399
962827,0.0271399
962828,0.0271399
962829,0.0271399
962830,0.0271399
962831,0.0271399
962832,0.0271399
962833,0.0271399
962834,0.0271399
962835,0.0271399
962836,0.0271399
962837,0.0271399
962838,0.0271399
962839,0.0271399
962840,0.0271399
962841,0.0271399
962842,0.0271399
962855,0.014196477
962856,0.0271399
962857,0.0271399
962858,0.0271399
962859,0.0271399
962860,0.0271399
962861,0.0271399
962866,0.013659598
962867,0.025505722
962868,0.025505722
962869,0.025505722
962870,0.025505722
962871,0.025505722
962875,0.013659598
962876,0.025505722
962877,0.025505722
962878,0.025505722
962879,0.025505722
962880,0.025505722
962881,0.025505722
962882,0.025505722
962883,0.025505722
962884,0.025505722
962885,0.025505722
962886,0.025505722
962887,0.025505722
962888,0.025505722
962889,0.025505722
962890,0.025505722
962891,0.025505722
962892,0.025505722
962893,0.025505722
962894,0.025505722
962895,0.025505722
962896,0.025505722
962897,0.025505722
962898,0.025505722
962899,0.025505722
962900,0.025505722
962901,0.025505722
962902,0.025505722
962903,0.025505722
962904,0.025505722
962905,0.025505722
962906,0.025505722
962907,0.025505722
962908,0.025505722
962909,0.025505722
911885,0.30221656
911886,0.3618248
911887,0.3618248
911896,0.12837312
911897,0.3618248
911898,0.3618248
911899,0.3618248
911900,0.3618248
911901,0.3618248
911902,0.3618248
911903,0.3618248
911904,0.3618248
911913,0.11127489
911914,0.31228313
911915,0.31228313
911916,0.31228313
911917,0.31228313
911918,0.31228313
911919,0.31228313
911920,0.31228313
911928,0.11127489
911929,0.31228313
911956,0.109813266
913138,0.08502475
913139,0.18902089
913140,0.18902089
913141,0.18902089
913142,0.18902089
913144,0.0926857
913145,0.18865806
913146,0.18865806
913147,0.18865806
913148,0.18865806
913149,0.18865806
913150,0.18865806
913152,0.0926857
913158,0.12160225
914569,0.39505497
914570,0.4193114
914571,0.4193114
914572,0.4193114
914573,0.4193114
914574,0.4193114
914576,0.15794912
914577,0.4193114
914578,0.4193114
914579,0.4193114
914580,0.4193114
914581,0.41109374
914582,0.41109374
914585,0.12315325
914601,0.12466586
914676,0.15361722
914677,0.40165496
914683,0.16606848
914684,0.40165496
914685,0.40165496
914686,0.40165496
914687,0.40165496
914688,0.40165496
914689,0.40165496
914690,0.40165496
914691,0.40165496
914692,0.40165496
914693,0.40165496
914698,0.17993838
914699,0.40743273
914700,0.40743273
914714,0.19100057
915528,0.08937304
915529,0.2224238
915530,0.2224238
915531,0.2224238
915532,0.2224238
915533,0.2224238
915534,0.2224238
915535,0.2224238
915561,0.12959725
915562,0.25622612
915563,0.25800747
915564,0.25800747
915582,0.12902549
915583,0.25800747
915584,0.25800747
915585,0.25800747
915586,0.25800747
915587,0.25800747
915597,0.12902549
915802,0.07282348
915803,0.23754136
915804,0.23754136
915805,0.23754136
915806,0.23754136
915807,0.23754136
915808,0.23754136
915809,0.23754136
915810,0.23754136
915811,0.23754136
915812,0.23754136
915813,0.23754136
915814,0.23754136
915815,0.23754136
915816,0.23754136
915824,0.10932781
915825,0.22060297
915826,0.22060297
915827,0.22060297
915828,0.22060297
915829,0.22060297
915830,0.22060297
915831,0.22060297
915832,0.22060297
915833,0.22060297
915883,0.08379228
915985,0.13071258
915986,0.25499526
915987,0.25499526
915988,0.25499526
915989,0.25499526
915991,0.11204816
915992,0.25499526
915993,0.25499526
915994,0.25499526
915995,0.25499526
915996,0.25499526
915997,0.25499526
915998,0.25499526
915999,0.25499526
916000,0.25499526
916001,0.25499526
916002,0.25499526
916003,0.25499526
916004,0.25499526
916005,0.25499526
916006,0.25499526
916007,0.25499526
916008,0.25499526
916009,0.25499526
916010,0.25499526
916011,0.25499526
916012,0.25499526
916013,0.25499526
916014,0.25499526
916017,0.11682983
916018,0.25003847
916019,0.22576721
916020,0.22576721
916021,0.22576721
916022,0.22576721
916023,0.22576721
916024,0.22576721
916025,0.22576721
916026,0.22576721
916027,0.22576721
916028,0.22576721
916029,0.22576721
916030,0.22576721
916031,0.22576721
916032,0.22576721
916033,0.22576721
916034,0.22576721
916035,0.22576721
916036,0.22576721
916037,0.22576721
916038,0.22576721
916039,0.22576721
916040,0.22576721
916041,0.22576721
916042,0.22576721
916043,0.22576721
916044,0.22576721
916045,0.22576721
916046,0.22576721
916047,0.22576721
916048,0.22576721
916049,0.22576721
916050,0.22576721
916055,0.13837495
916056,0.28526282
916057,0.28526282
916058,0.28526282
916059,0.28526282
916060,0.28526282
916090,0.17811878
916540,0.10434432
916541,0.18583477
917450,0.22613367
917451,0.3556165
917452,0.3556165
917453,0.3556165
917454,0.3556165
917464,0.1716912
917465,0.34848887
917466,0.34848887
917467,0.34848887
917468,0.34848887
917469,0.34848887
917470,0.25125468
917471,0.25125468
917472,0.25125468
917473,0.25125468
917474,0.25125468
917511,0.11063414
917512,0.25125468
917513,0.25125468
917514,0.25125468
917515,0.25125468
917516,0.25125468
917517,0.25125468
917518,0.25125468
917519,0.25125468
917582,0.11063414
917619,0.081211746
917989,0.051453676
917990,0.18422817
917991,0.18422817
917992,0.18422817
917993,0.18422817
917994,0.18422817
917995,0.102378495
917996,0.17465048
917997,0.17465048
917998,0.17465048
917999,0.17465048
918000,0.17465048
918001,0.17465048
918002,0.17465048
918003,0.102378495
918501,0.047118347
918509,0.09052412
918510,0.16481982
918511,0.20425935
918512,0.10039062
918546,0.10135372
918547,0.2146446
918549,0.1054222
918550,0.2146446
918562,0.11818376
918962,0.07587565
918963,0.2746701
918964,0.2746701
918965,0.2746701
918966,0.2746701
918967,0.2746701
918968,0.2746701
918969,0.2746701
918977,0.11637392
918978,0.26946923
918979,0.26946923
918980,0.26946923
918981,0.26946923
918990,0.11637392
918991,0.26946923
918992,0.26946923
918993,0.26946923
918994,0.26946923
918995,0.26946923
918996,0.26946923
919017,0.12218033
921058,0.18046941
921059,0.29076162
921060,0.29076162
921061,0.29076162
921062,0.29076162
921063,0.29076162
921064,0.29076162
921065,0.29076162
921066,0.29076162
921067,0.33232582
921068,0.33232582
921069,0.33232582
921070,0.33232582
921071,0.33232582
921072,0.33232582
921090,0.15201266
921091,0.33232582
921092,0.33232582
921093,0.33232582
921094,0.33232582
921095,0.33232582
921096,0.33232582
921097,0.33232582
921098,0.33232582
921109,0.12891003
921110,0.28822574
921111,0.28822574
921112,0.28822574
921113,0.28822574
921114,0.28822574
921115,0.28822574
921116,0.28822574
921117,0.28822574
921118,0.28822574
921119,0.28822574
921120,0.28822574
921121,0.28822574
921122,0.28822574
921123,0.28822574
921124,0.28822574
921139,0.12007194
922601,0.09290654
922602,0.27011088
922603,0.27011088
922604,0.27011088
922605,0.27011088
922606,0.27011088
922607,0.27011088
922608,0.27011088
922609,0.27011088
922610,0.27011088
922611,0.27011088
922612,0.27011088
922613,0.27011088
922614,0.27011088
922615,0.27011088
922616,0.27011088
922617,0.27011088
922618,0.27011088
922619,0.27011088
922620,0.27011088
922621,0.27011088
922622,0.27011088
922623,0.27011088
922624,0.27011088
922625,0.27011088
922626,0.27011088
922627,0.27011088
922628,0.27011088
922629,0.27011088
922630,0.27011088
922631,0.27011088
922632,0.27011088
922633,0.27011088
922674,0.12409598
922675,0.25789022
922676,0.25789022
922677,0.25789022
922684,0.11255552
924433,0.13984196
924434,0.30228066
924435,0.14859603
925712,0.17931795
925846,0.15859666
925847,0.27878207
925848,0.27878207
925849,0.27878207
925860,0.14474688
925861,0.123932905
925862,0.2670885
925863,0.10716374
926216,0.10173324
926217,0.25551865
926218,0.25551865
926219,0.25551865
926220,0.25551865
926221,0.25551865
926222,0.25551865
926223,0.25551865
926224,0.2656527
926225,0.2656527
926226,0.2656527
926227,0.2656527
926228,0.2656527
926229,0.2656527
926230,0.2656527
926231,0.2656527
926232,0.2656527
926233,0.2656527
926234,0.2656527
926235,0.2656527
926236,0.2656527
926237,0.2656527
926238,0.2656527
926239,0.2656527
926240,0.2656527
926241,0.2656527
926251,0.14887007
926252,0.2656527
926253,0.2656527
926254,0.2656527
926255,0.2656527
926256,0.2656527
926257,0.2656527
926258,0.2656527
926259,0.2656527
926260,0.2656527
926261,0.2656527
926262,0.2656527
926263,0.2656527
926264,0.2656527
926265,0.2656527
926266,0.2656527
926273,0.1397782
926274,0.25662172
926275,0.25662172
926276,0.25662172
926277,0.24749613
926278,0.24749613
926279,0.24749613
926280,0.24749613
926281,0.24749613
926282,0.24749613
926283,0.24749613
926284,0.24749613
926285,0.24749613
926286,0.24749613
926287,0.24749613
926288,0.24749613
926289,0.24749613
926290,0.24749613
926291,0.24749613
926292,0.24749613
926293,0.24749613
926294,0.24749613
926295,0.24749613
926296,0.24749613
926297,0.24749613
926298,0.24749613
926299,0.24749613
926300,0.24749613
926301,0.24749613
926302,0.24749613
926303,0.24749613
926304,0.24749613
926305,0.24749613
926306,0.24749613
926307,0.24749613
926308,0.24749613
926309,0.24749613
926310,0.24749613
926326,0.12037867
928568,0.49097338
928569,0.3083704
928570,0.3083704
928571,0.3083704
928576,0.15025143
928586,0.15025143
929016,0.09787147
929017,0.25631666
929018,0.25631666
929019,0.25631666
929031,0.12640102
929032,0.24749613
929033,0.24749613
929034,0.24749613
929035,0.24749613
929036,0.24749613
929037,0.12640102
929038,0.24749613
929039,0.24749613
929053,0.10041911
930205,0.086721666
930206,0.30052173
930207,0.30052173
930208,0.30052173
930209,0.30052173
930225,0.101927966
930226,0.26642182
930227,0.26642182
930228,0.26642182
930229,0.26642182
930230,0.26642182
930231,0.26642182
930232,0.26642182
930233,0.26642182
930234,0.26642182
930235,0.26642182
930236,0.26642182
930237,0.26642182
930238,0.26642182
930239,0.26642182
930240,0.26642182
930241,0.26642182
930242,0.26642182
930243,0.26642182
930259,0.101927966
930260,0.26642182
930261,0.26642182
930262,0.26642182
930263,0.26642182
930276,0.101927966
930277,0.26642182
930278,0.26642182
930279,0.26642182
930280,0.26642182
930281,0.26642182
930330,0.17927444
930331,0.3545041
930333,0.17591935
930334,0.40620202
930335,0.40620202
930336,0.40620202
930337,0.40620202
930338,0.40620202
930339,0.40620202
930340,0.17591935
930341,0.40620202
930342,0.40620202
931300,0.13776702
931301,0.29338428
931305,0.106333
931306,0.29338428
931307,0.29338428
931308,0.29338428
931314,0.106333
931315,0.29338428
931316,0.29338428
931331,0.13397574
931367,0.116532706
931368,0.32274708
931369,0.32274708
931376,0.11666462
931377,0.32274708
931378,0.32274708
931386,0.13509183
931593,0.09142654
931594,0.23714672
931595,0.23714672
931596,0.23714672
931597,0.23714672
931598,0.23714672
931606,0.08390798
931692,0.09779857
931693,0.29537252
931694,0.29537252
931695,0.29537252
931696,0.29537252
931697,0.29537252
931702,0.122384794
931703,0.29537252
931704,0.29537252
931705,0.29537252
931706,0.29537252
931707,0.29537252
931708,0.29537252
931709,0.101771966
931710,0.2513007
931711,0.2513007
931712,0.2513007
931713,0.2513007
931714,0.2513007
931715,0.2513007
931716,0.2513007
931717,0.2513007
931718,0.2513007
931719,0.2513007
931722,0.101771966
931723,0.2513007
931724,0.2513007
931725,0.2513007
931726,0.2513007
931727,0.2513007
931728,0.2513007
931729,0.27952084
931730,0.2564828
931731,0.2564828
931732,0.2564828
931733,0.2564828
931736,0.10484334
931749,0.105826505
932019,0.086200945
932020,0.27694163
932021,0.27694163
932022,0.27694163
932023,0.27694163
932039,0.12705654
932040,0.27694163
932041,0.27694163
932042,0.27694163
932043,0.27694163
932044,0.27694163
932045,0.27694163
932046,0.27694163
932047,0.27694163
932048,0.27694163
932069,0.11856998
932070,0.26665625
932071,0.26665625
932072,0.26665625
932073,0.26665625
932074,0.26665625
932075,0.26665625
932076,0.26665625
932077,0.26665625
932078,0.26665625
932079,0.26665625
932096,0.11856998
932097,0.26665625
932098,0.26665625
932099,0.26665625
932100,0.26665625
932101,0.26665625
932102,0.26665625
932147,0.10109562
932947,0.11998697
932948,0.302986
932949,0.302986
932950,0.302986
932951,0.302986
932952,0.302986
932953,0.302986
932954,0.302986
932955,0.302986
932956,0.302986
932957,0.302986
932958,0.302986
932959,0.302986
932960,0.302986
932961,0.302986
932962,0.302986
932963,0.302986
932964,0.302986
932965,0.1073621
932966,0.28577814
932967,0.28577814
932968,0.28577814
932969,0.28577814
932970,0.28577814
932971,0.28577814
932972,0.28577814
932973,0.28577814
932974,0.28577814
932975,0.28577814
932976,0.28577814
932977,0.28577814
932978,0.28577814
932979,0.28577814
932980,0.28577814
932981,0.28577814
932982,0.28577814
932983,0.28577814
932984,0.28577814
932985,0.28577814
932986,0.28577814
932987,0.28577814
932988,0.28577814
932989,0.28577814
932990,0.28577814
932991,0.28577814
932992,0.28577814
932993,0.28577814
932994,0.28577814
932995,0.28577814
932996,0.28577814
932997,0.28577814
932998,0.28577814
932999,0.28577814
933000,0.28577814
933001,0.28577814
933002,0.28577814
933003,0.28577814
933004,0.28577814
933005,0.28577814
933006,0.28577814
933007,0.28577814
933008,0.28577814
933009,0.28577814
933010,0.28577814
933011,0.1073621
933675,0.04814404
933676,0.25116578
933677,0.25116578
933678,0.25116578
933679,0.25116578
933680,0.25116578
933681,0.25116578
933682,0.25116578
933683,0.25116578
933684,0.25116578
933685,0.25116578
933686,0.25116578
933687,0.25116578
933688,0.25116578
933699,0.09537238
933700,0.25116578
933701,0.25116578
933702,0.25116578
933703,0.25116578
933704,0.25116578
933705,0.11615181
933706,0.29716417
933707,0.29716417
933708,0.29716417
933709,0.11615181
934627,0.20550539
934628,0.11724988
934629,0.32118854
934630,0.32118854
934631,0.11724988
934682,0.1297247
934683,0.28278103
934686,0.11385535
934707,0.111729324
934721,0.14204015
934796,0.08832564
934797,0.297507
934798,0.297507
934799,0.297507
934800,0.297507
934801,0.297507
934813,0.10484334
934814,0.2564828
934815,0.2564828
934816,0.2564828
934817,0.2564828
934818,0.2564828
934819,0.2564828
934820,0.2564828
934828,0.11039379
934876,0.11848758
934877,0.23587331
934878,0.23587331
934879,0.23587331
934880,0.23587331
934881,0.23587331
934882,0.18965426
934884,0.08715823
934885,0.18965426
934886,0.18965426
934887,0.18965426
934888,0.18965426
934889,0.18965426
934890,0.18965426
934891,0.18965426
934892,0.08715823
935041,0.10451038
935042,0.26115298
935043,0.26115298
935044,0.26115298
935045,0.26115298
935046,0.26115298
935047,0.26115298
935048,0.26115298
935049,0.26115298
935050,0.26115298
935051,0.26115298
935052,0.26115298
935053,0.26115298
935054,0.26115298
935074,0.11564751
935075,0.25125036
935076,0.25125036
935077,0.25125036
935078,0.25125036
935079,0.25125036
935090,0.11564751
935091,0.25125036
935125,0.0929199
935997,0.1561508
935998,0.2520453
935999,0.2520453
936000,0.10432337
936001,0.2471269
936002,0.2471269
936003,0.2471269
936004,0.2471269
936005,0.2471269
936018,0.10432337
936019,0.2471269
936020,0.2471269
936021,0.2471269
936022,0.2471269
936023,0.2471269
936024,0.2471269
936025,0.2471269
936026,0.2471269
936027,0.2471269
936040,0.10432337
936054,0.12658216
936312,0.17298295
936313,0.12093103
936314,0.2946699
936315,0.2946699
936316,0.11601205
936317,0.29022115
936318,0.29022115
936319,0.29022115
936320,0.29022115
936321,0.11601205
936322,0.29022115
936323,0.29022115
936324,0.29022115
936325,0.29022115
936326,0.11601205
936327,0.29022115
936328,0.13117252
936528,0.24005575
936529,0.24335234
936530,0.24335234
936531,0.24335234
936532,0.24335234
936533,0.24335234
936534,0.24335234
936535,0.24335234
936536,0.11152029
936537,0.24335234
936538,0.24335234
936539,0.24335234
936540,0.24335234
936541,0.24335234
936542,0.24335234
936543,0.24335234
936544,0.24335234
936545,0.24335234
936549,0.12552859
937198,0.16754311
937199,0.2276598
937200,0.2276598
937201,0.2276598
937214,0.08758522
937215,0.19015849
937228,0.08758522
937229,0.147314
937230,0.147314
937231,0.147314
937232,0.147314
937285,0.08143274
937578,0.06493264
937579,0.18759759
937580,0.18759759
937581,0.18759759
937582,0.18759759
937583,0.18759759
937584,0.18759759
937585,0.18759759
937586,0.18759759
937587,0.18759759
937588,0.18759759
937589,0.18759759
937590,0.18759759
937591,0.18759759
937592,0.18759759
937593,0.18759759
937594,0.18759759
937605,0.10369801
937606,0.18659946
937607,0.18659946
937608,0.18659946
937609,0.18659946
937610,0.18659946
937611,0.18659946
937612,0.18659946
937613,0.18659946
937630,0.10369801
937631,0.18659946
937632,0.18659946
937633,0.18659946
937634,0.18659946
937635,0.18659946
937636,0.18659946
937637,0.18659946
937645,0.10369801
937646,0.18659946
937647,0.18659946
937662,0.09272243
938391,0.11263274
938392,0.17431897
938393,0.17431897
938394,0.17431897
938395,0.17431897
938396,0.17431897
938397,0.17431897
938398,0.17431897
938399,0.17431897
938400,0.17431897
938401,0.17431897
938402,0.17431897
938403,0.17431897
938404,0.17431897
938405,0.17431897
938406,0.17431897
938407,0.23593292
938408,0.23593292
938410,0.10578602
938411,0.2292486
938412,0.2292486
938413,0.2292486
938425,0.10578602
938431,0.10578602
938499,0.103754595
938500,0.23867847
938501,0.23867847
938502,0.23867847
938503,0.23867847
938504,0.23867847
938505,0.23867847
938506,0.23867847
938507,0.23867847
938508,0.10230775
938509,0.23867847
938510,0.23867847
938511,0.23867847
938512,0.23867847
938513,0.23867847
938514,0.23867847
938515,0.23867847
938516,0.23867847
938517,0.23867847
938518,0.23867847
938519,0.23867847
938520,0.23867847
938521,0.23867847
938522,0.23867847
938523,0.23867847
938524,0.23867847
938525,0.23867847
938526,0.23867847
938527,0.23867847
938528,0.23867847
938529,0.23867847
938530,0.23867847
938531,0.23867847
938532,0.23867847
938533,0.23867847
938534,0.23867847
938536,0.1286186
938537,0.28805307
939974,0.08426063
939977,0.0831315
939978,0.19008851
939979,0.19008851
939980,0.19008851
939981,0.09577891
939987,0.08860719
940438,0.091708235
940439,0.25965574
940440,0.25965574
940446,0.11891092
940447,0.24327566
940448,0.24327566
940449,0.24327566
940450,0.24327566
940451,0.24327566
940452,0.24327566
940453,0.24327566
940454,0.24327566
940457,0.11891092
940458,0.24327566
940459,0.24327566
940460,0.11891092
940461,0.24327566
940462,0.24327566
940905,0.064495176
940942,0.09916695
940943,0.21855879
940944,0.21855879
940952,0.11772749
940953,0.21744011
940954,0.21744011
940955,0.21744011
940962,0.11772749
940963,0.21744011
940964,0.21744011
940965,0.21744011
940966,0.21744011
940971,0.11772749
940999,0.093492545
944203,0.20226446
944204,0.21855879
944205,0.21855879
944206,0.21855879
944207,0.21855879
944208,0.21855879
944209,0.21855879
944210,0.21855879
944211,0.21855879
944212,0.21855879
944213,0.21855879
944214,0.21855879
944215,0.21855879
944221,0.11772749
944222,0.21744011
944223,0.21744011
944224,0.21744011
944225,0.21744011
944226,0.21744011
944227,0.21744011
944234,0.11772749
947032,0.38341773
947033,0.24327566
947034,0.24327566
947035,0.24327566
947036,0.24327566
947037,0.24327566
947038,0.24327566
947039,0.24327566
947040,0.24327566
947041,0.24327566
947042,0.24327566
947050,0.094945274
947051,0.19541396
947052,0.19541396
947053,0.19541396
947054,0.19541396
947055,0.19541396
947056,0.19541396
947057,0.19541396
947062,0.094945274
947063,0.19541396
947064,0.19541396
947065,0.19541396
947066,0.19541396
947067,0.19541396
947068,0.19541396
947075,0.094945274
947492,0.06988541
947493,0.23402669
947494,0.23402669
947495,0.23402669
947496,0.23402669
947497,0.23402669
947498,0.23402669
947499,0.120379694
947500,0.23402669
947501,0.23402669
947502,0.23402669
947503,0.23402669
947504,0.23402669
947505,0.23402669
947506,0.23402669
947507,0.11735192
947508,0.23343505
947509,0.23343505
952095,0.13169189
953782,0.096180364
953851,0.10342333
954210,0.08736462
954211,0.21456893
954212,0.21456893
954213,0.21456893
954214,0.21456893
954215,0.2079349
954216,0.2079349
954217,0.11632225
954218,0.25208825
954219,0.25208825
954220,0.25208825
954221,0.11632225
954222,0.25208825
954224,0.10259249
954360,0.16302104
954361,0.28823072
954362,0.28823072
954369,0.16306083
954370,0.28823072
954371,0.28823072
954372,0.28823072
954373,0.28823072
954374,0.28823072
954463,0.12015876
954487,0.07276135
954488,0.13777007
954489,0.13777007
954512,0.08244721
954559,0.102416284
954560,0.19294205
954561,0.08415987
954637,0.0995252
954650,0.099593535
955032,0.08467982
955033,0.12013673
955039,0.13373674
955040,0.14414015
955041,0.22385275
955042,0.14414015
955043,0.22385275
955044,0.22385275
955064,0.09012354
956591,0.102637105
956592,0.22228916
956593,0.22228916
956594,0.22228916
956595,0.22228916
956596,0.22228916
956597,0.22228916
956598,0.22228916
956604,0.098634645
956605,0.21446732
956606,0.21446732
956607,0.21446732
956614,0.098634645
956615,0.21446732
956616,0.21446732
956617,0.21446732
956618,0.21446732
956638,0.098634645
956725,0.12835181
956726,0.2799569
956733,0.1399822
956734,0.2960961
956735,0.2960961
956736,0.2960961
956737,0.2960961
956738,0.2960961
956739,0.2960961
956740,0.2960961
956741,0.2960961
956742,0.2960961
956743,0.2960961
956744,0.2960961
956745,0.2960961
956746,0.2960961
956747,0.2960961
956748,0.2960961
956749,0.2960961
956750,0.2960961
956751,0.2960961
956752,0.2960961
956753,0.2960961
956754,0.2960961
956755,0.2960961
956756,0.2960961
956757,0.2960961
956758,0.2960961
956759,0.2960961
956760,0.2960961
956761,0.2960961
956767,0.1399822
956768,0.2960961
956769,0.2960961
956770,0.2960961
956780,0.14558816
957356,0.067539886
957357,0.24454592
957358,0.24454592
959453,0.16853622
959454,0.2816842
959455,0.2816842
959456,0.2816842
959457,0.2816842
959458,0.2816842
959459,0.2816842
959519,0.1450307
959600,0.074655935
959601,0.20396611
959623,0.10286931
959626,0.11861019
960404,0.09045803
960405,0.25208825
960423,0.10259249
960424,0.24805632
960435,0.11156691
960436,0.24805632
960437,0.24805632
960450,0.13863632
913560,0.081090145
913561,0.12467905
913562,0.12467905
913563,0.12467905
913581,0.04996262
913582,0.15195914
913587,0.08335426
913588,0.15195914
913589,0.15195914
913590,0.15195914
913591,0.15195914
913592,0.15195914
913727,0.08716073
913728,0.19226697
913729,0.19226697
913730,0.19226697
913731,0.19226697
914308,0.10041856
914324,0.06481831
914325,0.12206501
914326,0.12206501
914327,0.12206501
914328,0.12206501
914339,0.07157501
914340,0.14078297
914341,0.14078297
914342,0.14078297
914343,0.14078297
914354,0.07157501
914355,0.14078297
914356,0.14078297
914357,0.14078297
914358,0.14078297
914367,0.07157501
914368,0.14078297
914369,0.14078297
914370,0.14078297
914371,0.14078297
914394,0.06008365
914399,0.08083442
914400,0.15659933
914401,0.15659933
914404,0.08083442
914405,0.15659933
914406,0.15659933
914407,0.15659933
914408,0.15659933
914418,0.07597169
914419,0.14072879
914420,0.14072879
914421,0.14072879
914422,0.14072879
914423,0.14072879
914431,0.07597169
914432,0.14072879
914433,0.14072879
914434,0.14072879
914435,0.07597169
914436,0.14072879
914437,0.14072879
914438,0.14072879
914439,0.14072879
914441,0.0945756
914442,0.17182384
914443,0.17182384
914444,0.17182384
914445,0.17182384
914446,0.17182384
914594,0.07090714
914595,0.114092365
914602,0.053545125
914603,0.114092365
914604,0.114092365
914605,0.114092365
914606,0.114092365
914611,0.047525838
914612,0.10068601
914613,0.10068601
914614,0.10068601
914615,0.10068601
914725,0.07631676
914730,0.08600226
914731,0.17648974
914732,0.17648974
914733,0.17648974
914734,0.17648974
914735,0.17648974
914736,0.17648974
914737,0.17648974
914738,0.17648974
914739,0.17648974
914740,0.17648974
914741,0.17648974
914755,0.07696436
914756,0.15704903
915661,0.17895705
915662,0.14527565
915663,0.14527565
915664,0.09844063
915665,0.18776928
915666,0.18776928
915680,0.082345724
915681,0.17256404
915682,0.0912474
915683,0.17256404
916369,0.06446411
916379,0.054667894
916380,0.11436717
916381,0.11436717
916399,0.05435822
916400,0.11635607
916401,0.11635607
916402,0.11635607
916403,0.11635607
916404,0.15371068
916405,0.11635607
916406,0.10285367
916419,0.047662172
916420,0.10285367
916421,0.10285367
916422,0.10285367
916423,0.10285367
916433,0.047662172
916434,0.10285367
916435,0.10285367
916436,0.10285367
916437,0.10285367
916446,0.09573816
916447,0.18639067
916448,0.18639067
916449,0.11688013
916450,0.11688013
916451,0.18639067
916458,0.05404386
916459,0.11688013
916460,0.11688013
916461,0.11688013
916462,0.11688013
916463,0.11688013
916464,0.11688013
916465,0.11688013
916466,0.18639067
916467,0.11688013
916468,0.11688013
916469,0.11688013
916471,0.05404386
916472,0.11688013
917709,0.057624098
917728,0.05641554
917729,0.12587808
917730,0.12587808
917731,0.11768929
917765,0.07280969
917770,0.074128374
917785,0.06446199
917786,0.1365365
917787,0.1365365
917788,0.13683456
917812,0.06446199
917813,0.1365365
917814,0.1365365
917815,0.1365365
917816,0.1365365
917817,0.1365365
917844,0.06446199
917845,0.1365365
917846,0.1365365
917847,0.1365365
917848,0.1365365
917862,0.0881638
917863,0.12361879
917864,0.12361879
917865,0.12361879
917866,0.12361879
917867,0.12361879
917868,0.19560325
917870,0.0881638
917871,0.19560325
917872,0.19560325
917873,0.19560325
917874,0.19560325
918700,0.10854732
918701,0.14472951
918702,0.14472951
918837,0.17176548
918865,0.06388822
918866,0.17806917
918867,0.13553073
918868,0.17806917
918869,0.13553073
918870,0.17806917
919061,0.09915791
919062,0.21517925
919063,0.13678604
919064,0.21517925
919065,0.21517925
919077,0.11570933
919078,0.21517925
919079,0.21517925
919080,0.21517925
919081,0.21517925
919082,0.21517925
919093,0.11570933
919094,0.21517925
919095,0.21517925
919096,0.21517925
919104,0.14979294
919105,0.27032125
919106,0.27032125
919107,0.27032125
919108,0.27032125
919109,0.27032125
919140,0.14979294
919601,0.08688308
919602,0.15512271
919603,0.15512271
919604,0.077182494
919605,0.15512271
919606,0.15512271
919607,0.15512271
919608,0.15512271
919609,0.14895056
919610,0.14895056
919614,0.07516392
919615,0.14895056
919616,0.14895056
919619,0.08442976
922077,0.031790294
923082,0.03230916
923083,0.064168714
923605,0.08262537
923606,0.15971245
923607,0.15971245
923608,0.11158067
923609,0.15971245
923610,0.15971245
923611,0.15971245
923612,0.10169327
923613,0.14791603
923614,0.14791603
923615,0.14791603
923616,0.14791603
923623,0.047034837
923624,0.13727114
925618,0.031145161
926025,0.12598683
926026,0.13588668
926027,0.13588668
926045,0.058596037
926046,0.12026532
926680,0.03166003
926740,0.04054902
926762,0.061459333
926763,0.124174275
926775,0.061459333
926776,0.124174275
926777,0.124174275
926778,0.124174275
926779,0.124174275
926792,0.061459333
926941,0.05440628
926942,0.15136744
926943,0.15136744
926960,0.08097744
926961,0.15136744
926962,0.15136744
926963,0.15136744
926964,0.15136744
926965,0.15136744
926984,0.08097744
926985,0.15136744
926986,0.15136744
926987,0.15136744
926998,0.073056825
926999,0.14207743
927000,0.14207743
927001,0.14207743
927738,0.0556302
927739,0.08708168
927780,0.04734065
927781,0.08708168
927782,0.08708168
927783,0.08708168
927788,0.055443037
927789,0.106646225
927790,0.106646225
927791,0.106646225
927796,0.055443037
927797,0.106646225
927798,0.106646225
927799,0.106646225
927945,0.0861344
927946,0.17347993
927955,0.117257394
927956,0.17347993
927957,0.17347993
927958,0.17347993
927978,0.10759023
927979,0.1617978
927980,0.1617978
927981,0.1617978
927982,0.1617978
927983,0.1617978
927984,0.1617978
927985,0.1617978
927986,0.1617978
927987,0.1617978
927995,0.10759023
927996,0.1617978
927997,0.1617978
927998,0.1617978
928005,0.10759023
928006,0.1617978
928007,0.1617978
928008,0.1617978
928009,0.1617978
928018,0.095837645
928019,0.14827675
928020,0.14827675
928033,0.095837645
928034,0.14827675
928035,0.14827675
928036,0.14827675
928037,0.14827675
928038,0.14827675
928050,0.095837645
928417,0.07390792
928418,0.14255944
928419,0.14255944
928420,0.14255944
928427,0.082023025
928428,0.12994398
928429,0.12994398
928430,0.12994398
928431,0.12994398
928436,0.082023025
928437,0.12994398
928438,0.12994398
928439,0.12994398
928452,0.082023025
928453,0.12994398
928469,0.11002065
928473,0.11002065
928474,0.16335633
928475,0.16335633
928476,0.16335633
928477,0.16335633
928478,0.16335633
928484,0.11002065
928485,0.16335633
928486,0.16335633
928487,0.16335633
928505,0.1016271
928506,0.15329008
928507,0.15329008
928508,0.15329008
928509,0.15329008
928521,0.1016271
928522,0.15329008
928523,0.15329008
928524,0.15329008
928525,0.15329008
928533,0.1016271
928534,0.15329008
928535,0.15329008
928536,0.15329008
928544,0.09512641
928545,0.14232302
928546,0.14232302
928547,0.14232302
928548,0.14232302
928555,0.09512641
928556,0.14232302
928557,0.14232302
928572,0.09512641
929139,0.12960228
929140,0.16034609
929141,0.16034609
929142,0.08833951
929143,0.16034609
929144,0.16034609
929145,0.16034609
929146,0.16034609
929147,0.08833951
929148,0.16034609
929149,0.16034609
929150,0.16034609
929151,0.16034609
929152,0.16034609
929159,0.08430505
929160,0.15357709
929161,0.15357709
929162,0.15357709
929163,0.15357709
929175,0.08430505
929176,0.15357709
929177,0.15357709
929178,0.15357709
929179,0.15357709
929180,0.15357709
929181,0.15357709
929189,0.08430505
929190,0.15357709
929191,0.15357709
929192,0.15357709
929193,0.15357709
929194,0.15357709
929195,0.15357709
929201,0.054025795
929202,0.08594702
929203,0.08594702
929205,0.054025795
929212,0.030742604
929836,0.074186735
929837,0.11468361
929838,0.23442364
929839,0.23442364
929858,0.15230423
929859,0.23442364
929860,0.23442364
929861,0.23442364
929862,0.23442364
929863,0.23442364
929864,0.23442364
929881,0.22190103
929882,0.31610346
929883,0.31610346
929884,0.31610346
929885,0.31610346
929886,0.31610346
929887,0.31610346
929906,0.22190103
929907,0.31610346
930210,0.109129794
930211,0.09164102
930212,0.09164102
930244,0.06325898
930245,0.09380281
930246,0.09380281
930247,0.09380281
930248,0.09380281
930249,0.09380281
930250,0.09380281
930264,0.06325898
930265,0.09380281
930266,0.09380281
930267,0.09380281
930268,0.09380281
930269,0.09380281
930282,0.06325898
930283,0.09380281
930284,0.09380281
930285,0.09380281
930298,0.12446461
930299,0.2056043
930300,0.2056043
930301,0.2056043
930302,0.2056043
930303,0.2056043
930304,0.2056043
930329,0.11949597
930619,0.10963179
930620,0.25120685
930621,0.25120685
930622,0.25120685
930623,0.25120685
930629,0.16257152
930630,0.25120685
930631,0.25120685
930632,0.25120685
930633,0.25120685
930643,0.16257152
930644,0.25120685
930645,0.25120685
930646,0.3027116
930652,0.1682479
930653,0.21190211
930654,0.21190211
930669,0.15637806
930682,0.14087015
930683,0.2135843
930684,0.2135843
930685,0.2135843
930686,0.2135843
930692,0.14087015
930693,0.2135843
930694,0.2135843
930695,0.2135843
930696,0.2135843
930704,0.14087015
930705,0.2135843
930706,0.2135843
930707,0.2135843
930708,0.2135843
930709,0.2135843
930714,0.16916572
930715,0.24507444
930716,0.24507444
930717,0.24507444
930718,0.24507444
930728,0.16916572
930729,0.24507444
930730,0.24507444
930731,0.24507444
930732,0.24507444
930733,0.24507444
930746,0.16916572
930747,0.24507444
930836,0.04027562
931218,0.040795885
931806,0.058512345
931807,0.10779416
931808,0.10779416
931809,0.26274282
932235,0.059419356
932236,0.10542212
932237,0.04333846
932238,0.10542212
932239,0.10542212
932240,0.10542212
932241,0.10542212
932242,0.10542212
932243,0.04333846
932244,0.10542212
933092,0.029768659
937088,0.11557642
937202,0.04715517
937203,0.1747402
937204,0.11196258
937216,0.109493956
937217,0.1359016
937218,0.1359016
937219,0.1359016
937220,0.1359016
937233,0.109493956
937234,0.1359016
937235,0.1359016
937236,0.1359016
937237,0.1359016
937238,0.1359016
937286,0.109493956
937287,0.1359016
937288,0.1359016
937289,0.1359016
937375,0.10508153
937376,0.16355243
937377,0.16355243
937378,0.16355243
937379,0.16355243
937380,0.16355243
937381,0.16355243
937382,0.12582
937383,0.093453534
937384,0.093453534
937385,0.093453534
937386,0.093453534
937387,0.093453534
937388,0.093453534
937395,0.03876291
937396,0.093453534
937397,0.093453534
937398,0.093453534
937399,0.093453534
937400,0.093453534
937408,0.03876291
937502,0.058989625
937503,0.11950199
937504,0.11950199
937505,0.11950199
938920,0.027139818
939757,0.023070782
940789,0.062246744
940790,0.09224148
940791,0.09224148
940792,0.09224148
940805,0.041612327
940806,0.09224148
941656,0.051522575
941657,0.0951498
941658,0.0951498
941659,0.0951498
941660,0.0951498
941661,0.0951498
941667,0.049121622
941668,0.0951498
941669,0.0951498
941670,0.0951498
941671,0.0951498
941676,0.049121622
941677,0.0951498
942435,0.08117976
942436,0.11972551
942437,0.11972551
942438,0.11972551
942439,0.11972551
942440,0.11972551
942441,0.11972551
942467,0.0499442
942468,0.11972551
942469,0.11972551
942470,0.11972551
942471,0.11972551
942472,0.11972551
942473,0.11972551
942474,0.11972551
942488,0.0499442
942489,0.11972551
942490,0.11972551
942491,0.11972551
942492,0.11972551
942493,0.11972551
942494,0.11972551
942495,0.11972551
942535,0.039228376
945561,0.038978998
946733,0.0602558
946741,0.06627085
946742,0.13554448
946743,0.13554448
946744,0.13554448
946745,0.13554448
946746,0.13554448
946747,0.13554448
946748,0.13554448
946749,0.13554448
946768,0.06627085
946769,0.13554448
946770,0.13554448
946771,0.13554448
946772,0.13554448
946786,0.06660142
946787,0.13367482
946788,0.13367482
946789,0.13367482
946790,0.13367482
946791,0.13367482
946803,0.06660142
946804,0.13367482
946805,0.11270008
946806,0.11270008
946807,0.11270008
946822,0.055477124
946823,0.11270008
946824,0.11270008
946825,0.11270008
946826,0.11270008
946827,0.11270008
947415,0.082247786
947443,0.03210103
947465,0.063682675
947466,0.19864982
947758,0.032718852
947759,0.11452665
947760,0.11452665
947997,0.06355147
948560,0.042873207
950234,0.15208265
950235,0.11218035
950236,0.11218035
950237,0.11218035
950238,0.11218035
950239,0.11218035
950253,0.066516705
950281,0.05560481
950282,0.12686367
950315,0.056365374
950316,0.12686367
950344,0.056365374
950540,0.035189584
950541,0.10087407
950542,0.10087407
950543,0.10087407
950544,0.10087407
950549,0.057297062
950550,0.13640809
950551,0.13640809
950552,0.13640809
950553,0.13640809
950566,0.057297062
950567,0.13640809
950568,0.13640809
950569,0.13640809
950570,0.13640809
950578,0.057297062
950579,0.13640809
950580,0.13640809
950581,0.13640809
950582,0.13640809
950588,0.058160663
950589,0.13830632
950590,0.13830632
950591,0.13830632
950592,0.13830632
950593,0.13830632
950594,0.058160663
950595,0.20155019
950596,0.20155019
950597,0.20155019
950598,0.20155019
950793,0.06282672
950794,0.14968485
950808,0.0673161
950809,0.14968485
950810,0.14968485
950811,0.14968485
950819,0.057050228
950820,0.12954731
950821,0.23175578
950822,0.23175578
950823,0.23175578
950824,0.23175578
950825,0.23175578
950826,0.23175578
950827,0.23175578
950841,0.15107684
950842,0.23175578
950843,0.23175578
950844,0.23175578
950903,0.04970721
951259,0.039427664
951260,0.08353724
951261,0.08353724
951262,0.08353724
951276,0.034021843
951277,0.060691062
951278,0.060691062
951694,0.050895933
951704,0.05398566
951705,0.10754095
951706,0.10754095
951712,0.05398566
951755,0.05527708
951756,0.13214116
951757,0.13214116
951758,0.13214116
951759,0.13214116
951760,0.13214116
951761,0.13214116
951762,0.13214116
952213,0.03953819
952462,0.052674226
952463,0.114513144
952464,0.114513144
952470,0.047476877
952471,0.114513144
952472,0.114513144
952473,0.114513144
952474,0.114513144
952475,0.114513144
952476,0.114513144
952493,0.03870434
953584,0.06471465
953600,0.058160663
953601,0.13830632
953602,0.13830632
953603,0.13830632
955617,0.20221952
955618,0.1806599
955662,0.07414708
955663,0.19864982
955908,0.14516872
955918,0.18397848
955919,0.29168028
955920,0.29168028
955921,0.29168028
955922,0.29168028
955923,0.29168028
955924,0.29168028
955925,0.29168028
955931,0.06926569
955932,0.29168028
955933,0.29168028
955934,0.29168028
955935,0.16537657
955936,0.16537657
955937,0.16537657
955938,0.16537657
955939,0.16537657
955940,0.16537657
955941,0.16537657
955960,0.06926569
955961,0.16537657
955962,0.16537657
955963,0.16537657
955964,0.16537657
955965,0.16537657
955966,0.16537657
955967,0.16537657
955968,0.16537657
955969,0.16537657
955970,0.16537657
955971,0.16537657
955972,0.16537657
955973,0.16537657
955974,0.16537657
955987,0.05411828
955988,0.13317706
955989,0.13317706
957062,0.025261614
958129,0.062445138
958130,0.06704233
958131,0.06704233
958132,0.06704233
958133,0.06704233
958134,0.06704233
958141,0.036019985
958142,0.06704233
958143,0.06704233
958144,0.06704233
958145,0.06704233
958146,0.06704233
958160,0.041763928
958161,0.07843157
958162,0.07843157
958163,0.07843157
958164,0.07843157
958179,0.041763928
958180,0.07843157
958181,0.07843157
958182,0.07843157
958183,0.07843157
958184,0.07843157
958185,0.07843157
958199,0.041763928
958200,0.07843157
960104,0.099211186
960117,0.17511995
960118,0.2621042
960119,0.25116187
960120,0.25116187
960121,0.25116187
960133,0.14386605
960644,0.032415647
960645,0.07044866
960646,0.07044866
960647,0.07044866
960648,0.07044866
960654,0.033342864
960655,0.07044866
960656,0.07044866
960657,0.07044866
960663,0.033342864
960664,0.07044866
960665,0.07044866
960666,0.07044866
960667,0.07044866
960679,0.042923015
960680,0.08720198
960681,0.08720198
960682,0.08720198
960695,0.042923015
960696,0.08720198
960697,0.08720198
960698,0.08720198
960699,0.08720198
960700,0.08720198
960711,0.042923015
960712,0.08720198
960713,0.08720198
960714,0.08720198
960715,0.08720198
960726,0.048992924
960727,0.0981976
960728,0.0981976
960729,0.0981976
960751,0.048992924
960752,0.0981976
960753,0.0981976
960754,0.0981976
960755,0.0981976
960772,0.048992924
960773,0.0981976
960774,0.0981976
960775,0.0981976
960784,0.037563987
960785,0.0761473
960786,0.0761473
960787,0.0761473
960788,0.0761473
960789,0.0761473
960793,0.037563987
960794,0.0761473
960795,0.0761473
960796,0.0761473
960797,0.0761473
960803,0.037563987
960804,0.0761473
960805,0.0761473
960806,0.0761473
960810,0.04280823
960811,0.08629512
960812,0.08629512
960813,0.08629512
960814,0.08629512
960815,0.08629512
960821,0.04280823
960822,0.08629512
960823,0.08629512
960824,0.08629512
960825,0.08629512
960835,0.04280823
960836,0.08629512
960837,0.08629512
960838,0.08629512
960839,0.08629512
960847,0.044275753
960848,0.08963519
960849,0.08963519
960850,0.08963519
960851,0.08963519
960859,0.044275753
960860,0.08963519
960861,0.08963519
911345,0.19878644
911346,0.058841366
911347,0.028921802
911348,0.028921802
911349,0.01825064
911350,0.028921802
911351,0.028921802
911352,0.028921802
911389,0.014780381
911390,0.47346485
911391,0.47346485
911392,0.47346485
911393,0.47346485
911394,0.47346485
911400,0.24939366
911401,0.46594888
911402,0.46594888
911418,0.21789806
911429,0.21032979
911450,0.04947066
911451,0.062079806
911472,0.058639877
911473,0.075010575
911474,0.075010575
911475,0.075010575
911489,0.058639877
911490,0.075010575
911491,0.075010575
911492,0.075010575
911493,0.075010575
911501,0.058639877
911507,0.011556391
911508,0.027764386
911509,0.027764386
911510,0.027764386
911511,0.027764386
911520,0.011556391
911521,0.027764386
911522,0.027764386
911523,0.027764386
911524,0.027764386
911534,0.011556391
911535,0.027764386
911536,0.027764386
911537,0.027764386
911553,0.00897818
911554,0.023857828
911645,0.013288466
911646,0.033110984
911647,0.033110984
911648,0.033110984
911649,0.033110984
911650,0.033110984
911651,0.033110984
911652,0.033110984
911653,0.033110984
911658,0.012968067
911659,0.033110984
911660,0.033110984
911661,0.033110984
911670,0.012205655
911671,0.027949646
911672,0.027949646
911697,0.018178094
911698,0.0379242
911699,0.0379242
911700,0.0379242
911701,0.0379242
911705,0.028215928
911706,0.049059067
911707,0.049059067
911708,0.049059067
911709,0.049059067
911710,0.049059067
911726,0.028215928
911843,0.07588167
911844,0.085969746
911845,0.085969746
911846,0.085969746
911866,0.07280265
911867,0.0939813
911868,0.0939813
911869,0.0939813
911870,0.0939813
911888,0.07280265
911889,0.0939813
911921,0.06666677
911930,0.016065378
911931,0.03197238
911932,0.03197238
911942,0.016065378
911943,0.03197238
911944,0.03197238
911976,0.027896933
911979,0.026924476
911980,0.062292743
911991,0.019172573
911992,0.058612496
911993,0.020651009
911994,0.15991533
911995,0.25456768
911996,0.15991533
911997,0.25456768
911998,0.25456768
911999,0.25456768
912000,0.25456768
912001,0.10172463
912002,0.23787788
912003,0.25456768
912004,0.25456768
912005,0.25456768
912006,0.25456768
912007,0.25456768
912008,0.25456768
912009,0.25456768
912010,0.25456768
912011,0.25456768
912012,0.25456768
912013,0.25456768
912014,0.25456768
912015,0.25456768
912016,0.25456768
912017,0.09688964
912018,0.21046202
912019,0.21046202
912020,0.090441965
912029,0.008909948
912030,0.023831269
912033,0.010538027
912034,0.023831269
912035,0.023831269
912043,0.010538027
912044,0.023831269
912045,0.023831269
912046,0.023831269
912090,0.0141308075
912091,0.028914558
912092,0.028914558
912093,0.028914558
912094,0.028914558
912124,0.0141308075
912125,0.028914558
912126,0.028914558
912127,0.028914558
912183,0.0141308075
912184,0.028914558
912252,0.049589213
912253,0.024421426
912254,0.09438003
912255,0.09438003
912256,0.09438003
912287,0.035049524
912288,0.064727865
912289,0.064727865
912290,0.064727865
912326,0.035049524
912327,0.064727865
912328,0.064727865
912329,0.064727865
912330,0.064727865
912331,0.064727865
912339,0.035049524
912340,0.064727865
912341,0.064727865
912342,0.064727865
912343,0.064727865
912360,0.025048636
912361,0.064665
912371,0.03649027
912372,0.064665
912373,0.064665
912374,0.064665
912381,0.041167624
912382,0.07479414
912383,0.07479414
912387,0.041167624
912469,0.019048253
912470,0.030060638
912475,0.01658148
912476,0.030060638
912495,0.012950787
912496,0.03205422
912508,0.026620142
912509,0.15844008
912510,0.26979566
912511,0.26979566
912513,0.15844008
912514,0.26979566
912515,0.26979566
912516,0.26979566
912523,0.15844008
912524,0.26979566
912531,0.13878289
912581,0.009260481
912609,0.011119543
912610,0.025224505
912631,0.023398086
912632,0.047970723
912655,0.023398086
912675,0.023398086
912676,0.047970723
912698,0.03253145
912699,0.074641675
912715,0.03253145
912716,0.074641675
912717,0.074641675
912729,0.03253145
912736,0.02005206
912737,0.03013511
912743,0.02005206
912744,0.03013511
912779,0.012182916
912841,0.046019204
912846,0.066454805
912847,0.08451426
912848,0.08451426
912849,0.08451426
912857,0.066454805
912858,0.08451426
912859,0.08451426
912860,0.08451426
912861,0.08451426
912862,0.08451426
912875,0.066454805
912889,0.014910642
912909,0.020003255
912921,0.015493091
912925,0.16653796
912926,0.19738857
912927,0.19738857
912928,0.14854045
912929,0.19738857
912930,0.19738857
912931,0.19738857
912932,0.19738857
912933,0.16397451
912934,0.19952287
912935,0.19952287
912936,0.19952287
912937,0.19952287
912938,0.19952287
912939,0.19952287
912950,0.069123484
912951,0.1299759
912952,0.1299759
912958,0.05318517
912959,0.110096924
912960,0.110096924
912961,0.110096924
912962,0.110096924
912968,0.05318517
912993,0.09011133
912994,0.13805772
913010,0.08801721
913011,0.13805772
913012,0.13805772
913027,0.18862675
913028,0.3055913
913029,0.3055913
913030,0.3055913
913040,0.20909867
913041,0.31539348
913042,0.31539348
913043,0.31539348
913047,0.20909867
913048,0.31539348
913049,0.31539348
913050,0.31539348
913051,0.012269484
913067,0.012667562
913068,0.025060128
913069,0.025060128
913070,0.025060128
913071,0.013537783
913072,0.025060128
913073,0.025060128
913074,0.025060128
913075,0.025060128
913076,0.025060128
913077,0.019396117
913078,0.030323839
913079,0.030323839
913080,0.030323839
913081,0.019396117
913082,0.030323839
913083,0.030323839
913084,0.030323839
913085,0.030323839
913086,0.030323839
913087,0.019396117
913088,0.030323839
913089,0.030323839
913090,0.030323839
913091,0.017118527
913092,0.026733577
913093,0.017118527
913094,0.026733577
913095,0.026733577
913096,0.026733577
913097,0.017118527
913098,0.017050935
913099,0.02712148
913100,0.02712148
913101,0.02712148
913102,0.02712148
913103,0.4910588
913104,0.6815958
913105,0.6815958
913106,0.6815958
913107,0.6815958
913108,0.6815958
913109,0.6815958
913110,0.6815958
913111,0.6815958
913112,0.6815958
913113,0.6815958
913114,0.6815958
913115,0.6815958
913116,0.6815958
913117,0.6815958
913118,0.6815958
913119,0.6815958
913120,0.6815958
913121,0.6815958
913122,0.6815958
913159,0.08457524
913160,0.063738905
913161,0.063738905
913171,0.057278275
913172,0.07766357
913173,0.07766357
913174,0.07766357
913175,0.057278275
913176,0.07766357
913177,0.07766357
913178,0.07766357
913179,0.057278275
913180,0.008575329
913181,0.019017227
913182,0.019017227
913187,0.011625321
913188,0.019017227
913189,0.019017227
913190,0.019017227
913191,0.019017227
913192,0.019017227
913198,0.011683993
913199,0.019249462
913200,0.019249462
913201,0.019249462
913203,0.011683993
913204,0.019249462
913205,0.019249462
913206,0.011683993
913207,0.019249462
913208,0.019249462
913209,0.019249462
913210,0.019249462
913211,0.014903459
913212,0.025876038
913213,0.025876038
913214,0.025876038
913215,0.025876038
913216,0.014903459
913217,0.025876038
913218,0.025876038
913219,0.025876038
913220,0.014445307
913221,0.08237775
913222,0.122051336
913223,0.122051336
913224,0.122051336
913225,0.091111846
913226,0.122051336
913227,0.122051336
913228,0.122051336
913229,0.122051336
913253,0.091111846
913254,0.122051336
913255,0.122051336
913256,0.122051336
913257,0.122051336
913283,0.09401038
913299,0.26675102
913300,0.026449611
913301,0.026449611
913307,0.012832016
913308,0.026449611
913309,0.026449611
913351,0.026424902
913352,0.0496412
913353,0.0496412
913354,0.0496412
913355,0.028491413
913356,0.0496412
913357,0.0496412
913358,0.0496412
913359,0.028491413
913360,0.0496412
913361,0.0496412
913362,0.05254682
913363,0.05254682
913364,0.05254682
913365,0.05254682
913366,0.05254682
913367,0.05254682
913368,0.05254682
913369,0.05254682
913370,0.05254682
913371,0.05254682
913372,0.0496412
913373,0.0496412
913374,0.0496412
913375,0.0496412
913376,0.05254682
913377,0.009154468
913378,0.014820311
913379,0.014820311
913380,0.014820311
913381,0.014820311
913382,0.009154468
913383,0.014820311
913384,0.014820311
913385,0.014820311
913386,0.009154468
913387,0.014820311
913388,0.014820311
913389,0.014820311
913390,0.014820311
913391,0.014820311
913392,0.006599737
913393,0.013241606
913394,0.013241606
913395,0.013241606
913396,0.013241606
913403,0.006599737
913404,0.013241606
913405,0.013241606
913406,0.013241606
913407,0.013241606
913416,0.006599737
913417,0.013241606
913418,0.013241606
913419,0.013241606
913420,0.013241606
913421,0.013241606
913438,0.00989378
913439,0.0167521
913440,0.0167521
913441,0.0167521
913453,0.00989378
913454,0.0167521
913455,0.0167521
913456,0.0167521
913457,0.0167521
913458,0.0167521
913464,0.030693496
913465,0.0167521
913466,0.0167521
913467,0.0167521
913468,0.05178416
913469,0.05178416
913470,0.05178416
913471,0.05178416
913472,0.05178416
913473,0.05178416
913474,0.05178416
913475,0.05178416
913476,0.05178416
913477,0.05178416
913478,0.05178416
913479,0.05178416
913480,0.05178416
913481,0.05178416
913482,0.012346481
913483,0.020818586
913484,0.020818586
913485,0.020818586
913486,0.012346481
913487,0.020818586
913488,0.020818586
913489,0.012346481
913490,0.020818586
913491,0.020818586
913492,0.020818586
913494,0.015745716
913495,0.026977722
913496,0.026977722
913497,0.026977722
913503,0.015745716
913504,0.026977722
913528,0.00887914
913529,0.01916873
913530,0.01916873
913531,0.01916873
913549,0.011312282
913550,0.01916873
913551,0.01916873
913552,0.01916873
913652,0.15194845
913653,0.101066984
913654,0.101066984
913655,0.101066984
913656,0.101066984
913684,0.080680914
913700,0.08529648
913749,0.006002981
913750,0.01440491
913751,0.01440491
913752,0.01440491
913753,0.007132246
913754,0.01440491
913755,0.01440491
913756,0.01440491
913757,0.007132246
913758,0.01440491
913759,0.01440491
913760,0.01440491
913761,0.01440491
913762,0.01440491
913767,0.014157923
913768,0.023386126
913769,0.023386126
913770,0.023386126
913771,0.023386126
913772,0.023386126
913773,0.023386126
913774,0.023386126
913779,0.014157923
913780,0.023386126
913781,0.023386126
913782,0.023386126
913783,0.023386126
913784,0.023386126
913785,0.023386126
913786,0.023386126
913787,0.023386126
913788,0.023386126
913789,0.023386126
913790,0.023386126
913791,0.023386126
913792,0.023386126
913793,0.023386126
913794,0.014157923
913795,0.023386126
913796,0.023386126
913797,0.023386126
913798,0.023386126
913799,0.023386126
913800,0.023386126
913801,0.015787525
913802,0.027598199
913803,0.027598199
913804,0.027598199
913805,0.027598199
913866,0.017597793
913868,0.016826123
913869,0.04175118
913870,0.04175118
913871,0.04175118
913872,0.04175118
913873,0.04175118
913874,0.04175118
913875,0.04175118
913876,0.016826123
913877,0.04175118
913878,0.04175118
913879,0.04175118
913880,0.04175118
913881,0.04175118
913882,0.04175118
913883,0.018214993
913884,0.045103192
913885,0.045103192
913886,0.045103192
913887,0.045103192
913888,0.045103192
913889,0.018214993
913890,0.045103192
913891,0.045103192
913892,0.045103192
913894,0.018214993
913895,0.045103192
913896,0.045103192
913897,0.045103192
913923,0.047119327
913924,0.07523912
913925,0.07523912
913935,0.032604676
913936,0.07523912
913937,0.063766874
913938,0.063766874
913939,0.063766874
913940,0.063766874
913948,0.03108664
913967,0.01384596
913968,0.030070178
913969,0.030070178
913970,0.030070178
913971,0.030070178
913997,0.01384596
913998,0.030070178
913999,0.030070178
914036,0.0141199175
914037,0.031673234
914038,0.031673234
914039,0.0121469125
914040,0.030490654
914041,0.030490654
914042,0.030490654
914043,0.030490654
914044,0.030490654
914045,0.030490654
914046,0.0121469125
914047,0.030490654
914048,0.030490654
914049,0.030490654
914050,0.030490654
914058,0.0121469125
914059,0.030490654
914060,0.030490654
914061,0.030490654
914062,0.030490654
914213,0.005074439
914264,0.027028643
914265,0.045444384
914266,0.045444384
914267,0.045444384
914268,0.045444384
914269,0.026281495
914270,0.045444384
914271,0.026281495
914272,0.026281495
914273,0.026281495
914274,0.045444384
914275,0.045444384
914276,0.045444384
914277,0.045444384
914278,0.045444384
914279,0.045444384
914280,0.045444384
914281,0.045444384
914282,0.045444384
914283,0.045444384
914284,0.026281495
914285,0.026281495
914286,0.026281495
914287,0.045444384
914292,0.011761748
914293,0.02373459
914294,0.02373459
914295,0.02373459
914296,0.02373459
914297,0.02373459
914309,0.011761748
914310,0.02373459
914311,0.02373459
914312,0.02373459
914313,0.02373459
914314,0.02373459
914329,0.011761748
914330,0.02373459
914331,0.02373459
914332,0.02373459
914333,0.02373459
914334,0.02373459
914344,0.008440952
914345,0.018844323
914346,0.018844323
914347,0.018844323
914480,0.013817354
914482,0.015270863
914483,0.030064322
914484,0.030064322
914485,0.030064322
914486,0.030064322
914487,0.030064322
914575,0.088193744
914586,0.06930295
914607,0.013463689
914616,0.021184228
914617,0.04353043
914618,0.04353043
914619,0.04353043
914620,0.04353043
914622,0.021184228
914623,0.04353043
914645,0.023061734
914646,0.15562925
914647,0.23224898
914648,0.23224898
914649,0.23224898
914650,0.23224898
914651,0.15481643
914652,0.23224898
914653,0.23224898
914654,0.23224898
914655,0.23224898
914670,0.15551005
914671,0.21516074
914672,0.21516074
914673,0.21516074
914674,0.15551005
914790,0.022649622
914791,0.033256583
914795,0.024303699
914796,0.05847572
914808,0.024303699
914809,0.05847572
914810,0.05847572
914820,0.053490452
914827,0.053490452
915023,0.07128626
915024,0.11851611
915025,0.11851611
915032,0.074632995
915033,0.018112369
915034,0.018112369
915035,0.03279449
915047,0.013253755
915048,0.034962837
915049,0.019021217
915050,0.034962837
915052,0.026803803
915053,0.15337962
915054,0.2465835
915055,0.2465835
915058,0.15337962
915075,0.12491435
915101,0.020654103
915102,0.049535673
915103,0.049535673
915125,0.04162477
915126,0.08751571
915127,0.08751571
915128,0.08751571
915139,0.034313828
915140,0.09173322
915141,0.09173322
915142,0.08751571
915143,0.09173322
915144,0.09173322
915145,0.08751571
915146,0.09173322
915147,0.09173322
915148,0.09173322
915149,0.09173322
915150,0.09173322
915170,0.04162477
915380,0.010595539
915381,0.59154207
915382,0.4523817
915383,0.59154207
915384,0.59154207
915385,0.59154207
915386,0.59154207
915387,0.59154207
915388,0.59154207
915389,0.59154207
915390,0.59154207
915398,0.48919305
915399,0.6118772
915400,0.6118772
915401,0.6118772
915402,0.6118772
915403,0.6118772
915404,0.6118772
915405,0.6118772
915406,0.6118772
915407,0.6118772
915408,0.6118772
915409,0.6118772
915410,0.6118772
915411,0.6118772
915436,0.48919305
915437,0.6118772
915438,0.6118772
915439,0.6118772
915440,0.6118772
915441,0.6118772
915442,0.6118772
915443,0.6118772
915444,0.6118772
915460,0.48919305
915461,0.6118772
915462,0.6118772
915463,0.6118772
915464,0.6118772
915465,0.026103739
915466,0.6118772
915467,0.6118772
915468,0.6118772
915469,0.6118772
915470,0.6118772
915471,0.6118772
915472,0.6118772
915473,0.6118772
915491,0.51950413
915492,0.6555394
915493,0.6555394
915494,0.6555394
915495,0.6555394
915503,0.51950413
915504,0.6555394
915505,0.6555394
915506,0.028919993
915507,0.6555394
915508,0.6555394
915509,0.51950413
915510,0.6555394
915511,0.6555394
915512,0.6555394
915513,0.6555394
915514,0.5683545
915515,0.70467216
915516,0.70467216
915517,0.70467216
915518,0.1428774
915519,0.1428774
915520,0.1428774
915521,0.1428774
915522,0.1428774
915523,0.022850173
915524,0.038759355
915525,0.70467216
915526,0.70467216
915527,0.70467216
915536,0.022850173
915537,0.038759355
915538,0.038759355
915539,0.038759355
915540,0.038759355
915541,0.038759355
915542,0.038759355
915543,0.038759355
915544,0.038759355
915545,0.038759355
915546,0.038759355
915547,0.038759355
915548,0.038759355
915549,0.038759355
915565,0.021176716
915566,0.03658726
915567,0.03658726
915568,0.03658726
915569,0.03658726
915570,0.03658726
915571,0.03658726
915572,0.03658726
915588,0.021176716
915589,0.03658726
915590,0.03658726
915591,0.03658726
915592,0.03658726
915593,0.03658726
915594,0.03658726
915684,0.12895416
915685,0.25002766
915686,0.25002766
915687,0.25002766
915688,0.16702728
915689,0.25002766
915690,0.25002766
915691,0.25002766
915692,0.16702728
915693,0.25002766
915694,0.25002766
915696,0.34581608
915697,0.0245791
915698,0.56111974
915705,0.43042764
915711,0.013904347
915712,0.0245791
915713,0.0245791
915714,0.0245791
915715,0.0245791
915719,0.023167845
915720,0.034541402
915721,0.034541402
915722,0.034541402
915723,0.034541402
915725,0.023167845
915726,0.034541402
915727,0.034541402
915728,0.034541402
915729,0.034541402
915730,0.034541402
915731,0.023167845
915732,0.034541402
915733,0.034541402
915734,0.034541402
915735,0.034541402
915736,0.034541402
915884,0.09067293
915894,0.06284955
915895,0.085038714
915896,0.085038714
915914,0.06284955
915936,0.073259
915937,0.022092676
915952,0.014162836
915953,0.022092676
915954,0.022092676
915955,0.022092676
915956,0.022092676
915957,0.022092676
915966,0.014162836
915967,0.022092676
915968,0.022092676
915969,0.022092676
915970,0.022092676
915971,0.022092676
915990,0.51085186
916015,0.059643872
916016,0.11490784
916051,0.097999476
916052,0.130941
916053,0.130941
916061,0.097999476
916062,0.130941
916063,0.130941
916064,0.130941
916065,0.130941
916066,0.130941
916067,0.130941
916072,0.097999476
916073,0.130941
916074,0.130941
916075,0.130941
916076,0.130941
916077,0.130941
916078,0.130941
916079,0.130941
916080,0.130941
916091,0.1017476
916134,0.022958044
916135,0.04891621
916136,0.04891621
916142,0.011296214
916143,0.017439878
916144,0.017439878
916145,0.017439878
916153,0.011296214
916154,0.017439878
916155,0.017439878
916156,0.017439878
916165,0.011296214
916166,0.017439878
916167,0.017439878
916168,0.017439878
916190,0.005617492
916191,0.012647378
916198,0.0066026696
916199,0.012647378
916200,0.012647378
916201,0.012647378
916208,0.01153235
916209,0.018625973
916210,0.018625973
916211,0.018625973
916212,0.018625973
916217,0.01153235
916218,0.018625973
916219,0.018625973
916220,0.018625973
916221,0.018625973
916223,0.01153235
916224,0.018625973
916225,0.018625973
916226,0.018625973
916227,0.018625973
916228,0.018625973
916232,0.014385371
916233,0.023136647
916234,0.023136647
916235,0.023136647
916236,0.023136647
916239,0.014385371
916240,0.023136647
916241,0.023136647
916242,0.023136647
916243,0.014385371
916244,0.023136647
916245,0.023136647
916246,0.023136647
916247,0.023136647
916249,0.018968966
916250,0.030982938
916251,0.018968966
916252,0.030982938
916253,0.030982938
916254,0.030982938
916255,0.018968966
916346,0.08034967
916347,0.08428514
916348,0.08428514
916349,0.08428514
916370,0.062089305
916371,0.08428514
916372,0.08428514
916373,0.0136537785
916374,0.022937192
916375,0.07238255
916376,0.022937192
916377,0.022937192
916407,0.009905408
916408,0.02219074
916424,0.013110809
916425,0.02219074
916426,0.02219074
916427,0.02219074
916428,0.02219074
916429,0.02219074
916438,0.013110809
916439,0.02219074
916440,0.02219074
916441,0.02219074
916474,0.011986167
916476,0.11441282
916477,0.12897162
916478,0.12897162
916479,0.12897162
916480,0.09618708
916481,0.12897162
916482,0.12897162
916483,0.12897162
916484,0.12897162
916486,0.09618708
916487,0.12897162
916488,0.12897162
916489,0.12897162
916490,0.12897162
916497,0.101108484
916596,0.013705674
916597,0.024829892
916619,0.030263638
916620,0.0532
916621,0.0532
916622,0.0532
916623,0.0532
916625,0.015851647
916626,0.015851647
916627,0.031647313
916628,0.021649156
916629,0.043480825
916630,0.048244085
916631,0.048244085
916632,0.048244085
916633,0.043480825
916634,0.021649156
916635,0.043480825
916636,0.043480825
916637,0.043480825
916638,0.01902709
916639,0.0469649
916648,0.02342668
916649,0.0469649
916650,0.0469649
916651,0.0469649
916657,0.02342668
916658,0.0469649
916659,0.0469649
916660,0.0469649
916661,0.0469649
916662,0.0469649
916663,0.028219255
916664,0.028219255
916665,0.048610937
916666,0.048610937
916667,0.048610937
916668,0.048610937
916670,0.028219255
916671,0.048610937
916672,0.048610937
916673,0.048610937
916674,0.048610937
916675,0.048610937
916794,0.040601015
916900,0.016769294
916958,0.015303509
916959,0.031990994
916960,0.031990994
916961,0.031990994
916962,0.031990994
916969,0.013361703
916970,0.031990994
916971,0.031990994
916972,0.031990994
916973,0.031990994
916981,0.013361703
916982,0.031990994
916983,0.031990994
916984,0.011182533
916985,0.02957977
916986,0.07767417
916987,0.07767417
916988,0.07767417
916989,0.07767417
916990,0.07767417
916991,0.02957977
916992,0.07767417
916993,0.07767417
916994,0.07767417
916995,0.07767417
916996,0.07767417
916997,0.07767417
916998,0.02957977
916999,0.07767417
917001,0.011182533
917002,0.02957977
917003,0.02957977
917026,0.013832099
917027,0.034857996
917040,0.021664599
917041,0.044334155
917042,0.044334155
917043,0.044334155
917046,0.015837844
917047,0.039730817
917048,0.039730817
917049,0.039730817
917059,0.028783133
917060,0.039730817
917163,0.0074049034
917164,0.024911033
917165,0.024911033
917166,0.024911033
917167,0.024911033
917170,0.012938523
917171,0.024911033
917172,0.024911033
917173,0.024911033
917174,0.024911033
917175,0.024911033
917176,0.024911033
917177,0.024911033
917178,0.024911033
917186,0.009288602
917187,0.019783305
917188,0.019783305
917189,0.019783305
917190,0.019783305
917191,0.019783305
917192,0.019783305
917197,0.009288602
917389,0.015890196
917390,0.033961162
917391,0.033961162
917392,0.033961162
917393,0.033961162
917423,0.03492135
917424,0.06210779
917429,0.024507836
917430,0.06210779
917433,0.041967463
917434,0.07404742
917475,0.122840434
917476,0.10599671
917520,0.082356505
917583,0.082356505
917610,0.021212585
917620,0.021212585
917621,0.04014912
917622,0.114871554
917658,0.019666985
917659,0.05004727
917688,0.0294378
917691,0.02516744
917692,0.17803907
917693,0.24566463
917694,0.24566463
917695,0.24566463
917696,0.16471888
917697,0.24566463
917698,0.24566463
917699,0.24566463
917700,0.24566463
917701,0.16471888
917702,0.24566463
917703,0.08399046
917771,0.028806362
917818,0.015390864
917875,0.017233383
918012,0.07466972
918013,0.123336144
918014,0.123336144
918015,0.123336144
918016,0.123336144
918019,0.07825405
918020,0.123336144
918021,0.123336144
918022,0.123336144
918023,0.123336144
918031,0.07825405
918124,0.2702159
918125,0.25164902
918130,0.1569293
918131,0.25164902
918132,0.25164902
918133,0.25164902
918134,0.25164902
918135,0.25164902
918136,0.25164902
918137,0.25164902
918144,0.1569293
918145,0.25164902
918146,0.25164902
918147,0.25164902
918155,0.12916419
918216,0.009950624
918217,0.026012734
918218,0.026012734
918221,0.013403684
918222,0.026012734
918232,0.029401364
918233,0.051611926
918234,0.051611926
918235,0.051611926
918236,0.029401364
918237,0.051611926
918238,0.029288964
918239,0.07338049
918256,0.03720779
918257,0.07338049
918258,0.07338049
918259,0.07338049
918260,0.07338049
918272,0.03720779
918273,0.07338049
918274,0.07338049
918292,0.022123938
918341,0.022123938
918342,0.03173802
918343,0.03173802
918344,0.03173802
918345,0.03173802
918358,0.022123938
918359,0.03173802
918360,0.03173802
918361,0.03173802
918362,0.03173802
918379,0.011919644
918380,0.019885113
918381,0.019885113
918382,0.019885113
918383,0.019885113
918384,0.019885113
918385,0.019885113
918386,0.019885113
918387,0.019885113
918388,0.019885113
918389,0.019885113
918390,0.019885113
918391,0.019885113
918436,0.009180781
918437,0.07662919
918438,0.07662919
918439,0.07662919
918440,0.07662919
918441,0.019885113
918442,0.07662919
918443,0.07662919
918444,0.07662919
918445,0.019885113
918446,0.019885113
918447,0.07662919
918448,0.019885113
918449,0.019885113
918450,0.019885113
918451,0.019885113
918452,0.019885113
918453,0.019885113
918454,0.019885113
918455,0.019885113
918456,0.07662919
918687,0.071183994
918703,0.09878331
918704,0.11257625
918716,0.09878331
918717,0.11257625
918724,0.108058
918733,0.011935698
918734,0.030156517
918747,0.014576906
918748,0.025426952
918749,0.01020351
918750,0.025426952
918751,0.09017685
918752,0.12623426
918756,0.1589417
918757,0.25002766
918758,0.25002766
918762,0.16702728
918783,0.046637043
918784,0.07020353
918785,0.06067933
918786,0.07020353
918787,0.07020353
918788,0.07020353
918789,0.07020353
918790,0.07020353
918791,0.07020353
918809,0.037748046
918810,0.06567251
918811,0.06567251
918812,0.06567251
918813,0.06567251
918814,0.06567251
918815,0.06567251
918819,0.038280714
918820,0.07474333
918821,0.07474333
918822,0.07474333
918825,0.045951206
918871,0.085110985
918881,0.06284955
918882,0.085038714
918883,0.085038714
918892,0.06284955
918893,0.085038714
918894,0.085038714
918895,0.085038714
918896,0.085038714
918897,0.085038714
918904,0.073259
918913,0.014162836
918914,0.022092676
918915,0.022092676
918916,0.022092676
918917,0.022092676
918923,0.014162836
918924,0.022092676
918925,0.022092676
918926,0.022092676
918927,0.022092676
918940,0.01423413
918941,0.022361612
918950,0.015789889
918951,0.11490784
919018,0.13858807
919019,0.10836448
919025,0.08860265
919026,0.10836448
919027,0.10836448
919029,0.06006682
919030,0.07324803
919031,0.07324803
919047,0.05158551
919323,0.05053151
919324,0.06226314
919325,0.06226314
919326,0.06226314
919327,0.06226314
919328,0.06226314
919329,0.06226314
919330,0.06226314
919331,0.06226314
919332,0.06226314
919341,0.025995463
919342,0.0355067
919360,0.02166031
919509,0.08651081
919510,0.08428514
919511,0.08428514
919518,0.062089305
919519,0.08428514
919520,0.08428514
919521,0.08428514
919522,0.08428514
919523,0.08428514
919539,0.0565046
919540,0.022937192
919541,0.022937192
919542,0.022937192
919556,0.010317016
919561,0.013110809
919562,0.02219074
919563,0.02219074
919576,0.013110809
919577,0.02219074
919578,0.02219074
919579,0.02219074
919590,0.011894448
919591,0.01573327
919592,0.028067913
919593,0.028067913
919594,0.028067913
919595,0.01573327
919596,0.028067913
919597,0.028067913
919598,0.028067913
919599,0.028067913
919600,0.028067913
919617,0.014672765
919620,0.09618708
919621,0.12897162
919622,0.12897162
919623,0.12897162
919631,0.09618708
919632,0.12897162
919633,0.12897162
919634,0.12897162
919635,0.12897162
919640,0.09618708
919641,0.12897162
919642,0.12897162
919649,0.101108484
919669,0.04833275
919670,0.05715336
919677,0.041142862
919678,0.05715336
919679,0.041142862
919680,0.05715336
919681,0.05715336
919700,0.010717114
919701,0.030100176
919702,0.02178304
919703,0.02178304
919704,0.02178304
919705,0.02178304
919712,0.013803845
919713,0.02178304
919714,0.02178304
919715,0.02178304
919716,0.02178304
919717,0.02178304
919727,0.013941661
919728,0.023312066
919729,0.023312066
919730,0.023312066
919749,0.013941661
919750,0.023312066
919751,0.023312066
919758,0.013941661
919759,0.023312066
919760,0.023312066
919761,0.023312066
919762,0.027327225
919763,0.027327225
919764,0.027327225
919765,0.027327225
919766,0.027327225
919767,0.023312066
919768,0.027327225
919769,0.023312066
919776,0.015156608
919777,0.025003783
919778,0.0241394
919779,0.0241394
919780,0.0241394
919789,0.015158913
919790,0.0241394
919791,0.0241394
919792,0.0241394
919799,0.015158913
919800,0.0241394
919801,0.0241394
919802,0.0241394
919810,0.006674183
919811,0.015852055
919825,0.0055898824
919826,0.026042158
919827,0.015852055
919834,0.012364944
919835,0.023971366
919836,0.023971366
919837,0.023971366
919838,0.023971366
919839,0.023971366
919857,0.012364944
919858,0.023971366
919859,0.023971366
919860,0.023971366
919861,0.023971366
919862,0.023971366
919870,0.012364944
919871,0.023971366
919872,0.023971366
919873,0.023971366
919882,0.015854057
919883,0.03056045
919884,0.03056045
919885,0.03056045
919886,0.03056045
919887,0.03056045
919892,0.015854057
919893,0.03056045
919894,0.03056045
919895,0.03056045
919896,0.03056045
919901,0.3391872
919902,0.5504721
919903,0.5504721
919904,0.5504721
919905,0.5504721
919906,0.5504721
919907,0.5504721
919908,0.5504721
919909,0.5504721
919915,0.37929726
919916,0.63007545
919917,0.63007545
919918,0.63007545
919919,0.63007545
919920,0.63007545
919921,0.63007545
919922,0.63007545
919923,0.63007545
919924,0.37929726
919925,0.63007545
919926,0.63007545
919927,0.63007545
919928,0.37929726
919929,0.63007545
919930,0.63007545
919931,0.63007545
919932,0.63007545
919933,0.63007545
919934,0.63007545
919935,0.36448917
919936,0.63543653
919937,0.63543653
919938,0.63543653
919939,0.63543653
919940,0.63543653
919941,0.63543653
919942,0.63543653
919943,0.63543653
919944,0.63543653
919945,0.63543653
919946,0.63543653
919947,0.63543653
919948,0.021218322
919949,0.044733256
919950,0.044733256
919951,0.044733256
919952,0.021218322
919953,0.044733256
919954,0.044733256
919955,0.044733256
919956,0.044733256
919957,0.015771676
919958,0.033664156
920160,0.017084165
920161,0.030884638
920173,0.026789397
920174,0.055369344
920175,0.030884638
920176,0.055369344
920177,0.055369344
920178,0.055369344
920179,0.030884638
920180,0.030884638
920181,0.055369344
920192,0.011800186
920193,0.029730596
920194,0.029730596
920195,0.029730596
920196,0.029730596
920201,0.011800186
920202,0.029730596
920203,0.029730596
920204,0.029730596
920213,0.011800186
920321,0.00917416
920322,0.025578309
920323,0.025578309
920336,0.025477985
920337,0.04588053
920338,0.04588053
920339,0.04588053
920340,0.04588053
920341,0.04588053
920342,0.04588053
920352,0.025477985
920353,0.04588053
920354,0.04588053
920355,0.04588053
920356,0.04588053
920365,0.025477985
920366,0.04588053
920367,0.04588053
920368,0.04588053
920369,0.04588053
920370,0.04588053
920371,0.024813883
920372,0.04353645
920373,0.04353645
920374,0.04353645
920375,0.04353645
920376,0.04353645
920377,0.024813883
920378,0.04353645
920379,0.04353645
920380,0.04353645
920383,0.024813883
920384,0.04353645
920385,0.04353645
920386,0.04353645
920387,0.04353645
921073,0.13884506
921074,0.11084279
921075,0.11084279
921076,0.11084279
921125,0.016286405
921126,0.042126566
921127,0.12006886
921128,0.042126566
921129,0.042126566
921138,0.021210326
921140,0.021210326
921141,0.042126566
921142,0.042126566
921143,0.042126566
921159,0.025583638
921160,0.052485574
921251,0.02829082
921252,0.069711775
921253,0.069711775
921254,0.069711775
921255,0.069711775
921292,0.026744347
921293,0.069711775
921294,0.069711775
921295,0.069711775
921296,0.069711775
921307,0.026744347
921308,0.069711775
921309,0.069711775
921315,0.022295201
921372,0.03016663
921373,0.06124321
921374,0.019827794
921375,0.06124321
921383,0.02900934
921384,0.06124321
921404,0.018627714
921405,0.043624118
921406,0.043624118
921407,0.043624118
921408,0.043624118
921415,0.018627714
921416,0.043624118
921417,0.043624118
921418,0.043624118
921419,0.043624118
921420,0.043624118
921421,0.043624118
921422,0.043624118
921423,0.043624118
921424,0.043624118
921425,0.043624118
921426,0.043624118
921427,0.043624118
921428,0.043624118
921429,0.043624118
921430,0.043624118
921434,0.018627714
921442,0.016518252
921443,0.041069947
921444,0.041069947
921445,0.041069947
921446,0.041069947
921447,0.041069947
921448,0.041069947
921449,0.041069947
921450,0.041069947
921451,0.041069947
921452,0.041069947
921453,0.041069947
921454,0.041069947
921455,0.026302917
921456,0.041069947
921457,0.041069947
921458,0.041069947
921459,0.041069947
921460,0.041069947
921461,0.041069947
921462,0.041069947
921463,0.041069947
921464,0.041069947
921465,0.041069947
921466,0.026302917
921467,0.026302917
921468,0.026302917
921469,0.041069947
921470,0.041069947
921471,0.041069947
921472,0.041069947
921473,0.041069947
921474,0.041069947
921475,0.041069947
921476,0.041069947
921477,0.041069947
921478,0.041069947
921479,0.041069947
921480,0.041069947
921481,0.041069947
921482,0.041069947
921483,0.041069947
921484,0.041069947
921485,0.041069947
921486,0.041069947
921487,0.041069947
921488,0.041069947
921489,0.041069947
921490,0.041069947
921491,0.041069947
921492,0.041069947
921493,0.041069947
921494,0.041069947
921495,0.041069947
921496,0.041069947
921497,0.041069947
921498,0.041069947
921499,0.041069947
921500,0.013874265
921501,0.026302917
921502,0.026302917
921503,0.026302917
921504,0.026302917
921505,0.026302917
921706,0.020715537
921707,0.05224945
921723,0.12712413
921724,0.24452277
921727,0.14557858
921728,0.24452277
921729,0.24452277
921730,0.24452277
921732,0.14557858
921733,0.24452277
921734,0.24452277
921735,0.24452277
921736,0.24452277
921737,0.24452277
921738,0.11953698
921745,0.049305003
921746,0.15014872
921751,0.050096963
921752,0.10505852
921753,0.10505852
921768,0.0345049
921842,0.030426858
921843,0.07065431
921854,0.034165617
921855,0.07082472
921856,0.07082472
921857,0.07082472
921865,0.034165617
921866,0.07082472
921867,0.07082472
921868,0.07082472
921875,0.02079671
921876,0.031341776
921877,0.031341776
921878,0.031341776
921879,0.031341776
921885,0.02079671
921886,0.031341776
921887,0.031341776
921888,0.031341776
921895,0.02079671
921896,0.031341776
921897,0.031341776
921898,0.031341776
921899,0.031341776
921909,0.011197565
921910,0.01963385
921911,0.01963385
921912,0.01963385
921924,0.011197565
921925,0.01963385
921926,0.07571632
921927,0.07571632
921928,0.07571632
921929,0.07571632
921930,0.07571632
921931,0.01963385
921932,0.01963385
921951,0.011197565
921952,0.01963385
921953,0.01963385
921954,0.01963385
921955,0.01963385
921968,0.016753474
921969,0.024804747
921970,0.024804747
921972,0.016753474
921974,0.015696391
921975,0.08694827
921976,0.08694827
921977,0.08694827
921978,0.05369577
921979,0.08694827
921980,0.08694827
921981,0.08694827
921982,0.08694827
921983,0.08694827
921984,0.08694827
921985,0.08694827
921986,0.08694827
921987,0.08694827
921988,0.08694827
921989,0.08694827
921990,0.08694827
921991,0.033825837
922079,0.020738335
922116,0.012840366
922117,0.029511783
922118,0.029511783
922119,0.029511783
922120,0.029511783
922121,0.029511783
922161,0.022834878
922162,0.038856294
922163,0.038856294
922164,0.038856294
922213,0.016088035
922214,0.038856294
922226,0.019431164
922227,0.0352861
922236,0.0143853985
922380,0.06410087
922381,0.12208027
922495,0.03230852
922496,0.024269992
922497,0.073851116
922498,0.073851116
922499,0.073851116
922500,0.073851116
922503,0.036019936
922504,0.024269992
922505,0.024269992
922506,0.073851116
922507,0.024269992
922508,0.20809898
922509,0.30766493
922510,0.024269992
922511,0.024269992
922512,0.30766493
922513,0.3309844
922514,0.47896793
922515,0.47896793
922516,0.47896793
922517,0.47896793
922518,0.47896793
922519,0.47896793
922520,0.3309844
922521,0.47896793
922522,0.47896793
922523,0.47896793
922524,0.3309844
922525,0.47896793
922526,0.47896793
922527,0.47896793
922528,0.47433603
922529,0.6307354
922530,0.6307354
922531,0.6307354
922532,0.6307354
922533,0.6307354
922534,0.6307354
922535,0.6307354
922536,0.6307354
922537,0.6307354
922538,0.6307354
922539,0.6307354
922540,0.6307354
922541,0.6307354
922542,0.6307354
922543,0.6307354
922544,0.6307354
922545,0.019227445
922546,0.030086607
922547,0.030086607
922548,0.030086607
922549,0.030086607
922550,0.6307354
922551,0.041264687
922552,0.07428559
922553,0.07428559
922554,0.07428559
922555,0.07428559
922556,0.036705125
922557,0.033388756
922685,0.115173966
922686,0.08216141
922693,0.057871893
922694,0.08216141
922695,0.08216141
922696,0.08216141
922697,0.08216141
922698,0.057871893
922699,0.06751632
922701,0.012987711
922707,0.016564064
922708,0.028442707
922710,0.016347189
922711,0.028442707
922712,0.028442707
922713,0.028442707
922714,0.028442707
922715,0.028442707
922716,0.016347189
922727,0.015129386
922733,0.090453856
922734,0.12665442
922735,0.12665442
922736,0.12665442
922742,0.090453856
922743,0.12665442
922744,0.090453856
922801,0.0063669365
922807,0.007611231
922808,0.014330738
922809,0.014330738
922814,0.02266322
922815,0.03505512
922816,0.03505512
922817,0.03505512
922818,0.03505512
922821,0.02266322
922822,0.03505512
922823,0.03505512
922824,0.03505512
922825,0.02266322
922826,0.03505512
922827,0.03505512
922828,0.03505512
922833,0.026956344
922834,0.04716913
922835,0.04716913
922836,0.04716913
922842,0.026956344
922843,0.04716913
922844,0.04716913
922845,0.04716913
922846,0.04716913
922847,0.04716913
922855,0.026956344
922856,0.04716913
922857,0.04716913
922858,0.04716913
922868,0.010560673
922869,0.020504365
922876,0.010560673
922883,0.010560673
922884,0.020504365
922885,0.020504365
922886,0.020504365
922887,0.020504365
922888,0.020504365
922903,0.006170837
922904,0.0148824565
922905,0.0148824565
922906,0.0148824565
922907,0.0148824565
922925,0.006170837
922926,0.0148824565
922927,0.0148824565
922928,0.0148824565
922929,0.0148824565
922930,0.0148824565
922949,0.006170837
922950,0.0148824565
922951,0.0148824565
922952,0.0148824565
922961,0.010781602
922962,0.021894196
922963,0.021894196
922964,0.021894196
922965,0.021894196
922966,0.021894196
922978,0.010781602
922979,0.021894196
922980,0.021894196
922981,0.021894196
922982,0.021894196
922989,0.010781602
922990,0.021894196
922991,0.021894196
922992,0.021894196
922993,0.021894196
922994,0.021894196
922995,0.021894196
923001,0.013451421
923002,0.027174424
923003,0.027174424
923004,0.027174424
923005,0.027174424
923015,0.013451421
923016,0.027174424
923030,0.0137618715
923031,0.0363391
923032,0.0363391
923033,0.017505514
923034,0.030050172
923035,0.030050172
923036,0.030050172
923101,0.012039115
923102,0.026863834
923113,0.01206013
923114,0.026863834
923115,0.026863834
923116,0.026863834
923117,0.026863834
923137,0.056411885
923138,0.07398105
923139,0.07398105
923151,0.057198614
923152,0.07398105
923153,0.07398105
923154,0.07398105
923159,0.05879418
923161,0.05879418
923175,0.009964167
923176,0.011890901
923177,0.020915406
923178,0.020915406
923179,0.020915406
923180,0.020915406
923181,0.020915406
923326,0.0142474845
923327,0.016267966
923328,0.042177908
923329,0.042177908
923330,0.042177908
923331,0.042177908
923332,0.01231747
923503,0.032121208
923504,0.026781876
923505,0.045324273
923506,0.045324273
923507,0.026781876
923508,0.045324273
923509,0.045324273
923510,0.045324273
923511,0.026781876
923512,0.045324273
923513,0.045324273
923514,0.01914723
923563,0.013631878
923564,0.025623586
923565,0.025623586
923573,0.050358675
923574,0.27083102
923575,0.27083102
923576,0.27083102
923577,0.27083102
923578,0.061868265
923582,0.054849014
923586,0.054849014
923587,0.07155319
923588,0.07155319
923589,0.07155319
923590,0.054849014
923591,0.07155319
923600,0.0585735
923638,0.011936689
923639,0.031124849
923667,0.035267
923668,0.042962816
923669,0.079337046
923670,0.079337046
923671,0.079337046
923672,0.042962816
923673,0.079337046
923695,0.10618379
923696,0.11084279
923697,0.11084279
923698,0.11084279
923699,0.082348324
923700,0.021210326
923701,0.042126566
923704,0.016286405
923705,0.042126566
923706,0.042126566
923707,0.042126566
923708,0.042126566
923714,0.025583638
923715,0.019664828
923716,0.034803085
923717,0.07991452
923718,0.07991452
923719,0.07991452
923720,0.034803085
923721,0.07991452
923722,0.034803085
923723,0.07991452
923724,0.026744347
923725,0.069711775
923726,0.069711775
923727,0.069711775
923728,0.026744347
923729,0.069711775
923730,0.069711775
923731,0.069711775
923732,0.069711775
923733,0.026744347
923851,0.022609355
923852,0.035814222
923853,0.023026718
923854,0.03901027
923855,0.03901027
923856,0.03901027
923857,0.023026718
923858,0.03901027
923901,0.08426001
923902,0.11933204
923903,0.072150275
923904,0.11933204
923905,0.11933204
923906,0.11933204
923907,0.11933204
923908,0.11933204
923909,0.072150275
923910,0.11933204
923911,0.11933204
923912,0.019188132
923913,0.034821726
923914,0.034821726
923915,0.019188132
923916,0.034821726
923917,0.034821726
923918,0.019188132
923921,0.020149862
923922,0.03711896
923923,0.03711896
923929,0.020149862
923932,0.027611675
923933,0.05224945
923934,0.020763634
923935,0.14557858
923936,0.24452277
923937,0.24452277
923938,0.14557858
923939,0.24452277
923940,0.24452277
923948,0.14557858
923949,0.24452277
923950,0.24452277
923952,0.10398193
924023,0.009455957
924037,0.026979573
924038,0.049773607
924039,0.049773607
924040,0.049773607
924063,0.026979573
924064,0.049773607
924065,0.049773607
924066,0.049773607
924116,0.026979573
924139,0.034165617
924140,0.07082472
924141,0.07082472
924142,0.07082472
924195,0.026876178
924196,0.07082472
924197,0.07082472
924198,0.07082472
924205,0.02079671
924206,0.031341776
924207,0.031341776
924248,0.02079671
924249,0.031341776
924250,0.031341776
924251,0.031341776
924252,0.031341776
924253,0.031341776
924254,0.031341776
924261,0.02079671
924262,0.031341776
924263,0.031341776
924264,0.031341776
924265,0.031341776
924295,0.011197565
924296,0.01963385
924297,0.01963385
924298,0.01963385
924299,0.01963385
924317,0.011197565
924318,0.01963385
924319,0.01963385
924323,0.011197565
924324,0.01963385
924325,0.01963385
924326,0.01963385
924327,0.01963385
924383,0.044857517
924384,0.0638923
924385,0.08514964
924386,0.08514964
924395,0.0638923
924400,0.08662952
924415,0.013575693
924421,0.018250577
924422,0.029511783
924423,0.029511783
924424,0.029511783
924425,0.029511783
924426,0.029511783
924436,0.019339735
924437,0.0352861
924438,0.0352861
924439,0.0352861
924440,0.0352861
924441,0.13157147
924442,0.13157147
924443,0.17132151
924444,0.17132151
924445,0.13157147
924446,0.17132151
924447,0.17132151
924448,0.17132151
924449,0.17132151
924450,0.17132151
924451,0.17132151
924452,0.17132151
924453,0.12834573
924502,0.01059099
924503,0.024497202
924504,0.024497202
924505,0.08317796
924506,0.12208027
924507,0.12208027
924511,0.08317796
924513,0.13472667
924514,0.24293242
924515,0.014156912
924516,0.022729522
924521,0.014156912
924522,0.022729522
924523,0.022729522
924530,0.014156912
924531,0.022729522
924544,0.010866623
924545,0.024269992
924555,0.016686901
924556,0.034111388
924594,0.06545588
924595,0.06748935
924606,0.057871893
924607,0.08216141
924608,0.08216141
924609,0.08216141
924615,0.057871893
924616,0.08216141
924617,0.08216141
924618,0.08216141
924619,0.08216141
924620,0.057871893
924621,0.06751632
924622,0.021295594
924623,0.021295594
924624,0.021295594
924626,0.012987711
924627,0.021295594
924628,0.021295594
924629,0.021295594
924630,0.021295594
924631,0.021295594
924665,0.009632201
924682,0.013053168
924683,0.02155504
924684,0.02155504
924685,0.02155504
924686,0.02155504
924687,0.02155504
924706,0.013053168
924707,0.02155504
924740,0.039084964
924754,0.015129386
924755,0.026623724
924756,0.081777155
924757,0.12665442
924758,0.12665442
924765,0.090453856
924766,0.12665442
924767,0.12665442
924768,0.12665442
924769,0.12665442
924770,0.12665442
924772,0.090453856
924773,0.12665442
924774,0.12665442
924775,0.12665442
924776,0.12665442
924777,0.12665442
924778,0.12665442
924779,0.12665442
924780,0.12665442
924781,0.12665442
924782,0.12665442
924783,0.073808536
924861,0.048474822
924862,0.05819324
924863,0.05819324
924864,0.05819324
924865,0.05819324
924866,0.05819324
924867,0.05819324
924868,0.05819324
924878,0.02266322
924879,0.03505512
924880,0.03505512
924881,0.04087554
924882,0.03505512
924887,0.02266322
924888,0.03505512
924889,0.03505512
924890,0.03505512
924895,0.02266322
924896,0.03505512
924897,0.03505512
924898,0.03505512
924904,0.026956344
924905,0.04716913
924906,0.04716913
924907,0.04716913
924911,0.026956344
924912,0.04716913
924913,0.04716913
924914,0.04716913
924915,0.04716913
924920,0.026956344
924921,0.04716913
924922,0.04716913
924923,0.04716913
924924,0.04716913
924925,0.010560673
924926,0.020504365
924927,0.020504365
924928,0.020504365
924929,0.020504365
924930,0.020504365
924931,0.020504365
924932,0.020504365
924933,0.010560673
924934,0.020504365
924935,0.020504365
924936,0.020504365
924937,0.020504365
924938,0.010560673
924939,0.020504365
924940,0.020504365
924941,0.020504365
924943,0.006170837
924944,0.0148824565
924945,0.0148824565
924946,0.0148824565
924947,0.006598546
924948,0.015904324
924949,0.015904324
924950,0.015904324
924951,0.015904324
924952,0.006598546
924953,0.015904324
924954,0.015904324
924955,0.015904324
924956,0.011525183
924957,0.023386072
924958,0.023386072
924959,0.023386072
924960,0.011525183
924961,0.023386072
924962,0.023386072
924963,0.011525183
924964,0.023386072
924965,0.023386072
924966,0.0107832905
924967,0.021844577
924968,0.021844577
924969,0.021844577
924970,0.0107832905
924971,0.021844577
924972,0.021844577
924973,0.021844577
924974,0.0107832905
924975,0.021844577
924976,0.021844577
924977,0.021844577
924978,0.021844577
924979,0.014235742
924980,0.029265817
924981,0.029265817
924982,0.029265817
924983,0.029265817
924984,0.029265817
924985,0.023794163
924986,0.023004983
925007,0.08295542
925008,0.06375687
925015,0.04450496
925016,0.06375687
925017,0.06375687
925018,0.06375687
925019,0.06375687
925020,0.06375687
925021,0.06375687
925030,0.052044813
925057,0.009623758
925063,0.009573305
925071,0.009573305
925072,0.017066438
925073,0.017066438
925074,0.017066438
925091,0.010639754
925097,0.07403991
925099,0.07403991
925100,0.10473069
925101,0.10473069
925102,0.10473069
925103,0.10473069
925104,0.10473069
925111,0.07403991
925112,0.10473069
925113,0.10473069
925114,0.10473069
925115,0.10473069
925116,0.10473069
925117,0.10473069
925118,0.10473069
925119,0.10473069
925120,0.10473069
925121,0.10473069
925128,0.0779259
925129,0.10028147
925130,0.10028147
925186,0.003910462
925187,0.009832577
925188,0.009832577
925189,0.009832577
925190,0.009832577
925197,0.004841142
925198,0.009832577
925199,0.009832577
925200,0.009832577
925201,0.009832577
925205,0.004841142
925210,0.010074847
925211,0.016740669
925212,0.016740669
925213,0.016740669
925214,0.016740669
925229,0.010074847
925230,0.016740669
925231,0.016740669
925232,0.016740669
925236,0.010074847
925238,0.009983966
925239,0.021714643
925240,0.01215627
925241,0.019392962
925242,0.019392962
925243,0.019392962
925245,0.01215627
925246,0.019392962
925247,0.019392962
925248,0.019392962
925253,0.008754492
925254,0.025601078
925255,0.025601078
925256,0.025601078
925257,0.0132162655
925258,0.025601078
925259,0.025601078
925260,0.025601078
925261,0.025601078
925262,0.012715499
925263,0.024583269
925264,0.024583269
925265,0.024583269
925266,0.024583269
925267,0.012908905
925268,0.318187
925269,0.5653629
925270,0.038824312
925271,0.5653629
925272,0.5653629
925273,0.5653629
925274,0.30459392
925275,0.5710233
925276,0.5710233
925277,0.5710233
925278,0.5710233
925279,0.30459392
925280,0.5710233
925281,0.5710233
925282,0.5710233
925283,0.30459392
925284,0.5710233
925415,0.008930043
925599,0.018207481
925600,0.037429847
925601,0.037429847
925602,0.021274973
925603,0.037429847
925604,0.037429847
925605,0.037429847
925606,0.037429847
925607,0.037429847
925608,0.037429847
925609,0.037429847
925610,0.037429847
925611,0.037429847
925613,0.021274973
925614,0.037429847
925615,0.037429847
925633,0.15699397
925642,0.21023071
925643,0.34897366
925644,0.34897366
925645,0.34897366
925646,0.34897366
925647,0.34897366
925648,0.34897366
925649,0.34897366
925650,0.34897366
925651,0.34897366
925652,0.34897366
925653,0.34897366
925654,0.34897366
925655,0.34897366
925656,0.34897366
925657,0.34897366
925658,0.34897366
925659,0.34897366
925660,0.34897366
925661,0.34897366
925662,0.34897366
925663,0.34897366
925664,0.34897366
925665,0.34897366
925666,0.34897366
925667,0.34897366
925668,0.34897366
925670,0.21023071
925671,0.34897366
925672,0.34897366
925673,0.34897366
925674,0.34897366
925675,0.34897366
925676,0.34897366
925677,0.34897366
925678,0.34897366
925679,0.34897366
925680,0.34897366
925681,0.34897366
925682,0.34897366
925683,0.34897366
925684,0.34897366
925685,0.34897366
925686,0.34897366
925687,0.34897366
925688,0.34897366
925689,0.34897366
925690,0.34897366
925693,0.21023071
925694,0.34897366
925695,0.34897366
925696,0.34897366
925697,0.34897366
925919,0.06488284
925920,0.09383842
925930,0.069374286
925931,0.09383842
925935,0.069374286
925950,0.013566603
925958,0.017683012
925959,0.035246104
925960,0.035246104
925961,0.035246104
925962,0.035246104
925969,0.021344893
925970,0.043990888
925971,0.043990888
925972,0.043990888
925973,0.043990888
925974,0.043990888
925978,0.021344893
925979,0.043990888
925980,0.043990888
925981,0.043990888
926047,0.011831403
926339,0.07706431
926340,0.09158361
926341,0.09158361
926347,0.054691702
926349,0.07441497
926350,0.59615237
926351,0.59615237
926352,0.59615237
926353,0.59615237
926359,0.4404253
926360,0.59615237
926361,0.59615237
926362,0.59615237
926363,0.59615237
926364,0.59615237
926365,0.59615237
926366,0.59615237
926367,0.59615237
926368,0.59615237
926369,0.59615237
926370,0.59615237
926375,0.4404253
926376,0.59615237
926377,0.59615237
926378,0.59615237
926379,0.59615237
926380,0.59615237
926381,0.59615237
926382,0.59615237
926383,0.59615237
926384,0.59615237
926385,0.59615237
926386,0.59615237
926387,0.59615237
926388,0.59615237
926390,0.492755
926391,0.6628436
926392,0.6628436
926393,0.6628436
926394,0.6628436
926395,0.6628436
926396,0.6628436
926397,0.6628436
926398,0.492755
926399,0.6628436
926400,0.6628436
926401,0.6628436
926402,0.6628436
926403,0.6628436
926404,0.6628436
926405,0.6628436
926406,0.6628436
926407,0.6628436
926408,0.492755
926409,0.6628436
926410,0.6628436
926411,0.6628436
926412,0.6628436
926413,0.6628436
926414,0.6628436
926415,0.6628436
926416,0.6628436
926417,0.6628436
926418,0.6628436
926419,0.6628436
926420,0.6628436
926421,0.6628436
926422,0.6628436
926423,0.6628436
926424,0.6628436
926425,0.6628436
926426,0.6628436
926427,0.6628436
926428,0.6628436
926429,0.6628436
926430,0.6628436
926431,0.6628436
926432,0.6628436
926435,0.5433234
926436,0.75289434
926437,0.75289434
926438,0.75289434
926439,0.75289434
926440,0.75289434
926441,0.75289434
926442,0.75289434
926443,0.75289434
926444,0.75289434
926445,0.75289434
926446,0.75289434
926447,0.75289434
926448,0.75289434
926449,0.75289434
926460,0.5337754
926462,0.11009292
926463,0.21564904
926464,0.21564904
926465,0.21564904
926466,0.21564904
926467,0.21564904
926468,0.21564904
926469,0.21564904
926470,0.21564904
926471,0.1264331
926472,0.21564904
926473,0.21564904
926474,0.21564904
926475,0.21564904
926476,0.21564904
926477,0.21564904
926478,0.21564904
926479,0.21564904
926480,0.21564904
926481,0.10340174
926482,0.16492285
926483,0.16492285
926484,0.16492285
926486,0.10340174
926626,0.025641503
926627,0.0589652
926628,0.4769904
926629,0.0589652
926635,0.02825794
926636,0.0589652
926637,0.0589652
926638,0.0589652
926639,0.0589652
926640,0.0589652
926641,0.0589652
926681,0.010997492
926682,0.023195654
926683,0.023195654
926684,0.023195654
926690,0.015696509
926691,0.023195654
926793,0.036539868
926804,0.048327867
926805,0.0647651
926806,0.0647651
926807,0.0647651
926808,0.0647651
926809,0.0647651
926810,0.0647651
926811,0.0647651
926816,0.048327867
926817,0.0647651
926818,0.0647651
926819,0.0647651
926820,0.0647651
926821,0.0647651
926822,0.0647651
926823,0.0647651
926824,0.0647651
926831,0.048327867
926832,0.0647651
926862,0.20143521
926863,0.14938238
926864,0.14938238
926865,0.14938238
926866,0.114022404
926867,0.14938238
926868,0.14938238
926869,0.14938238
926870,0.14938238
926871,0.14938238
926872,0.114022404
926873,0.14938238
926874,0.14938238
926875,0.14938238
926876,0.09066097
927020,0.10676072
927021,0.20872754
927022,0.20872754
927023,0.20872754
927024,0.20872754
927025,0.20872754
927026,0.20872754
927027,0.20872754
927028,0.20872754
927036,0.13110325
927037,0.20872754
927038,0.20872754
927043,0.13110325
927044,0.20872754
927045,0.20872754
927046,0.20872754
927047,0.010604885
927048,0.017063798
927049,0.017063798
927050,0.017063798
927051,0.010604885
927052,0.017063798
927053,0.017063798
927054,0.017063798
927055,0.017063798
927056,0.017063798
927057,0.010604885
927058,0.017063798
927059,0.012294809
927060,0.026774922
927061,0.014421816
927062,0.022629512
927063,0.022629512
927064,0.014421816
927065,0.022629512
927066,0.022629512
927067,0.022629512
927068,0.022629512
927104,0.012288846
927105,0.016115936
927106,0.009726138
927107,0.015981445
927108,0.015981445
927109,0.015981445
927110,0.015981445
927111,0.015981445
927112,0.015981445
927113,0.015981445
927114,0.009726138
927115,0.015981445
927116,0.015981445
927117,0.015981445
927118,0.009726138
927119,0.015981445
927120,0.015981445
927124,0.010438327
927125,0.01726688
927126,0.01726688
927127,0.01726688
927128,0.01726688
927129,0.01726688
927130,0.01726688
927133,0.010438327
927134,0.01726688
927135,0.01726688
927136,0.01726688
927137,0.01726688
927138,0.010438327
927139,0.01726688
927144,0.013081227
927145,0.022816295
927146,0.022816295
927147,0.022816295
927148,0.022816295
927178,0.013081227
927179,0.022816295
927180,0.022816295
927181,0.022816295
927182,0.022816295
927187,0.013081227
927188,0.022816295
927189,0.022816295
927190,0.022816295
927191,0.022816295
927192,0.022816295
927193,0.022816295
927195,0.42489257
927196,0.57526016
927197,0.57526016
927198,0.57526016
927199,0.57526016
927200,0.57526016
927201,0.57526016
927202,0.021349227
927203,0.021349227
927204,0.021349227
927205,0.57526016
927207,0.42489257
927208,0.57526016
927209,0.57526016
927210,0.57526016
927211,0.57526016
927212,0.57526016
927213,0.57526016
927214,0.57526016
927215,0.57526016
927216,0.57526016
927217,0.57526016
927218,0.57526016
927219,0.42489257
927220,0.57526016
927356,0.03255321
927365,0.010108635
927366,0.017066438
927367,0.017066438
927368,0.017066438
927369,0.4925865
927370,0.011496443
927371,0.021616487
927372,0.021616487
927373,0.021616487
927374,0.021616487
927375,0.021616487
927376,0.021616487
927377,0.021616487
927383,0.011496443
927384,0.021616487
927385,0.021616487
927386,0.021616487
927387,0.021616487
927388,0.021616487
927389,0.021616487
927390,0.021616487
927399,0.011496443
927400,0.021616487
927401,0.021616487
927402,0.021616487
927403,0.021616487
927404,0.021616487
927405,0.021616487
927406,0.021616487
927416,0.008050624
927594,0.23731874
927595,0.024583269
927596,0.48325482
927597,0.48325482
927598,0.48325482
927599,0.48325482
927606,0.28160736
927607,0.48325482
927608,0.48325482
927887,0.12549037
927894,0.010541508
927895,0.028345874
927896,0.028345874
927897,0.028345874
927898,0.028345874
927899,0.028345874
927909,0.01155931
927910,0.027794179
927911,0.027794179
927912,0.027794179
927913,0.027794179
927914,0.027794179
927923,0.13916844
927924,0.26502794
927925,0.26502794
927926,0.027794179
927927,0.027794179
927938,0.13916844
927939,0.26502794
927940,0.26502794
928069,0.1903829
928070,0.027265808
928087,0.020499611
928088,0.027265808
928089,0.027265808
928090,0.027265808
928108,0.020499611
928109,0.027265808
928110,0.027265808
928111,0.027265808
928112,0.027265808
928123,0.011234233
928124,0.021290466
928125,0.021290466
928132,0.011234233
928133,0.021290466
928134,0.021290466
928135,0.021290466
928136,0.024367282
928137,0.024367282
928138,0.024367282
928139,0.024367282
928140,0.021290466
928141,0.024367282
928142,0.024367282
928143,0.021290466
928144,0.011234233
928145,0.021290466
928146,0.021290466
928147,0.021290466
928148,0.021290466
928149,0.021290466
928150,0.032223135
928151,0.049580246
928346,0.016552858
928347,0.042862102
928348,0.042862102
928349,0.042862102
928350,0.042862102
928351,0.042862102
928352,0.042862102
928353,0.026105212
928354,0.042862102
928355,0.026105212
928364,0.011643843
928365,0.02357497
928366,0.02357497
928367,0.02357497
928368,0.011643843
928369,0.02357497
928370,0.02357497
928371,0.02357497
928372,0.02357497
928373,0.02357497
928374,0.011643843
928375,0.02357497
928376,0.02357497
928378,0.0083507225
928379,0.018705161
928380,0.018705161
928381,0.018705161
928611,0.01246821
928622,0.03576776
928623,0.06662739
928624,0.06662739
928625,0.06662739
928632,0.03576776
928633,0.06662739
928634,0.06662739
928643,0.09919044
928644,0.09383842
928645,0.09383842
928652,0.069374286
928653,0.09383842
928654,0.09383842
928655,0.09383842
928656,0.06350756
928657,0.017683012
928658,0.035246104
928659,0.035246104
928674,0.016390251
928675,0.043990888
928676,0.043990888
928677,0.043990888
928678,0.043990888
928679,0.043990888
928686,0.021344893
928687,0.043990888
928688,0.043990888
928689,0.043990888
928690,0.043990888
928691,0.043990888
928697,0.021344893
928698,0.043990888
928699,0.043990888
928700,0.043990888
928706,0.031011853
928707,0.07157353
928708,0.07157353
928709,0.07157353
928730,0.02199003
928742,0.02380933
928743,0.062363505
928744,0.08104711
928754,0.19667104
928755,0.29831707
928756,0.29831707
928757,0.29831707
928758,0.29831707
928769,0.19667104
928770,0.29831707
928771,0.29831707
928772,0.29831707
928773,0.29831707
928774,0.29831707
928775,0.29831707
928776,0.29831707
928781,0.19667104
928782,0.29831707
928783,0.29831707
928784,0.29831707
928785,0.29831707
928786,0.29831707
928787,0.29831707
928793,0.15207471
928845,0.07842823
928851,0.04331982
928852,0.06614345
928853,0.06614345
928860,0.04331982
928861,0.04137319
928862,0.06614345
928897,0.02260639
928898,0.06614345
928899,0.04137319
928950,0.02407506
928951,0.0460112
928952,0.0460112
928953,0.0460112
928954,0.0460112
928955,0.0460112
928956,0.0460112
928962,0.017000595
928963,0.028528778
928964,0.028528778
928965,0.028528778
928970,0.017000595
928971,0.028528778
928972,0.028528778
928978,0.017000595
928979,0.028528778
928980,0.028528778
928981,0.028528778
928982,0.028528778
928983,0.028528778
928984,0.028528778
928985,0.028528778
928986,0.028528778
928992,0.019399127
928993,0.03393403
928994,0.03393403
928995,0.03393403
928996,0.03393403
929040,0.116610624
929041,0.13690223
929042,0.13690223
929043,0.09874027
929044,0.160306
929045,0.160306
929054,0.09874027
929058,0.09874027
929065,0.02222447
929066,0.04023053
929067,0.04023053
929068,0.04023053
929069,0.04023053
929070,0.04023053
929071,0.04023053
929077,0.02222447
929078,0.04023053
929079,0.04023053
929080,0.017375926
929081,0.042868745
929082,0.023334805
929083,0.030141704
929092,0.15836014
929093,0.28128785
929094,0.28128785
929095,0.28128785
929096,0.28128785
929097,0.28128785
929105,0.17083074
929106,0.28128785
929107,0.28128785
929108,0.28128785
929109,0.28128785
929110,0.28128785
929111,0.28128785
929112,0.28128785
929113,0.28128785
929121,0.17083074
929122,0.28128785
929123,0.28128785
929128,0.13038106
929273,0.08423944
929274,0.1159318
929275,0.1159318
929276,0.1159318
929278,0.08772671
929279,0.1159318
929280,0.1159318
929281,0.1159318
929282,0.1159318
929283,0.1159318
929286,0.11107849
929288,0.014427158
929289,0.030817933
929290,0.030817933
929291,0.030817933
929292,0.030817933
929293,0.030817933
929294,0.030817933
929295,0.021141749
929296,0.034124974
929297,0.034124974
929298,0.034124974
929299,0.034124974
929300,0.034124974
929303,0.024534326
929304,0.0428931
929305,0.0428931
929306,0.0428931
929307,0.0428931
929308,0.0428931
929309,0.0428931
929310,0.025250938
929311,0.0428931
929312,0.0428931
929313,0.0428931
929314,0.0428931
929328,0.07420966
929329,0.1713504
929330,0.1713504
929331,0.1713504
929332,0.1713504
929333,0.1713504
929334,0.1713504
929335,0.038967036
929336,0.1713504
929337,0.1713504
929338,0.1713504
929339,0.1713504
929340,0.1713504
929341,0.1713504
929350,0.09279972
929351,0.17658216
929352,0.17658216
929353,0.19999382
929354,0.17658216
929355,0.17658216
929356,0.17658216
929391,0.14526857
929596,0.17283098
929597,0.31837094
929598,0.31837094
929599,0.21083541
929600,0.31837094
929601,0.31837094
929602,0.31837094
929603,0.31837094
929605,0.21083541
929606,0.31837094
929607,0.31837094
929608,0.31837094
929609,0.31837094
929610,0.013581154
929611,0.021812815
929612,0.067154914
929613,0.021812815
929614,0.013581154
929615,0.021812815
929616,0.021812815
929617,0.021812815
929618,0.021812815
929619,0.013581154
929620,0.021812815
929621,0.021812815
929622,0.021812815
929623,0.011613651
929624,0.0216034
929625,0.0216034
929626,0.0216034
929635,0.010312207
929636,0.0216034
929643,0.019381031
929644,0.03039719
929645,0.03039719
929646,0.03039719
929683,0.008698789
929684,0.020812826
929685,0.020812826
929686,0.01275481
929687,0.021066519
929688,0.021066519
929689,0.021066519
929690,0.01275481
929691,0.021066519
929692,0.012023659
929693,0.026561102
929694,0.026561102
929701,0.012120672
929704,0.0929566
929705,0.12335053
929706,0.12335053
929707,0.12335053
929708,0.12335053
929713,0.07947675
929714,0.10192931
929715,0.10192931
929716,0.10192931
929717,0.10192931
929718,0.10192931
929740,0.07947675
929741,0.10192931
929742,0.10192931
929813,0.00604698
929814,0.014505495
929840,0.006499763
929841,0.015863128
929842,0.015863128
929843,0.015863128
929844,0.015863128
929865,0.008291132
929866,0.015863128
929867,0.015863128
929868,0.015863128
929869,0.015863128
929888,0.0068292697
929889,0.012867382
929890,0.012867382
929891,0.012867382
929892,0.012867382
929893,0.047023177
929894,0.012867382
929895,0.012867382
929908,0.0068292697
929909,0.012867382
929910,0.02558479
929911,0.047992207
929912,0.027436875
929913,0.047992207
929914,0.047992207
929915,0.047992207
929924,0.027436875
929925,0.047992207
929926,0.047992207
929927,0.047992207
929932,0.010279464
929933,0.019963697
929934,0.019963697
929935,0.019963697
929936,0.019963697
929944,0.032885056
929945,0.071994625
929946,0.019963697
929947,0.019963697
929948,0.019963697
929949,0.019963697
929955,0.010279464
929956,0.019963697
929957,0.019963697
929958,0.019963697
929964,0.0071211555
929965,0.017151218
929966,0.017151218
929967,0.017151218
929973,0.0071211555
929974,0.017151218
929975,0.017151218
929976,0.017151218
929982,0.0071211555
929983,0.017151218
929984,0.017151218
929985,0.017151218
929986,0.017151218
929991,0.012433103
929992,0.025204528
929993,0.025204528
929994,0.025204528
929999,0.012433103
930000,0.025204528
930001,0.025204528
930002,0.025204528
930008,0.012433103
930009,0.025204528
930010,0.025204528
930011,0.025204528
930022,0.012911173
930023,0.026097605
930024,0.026097605
930025,0.026097605
930026,0.026097605
930027,0.026097605
930035,0.012911173
930036,0.026097605
930037,0.026097605
930038,0.026097605
930047,0.012911173
930048,0.026097605
930049,0.026097605
930050,0.026097605
930051,0.026097605
930052,0.026097605
930053,0.026097605
930054,0.017033178
930055,0.034912154
930056,0.034912154
930057,0.034912154
930058,0.017033178
930059,0.034912154
930060,0.034912154
930061,0.017033178
930062,0.034912154
930063,0.034912154
930064,0.01680519
930065,0.02886278
930066,0.02886278
930067,0.02886278
930068,0.02886278
930069,0.01680519
930070,0.02886278
930071,0.02886278
930072,0.02886278
930343,0.054339085
930344,0.056374975
930345,0.07293444
930346,0.07293444
930347,0.07293444
930348,0.07293444
930349,0.07293444
930350,0.07293444
930351,0.07293444
930352,0.056374975
930353,0.07293444
930354,0.07293444
930355,0.07293444
930356,0.05794898
930363,0.0074848877
930364,0.01541504
930365,0.01541504
930366,0.01541504
930367,0.01541504
930375,0.0074848877
930376,0.01541504
930377,0.01541504
930378,0.01541504
930379,0.01541504
930380,0.01541504
930381,0.01541504
930563,0.0041352385
930564,0.010466617
930565,0.010466617
930566,0.010466617
930594,0.005154992
930595,0.010466617
930596,0.010466617
930597,0.010466617
930600,0.00888474
930601,0.01781217
930602,0.01781217
930603,0.01781217
930604,0.01781217
930605,0.01781217
930606,0.01781217
930634,0.012216796
930635,0.021601833
930636,0.021601833
930637,0.021601833
930659,0.0451348
930660,0.059612013
930661,0.059612013
930662,0.059612013
930663,0.059612013
930670,0.05126102
930671,0.059612013
930672,0.059612013
930673,0.059612013
930674,0.059612013
930675,0.059612013
930676,0.059612013
930677,0.059612013
930697,0.019620243
930719,0.01137767
930720,0.027586902
930721,0.027586902
930734,0.014255482
930735,0.052435353
930736,0.052435353
930737,0.027586902
930738,0.027586902
930739,0.027586902
930748,0.014255482
930749,0.027586902
930750,0.027586902
930751,0.027586902
930752,0.027586902
930758,0.015218799
930759,0.029353505
930760,0.029353505
930765,0.015218799
930766,0.029353505
930767,0.029353505
930768,0.029353505
930774,0.015218799
930775,0.029353505
930776,0.029353505
930777,0.029353505
930778,0.029353505
930783,0.02078972
930784,0.04036509
930785,0.04036509
930947,0.008565584
930948,0.029264662
930949,0.029264662
930956,0.012426033
930957,0.029264662
930958,0.029264662
930959,0.029264662
930960,0.029264662
930969,0.011169702
930970,0.028169392
930971,0.028169392
930972,0.028169392
930973,0.028169392
930974,0.028169392
930990,0.011169702
930991,0.028169392
930992,0.028169392
930993,0.028169392
931006,0.011169702
931007,0.028169392
931008,0.028169392
931009,0.028169392
931010,0.028169392
931032,0.016111542
931033,0.038526166
931039,0.014824773
931040,0.038526166
931041,0.038526166
931042,0.038526166
931043,0.038526166
931044,0.038526166
931045,0.038526166
931046,0.038526166
931051,0.014824773
931052,0.038526166
931053,0.038526166
931054,0.038526166
931055,0.038526166
931062,0.011220745
931063,0.030137377
931249,0.008439232
931250,0.036114298
931251,0.036114298
931252,0.036114298
931253,0.036114298
931254,0.13331531
931255,0.27035517
931256,0.27035517
931257,0.27035517
931258,0.27035517
931259,0.27035517
931260,0.27035517
931261,0.27035517
931262,0.13331531
931264,0.13331531
931265,0.27035517
931266,0.27035517
931267,0.27035517
931268,0.09804431
931269,0.21380128
931270,0.21380128
931271,0.21380128
931272,0.09804431
931273,0.21380128
931274,0.21380128
931275,0.21380128
931276,0.21380128
931277,0.09804431
931278,0.21380128
931279,0.21380128
931280,0.10442692
931281,0.22627363
931282,0.22627363
931283,0.22627363
931284,0.22627363
931720,0.020294093
931721,0.05145795
931741,0.02687052
931750,0.034918945
931751,0.040710565
931752,0.09274345
931753,0.09274345
931754,0.09274345
931755,0.09274345
931756,0.040710565
931757,0.09274345
931758,0.09274345
931759,0.09274345
931760,0.09274345
931762,0.03132834
931763,0.08104711
931768,0.03132834
931789,0.03749422
931810,0.032161277
931811,0.07394981
931834,0.032161277
931877,0.032161277
931882,0.22387472
931883,0.35350177
931884,0.35350177
931885,0.0460112
931891,0.024504213
931892,0.0460112
931893,0.0460112
931894,0.0460112
931895,0.0460112
931896,0.0460112
931897,0.0460112
931898,0.0460112
931910,0.0146828815
931911,0.028528778
931912,0.028528778
931913,0.028528778
931914,0.028528778
931915,0.028528778
931916,0.028528778
931925,0.017000595
931926,0.028528778
931930,0.017000595
931931,0.028528778
931932,0.028528778
931933,0.028528778
931934,0.028528778
931935,0.028528778
931936,0.028528778
931937,0.028528778
931938,0.028528778
931947,0.019399127
931948,0.03393403
931949,0.03393403
931950,0.03393403
931951,0.03393403
931952,0.03393403
931953,0.03393403
931954,0.03393403
931955,0.019399127
931956,0.03393403
931957,0.03393403
931958,0.03393403
931959,0.03393403
931960,0.03393403
931961,0.03393403
931962,0.03393403
931963,0.03393403
931964,0.03393403
931965,0.019399127
931966,0.03393403
931967,0.03393403
931968,0.03393403
931969,0.03393403
931970,0.03393403
931971,0.03393403
931972,0.027703086
931973,0.046075873
931974,0.046075873
931975,0.046075873
931976,0.046075873
931977,0.046075873
931978,0.046075873
931979,0.046075873
931980,0.046075873
931981,0.046075873
931982,0.046075873
931983,0.027703086
931984,0.046075873
931985,0.046075873
931986,0.046075873
931987,0.046075873
931988,0.046075873
931989,0.046075873
931990,0.046075873
931991,0.046075873
931992,0.046075873
931993,0.046075873
931994,0.046075873
931995,0.027703086
931996,0.046075873
931997,0.046075873
931998,0.046075873
931999,0.046075873
932000,0.046075873
932001,0.046075873
932002,0.046075873
932003,0.027626775
932004,0.045842834
932049,0.0405784
932050,0.114863575
932051,0.114863575
932052,0.114863575
932053,0.114863575
932054,0.114863575
932055,0.114863575
932056,0.114863575
932057,0.114863575
932080,0.061335888
932081,0.13434497
932082,0.13434497
932083,0.13434497
932084,0.13434497
932085,0.13434497
932086,0.13434497
932087,0.13434497
932103,0.061335888
932104,0.13434497
932105,0.13434497
932106,0.13434497
932107,0.13434497
932108,0.13434497
932109,0.13434497
932110,0.13434497
932111,0.13434497
932112,0.13434497
932113,0.13434497
932114,0.13434497
932115,0.13434497
932121,0.061335888
932128,0.016581992
932129,0.03968648
932130,0.03968648
932131,0.03968648
932132,0.03968648
932133,0.022274753
932134,0.03968648
932135,0.03968648
932136,0.03968648
932137,0.03968648
932138,0.02222447
932139,0.04023053
932140,0.04023053
932141,0.04023053
932148,0.02222447
932149,0.04023053
932150,0.04023053
932151,0.04023053
932152,0.04023053
932153,0.04023053
932159,0.02222447
932160,0.04023053
932161,0.04023053
932162,0.04023053
932163,0.04023053
932164,0.04023053
932165,0.023334805
932166,0.042868745
932167,0.042868745
932168,0.023334805
932169,0.042868745
932170,0.042868745
932171,0.042868745
932172,0.042868745
932173,0.042868745
932174,0.042868745
932177,0.023334805
932178,0.042868745
932179,0.042868745
932180,0.042868745
932181,0.042868745
932182,0.042868745
932183,0.042868745
932192,0.026263123
932222,0.019571388
932226,0.0229657
932228,0.017983397
932229,0.05759429
932249,0.0528648
932299,0.009960018
932300,0.101618014
932301,0.026680421
932302,0.101618014
932303,0.101618014
932304,0.101618014
932323,0.013087157
932324,0.026680421
932325,0.026680421
932346,0.03863022
932347,0.07055372
932383,0.03863022
932384,0.07055372
932385,0.07055372
932458,0.047229603
932459,0.111478105
932468,0.023646185
932469,0.035583682
932470,0.035583682
932471,0.035583682
932472,0.035583682
932473,0.035583682
932474,0.035583682
932475,0.035583682
932476,0.035583682
932483,0.023646185
932484,0.035583682
932485,0.035583682
932492,0.016463827
932493,0.018199531
932494,0.031741895
932495,0.031741895
932496,0.031741895
932497,0.031741895
932498,0.031741895
932499,0.027134249
932500,0.039971627
932501,0.039971627
932502,0.039971627
932505,0.027134249
932506,0.039971627
932512,0.027134249
932513,0.4852482
932514,0.4852482
932519,0.54292154
932520,0.6790759
932521,0.6790759
932522,0.6790759
932529,0.54292154
932530,0.6790759
932531,0.6790759
932532,0.6790759
932538,0.54292154
932539,0.6790759
932540,0.6790759
932541,0.6790759
932640,0.10503304
932641,0.1159318
932642,0.1159318
932643,0.1159318
932646,0.08772671
932647,0.1159318
932648,0.1159318
932649,0.1159318
932650,0.1159318
932651,0.1159318
932652,0.1159318
932653,0.1159318
932654,0.1159318
932655,0.08178008
932678,0.024697827
932688,0.017314961
932689,0.038967036
932690,0.038967036
932691,0.038967036
932692,0.038967036
932693,0.038967036
932694,0.038967036
932695,0.02149492
932696,0.038967036
932697,0.038967036
932698,0.038967036
932699,0.038967036
932700,0.038967036
932755,0.1472924
932756,0.106771946
932757,0.106771946
932769,0.060091265
932770,0.106771946
932771,0.106771946
932782,0.060091265
932897,0.1732453
932898,0.31837094
932899,0.31837094
932900,0.21083541
932901,0.31837094
932902,0.31837094
932903,0.31837094
932904,0.21083541
932905,0.31837094
932906,0.31837094
932907,0.31837094
932908,0.012437061
932917,0.013581154
932918,0.021812815
932919,0.021812815
932920,0.021812815
932921,0.011613651
932922,0.0216034
932923,0.0216034
932924,0.0216034
932925,0.011613651
932926,0.0216034
932927,0.0216034
932928,0.014872603
933017,0.07708301
933018,0.07334247
933019,0.07334247
933020,0.07334247
933021,0.07334247
933033,0.064933345
933034,0.091897555
933035,0.064933345
933041,0.013898157
933054,0.01269083
933055,0.020812826
933056,0.020812826
933057,0.020812826
933058,0.020812826
933067,0.01269083
933068,0.020812826
933069,0.020812826
933070,0.020812826
933071,0.020812826
933072,0.020812826
933123,0.010048858
933154,0.01275481
933155,0.021066519
933156,0.021066519
933157,0.021066519
933158,0.021066519
933194,0.01275481
933195,0.021066519
933196,0.021066519
933197,0.021066519
933198,0.021066519
933199,0.021066519
933200,0.021066519
933214,0.015253177
933215,0.026561102
933216,0.026561102
933217,0.026561102
933218,0.026561102
933219,0.026561102
933227,0.015253177
933228,0.026561102
933229,0.026561102
933230,0.026561102
933231,0.026561102
933241,0.015253177
933242,0.026561102
933243,0.026561102
933244,0.026561102
933245,0.026561102
933251,0.013332284
933252,0.024859373
933253,0.024859373
933254,0.024859373
933255,0.024859373
933256,0.024859373
933273,0.10383159
933274,0.12335053
933275,0.12335053
933276,0.12335053
933279,0.08799922
933280,0.12335053
933281,0.08799922
933282,0.12335053
933283,0.12335053
933284,0.12335053
933285,0.12335053
933286,0.12335053
933287,0.12335053
933288,0.12335053
933349,0.09241201
933405,0.005507388
933406,0.012867382
933407,0.012867382
933417,0.020366622
933418,0.031543262
933419,0.031543262
933420,0.031543262
933421,0.031543262
933422,0.031543262
933423,0.031543262
933434,0.020366622
933435,0.031543262
933436,0.031543262
933437,0.04765606
933452,0.024373267
933453,0.048688266
933454,0.047992207
933455,0.047992207
933459,0.018719459
933460,0.047992207
933461,0.047992207
933462,0.047992207
933463,0.047992207
933464,0.047992207
933465,0.047992207
933466,0.018719459
933467,0.048688266
933468,0.048688266
933469,0.048688266
933470,0.048688266
933471,0.047992207
933472,0.048688266
933473,0.048688266
933474,0.047992207
933475,0.047992207
933484,0.010279464
933485,0.019963697
933486,0.019963697
933487,0.019963697
933488,0.019963697
933495,0.010279464
933496,0.019963697
933497,0.019963697
933498,0.019963697
933499,0.019963697
933500,0.019963697
933508,0.010279464
933509,0.019963697
933510,0.019963697
933511,0.019963697
933512,0.019963697
933519,0.0071211555
933520,0.017151218
933521,0.017151218
933522,0.017151218
933523,0.017151218
933524,0.017151218
933533,0.0071211555
933534,0.017151218
933535,0.017151218
933536,0.017151218
933537,0.017094688
933538,0.017094688
933539,0.017094688
933540,0.017094688
933548,0.0071211555
933549,0.017094688
933550,0.017094688
933551,0.017094688
933558,0.012433103
933559,0.025122128
933560,0.025122128
933561,0.025122128
933569,0.012433103
933570,0.025122128
933571,0.025122128
933572,0.025122128
933579,0.012433103
933580,0.025122128
933581,0.025122128
933582,0.025122128
933641,0.096022114
933642,0.086142845
933643,0.06076004
933644,0.086142845
933645,0.086142845
933646,0.086142845
933651,0.06076004
933652,0.086142845
933653,0.086142845
933656,0.0665582
933657,0.020351563
933658,0.020351563
933663,0.011553726
933664,0.011553726
933665,0.020351563
933666,0.020351563
933667,0.020351563
933668,0.0110933315
933669,0.01968756
933670,0.01968756
933671,0.01968756
933672,0.01968756
933673,0.01968756
933674,0.01968756
933689,0.0110933315
933690,0.01968756
933691,0.01968756
933692,0.01968756
933693,0.01968756
933694,0.01968756
933695,0.01968756
933696,0.01968756
933697,0.01968756
933698,0.01968756
933710,0.01121167
933711,0.023802865
933712,0.023802865
933713,0.023802865
933714,0.023802865
933715,0.023802865
933716,0.023802865
933720,0.011209974
933721,0.021372613
933722,0.021372613
933723,0.021372613
933724,0.021372613
933725,0.021372613
933732,0.011209974
933735,0.011209974
933736,0.021372613
933737,0.021372613
933738,0.021372613
933739,0.021372613
933740,0.021372613
933741,0.08189377
933742,0.10996921
933745,0.08189377
933746,0.10996921
933747,0.10996921
933748,0.10996921
933749,0.10996921
933750,0.10996921
933751,0.10996921
933758,0.08189377
933759,0.10996921
933760,0.10996921
933768,0.08615362
933769,0.10532355
933770,0.10532355
933777,0.08615362
933814,0.0062422208
933815,0.014607026
933816,0.014607026
933817,0.014607026
933834,0.0074848877
933835,0.014607026
933836,0.014607026
933837,0.014607026
933838,0.014607026
933839,0.014607026
933840,0.014607026
933841,0.014607026
933842,0.014607026
933843,0.014607026
933884,0.005154992
933885,0.009915393
933886,0.009915393
933887,0.009915393
933888,0.009915393
933889,0.009915393
933890,0.009915393
933891,0.009915393
933892,0.009915393
933893,0.005154992
933894,0.009915393
933895,0.009915393
933896,0.009915393
933897,0.009915393
933898,0.009915393
933899,0.009915393
933900,0.009915393
933901,0.009915393
933902,0.009915393
933903,0.009915393
933905,0.005154992
933906,0.009915393
933907,0.009915393
933908,0.009915393
933909,0.009915393
933910,0.009915393
933911,0.009915393
933912,0.009915393
933913,0.009915393
933914,0.009915393
933915,0.009915393
933921,0.013494519
933922,0.021207027
933923,0.021207027
933924,0.021207027
933925,0.021207027
933926,0.021207027
933927,0.021207027
933944,0.013494519
933945,0.021207027
933946,0.021207027
933947,0.021207027
933948,0.021207027
933949,0.021207027
933960,0.1640617
933961,0.021207027
933962,0.021207027
933963,0.021207027
933964,0.24451742
933965,0.24451742
933966,0.24451742
933967,0.24451742
933968,0.24451742
933969,0.24451742
933970,0.24451742
933993,0.009140646
933994,0.015267952
933995,0.015267952
933996,0.015267952
933997,0.015267952
933998,0.015267952
933999,0.015267952
934000,0.015267952
934014,0.009140646
934015,0.015267952
934034,0.011350713
934035,0.021721374
934036,0.021721374
934037,0.021721374
934038,0.021721374
934222,0.010896349
934223,0.026836378
934234,0.010261123
934235,0.024569653
934236,0.024569653
934237,0.024569653
934272,0.010099397
934273,0.021845382
934279,0.013622969
934280,0.033648755
934281,0.033648755
934282,0.033648755
934283,0.033648755
934289,0.013622969
934290,0.033648755
934291,0.033648755
934292,0.033648755
934293,0.033648755
934299,0.013622969
934300,0.033648755
934301,0.033648755
934302,0.033648755
934312,0.010308057
934313,0.026292942
934314,0.026292942
934315,0.026292942
934316,0.026292942
934338,0.010308057
934339,0.026292942
934340,0.026292942
934341,0.026292942
934342,0.026292942
934354,0.010308057
934355,0.026292942
934400,0.02190705
934451,0.024630724
934545,0.011727584
934546,0.019703975
934547,0.019703975
934548,0.019703975
934549,0.019703975
934561,0.011189263
934562,0.019703975
934563,0.019703975
934583,0.011159678
934687,0.022659779
934688,0.03053024
934689,0.03053024
934790,0.019252121
934893,0.11872617
934894,0.14598456
934895,0.14598456
934896,0.14598456
934897,0.10004932
934898,0.12599754
934899,0.12599754
934900,0.12599754
934901,0.10004932
934905,0.008643369
934906,0.022730311
934907,0.022730311
934910,0.008643369
934911,0.022730311
934929,0.020787988
934930,0.047380548
934931,0.047380548
934932,0.047380548
934934,0.026719833
934941,0.018550418
934969,0.06493835
934970,0.10600099
934971,0.10600099
934972,0.10600099
934979,0.077469096
934980,0.10600099
934981,0.10600099
934982,0.10600099
934992,0.077469096
934993,0.10600099
934994,0.10600099
935000,0.016251475
935001,0.043250795
935002,0.043250795
935003,0.025428595
935004,0.043250795
935005,0.043250795
935006,0.043250795
935007,0.025428595
935008,0.043250795
935009,0.043250795
935098,0.11179249
935099,0.12926286
935109,0.09118042
935110,0.15159005
935111,0.15159005
935112,0.15159005
935113,0.15159005
935114,0.15159005
935126,0.09118042
935140,0.015500512
935141,0.037749678
935142,0.037749678
935145,0.020390363
935146,0.037749678
935147,0.037749678
935148,0.037749678
935149,0.037749678
935162,0.016280493
935163,0.040232025
935217,0.021411069
935218,0.040232025
935219,0.040232025
935220,0.040232025
935239,0.021654217
935243,0.067925386
935246,0.1490041
935247,0.24410717
935248,0.24410717
935249,0.24410717
935250,0.24410717
935251,0.24410717
935252,0.24410717
935253,0.24410717
935256,0.1490041
935257,0.24410717
935258,0.24410717
935259,0.24410717
935260,0.24410717
935261,0.24410717
935262,0.24410717
935263,0.24410717
935267,0.1490041
935277,0.13565764
935467,0.03589714
935468,0.082395755
935469,0.04115478
935470,0.082395755
935471,0.082395755
935472,0.082395755
935473,0.082395755
935478,0.04115478
935479,0.082395755
935480,0.082395755
935481,0.082395755
935482,0.09730509
935483,0.019978
935497,0.057869766
935499,0.01669195
935500,0.02905085
935501,0.02905085
935502,0.02905085
935503,0.02905085
935504,0.02905085
935505,0.024905277
935506,0.036609255
935507,0.036609255
935508,0.036609255
935509,0.036609255
935510,0.036609255
935511,0.024905277
935512,0.036609255
935513,0.036609255
935514,0.09783836
935515,0.036609255
935516,0.025562951
935517,0.037474625
935529,0.013695995
935530,0.02612236
935531,0.02612236
935532,0.02612236
935535,0.016953398
935536,0.02612236
935537,0.02612236
935538,0.02612236
935539,0.02612236
935540,0.02612236
935592,0.013702013
935606,0.017615354
935607,0.028202947
935608,0.028202947
935609,0.028202947
935619,0.017615354
935620,0.028202947
935621,0.028202947
935622,0.028202947
935634,0.019395236
935635,0.03123841
935636,0.03123841
935656,0.019395236
935657,0.03123841
935658,0.03123841
935684,0.020100897
935685,0.13471937
935686,0.16746858
935687,0.16746858
935688,0.16746858
935689,0.16746858
935690,0.16746858
935691,0.16746858
935692,0.16746858
935693,0.13471937
935694,0.16746858
935695,0.16746858
935696,0.16746858
935697,0.16746858
935702,0.13471937
935703,0.16746858
935704,0.16746858
935705,0.16746858
935710,0.14545803
935727,0.012375681
935732,0.013153536
935733,0.02570112
935734,0.02570112
935735,0.02570112
935736,0.09763559
935737,0.02570112
935738,0.02570112
935739,0.02570112
935747,0.013153536
935880,0.09847298
935881,0.1763607
935884,0.12424452
935885,0.1763607
935886,0.1763607
935887,0.1763607
935888,0.1763607
935896,0.12424452
935897,0.1763607
935957,0.040274862
935958,0.1173797
935959,0.1173797
935960,0.1173797
935961,0.050828416
935962,0.1173797
935963,0.1173797
935964,0.1173797
935965,0.057408098
936006,0.21193002
936007,0.19419903
936008,0.19419903
936009,0.19419903
936028,0.13053878
936029,0.19419903
936041,0.13053878
936042,0.19419903
936043,0.19419903
936044,0.19419903
936045,0.19419903
936046,0.19419903
936047,0.19419903
936048,0.19419903
936049,0.19419903
936050,0.19419903
936051,0.19419903
936052,0.19419903
936053,0.19419903
936055,0.13780357
936056,0.18783604
936057,0.18783604
936058,0.18783604
936182,0.017440736
936183,0.043778308
936184,0.043778308
936194,0.015465564
936205,0.01888554
936206,0.045987573
936207,0.045987573
936208,0.045987573
936209,0.02379963
936210,0.047986
936211,0.11784266
936212,0.11784266
936213,0.11784266
936214,0.11784266
936215,0.11784266
936216,0.057034265
936217,0.11784266
936218,0.11784266
936219,0.11784266
936220,0.057034265
936231,0.10861727
936232,0.1187296
936233,0.0760568
936234,0.1187296
936235,0.1187296
936236,0.1187296
936237,0.1187296
936238,0.1187296
936239,0.1187296
936240,0.1187296
936241,0.1187296
936245,0.09522302
936262,0.02214125
936263,0.054185666
936270,0.026357673
936271,0.052974336
936273,0.021283612
936311,0.029892307
936417,0.06528407
936433,0.050331302
936434,0.07878999
936435,0.07878999
936436,0.07878999
936437,0.07878999
936453,0.00959515
936454,0.021031681
936455,0.021031681
936456,0.021031681
936457,0.021031681
936473,0.022744594
936474,0.040579904
936475,0.040579904
936476,0.040579904
936477,0.040579904
936478,0.040579904
936479,0.04787389
936498,0.022744594
936499,0.040579904
936500,0.040579904
936501,0.040579904
936514,0.022744594
936515,0.040579904
936516,0.040579904
936517,0.040579904
936547,0.02137942
936548,0.046029903
936550,0.023514511
936551,0.046029903
936552,0.046029903
936553,0.046029903
936554,0.023514511
936555,0.046029903
936562,0.015703997
936563,0.0204558
936564,0.049209163
936565,0.049209163
936566,0.049209163
936567,0.0204558
936568,0.049209163
936569,0.049209163
936600,0.13513792
936601,0.117357105
936602,0.117357105
936603,0.117357105
936617,0.07525042
936618,0.117357105
936622,0.06969874
936627,0.021290144
936628,0.06300891
936629,0.06300891
936633,0.020509513
936634,0.05136177
936635,0.05136177
936636,0.05136177
936637,0.020509513
936638,0.020509513
936639,0.05136177
936640,0.023381978
936641,0.062325772
936642,0.023381978
936643,0.062325772
936644,0.023381978
936645,0.062325772
936646,0.062325772
936647,0.022006603
936648,0.022006603
936758,0.040518496
936767,0.015265099
936768,0.028703144
936769,0.028703144
936770,0.028703144
936771,0.028703144
936772,0.028703144
936773,0.028703144
936774,0.028703144
936775,0.028703144
936776,0.028703144
936778,0.009533407
936779,0.043323345
936780,0.043323345
936781,0.043323345
936782,0.043323345
936783,0.01353842
936784,0.043323345
936785,0.043323345
936786,0.043323345
936787,0.043323345
936788,0.03979937
936789,0.07582309
936790,0.07582309
936791,0.07582309
936792,0.07582309
936793,0.03979937
936794,0.07582309
936795,0.07582309
936796,0.07582309
936797,0.03979937
936798,0.07582309
936799,0.07582309
936800,0.043611944
936801,0.08260106
936802,0.08260106
936803,0.08260106
936804,0.08260106
936811,0.043611944
936812,0.08260106
936813,0.08260106
936814,0.08260106
936815,0.08260106
936817,0.043611944
936818,0.08260106
936819,0.08260106
936820,0.08260106
936821,0.08260106
936822,0.048340183
936823,0.09218239
936824,0.09218239
936825,0.09218239
936826,0.09218239
936827,0.048340183
936828,0.09218239
936829,0.09218239
936830,0.09218239
936831,0.09218239
936832,0.048340183
936833,0.09218239
936834,0.09218239
936835,0.09218239
936836,0.09218239
936837,0.037207816
936910,0.034472313
936911,0.05530353
936912,0.05530353
936913,0.05530353
936929,0.024624694
936930,0.05530353
936931,0.05530353
936932,0.05530353
937036,0.01863565
937037,0.04761628
937038,0.04761628
937039,0.04761628
937045,0.015240682
937046,0.031782474
937047,0.031782474
937080,0.00960394
937103,0.09763051
937104,0.08963356
937105,0.08963356
937106,0.08963356
937107,0.08963356
937108,0.08963356
937109,0.08963356
937110,0.08963356
937111,0.08963356
937118,0.11617766
937119,0.10702078
937120,0.10702078
937127,0.11617766
937138,0.040428977
937158,0.11956661
937159,0.11578671
937168,0.09655307
937169,0.12989815
937170,0.12989815
937171,0.12989815
937172,0.12989815
937173,0.12989815
937174,0.12989815
937175,0.12989815
937176,0.12989815
937177,0.12989815
937178,0.12989815
937179,0.12989815
937180,0.12989815
937181,0.12989815
937188,0.09655307
937189,0.12989815
937190,0.12989815
937191,0.12989815
937205,0.09655307
937239,0.018894987
937240,0.045129027
937241,0.045129027
937242,0.045129027
937243,0.045129027
937244,0.045129027
937290,0.02263398
937291,0.045129027
937292,0.045129027
937293,0.045129027
937294,0.045129027
937295,0.045129027
937296,0.045129027
937305,0.026458282
937306,0.054514963
937307,0.054514963
937312,0.026458282
937313,0.02772907
937314,0.076697074
937315,0.076697074
937322,0.033157147
937323,0.076697074
937324,0.076697074
937325,0.076697074
937333,0.033157147
937334,0.076697074
937349,0.027178885
937527,0.018938927
937539,0.018864209
937540,0.031382468
937541,0.031382468
937556,0.01776975
937557,0.04872367
937558,0.030268775
937559,0.050521605
937560,0.050521605
937561,0.050521605
937674,0.03810198
937675,0.076498404
937676,0.029918943
937678,0.029918943
937679,0.029918943
937680,0.07115287
937690,0.23101695
937695,0.019410728
937696,0.053791452
937697,0.053791452
937715,0.024240635
937716,0.053791452
937717,0.053791452
937718,0.053791452
937951,0.021238107
937952,0.04221206
937953,0.04221206
937959,0.027151687
937960,0.04221206
937961,0.04221206
937962,0.04221206
937971,0.027151687
937972,0.04221206
937973,0.04221206
937980,0.020016411
937981,0.049207523
937982,0.049207523
937983,0.049207523
937984,0.049207523
937988,0.020016411
937989,0.049207523
937990,0.049207523
937991,0.049207523
937992,0.049207523
937993,0.020016411
937994,0.049207523
937995,0.049207523
938000,0.030699901
938001,0.047309812
938002,0.047309812
938003,0.047309812
938004,0.047309812
938006,0.030699901
938007,0.047309812
938008,0.047309812
938009,0.030699901
938010,0.047309812
938011,0.047309812
938012,0.047309812
938013,0.033584204
938063,0.056327563
938064,0.11725376
938073,0.06578679
938074,0.13354422
938075,0.13354422
938096,0.06578679
938105,0.018685784
938106,0.040898737
938107,0.040898737
938108,0.040898737
938112,0.024391266
938120,0.024391266
938121,0.040898737
938174,0.028982796
938175,0.04949998
938184,0.027499095
938185,0.04949998
938213,0.15460728
938214,0.20581067
938219,0.18158418
938220,0.2320056
938221,0.2320056
938222,0.2320056
938223,0.2320056
938229,0.18158418
938234,0.19521575
938238,0.19521575
938239,0.22942376
938240,0.22942376
938241,0.22942376
938242,0.22942376
938243,0.19806288
938244,0.075352766
938333,0.4776423
938334,0.67273515
938335,0.1763607
938336,0.1763607
938341,0.5729597
938342,0.67273515
938343,0.67273515
938344,0.67273515
938345,0.5885964
938346,0.71430475
938347,0.71430475
938348,0.71430475
938349,0.5885964
938350,0.5885964
938351,0.71430475
938352,0.71430475
938353,0.3136837
938354,0.4334059
938355,0.4334059
938356,0.33072966
938357,0.4334059
938358,0.4334059
938359,0.4334059
938360,0.26839575
938361,0.40014178
938362,0.40014178
938366,0.26839575
938367,0.40014178
938368,0.14418717
938369,0.14418717
938370,0.14418717
938371,0.14418717
938372,0.14418717
938373,0.14418717
938374,0.14418717
938375,0.14418717
938376,0.14418717
938377,0.40014178
938378,0.26839575
938379,0.40014178
938380,0.40014178
938381,0.40014178
938382,0.40014178
938383,0.40014178
938384,0.41581744
938385,0.57552546
938386,0.57552546
938387,0.41581744
938388,0.57552546
938389,0.57552546
938390,0.41581744
938432,0.61271924
938433,0.80610096
938434,0.80610096
938435,0.80610096
938436,0.80610096
938437,0.80610096
938438,0.80610096
938439,0.80610096
938440,0.80610096
938442,0.6672806
938443,0.8235626
938449,0.6672806
938450,0.8235626
938451,0.8235626
938452,0.8235626
938453,0.8235626
938454,0.6672806
938469,0.020838425
938470,0.68636113
938471,0.56757766
938472,0.7075723
938478,0.56757766
938479,0.7075723
938480,0.7075723
938484,0.56757766
938485,0.7075723
938486,0.7075723
938487,0.7075723
938488,0.5948339
938489,0.73589
938490,0.73589
938491,0.73589
938492,0.5948339
938493,0.73589
938494,0.604433
938495,0.755081
938496,0.755081
938497,0.755081
938498,0.6232041
938704,0.42818323
938705,0.018921759
938706,0.03477524
938707,0.03477524
938708,0.03477524
938714,0.018921759
938715,0.03477524
938716,0.03477524
938717,0.03477524
938778,0.015684865
938780,0.021494081
938781,0.041723214
938782,0.041723214
938880,0.030368038
938881,0.052974336
938882,0.052974336
938883,0.052974336
938884,0.052974336
938885,0.052974336
938886,0.052974336
938898,0.026357673
938899,0.052974336
938900,0.052974336
938909,0.026357673
938910,0.052974336
938921,0.020443546
939011,0.022342065
939033,0.03974301
939034,0.10252045
939035,0.10252045
939071,0.017067919
939086,0.010949374
939087,0.034495905
939095,0.012189808
939096,0.012189808
939144,0.022688711
939145,0.06971313
939146,0.06971313
939147,0.06971313
939148,0.06971313
939149,0.06971313
939150,0.06971313
939151,0.06971313
939152,0.06971313
939161,0.010757822
939162,0.06971313
939163,0.042997286
939164,0.042997286
939165,0.042997286
939171,0.0204558
939172,0.049209163
939173,0.049209163
939174,0.049209163
939175,0.049209163
939176,0.049209163
939184,0.31031105
939185,0.54080456
939186,0.54080456
939187,0.54080456
939194,0.31031105
939195,0.54080456
939196,0.54080456
939197,0.54080456
939198,0.54080456
939199,0.54080456
939200,0.54080456
939210,0.45014772
939211,0.6858384
939212,0.6858384
939213,0.6858384
939214,0.05565667
939215,0.05565667
939216,0.05565667
939217,0.05565667
939226,0.023284294
939227,0.05565667
939228,0.05565667
939229,0.05565667
939230,0.05565667
939243,0.023284294
939244,0.05565667
939256,0.03173208
939257,0.0757653
939258,0.0757653
939259,0.0757653
939260,0.0757653
939261,0.03428759
939262,0.08161556
939263,0.08161556
939264,0.08161556
939265,0.08161556
939266,0.08161556
939267,0.08161556
939268,0.08161556
939269,0.056776483
939270,0.08161556
939271,0.08161556
939272,0.08161556
939513,0.03180288
939556,0.023381978
939557,0.062325772
939558,0.062325772
939559,0.062325772
939560,0.062325772
939579,0.023381978
939580,0.062325772
939581,0.062325772
939582,0.062325772
939583,0.062325772
939584,0.062325772
939597,0.022006603
939598,0.059761595
939599,0.059761595
939600,0.059761595
939606,0.022006603
939607,0.059761595
939608,0.059761595
939609,0.059761595
939610,0.059761595
939617,0.022006603
939618,0.059761595
939619,0.059761595
939620,0.059761595
939621,0.059761595
939630,0.018443909
939631,0.055376988
939632,0.055376988
939633,0.055376988
939634,0.055376988
939635,0.055376988
939636,0.055376988
939643,0.018443909
939644,0.055376988
939645,0.055376988
939646,0.1258442
939647,0.055376988
939648,0.055376988
939649,0.055376988
939660,0.08825335
939661,0.14135969
939662,0.14135969
939663,0.14135969
939670,0.10272838
939671,0.1493268
939672,0.1493268
939673,0.1493268
939681,0.10272838
939682,0.1493268
939683,0.1493268
939692,0.10272838
939693,0.1493268
939694,0.1493268
939695,0.1493268
939696,0.1493268
939798,0.07567967
939799,0.106944725
939800,0.106944725
939823,0.07615311
939824,0.106944725
939825,0.106944725
939826,0.106944725
939827,0.106944725
939828,0.106944725
939843,0.07615311
939844,0.106944725
939845,0.106944725
939846,0.106944725
939847,0.106944725
939857,0.061280113
939867,0.061280113
939868,0.083042264
939869,0.083042264
939870,0.083042264
939888,0.061280113
939889,0.083042264
939890,0.083042264
939891,0.083042264
939892,0.083042264
939908,0.057696294
939909,0.08113723
939910,0.08113723
939911,0.08113723
939912,0.08113723
939923,0.057696294
939924,0.08113723
939925,0.08113723
939926,0.08113723
939927,0.08113723
939928,0.08113723
939929,0.08113723
939930,0.08113723
939931,0.08113723
939932,0.08113723
939933,0.08113723
939934,0.08113723
939935,0.08113723
939946,0.057696294
939975,0.05977533
940314,0.091688775
940315,0.083703645
940316,0.083703645
940321,0.08602848
940322,0.083703645
940323,0.083703645
940324,0.083703645
940325,0.083703645
940326,0.083703645
940327,0.083703645
940333,0.07129179
940334,0.08963356
940335,0.08963356
940336,0.08963356
940337,0.08963356
940381,0.016287886
940382,0.54190695
940383,0.4076819
940384,0.05919532
940408,0.39350614
940409,0.531709
940412,0.39350614
940413,0.531709
940414,0.531709
940415,0.39350614
940416,0.531709
940417,0.531709
940418,0.531709
940419,0.57897174
940474,0.023669561
940475,0.045129027
940476,0.045129027
940477,0.045129027
940481,0.026458282
940506,0.03194817
940507,0.076697074
940508,0.076697074
940541,0.026684891
940542,0.06653472
940543,0.06653472
940544,0.06653472
940784,0.17073534
940785,0.03228872
940786,0.03228872
940793,0.018864209
940794,0.031382468
940795,0.031382468
940796,0.031382468
940797,0.031382468
940798,0.031382468
940807,0.018864209
940808,0.031382468
940809,0.031382468
940810,0.031382468
940821,0.018864209
940822,0.031382468
940823,0.031382468
940824,0.031382468
940825,0.020596018
940826,0.04872367
940827,0.04872367
940828,0.04872367
940829,0.020596018
940830,0.023176799
940831,0.15975238
940832,0.15975238
940833,0.15975238
940834,0.050521605
940835,0.050521605
940836,0.050521605
940837,0.050521605
940838,0.030268775
940839,0.050521605
940840,0.050521605
940841,0.050521605
940842,0.050521605
940843,0.050521605
940844,0.050521605
940845,0.030268775
940846,0.050521605
940847,0.050521605
940982,0.02961984
940983,0.050355446
940984,0.050355446
940985,0.050355446
940986,0.050355446
940988,0.028248101
940989,0.050355446
940990,0.050355446
940991,0.050355446
940992,0.050355446
940993,0.050355446
940994,0.050355446
940995,0.050355446
940996,0.050355446
940997,0.050355446
941000,0.028248101
941001,0.050355446
941002,0.050355446
941038,0.042862456
941039,0.22083075
941040,0.22083075
941041,0.22083075
941042,0.10884898
941043,0.22083075
941045,0.10479791
941046,0.19931349
941047,0.19931349
941048,0.19931349
941049,0.19931349
941050,0.19931349
941051,0.19931349
941052,0.19931349
941053,0.19931349
941054,0.19931349
941055,0.19931349
941056,0.19931349
941057,0.10479791
941058,0.10479791
941185,0.07570669
941186,0.13257928
941187,0.13257928
941195,0.08002918
941196,0.13257928
941197,0.13257928
941204,0.08002918
941205,0.04221206
941227,0.02073787
941228,0.047309812
941229,0.51629883
941230,0.51629883
941232,0.39645645
941233,0.51629883
941234,0.51629883
941235,0.51629883
941236,0.51629883
941237,0.51629883
941238,0.51629883
941239,0.51629883
941240,0.51629883
941241,0.51629883
941242,0.51629883
941243,0.17742448
941244,0.17742448
941245,0.17742448
941246,0.51629883
941247,0.51629883
941248,0.7509725
941249,0.39645645
941250,0.7929978
941251,0.87830293
941252,0.87830293
941253,0.87830293
941254,0.87830293
941255,0.8921128
941256,0.8921128
941257,0.8921128
941258,0.8921128
941259,0.8921128
941260,0.8921128
941261,0.8921128
941262,0.8921128
941263,0.8921128
941264,0.8921128
941265,0.8921128
941266,0.8921128
941267,0.7457087
941268,0.7457087
941269,0.7457087
941270,0.7457087
941271,0.7457087
941272,0.7457087
941273,0.7457087
941274,0.8921128
941275,0.8921128
941276,0.8921128
941277,0.8921128
941278,0.8921128
941279,0.8144425
941280,0.8921128
941281,0.8921128
941282,0.8921128
941283,0.8921128
941284,0.8921128
941285,0.8921128
941286,0.8921128
941287,0.8921128
941288,0.8921128
941289,0.8144425
941290,0.8921128
941400,0.031705733
941410,0.03199778
941411,0.053371534
941417,0.03199778
941418,0.053371534
941490,0.039458178
941616,0.16666605
941617,0.17470905
941651,0.116263956
941652,0.17470905
941662,0.019745493
941663,0.1088176
941664,0.035965007
941665,0.035965007
941666,0.035965007
941672,0.019745493
941683,0.016662633
941770,0.015527787
941771,0.042457618
941772,0.042457618
941773,0.042457618
941777,0.022618024
941778,0.042457618
941791,0.01791856
941792,0.042963553
941793,0.042963553
941815,0.022730924
941816,0.042963553
941817,0.042963553
941867,0.026629224
941868,0.051965624
941876,0.02615186
941877,0.051965624
941887,0.019632611
941890,0.014456193
941993,0.016079577
941995,0.02261495
941996,0.03788699
941997,0.03788699
941998,0.03788699
941999,0.03788699
942009,0.02261495
942010,0.03788699
942011,0.03788699
942012,0.0573523
942013,0.03788699
942014,0.03788699
942015,0.03788699
942016,0.03788699
942017,0.03788699
942018,0.03788699
942033,0.018890409
942034,0.03602985
942035,0.03602985
942036,0.03602985
942037,0.03602985
942051,0.018890409
942052,0.040712345
942053,0.040712345
942054,0.03602985
942055,0.03602985
942056,0.03602985
942057,0.03602985
942058,0.03602985
942059,0.03602985
942067,0.018890409
942068,0.03602985
942069,0.03602985
942070,0.03602985
942078,0.019464577
942079,0.03575633
942080,0.03575633
942085,0.019464577
942086,0.03575633
942091,0.3576312
942092,0.44281435
942093,0.03575633
942094,0.03575633
942095,0.03575633
942096,0.03575633
942108,0.23978539
942109,0.36122727
942110,0.36122727
942111,0.36122727
942112,0.36122727
942113,0.36122727
942114,0.23978539
942115,0.36122727
942116,0.36122727
942117,0.36122727
942118,0.36122727
942119,0.36122727
942120,0.36122727
942121,0.23978539
942122,0.36122727
942123,0.36122727
942124,0.36122727
942125,0.36122727
942126,0.39426553
942127,0.55005527
942128,0.55005527
942129,0.55005527
942130,0.55005527
942131,0.55005527
942132,0.55005527
942133,0.023628682
942134,0.045772813
942135,0.045772813
942136,0.045772813
942137,0.045772813
942138,0.045772813
942139,0.023628682
942140,0.045772813
942141,0.045772813
942142,0.045772813
942143,0.03048288
942144,0.069627985
942145,0.069627985
942146,0.069627985
942147,0.8013807
942148,0.069627985
942149,0.035814203
942150,0.069627985
942151,0.069627985
942174,0.04100617
942231,0.03536848
942383,0.008724501
942384,0.023369808
942385,0.023369808
942386,0.023369808
942387,0.023369808
942388,0.023369808
942389,0.023369808
942411,0.010675733
942412,0.023369808
942413,0.023369808
942414,0.023369808
942415,0.023369808
942416,0.023369808
942417,0.023369808
942442,0.022356937
942443,0.039900716
942475,0.025864836
942476,0.045031495
942477,0.045031495
942478,0.045031495
942479,0.045031495
942496,0.025864836
942497,0.045031495
942498,0.045031495
942499,0.045031495
942500,0.045031495
942501,0.045031495
942502,0.045031495
942503,0.045031495
942504,0.045031495
942505,0.045031495
942506,0.045031495
942507,0.045031495
942508,0.045031495
942536,0.01816893
942537,0.03369842
942547,0.01816893
942881,0.14982279
942909,0.12160239
942910,0.17509164
942911,0.17509164
942912,0.17509164
942921,0.1271163
942938,0.03575065
942939,0.100521244
942955,0.03575065
942956,0.100521244
942957,0.100521244
942958,0.100521244
942959,0.100521244
942989,0.3596618
942990,0.08495131
942991,0.5682045
942992,0.5682045
942993,0.5682045
942994,0.5682045
943006,0.3046686
943007,0.47431093
943008,0.47431093
943009,0.47431093
943010,0.47431093
943011,0.47431093
943012,0.47431093
943013,0.47431093
943014,0.47431093
943015,0.47431093
943016,0.47431093
943021,0.3046686
943022,0.47431093
943023,0.47431093
943024,0.47431093
943025,0.47431093
943026,0.47431093
943027,0.47431093
943030,0.3046686
943031,0.47431093
943032,0.47431093
943033,0.47431093
943034,0.47431093
943035,0.47431093
943036,0.5099604
943037,0.64462787
943038,0.64462787
943039,0.64462787
943040,0.64462787
943041,0.5099604
943042,0.64462787
943043,0.64462787
943044,0.64462787
943045,0.64462787
943046,0.64462787
943047,0.5099604
943048,0.64462787
943049,0.44628373
943050,0.57741237
943051,0.57741237
943052,0.57741237
943053,0.57741237
943059,0.408752
943076,0.085836336
943077,0.07011201
943078,0.038080506
943079,0.061096527
943080,0.061096527
943081,0.061096527
943082,0.061096527
943093,0.038080506
943094,0.061096527
943095,0.061096527
943096,0.061096527
943097,0.061096527
943098,0.061096527
943115,0.038080506
943116,0.0424135
943117,0.0424135
943118,0.0424135
943127,0.03896051
943128,0.10062272
943129,0.07428368
943130,0.07428368
943131,0.07428368
943143,0.03896051
943144,0.07428368
943145,0.07428368
943146,0.07428368
943147,0.07428368
943148,0.07428368
943155,0.03896051
943156,0.07428368
943157,0.07428368
943158,0.07428368
943159,0.07428368
943166,0.042865507
943167,0.08124397
943168,0.08124397
943169,0.08124397
943170,0.08124397
943171,0.08124397
943172,0.08124397
943173,0.08124397
943174,0.08124397
943182,0.042865507
943183,0.08124397
943184,0.08124397
943185,0.08124397
943186,0.08124397
943192,0.042865507
943193,0.08124397
943194,0.08124397
943195,0.08124397
943196,0.08124397
943197,0.08124397
943202,0.049304254
943203,0.09393453
943204,0.09393453
943205,0.09393453
943206,0.09393453
943207,0.09393453
943222,0.049304254
943223,0.09393453
943224,0.09393453
943225,0.09393453
943226,0.09393453
943232,0.049304254
943233,0.09393453
943234,0.09393453
943235,0.09393453
943241,0.04111534
943242,0.078948565
943243,0.078948565
943244,0.078948565
943245,0.078948565
943249,0.04111534
943250,0.078948565
943251,0.078948565
943252,0.078948565
943253,0.078948565
943254,0.078948565
943255,0.04111534
943256,0.078948565
943257,0.078948565
943258,0.078948565
943260,0.032033417
943261,0.062423695
943262,0.062423695
943263,0.062423695
943264,0.062423695
943265,0.032033417
943266,0.062423695
943267,0.062423695
943268,0.062423695
943269,0.062423695
943270,0.032033417
943271,0.062423695
943272,0.062423695
943273,0.062423695
943274,0.016674599
943275,0.03299035
943308,0.10032034
943309,0.087481506
943310,0.087481506
943311,0.087481506
943312,0.060306866
943313,0.087481506
943334,0.0738081
943384,0.037762143
943385,0.07687339
943386,0.07687339
943387,0.07687339
943400,0.032823853
943401,0.07687339
943402,0.07687339
943403,0.07687339
943404,0.07687339
943431,0.039662927
943589,0.039448194
943590,0.08690146
943591,0.046876285
943592,0.08690146
943593,0.08690146
943594,0.08690146
943595,0.046876285
943596,0.08690146
943597,0.08690146
943630,0.04266114
943631,0.09869795
943632,0.09869795
943638,0.05273541
943639,0.09869795
943640,0.09869795
943641,0.09869795
943701,0.023885734
943702,0.04987477
943721,0.025076268
943722,0.04987477
943723,0.04987477
943724,0.04987477
943730,0.025076268
943735,0.029300848
943736,0.060185507
943751,0.029300848
943752,0.060185507
943780,0.029300848
943781,0.060185507
943782,0.060185507
943783,0.060185507
943795,0.036692288
943807,0.036692288
943808,0.08446882
943809,0.08446882
943840,0.036692288
943841,0.08446882
943861,0.030662978
943862,0.07613266
943863,0.07613266
943864,0.07613266
943865,0.07613266
943866,0.07613266
943885,0.030662978
943886,0.07613266
943887,0.07613266
943888,0.07613266
943889,0.07613266
943890,0.07613266
943895,0.030662978
943896,0.07613266
943897,0.07613266
943904,0.024434311
943917,0.024434311
944104,0.05739006
944105,0.05126961
944106,0.05126961
944107,0.057313643
944108,0.05126961
944114,0.11563295
944115,0.15201561
944116,0.15201561
944126,0.020658469
944127,0.034325838
944129,0.020658469
944130,0.034325838
944131,0.034325838
944132,0.034325838
944135,0.023432232
944136,0.055214956
944137,0.055214956
944138,0.055214956
944139,0.055214956
944140,0.055214956
944144,0.023432232
944145,0.055214956
944146,0.055214956
944147,0.055214956
944148,0.023432232
944149,0.055214956
944150,0.22957066
944151,0.055214956
944152,0.055214956
944153,0.055214956
944154,0.034390267
944155,0.057238005
944156,0.057238005
944157,0.057238005
944158,0.057238005
944159,0.034390267
944160,0.057238005
944161,0.057238005
944162,0.057238005
944163,0.057238005
944164,0.034390267
944165,0.17826372
944166,0.057238005
944167,0.057238005
944168,0.057238005
944169,0.17826372
944170,0.10039161
944171,0.1817882
944172,0.1817882
944173,0.1817882
944174,0.1817882
944175,0.1817882
944176,0.1817882
944177,0.10039161
944178,0.059740253
944239,0.18936016
944240,0.25590077
944241,0.25590077
944242,0.25590077
944243,0.25590077
944244,0.21496111
944245,0.25590077
944246,0.25590077
944247,0.25590077
944248,0.25590077
944261,0.16406325
944262,0.21496111
944263,0.21496111
944271,0.13049187
944278,0.038813543
944279,0.069667205
944280,0.069667205
944281,0.069667205
944282,0.069667205
944284,0.038813543
944285,0.069667205
944286,0.069667205
944297,0.03870282
944298,0.07192764
944308,0.05151888
944309,0.09537293
944546,0.03627821
944556,0.0342879
944557,0.0672746
944558,0.0672746
944559,0.07968535
944560,0.0672746
944566,0.0342879
944583,0.024235228
944584,0.053623352
944585,0.053623352
944586,0.053623352
944676,0.03550202
944705,0.027121035
944706,0.22488068
944707,0.22488068
944749,0.035687786
944752,0.11623582
944753,0.28902966
944754,0.26083833
944755,0.22992547
944756,0.28902966
944757,0.28902966
944758,0.25410455
944875,0.012949446
944876,0.030741645
944884,0.10186332
944885,0.14615816
944886,0.14615816
944887,0.14615816
944888,0.14615816
944889,0.14615816
944911,0.10186332
944912,0.14615816
944913,0.14615816
944914,0.14615816
944924,0.10186332
945000,0.022153275
945025,0.051673125
945026,0.13716583
945027,0.13716583
945028,0.13716583
945029,0.13716583
945035,0.06854211
945036,0.13716583
945037,0.13716583
945038,0.13716583
945039,0.13716583
945040,0.13716583
945041,0.13716583
945042,0.13716583
945043,0.13716583
945044,0.13716583
945047,0.06342729
945048,0.12974297
945049,0.12974297
945050,0.12974297
945051,0.06342729
945109,0.084199905
945110,0.14733356
945111,0.14733356
945116,0.07429072
945123,0.5834928
945124,0.7071947
945125,0.7071947
945126,0.7071947
945127,0.7071947
945128,0.7071947
945133,0.5834928
945134,0.7071947
945135,0.7071947
945136,0.7071947
945137,0.7071947
945138,0.7071947
945139,0.7071947
945140,0.7071947
945141,0.7071947
945148,0.5916067
945149,0.7275561
945150,0.7275561
945151,0.7275561
945152,0.7275561
945153,0.7275561
945154,0.7275561
945155,0.7275561
945156,0.7275561
945277,0.35314536
945439,0.018698672
945447,0.019464577
945448,0.03575633
945449,0.03575633
945450,0.03575633
945451,0.03575633
945452,0.03575633
945454,0.019464577
945455,0.03575633
945456,0.03575633
945457,0.03575633
945458,0.03575633
945461,0.013201157
945462,0.04109119
945463,0.04109119
945470,0.013201157
945471,0.04109119
945472,0.04109119
945473,0.013201157
945474,0.04109119
945475,0.04109119
945476,0.04109119
945477,0.023628682
945478,0.045772813
945479,0.045772813
945480,0.045772813
945481,0.023628682
945482,0.045772813
945483,0.045772813
945484,0.045772813
945545,0.037460037
945546,0.06384511
945547,0.031220092
945548,0.062432095
945549,0.062432095
945550,0.062432095
945553,0.031220092
945562,0.031220092
945563,0.062432095
945564,0.062432095
945565,0.062432095
945567,0.029999854
945568,0.06047991
945569,0.06047991
945570,0.06047991
945574,0.029999854
945575,0.06047991
945576,0.06047991
945577,0.06047991
945594,0.029999854
945595,0.06047991
945596,0.06047991
945597,0.06047991
945613,0.03428838
945614,0.07249152
945615,0.07249152
945616,0.07249152
945617,0.07249152
945632,0.03428838
945633,0.07249152
945634,0.07249152
945635,0.07249152
945655,0.03428838
945656,0.07249152
945657,0.07249152
945666,0.031672366
945667,0.06825478
945668,0.06825478
945673,0.031672366
945674,0.06825478
945675,0.06825478
945676,0.06825478
945679,0.031672366
945680,0.06825478
945681,0.06825478
945682,0.06825478
945817,0.013590911
945829,0.016710242
945830,0.031731904
945831,0.031731904
945832,0.031731904
945863,0.016710242
945864,0.031731904
945865,0.031731904
945877,0.043201555
945878,0.09194112
945888,0.043201555
945889,0.09194112
945890,0.09194112
945891,0.09194112
945892,0.09194112
945899,0.043201555
945906,0.022964278
945907,0.060253024
945908,0.060253024
945909,0.060253024
945910,0.060253024
945929,0.050884046
946098,0.07995419
946099,0.07822538
946100,0.07822538
946101,0.07822538
946102,0.07822538
946109,0.059151966
946110,0.07822538
946111,0.07822538
946112,0.07822538
946113,0.07822538
946114,0.07822538
946115,0.07822538
946116,0.07822538
946117,0.07822538
946118,0.07822538
946119,0.07822538
946120,0.07822538
946121,0.07822538
946122,0.07822538
946125,0.036036547
946126,0.049797643
946127,0.049797643
946128,0.049797643
946129,0.049797643
946148,0.16187145
946245,0.030221917
946246,0.06791874
946247,0.06791874
946260,0.025575543
946261,0.06791874
946262,0.06791874
946263,0.06791874
946275,0.025575543
946276,0.06791874
946277,0.06791874
946278,0.06791874
946279,0.06791874
946280,0.06791874
946297,0.024064263
946298,0.06511438
946299,0.06511438
946317,0.024064263
946318,0.06511438
946319,0.06511438
946320,0.06511438
946321,0.06511438
946330,0.024064263
946331,0.06511438
946332,0.06511438
946333,0.06511438
946334,0.06511438
946335,0.06511438
946336,0.06511438
946339,0.01989307
946340,0.021510204
946341,0.064182
946342,0.064182
946343,0.064182
946344,0.064182
946347,0.034823377
946348,0.095641814
946349,0.095641814
946353,0.07086214
946354,0.15229121
946355,0.15229121
946364,0.07086214
946365,0.15229121
946366,0.15229121
946367,0.15229121
946368,0.15229121
946369,0.15229121
946370,0.15229121
946371,0.15229121
946372,0.15229121
946394,0.039024744
946519,0.023611164
946520,0.030515846
946521,0.033845954
946522,0.030515846
946535,0.016243327
946536,0.030515846
946553,0.016243327
946554,0.030515846
946555,0.030515846
946556,0.030515846
946568,0.085836336
946620,0.21557216
946621,0.16179502
946622,0.16724691
946623,0.16724691
946624,0.16724691
946625,0.16724691
946626,0.16724691
946627,0.16724691
946628,0.16724691
946629,0.16724691
946630,0.1087995
946631,0.1277907
946632,0.1277907
946633,0.1277907
946634,0.1277907
946635,0.1277907
946636,0.1277907
946637,0.1087995
946638,0.00794364
946929,0.018666083
946930,0.04839615
946948,0.030446585
946949,0.04839615
946950,0.04839615
946951,0.04839615
946952,0.04839615
946953,0.04839615
946958,0.030446585
946959,0.04839615
946960,0.04839615
946961,0.04839615
946980,0.050464865
947093,0.022468481
947094,0.060185507
947095,0.060185507
947096,0.060185507
947097,0.060185507
947098,0.060185507
947110,0.029300848
947198,0.037938435
947229,0.15583335
947230,0.24268469
947231,0.24268469
947232,0.24268469
947233,0.24268469
947234,0.24268469
947235,0.24268469
947236,0.24268469
947237,0.24268469
947238,0.2659133
947239,0.24268469
947240,0.24268469
947241,0.24268469
947242,0.24268469
947243,0.24268469
947244,0.24268469
947245,0.24268469
947246,0.24268469
947247,0.24268469
947248,0.24268469
947249,0.24268469
947250,0.24268469
947251,0.24268469
947252,0.24268469
947253,0.24268469
947257,0.19499063
947258,0.2659133
947259,0.2659133
947260,0.2659133
947265,0.19499063
947266,0.2659133
947267,0.2659133
947268,0.2659133
947273,0.15000121
947304,0.025888419
947305,0.06836333
947306,0.06836333
947307,0.03546652
947312,0.03137311
947313,0.06836333
947314,0.06836333
947315,0.06836333
947316,0.06836333
947317,0.06836333
947328,0.024666142
947329,0.057313643
947330,0.057313643
947338,0.1606437
947339,0.31977388
947340,0.39834353
947341,0.39834353
947342,0.39834353
947343,0.39834353
947344,0.31977388
947345,0.39834353
947346,0.39834353
947347,0.39834353
947348,0.39834353
947349,0.31977388
947350,0.39834353
947351,0.39834353
947352,0.39834353
947353,0.39834353
947356,0.34513554
947357,0.45249307
947358,0.45249307
947359,0.45249307
947360,0.45249307
947368,0.34513554
947369,0.45249307
947373,0.34513554
947374,0.45249307
947375,0.45249307
947376,0.45249307
947377,0.45249307
947378,0.45249307
947379,0.45249307
947380,0.45249307
947381,0.49439746
947382,0.6333714
947383,0.6333714
947384,0.6333714
947385,0.6333714
947386,0.6333714
947387,0.6333714
947388,0.6333714
947392,0.49439746
947393,0.6333714
947394,0.6333714
947395,0.6333714
947396,0.49439746
947397,0.6333714
947398,0.6333714
947399,0.6333714
947400,0.6333714
947401,0.6333714
947402,0.6734728
947784,0.015588768
947785,0.54912466
947786,0.053623352
947787,0.034877982
947788,0.053623352
947789,0.038291242
947790,0.0586225
947791,0.0586225
947792,0.038291242
947793,0.0586225
947794,0.0586225
947795,0.0586225
947796,0.0586225
947797,0.038291242
947798,0.0586225
947799,0.0586225
947865,0.03305862
947866,0.05895158
947867,0.05895158
947876,0.035178885
947891,0.031078046
947894,0.04041161
947895,0.07108187
947896,0.07108187
947897,0.07108187
947898,0.07108187
947899,0.07108187
947900,0.07108187
947901,0.0374589
947902,0.06688022
947903,0.06688022
947904,0.06688022
947905,0.06688022
947906,0.0374589
947907,0.06688022
947908,0.06688022
947909,0.06688022
947910,0.06688022
947911,0.06688022
947912,0.06688022
947913,0.06688022
947914,0.06688022
947915,0.06688022
947916,0.06688022
947917,0.06688022
947918,0.06688022
947919,0.06688022
947920,0.06688022
947921,0.06688022
947922,0.0374589
947923,0.06688022
947924,0.06688022
947925,0.06688022
947926,0.06688022
947980,0.013378605
947981,0.030741645
947982,0.030741645
947990,0.017070517
947991,0.030741645
947992,0.030741645
947993,0.030741645
947994,0.030741645
947998,0.10186332
947999,0.14615816
948000,0.14615816
948001,0.14615816
948002,0.20925981
948003,0.14615816
948004,0.14615816
948005,0.14615816
948019,0.117399834
948020,0.2157701
948021,0.2157701
948033,0.13779858
948034,0.2157701
948035,0.2157701
948036,0.2157701
948037,0.2157701
948047,0.020026365
948048,0.036468044
948049,0.036468044
948050,0.036468044
948051,0.036468044
948054,0.020026365
948055,0.036468044
948056,0.036468044
948057,0.036468044
948058,0.036468044
948059,0.020026365
948060,0.036468044
948061,0.036468044
948062,0.036468044
948063,0.036468044
948064,0.022254407
948065,0.06332549
948066,0.06332549
948067,0.06332549
948068,0.06332549
948069,0.06332549
948070,0.022254407
948071,0.06332549
948072,0.06332549
948073,0.06332549
948074,0.06332549
948075,0.022254407
948076,0.06332549
948077,0.06332549
948078,0.06332549
948079,0.06332549
948080,0.06332549
948081,0.035134103
948082,0.06272916
948083,0.027718212
948084,0.0629181
948085,0.0353274
948086,0.0629181
948087,0.0629181
948088,0.0629181
948089,0.032184143
948101,0.031303465
948102,0.024323486
948103,0.04558926
948104,0.04558926
948105,0.04558926
948106,0.04558926
948107,0.04558926
948113,0.024323486
948114,0.04558926
948115,0.04558926
948134,0.019276671
948135,0.046130713
948138,0.024444686
948139,0.046130713
948177,0.025316453
948281,0.019433096
948282,0.039152022
948283,0.039152022
948284,0.039152022
948285,0.03847882
948297,0.020198803
948298,0.03847882
948299,0.03847882
948300,0.03847882
948301,0.03847882
948316,0.019741543
948317,0.03625656
948318,0.03625656
948319,0.03625656
948320,0.03625656
948338,0.019741543
948339,0.03625656
948340,0.03625656
948341,0.03625656
948342,0.03625656
948343,0.03625656
948344,0.03625656
948345,0.03625656
948354,0.019741543
948355,0.03625656
948356,0.03625656
948357,0.03625656
948358,0.034819074
948359,0.035704702
948360,0.033551905
948361,0.06693406
948362,0.06693406
948363,0.06693406
948364,0.06693406
948365,0.06693406
948369,0.033551905
948370,0.06693406
948371,0.06693406
948372,0.06693406
948375,0.03224356
948376,0.06485084
948377,0.06485084
948378,0.06485084
948379,0.06485084
948380,0.06485084
948381,0.06485084
948382,0.06485084
948390,0.03224356
948391,0.06485084
948392,0.06485084
948393,0.06485084
948394,0.06485084
948403,0.02981032
948404,0.077658765
948426,0.029415151
948477,0.022382148
948483,0.02461817
948484,0.053857394
948485,0.053857394
948486,0.053857394
948487,0.053857394
948493,0.011421778
948494,0.02498057
948495,0.02498057
948496,0.02498057
948501,0.011421778
948502,0.02498057
948508,0.011421778
948509,0.02498057
948510,0.08346384
948511,0.02498057
948512,0.02498057
948536,0.023899551
948537,0.042601172
948538,0.042601172
948539,0.042601172
948540,0.042601172
948541,0.042601172
948542,0.042601172
948543,0.023899551
948544,0.042601172
948545,0.042601172
948546,0.042601172
948547,0.042601172
948548,0.042601172
948549,0.023899551
948550,0.042601172
948551,0.042601172
948552,0.042601172
948553,0.042601172
948554,0.017870368
948555,0.033899017
948556,0.033899017
948557,0.033899017
948558,0.033899017
948559,0.033899017
948561,0.017870368
948562,0.033899017
948579,0.017870368
948580,0.033899017
948581,0.033899017
948582,0.033899017
948592,0.025502147
948593,0.049823664
948594,0.049823664
948595,0.049823664
948603,0.025502147
948604,0.049823664
948605,0.049823664
948606,0.025502147
948607,0.049823664
948608,0.049823664
948609,0.049823664
948612,0.016712036
948613,0.0656119
948614,0.0656119
948615,0.0656119
948616,0.0656119
948617,0.0656119
948618,0.0656119
948619,0.016712036
948620,0.0656119
948621,0.0656119
948622,0.0656119
948627,0.016712036
948628,0.0656119
948629,0.0656119
948630,0.0656119
948631,0.0656119
948661,0.031560265
948662,0.78930855
948663,0.78930855
948664,0.78930855
948665,0.78930855
948666,0.78930855
948667,0.78930855
948668,0.78930855
948669,0.5459645
948670,0.78930855
948671,0.78930855
948672,0.78930855
948673,0.78930855
948675,0.5459645
948676,0.78930855
948677,0.78930855
948678,0.55537283
948679,0.7955626
948680,0.7955626
948681,0.7955626
948714,0.0341123
948715,0.076415844
948716,0.076415844
948717,0.076415844
948755,0.022294426
948763,0.025115887
948764,0.062455624
948765,0.062455624
948766,0.062455624
948775,0.028614651
948776,0.07559907
948777,0.07559907
948778,0.07559907
948779,0.07559907
948790,0.028614651
948791,0.07559907
948792,0.07559907
948793,0.07559907
948794,0.07559907
948795,0.07559907
948806,0.028614651
948807,0.07559907
948808,0.07559907
948809,0.07559907
948810,0.07559907
948811,0.07559907
948818,0.026928749
948819,0.072502255
948820,0.072502255
948821,0.072502255
948822,0.072502255
948828,0.026928749
948829,0.072502255
948830,0.072502255
948831,0.072502255
948832,0.072502255
948833,0.072502255
948839,0.026928749
948840,0.072502255
948841,0.072502255
948842,0.072502255
948854,0.12938908
948860,0.12597743
948861,0.19688267
948862,0.19688267
948863,0.19688267
948864,0.19688267
948865,0.19688267
948866,0.19688267
948867,0.19688267
948872,0.1458691
948873,0.20751083
948874,0.20751083
948883,0.1458691
948963,0.078631245
948964,0.13885377
948965,0.04426069
948967,0.10190239
948968,0.12390268
948969,0.12390268
948970,0.12390268
948971,0.08937224
948972,0.12390268
948973,0.10107463
948974,0.14116573
948975,0.14116573
948976,0.14116573
948977,0.14116573
948978,0.10107463
948980,0.10107463
948981,0.14116573
948987,0.09629132
948988,0.13876827
948989,0.13876827
948997,0.09629132
948998,0.13876827
949015,0.119877204
949029,0.112333
949030,0.1471305
949031,0.1471305
949032,0.1471305
949033,0.1471305
949050,0.112333
949051,0.1471305
949052,0.1471305
949053,0.1471305
949054,0.1471305
949055,0.1471305
949060,0.08623183
949061,0.11382822
949113,0.0351372
949114,0.06809027
949126,0.04900466
949127,0.06809027
949128,0.06809027
949129,0.06809027
949130,0.06809027
949138,0.04900466
949139,0.06809027
949140,0.06809027
949141,0.06809027
949142,0.06809027
949143,0.06809027
949144,0.06809027
949152,0.03636592
949158,0.03636592
949302,0.033931803
949303,0.09125363
949312,0.039806385
949313,0.09125363
949314,0.09125363
949315,0.09125363
949325,0.039806385
949336,0.02948472
949542,0.033106897
949543,0.06589201
949544,0.06589201
949546,0.03904316
949547,0.07006604
949548,0.07006604
949549,0.07006604
949550,0.07006604
949551,0.03904316
949552,0.07006604
949553,0.07006604
949554,0.07006604
949555,0.07006604
949556,0.07006604
949557,0.07006604
949558,0.03904316
949559,0.07006604
949560,0.07006604
949561,0.07006604
949562,0.03972348
949563,0.07233845
949564,0.07233845
949565,0.07233845
949566,0.07233845
949567,0.07233845
949568,0.07233845
949574,0.03972348
949581,0.03972348
949582,0.07233845
949583,0.07233845
949637,0.04348189
949817,0.07864723
949818,0.08684552
949827,0.046912976
949828,0.08684552
949829,0.08684552
949830,0.08684552
949843,0.030626481
949844,0.07968535
949845,0.07968535
949846,0.08684552
949847,0.07968535
949864,0.087888576
949885,0.025080571
949886,0.04380893
949901,0.027694765
949978,0.117179416
949979,0.13889651
949980,0.22137885
949981,0.22137885
949982,0.22137885
949983,0.22137885
949984,0.22137885
949985,0.22137885
949986,0.22137885
949987,0.11047706
949988,0.18231778
949989,0.18231778
949990,0.18231778
949991,0.11047706
950064,0.5470344
950065,0.69990695
950066,0.69990695
950067,0.69990695
950068,0.050431512
950069,0.69990695
950082,0.56720257
950083,0.72778994
950096,0.6353174
950108,0.63823086
950109,0.68757504
950500,0.024975715
950501,0.06272916
950502,0.06272916
950503,0.035134103
950504,0.06272916
950505,0.06272916
950506,0.06272916
950510,0.035134103
950511,0.06272916
950512,0.06272916
950605,0.02474775
950606,0.04558926
950607,0.04558926
950608,0.04558926
950609,0.024323486
950610,0.04558926
950611,0.04558926
950612,0.04558926
950614,0.024323486
950615,0.04558926
950616,0.04558926
950617,0.04558926
950618,0.024444686
950619,0.046130713
950620,0.046130713
950629,0.024308681
950630,0.05575773
950667,0.023136996
950671,0.16038488
950672,0.23467177
950673,0.23467177
950674,0.23467177
950678,0.16038488
950679,0.23467177
950680,0.23467177
950681,0.23467177
950682,0.23467177
950683,0.23467177
950684,0.23467177
950685,0.16038488
950904,0.016012587
950905,0.03625656
950906,0.03625656
950907,0.03625656
950908,0.03625656
950909,0.03625656
950916,0.019741543
950917,0.03625656
950918,0.03625656
950919,0.03625656
950920,0.03625656
950926,0.018531369
950927,0.05703173
950928,0.05703173
950929,0.05703173
950930,0.05703173
950936,0.018531369
950937,0.05703173
950938,0.05703173
950939,0.05703173
950940,0.05703173
950941,0.05703173
950942,0.018531369
950943,0.05703173
950944,0.05703173
950945,0.05703173
950946,0.05703173
950947,0.030559624
950948,0.05880801
950949,0.05880801
950950,0.05880801
950951,0.05880801
950961,0.030559624
950962,0.05880801
950963,0.05880801
950964,0.0627881
950965,0.07641945
950966,0.07573781
950967,0.15324663
950968,0.15324663
950969,0.15324663
950970,0.15324663
950971,0.15324663
950972,0.15324663
950973,0.0802088
950993,0.13343325
950994,0.14627875
950995,0.14627875
950996,0.15921304
950998,0.09476929
950999,0.14627875
951000,0.14627875
951001,0.14627875
951002,0.14627875
951003,0.14627875
951004,0.14627875
951005,0.14627875
951006,0.14627875
951007,0.14627875
951008,0.14627875
951009,0.14627875
951010,0.14627875
951011,0.14627875
951012,0.14627875
951013,0.14627875
951014,0.118048504
951019,0.118048504
951020,0.02713149
951021,0.06693406
951022,0.033551905
951023,0.06693406
951024,0.06693406
951025,0.06693406
951026,0.06693406
951027,0.06693406
951028,0.06693406
951029,0.09650721
951030,0.20618637
951031,0.20618637
951032,0.20618637
951033,0.20618637
951034,0.20618637
951035,0.20618637
951036,0.20618637
951037,0.20618637
951038,0.20618637
951039,0.20618637
951040,0.20618637
951041,0.20618637
951042,0.20618637
951043,0.20618637
951057,0.074533485
951080,0.031678807
951081,0.18425496
951082,0.26673052
951083,0.26673052
951084,0.26673052
951091,0.18425496
951092,0.26673052
951093,0.26673052
951097,0.19945396
951235,0.023322605
951242,0.017870368
951243,0.033899017
951245,0.017870368
951246,0.033899017
951247,0.033899017
951248,0.033899017
951249,0.033899017
951250,0.033899017
951263,0.017870368
951264,0.033899017
951265,0.033899017
951266,0.033899017
951279,0.025502147
951280,0.049823664
951281,0.049823664
951288,0.025502147
951289,0.049823664
951290,0.049823664
951292,0.33290824
951293,0.45720136
951294,0.45720136
951295,0.45720136
951296,0.45720136
951297,0.45720136
951298,0.049823664
951299,0.45720136
951302,0.016712036
951303,0.45382228
951304,0.45382228
951321,0.24378642
951322,0.45382228
951348,0.24378642
951349,0.45382228
951350,0.45382228
951351,0.45382228
951352,0.50527036
951353,0.45382228
951354,0.45382228
951355,0.45382228
951356,0.45382228
951375,0.38518673
951376,0.62120295
951390,0.38518673
951391,0.069466405
951403,0.029240571
951404,0.069466405
951405,0.069466405
951406,0.069466405
951407,0.069466405
951411,0.032706637
951632,0.027327402
951644,0.026928749
951645,0.072502255
951646,0.072502255
951647,0.072502255
951650,0.026928749
951667,0.03856987
951668,0.102277294
951669,0.102277294
951670,0.102277294
951671,0.102277294
951672,0.102277294
951681,0.037413932
951682,0.102277294
951690,0.08599446
951695,0.11296714
951696,0.1631563
951728,0.10650316
951734,0.09557048
951735,0.14133291
951736,0.14133291
951745,0.053473614
951746,0.08264959
951747,0.08264959
951763,0.053473614
951849,0.029838847
951850,0.062132403
951851,0.062132403
951852,0.062132403
951859,0.06889688
951860,0.1241479
951861,0.1241479
951862,0.1241479
951867,0.06889688
951868,0.1241479
951873,0.06889688
951874,0.13849854
951875,0.13849854
951878,0.15691444
951879,0.16056144
951880,0.16057852
951966,0.012876536
951967,0.054651998
951968,0.054651998
951969,0.054651998
951970,0.054651998
951971,0.054651998
951976,0.02541051
951977,0.054651998
951978,0.054651998
951979,0.054651998
951980,0.054651998
951981,0.054651998
951982,0.054651998
951990,0.022441294
951991,0.049238764
951992,0.049238764
952038,0.0141324485
952039,0.03930525
952040,0.21961012
952041,0.03930525
952042,0.03930525
952043,0.03930525
952049,0.30658358
952050,0.098970294
952051,0.098970294
952052,0.098970294
952053,0.098970294
952054,0.47524697
952055,0.47524697
952056,0.47524697
952057,0.47524697
952058,0.47524697
952059,0.47524697
952060,0.025273604
952061,0.057226673
952062,0.057226673
952063,0.47524697
952064,0.057226673
952086,0.017926207
952096,0.019728875
952097,0.42730233
952098,0.42730233
952099,0.42730233
952167,0.017089915
952168,0.047569927
952169,0.047569927
952170,0.047569927
952171,0.047569927
952172,0.47269872
952173,0.047569927
952183,0.032528836
952184,0.051640645
952185,0.051640645
952186,0.051640645
952192,0.032528836
952275,0.021410024
952276,0.054044906
952277,0.054044906
952278,0.054044906
952279,0.027232377
952280,0.054044906
952281,0.054044906
952289,0.026595
952290,0.06515862
952291,0.06515862
952292,0.06515862
952294,0.031808343
952295,0.06515862
952296,0.031808343
952297,0.06515862
952301,0.039806385
952302,0.09125363
952303,0.09125363
952315,0.0333273
952316,0.09125363
952317,0.09125363
952339,0.02948472
952340,0.082308084
952347,0.033283044
952348,0.082308084
952349,0.082308084
952477,0.010209661
952478,0.024160808
952479,0.024160808
952480,0.024160808
952481,0.024160808
952566,0.04324989
952570,0.033880703
952571,0.052020878
952572,0.052020878
952575,0.033880703
952607,0.0234601
952608,0.06409247
952609,0.06409247
952610,0.06409247
952611,0.038620714
952612,0.06409247
952613,0.06409247
952614,0.06409247
952615,0.06409247
952616,0.06409247
952617,0.06409247
952618,0.041199833
952619,0.06809445
952620,0.06809445
952621,0.06809445
952622,0.06809445
952981,0.030002574
952982,0.0672746
952987,0.0342879
952988,0.0672746
953001,0.025080571
953002,0.04380893
953003,0.04380893
953004,0.04380893
953005,0.04380893
953006,0.04380893
953012,0.028195582
953013,0.04380893
953014,0.04380893
953107,0.031004159
953108,0.063304804
953109,0.063304804
953110,0.063304804
953111,0.040699776
953112,0.063304804
953113,0.063304804
953114,0.063304804
953115,0.063304804
953116,0.063304804
953200,0.03189471
953201,0.05368246
953204,0.035387795
953205,0.059292994
953206,0.059292994
953237,0.031846806
953355,0.0152621325
953356,0.030741645
953357,0.030741645
953358,0.030741645
953367,0.10186332
953368,0.14615816
953369,0.14615816
953370,0.14615816
953379,0.10186332
953380,0.14615816
953381,0.14615816
953382,0.14615816
953383,0.14615816
953391,0.10186332
953392,0.14615816
953393,0.14615816
953394,0.14615816
953438,0.044859447
953439,0.10942909
953442,0.053955007
953443,0.10942909
953444,0.10942909
953445,0.10942909
953451,0.053955007
953452,0.10942909
953453,0.10942909
953454,0.10942909
953455,0.10942909
953456,0.10942909
953467,0.060171433
953496,0.5586968
953497,0.77913815
953498,0.77913815
953505,0.645128
953506,0.77913815
953507,0.77913815
953508,0.77913815
953509,0.77913815
953518,0.8146761
953519,0.9066145
953520,0.9066145
953521,0.77913815
953522,0.77913815
953523,0.77913815
953530,0.70228124
953531,0.8681401
953532,0.8681401
953533,0.8681401
953534,0.8681401
953535,0.8681401
953536,0.8681401
953558,0.70228124
953577,0.6219018
953578,0.8509391
953579,0.8509391
953580,0.8509391
953581,0.8509391
953582,0.8509391
953583,0.8509391
953585,0.71037847
953586,0.8509391
953587,0.8509391
953588,0.8509391
953589,0.8509391
953590,0.8509391
953591,0.8509391
953592,0.8509391
953593,0.8509391
953594,0.8509391
953595,0.8509391
953596,0.8509391
953597,0.8509391
953598,0.8509391
953599,0.8509391
953607,0.64920443
953679,0.02081057
953680,0.046130713
953681,0.046130713
953704,0.024444686
953705,0.046130713
953706,0.046130713
953707,0.046130713
953708,0.046130713
953709,0.046130713
953742,0.028116114
953743,0.05575773
953744,0.05575773
953745,0.05575773
953746,0.05575773
953835,0.025316453
954011,0.019433096
954012,0.03847882
954014,0.019741543
954015,0.03625656
954016,0.03625656
954019,0.019741543
954020,0.03625656
954021,0.03625656
954027,0.016830549
954029,0.057724923
954030,0.1717166
954031,0.1717166
954033,0.070294864
954043,0.030559624
954050,0.030559624
954051,0.05880801
954052,0.05880801
954065,0.033939198
954066,0.06495112
954067,0.06495112
954068,0.06495112
954069,0.033939198
954070,0.06495112
954071,0.06495112
954075,0.033939198
954146,0.09654057
954147,0.18483931
954163,0.118048504
954164,0.18483931
954165,0.18483931
954166,0.18483931
954175,0.11284292
954176,0.06693406
954177,0.06693406
954178,0.06693406
954179,0.06693406
954180,0.033551905
954181,0.06693406
954182,0.06693406
954183,0.033551905
954184,0.06693406
954185,0.06693406
954186,0.06693406
954223,0.035092793
954287,0.009496642
954288,0.02498057
954289,0.02498057
954304,0.011421778
954305,0.02498057
954306,0.02498057
954307,0.02498057
954308,0.02498057
954309,0.02498057
954322,0.011421778
954323,0.02498057
954324,0.02498057
954325,0.02498057
954326,0.02498057
954363,0.015212019
954364,0.033899017
954375,0.019175634
954376,0.033899017
954377,0.03553444
954385,0.019175634
954386,0.03553444
954464,0.06606598
954549,0.11360196
954550,0.09834283
954551,0.09834283
954552,0.07476204
954553,0.09834283
954554,0.09834283
954555,0.047725536
954599,0.046521846
954600,0.102277294
954602,0.037413932
954603,0.102277294
954604,0.102277294
954606,0.11296714
954607,0.1631563
954608,0.083356135
954609,0.083356135
954610,0.11296714
954611,0.1631563
954612,0.1631563
954613,0.11296714
954614,0.03607886
954638,0.03607886
954673,0.03197298
954674,0.08911004
954675,0.08911004
954676,0.046675168
954677,0.08911004
954678,0.03643081
954679,0.06844411
954701,0.1451463
954702,0.13849854
954703,0.13893166
954704,0.13849854
954705,0.13849854
954706,0.13893166
954707,0.13849854
954708,0.032716468
954709,0.104227774
954710,0.104227774
954711,0.04591401
954712,0.08775871
954713,0.04591401
954714,0.08775871
954715,0.08775871
954768,0.019504137
954769,0.020885138
954770,0.040651936
954771,0.040651936
954772,0.040651936
954773,0.021592515
954774,0.04358889
954775,0.04358889
954776,0.04358889
954777,0.07619708
954778,0.07619708
954779,0.034349278
954780,0.07619708
954781,0.07619708
954782,0.07619708
954783,0.07619708
954784,0.034349278
954785,0.07619708
954786,0.07619708
954787,0.07619708
954788,0.07619708
954789,0.07619708
954790,0.07619708
954791,0.07619708
954792,0.07619708
954801,0.039440747
954802,0.08686982
954803,0.08686982
954833,0.033134554
955149,0.05557506
955150,0.56568235
955151,0.56568235
955152,0.56568235
955153,0.56568235
955154,0.56568235
955155,0.56568235
955167,0.4266951
955168,0.56568235
955169,0.56568235
955170,0.56568235
955171,0.17394568
955172,0.56568235
955173,0.56568235
955174,0.56568235
955187,0.6129988
955188,0.7384834
955189,0.7384834
955190,0.7384834
955191,0.7384834
955192,0.7384834
955193,0.7384834
955194,0.7384834
955201,0.6129988
955202,0.7384834
955203,0.7384834
955204,0.7384834
955205,0.7384834
955206,0.7384834
955207,0.7384834
955216,0.6129988
955223,0.09574326
955224,0.15548527
955225,0.15548527
955226,0.15548527
955227,0.15548527
955228,0.15548527
955229,0.15548527
955230,0.15548527
955231,0.15548527
955232,0.15548527
955233,0.79379046
955234,0.15548527
955245,0.07940082
955246,0.15548527
955247,0.15548527
955248,0.15548527
955249,0.15548527
955250,0.15548527
955251,0.15548527
955252,0.15548527
955253,0.15548527
955254,0.15548527
955258,0.07940082
955259,0.027232377
955265,0.027232377
955266,0.054044906
955336,0.03561098
955337,0.082308084
955338,0.082308084
955339,0.082308084
955340,0.082308084
955341,0.082308084
955342,0.082308084
955359,0.033283044
955360,0.082308084
955361,0.082308084
955362,0.082308084
955363,0.082308084
955379,0.033283044
955380,0.082308084
955381,0.082308084
955382,0.082308084
955383,0.082308084
955384,0.082308084
955385,0.082308084
955477,0.15683976
955478,0.26935998
955479,0.26935998
955480,0.26935998
955481,0.26935998
955482,0.26935998
955500,0.18255547
955501,0.26935998
955502,0.26935998
955503,0.26935998
955504,0.26935998
955506,0.3081669
955507,0.38550085
955508,0.38550085
955509,0.38550085
955510,0.38550085
955511,0.38550085
955518,0.3081669
955519,0.38550085
955548,0.24389061
955549,0.50250953
955550,0.50250953
955619,0.51433825
955629,0.723746
955630,0.23210777
955631,0.23210777
955652,0.17192352
955653,0.26675698
955654,0.26675698
955655,0.26675698
955659,0.17192352
955660,0.26675698
955661,0.26675698
955664,0.037231132
955665,0.26675698
955667,0.03904316
955668,0.07006604
955669,0.07006604
955670,0.07006604
955677,0.03904316
955678,0.07006604
955679,0.07006604
955680,0.07006604
955718,0.038931824
955719,0.07233845
955720,0.07233845
955721,0.07233845
955722,0.07233845
955756,0.03972348
955757,0.07233845
955758,0.07233845
955759,0.07233845
955760,0.07233845
955761,0.07233845
955772,0.043034397
955773,0.09925803
955774,0.09925803
955775,0.09925803
955776,0.09925803
955777,0.09925803
955789,0.043034397
955790,0.09925803
955791,0.09925803
955792,0.09925803
955793,0.09925803
955794,0.09925803
955803,0.043034397
955804,0.09925803
955805,0.09925803
955806,0.09925803
955807,0.09925803
955815,0.040958896
955816,0.0959038
955817,0.0959038
955818,0.0959038
955824,0.040958896
955990,0.03369476
955991,0.06643329
955998,0.038420513
955999,0.06643329
956000,0.06643329
956001,0.06643329
956002,0.113772914
956008,0.038420513
956009,0.06643329
956010,0.06643329
956011,0.06643329
956012,0.06643329
956026,0.0342879
956027,0.0672746
956085,0.026863346
956098,0.027694765
956099,0.06731448
956100,0.06731448
956101,0.06731448
956102,0.06731448
956109,0.027694765
956110,0.06731448
956111,0.06731448
956155,0.11313767
956156,0.22137885
956157,0.22137885
956158,0.22137885
956159,0.22137885
956160,0.22137885
956165,0.13889651
956166,0.22137885
956239,0.037362535
956240,0.05368246
956242,0.035387795
956243,0.059292994
956244,0.059292994
956245,0.059292994
956256,0.035387795
956257,0.059292994
956258,0.059292994
956259,0.059292994
956279,0.031263396
956369,0.03753223
956481,0.07562898
956489,0.10186332
956490,0.14615816
956491,0.14615816
956492,0.14615816
956498,0.13779858
956499,0.2157701
956500,0.2157701
956501,0.2157701
956502,0.13779858
956503,0.2157701
956504,0.2157701
956505,0.2157701
956506,0.2157701
956507,0.13779858
956508,0.2157701
956509,0.2157701
956510,0.2157701
956514,0.053955007
956515,0.10942909
956516,0.10942909
956517,0.036468044
956518,0.036468044
956519,0.10942909
956527,0.053955007
956528,0.10942909
956532,0.053955007
956552,0.073845
956553,0.16899692
956554,0.086036086
956555,0.16899692
956556,0.086036086
956557,0.029855298
956558,0.13980728
956559,0.07495599
956560,0.15137713
956561,0.15137713
956562,0.15137713
956563,0.15137713
956564,0.07495599
956565,0.15137713
956566,0.15137713
956567,0.15137713
956568,0.15137713
956569,0.15137713
956570,0.15137713
956571,0.07495599
956572,0.15137713
956573,0.15137713
956574,0.15137713
956575,0.07032907
956576,0.14354545
956577,0.14354545
956578,0.14354545
956677,0.027517509
956678,0.046130713
956679,0.046130713
956680,0.046130713
956681,0.046130713
956682,0.046130713
956683,0.028116114
956684,0.05575773
956685,0.05575773
956686,0.05575773
956687,0.05575773
956688,0.05575773
956689,0.05575773
956690,0.028116114
956691,0.05575773
956692,0.05575773
956693,0.05575773
956694,0.05575773
956695,0.05575773
956696,0.028116114
956697,0.05575773
956698,0.05575773
956699,0.05575773
956700,0.026765946
956701,0.026765946
956702,0.054029576
956703,0.054029576
956704,0.054029576
956705,0.054029576
956708,0.026765946
956718,0.025325503
956719,0.0571722
956720,0.0571722
956721,0.025598085
956722,0.0571722
956723,0.0571722
956724,0.0571722
956727,0.10486586
956728,0.23494677
956729,0.23494677
956730,0.23494677
956731,0.23494677
956732,0.23494677
956762,0.11561311
956763,0.1576435
956764,0.1576435
956765,0.1576435
956766,0.1576435
956771,0.11561311
956944,0.077744335
956945,0.11152548
956946,0.11152548
956947,0.11152548
956948,0.11152548
956950,0.08134746
956951,0.11152548
956952,0.11152548
956953,0.11152548
956954,0.11152548
956955,0.11152548
956956,0.11152548
956957,0.11152548
956958,0.11152548
956987,0.059522364
957029,0.19061893
957030,0.18774043
957031,0.18774043
957032,0.18774043
957033,0.11163541
957037,0.18332666
957038,0.1344714
957039,0.19882408
957040,0.19882408
957041,0.19882408
957042,0.1344714
957049,0.033551905
957050,0.06693406
957051,0.06693406
957052,0.06693406
957053,0.06693406
957063,0.03224356
957064,0.06485084
957065,0.06485084
957066,0.06485084
957073,0.03224356
957074,0.06485084
957085,0.03224356
957246,0.024277486
957247,0.03553444
957248,0.03553444
957270,0.019175634
957271,0.03553444
957272,0.03553444
957295,0.019175634
957296,0.033899017
957324,0.025502147
957325,0.11516485
957326,0.049823664
957423,0.022478914
957431,0.033375584
957432,0.07864824
957433,0.07864824
957434,0.07864824
957435,0.07864824
957449,0.070158005
957450,0.13700336
957451,0.13700336
957477,0.0541332
957719,0.023480974
957720,0.062455624
957721,0.062455624
957722,0.028614651
957723,0.07559907
957724,0.07559907
957725,0.07559907
957726,0.07559907
957727,0.07559907
957728,0.028614651
957892,0.016627457
957893,0.053341147
957908,0.022541858
957909,0.053341147
957910,0.053341147
957911,0.053341147
957930,0.046675168
957961,0.028566519
957962,0.029074425
957963,0.047622982
957964,0.047622982
957965,0.047622982
957966,0.047622982
957967,0.047622982
957968,0.047622982
957969,0.047622982
957970,0.029074425
957971,0.036912713
957972,0.036912713
957973,0.036912713
957974,0.036912713
957975,0.036912713
957976,0.024064962
957977,0.036912713
957978,0.036912713
957979,0.036912713
957980,0.036912713
957981,0.011239987
957982,0.03590195
957983,0.048670985
957984,0.011239987
957985,0.03590195
957986,0.03590195
957987,0.03590195
957988,0.03590195
957989,0.03590195
957990,0.03590195
958013,0.011239987
958014,0.03590195
958015,0.03590195
958077,0.019299803
958112,0.03545439
958125,0.031219788
958186,0.08791363
958201,0.07812841
958202,0.10207282
958203,0.10207282
958204,0.10207282
958205,0.10207282
958206,0.10207282
958207,0.10207282
958220,0.09148724
958221,0.12051063
958247,0.08342732
958464,0.053491056
958465,0.09105609
958467,0.062196247
958468,0.09105609
958469,0.09105609
958470,0.09105609
958471,0.09105609
958472,0.09105609
958473,0.09105609
958474,0.09105609
958477,0.060795452
958478,0.14148045
958479,0.14148045
958480,0.14148045
958481,0.14148045
958482,0.14148045
958483,0.14148045
958489,0.060795452
958496,0.021718685
958497,0.061809562
958498,0.061809562
958499,0.061809562
958500,0.061809562
958501,0.061809562
958502,0.061809562
958503,0.061809562
958509,0.041932944
958510,0.083719246
958511,0.083719246
958573,0.022813296
958595,0.061466936
958596,0.13048011
958607,0.07254965
958608,0.1444907
958609,0.1444907
958610,0.1444907
958611,0.1444907
958612,0.1444907
958613,0.1444907
958614,0.1444907
958615,0.1444907
958626,0.07254965
958627,0.1444907
958628,0.1444907
958634,0.024670845
958635,0.1444907
958636,0.05033564
958637,0.05033564
958638,0.05033564
958640,0.024761528
958641,0.04980029
958642,0.04980029
958643,0.04980029
958644,0.04980029
958654,0.024761528
958655,0.04980029
958656,0.04980029
958657,0.04980029
958658,0.04980029
958659,0.04980029
958660,0.04980029
958680,0.024761528
958681,0.04980029
958724,0.027875206
958725,0.060096625
958726,0.060096625
958727,0.060096625
958728,0.060096625
958729,0.060096625
958734,0.03684907
958735,0.08569934
958736,0.08569934
958737,0.08569934
958738,0.08569934
958739,0.08569934
958740,0.08569934
958741,0.08569934
958748,0.03684907
958749,0.08569934
958750,0.08569934
958751,0.08569934
958752,0.08569934
958775,0.03103215
959009,0.018186057
959017,0.021914434
959018,0.05559739
959019,0.05559739
959020,0.05559739
959021,0.05559739
959022,0.05559739
959023,0.05559739
959028,0.021914434
959029,0.05559739
959030,0.05559739
959031,0.021914434
959032,0.05559739
959033,0.05559739
959034,0.027396487
959035,0.049249925
959041,0.08696375
959046,0.08696375
959059,0.105720185
959060,0.091121286
959061,0.20043716
959062,0.091121286
959068,0.03161697
959085,0.033165175
959086,0.060451414
959087,0.060451414
959101,0.033165175
959102,0.060451414
959103,0.060451414
959104,0.060451414
959105,0.060451414
959111,0.033165175
959112,0.060451414
959113,0.060451414
959114,0.060451414
959225,0.040042613
959293,0.18061319
959294,0.39370435
959295,0.39370435
959310,0.2544262
959311,0.39370435
959312,0.39370435
959313,0.5544766
959314,0.39370435
959315,0.39370435
959316,0.39370435
959317,0.39370435
959318,0.39370435
959319,0.39370435
959320,0.39370435
959460,0.4998547
959461,0.722196
959462,0.722196
959463,0.722196
959464,0.722196
959465,0.722196
959466,0.722196
959467,0.722196
959468,0.722196
959469,0.722196
959493,0.58865684
959494,0.722196
959495,0.722196
959496,0.722196
959497,0.722196
959498,0.722196
959499,0.722196
959500,0.722196
959501,0.722196
959502,0.722196
959503,0.722196
959504,0.722196
959505,0.722196
959506,0.722196
959507,0.722196
959508,0.722196
959520,0.58865684
959528,0.6142064
959536,0.12521067
959537,0.86407804
959538,0.18362977
959539,0.18362977
959540,0.86407804
959541,0.86407804
959542,0.86407804
959543,0.86407804
959544,0.86407804
959545,0.11022137
959593,0.7200632
959602,0.75546426
959603,0.86371505
959604,0.86371505
959605,0.86371505
959606,0.86371505
959607,0.86371505
959608,0.86371505
959631,0.73366445
959788,0.021676855
959790,0.014815687
959791,0.041851263
959807,0.070158064
959808,0.10079262
959809,0.10079262
959810,0.10079262
959811,0.10079262
959836,0.08473163
959837,0.12535281
959838,0.12535281
959839,0.12535281
959840,0.12535281
959841,0.12535281
959842,0.12535281
959843,0.12535281
959924,0.08473163
960033,0.018413011
960034,0.029594224
960035,0.029594224
960122,0.007988954
960123,0.01813981
960124,0.01813981
960125,0.01813981
960126,0.01813981
960134,0.023300325
960135,0.035346836
960136,0.035346836
960137,0.035346836
960138,0.035346836
960139,0.035346836
960140,0.035346836
960141,0.035346836
960142,0.035346836
960144,0.023300325
960145,0.035346836
960168,0.018553857
960169,0.033609856
960170,0.033609856
960171,0.019465147
960177,0.01539049
960183,0.01539049
960217,0.015898362
960223,0.019767167
960224,0.03816784
960225,0.03816784
960226,0.03816784
960233,0.019767167
960234,0.03816784
960235,0.03816784
960236,0.03816784
960240,0.024452226
960241,0.0468941
960242,0.0468941
960249,0.024452226
960250,0.0468941
960251,0.0468941
960342,0.09469628
960349,0.02493591
960397,0.027134437
960566,0.2952758
960567,0.5018902
960568,0.5018902
960569,0.5018902
960576,0.3691102
960577,0.5018902
960578,0.5018902
960579,0.5018902
960599,0.3691102
960600,0.5018902
960601,0.5018902
960602,0.5018902
960603,0.5018902
960604,0.5018902
960613,0.27188691
960614,0.3697436
960615,0.3697436
960616,0.3697436
960624,0.27188691
960625,0.3697436
960626,0.3697436
960627,0.3697436
960635,0.27188691
960636,0.3697436
960637,0.3697436
960638,0.3697436
960639,0.3697436
960649,0.17805979
960650,0.35663444
960651,0.35663444
960652,0.35663444
960653,0.35663444
960658,0.17805979
960659,0.35663444
960660,0.35663444
960661,0.35663444
960668,0.17805979
960669,0.35663444
960670,0.35663444
960683,0.27869847
960684,0.50101846
960685,0.50101846
960686,0.50101846
960687,0.50101846
960701,0.27869847
960702,0.50101846
960703,0.50101846
960704,0.50101846
960705,0.50101846
960706,0.50101846
960716,0.020033797
960717,0.047891624
960718,0.047891624
960719,0.047891624
960720,0.047891624
960730,0.024727438
960731,0.65187144
960732,0.65187144
960733,0.65187144
960734,0.65187144
960735,0.65187144
960736,0.65187144
960737,0.65187144
960738,0.65187144
960739,0.65187144
960740,0.65187144
960741,0.65187144
960742,0.05858407
960743,0.05858407
960744,0.65187144
960756,0.024727438
960757,0.05858407
960758,0.05858407
960776,0.024727438
960777,0.05858407
960778,0.05858407
960779,0.05858407
960790,0.03269708
960791,0.07300412
960792,0.07300412
960798,0.03269708
960799,0.07300412
960800,0.07300412
960801,0.07300412
960802,0.07300412
960807,0.03269708
960808,0.07300412
960809,0.07300412
960816,0.03524257
960817,0.07843309
960818,0.07843309
960819,0.07843309
960820,0.07843309
960826,0.4868068
960827,0.73339295
960828,0.73339295
960829,0.73339295
960830,0.73339295
960831,0.07843309
960832,0.07843309
960833,0.73339295
960834,0.07843309
960840,0.4868068
960841,0.73339295
960842,0.73339295
960843,0.73339295
960844,0.73339295
960845,0.73339295
960846,0.73339295
960852,0.028565897
960853,0.06450272
960854,0.06450272
960855,0.70028734
960856,0.70028734
960857,0.70028734
960858,0.70028734
960862,0.015178766
960863,0.043522917
960864,0.043522917
960865,0.043522917
961037,0.025456132
961038,0.054312002
961040,0.021376302
961041,0.054312002
961042,0.054312002
961043,0.054312002
961044,0.021376302
961045,0.054312002
961078,0.03253925
961079,0.07723878
961083,0.029765677
961084,0.07723878
961085,0.07723878
961086,0.07723878
961087,0.07723878
961109,0.018929956
961110,0.12412579
961111,0.14780927
961112,0.14780927
961113,0.14780927
961114,0.14780927
961145,0.108510315
961146,0.14780927
961147,0.14780927
961148,0.14780927
961231,0.08621947
961430,0.12683506
961431,0.12917481
961432,0.12917481
961433,0.117221594
961434,0.12917481
961435,0.12917481
961436,0.12917481
961438,0.117221594
961439,0.12917481
961440,0.12917481
961441,0.12917481
961442,0.12917481
961443,0.12917481
961444,0.12917481
961445,0.12917481
961446,0.014034711
961447,0.025964413
961448,0.025964413
961449,0.025964413
961450,0.014034711
961451,0.025964413
961452,0.025964413
961453,0.025964413
961454,0.025964413
961455,0.037433032
961641,0.020647112
961642,0.04269254
961660,0.015199473
961661,0.03342809
961662,0.03342809
961663,0.03342809
961670,0.015199473
961671,0.03342809
961672,0.03342809
961685,0.011953482
961686,0.028790373
961687,0.028790373
961693,0.014793043
961694,0.028790373
961695,0.028790373
961709,0.014793043
961710,0.028790373
961855,0.016080452
961856,0.061809562
961857,0.061809562
961858,0.061809562
961859,0.061809562
961860,0.021718685
961861,0.061809562
961862,0.061809562
961863,0.061809562
961864,0.061809562
961865,0.021718685
961866,0.061809562
961867,0.061809562
961868,0.061809562
961878,0.041932944
961879,0.083719246
961880,0.083719246
961890,0.041932944
961902,0.035500295
961985,0.02693734
961986,0.04980029
961987,0.04980029
962007,0.024761528
962059,0.034870423
962107,0.0383167
962108,0.07767276
962261,0.029647805
962267,0.029680837
962268,0.06822146
962269,0.06822146
962277,0.064472765
962278,0.11953904
962279,0.11953904
962280,0.11953904
962281,0.11953904
962282,0.11953904
962284,0.064472765
962285,0.11953904
962286,0.11953904
962287,0.11953904
962288,0.11953904
962289,0.11953904
962292,0.064472765
962293,0.11953904
962294,0.11953904
962295,0.11953904
962296,0.11953904
962297,0.11953904
962298,0.11953904
962299,0.11953904
962300,0.11953904
962301,0.11953904
962302,0.097867966
962303,0.24336557
962304,0.24336557
962305,0.24336557
962306,0.24336557
962307,0.24336557
962316,0.021914434
962317,0.05559739
962318,0.05559739
962319,0.05559739
962367,0.024487063
962368,0.060898997
962369,0.035697654
962370,0.16332301
962402,0.040855013
962422,0.033165175
962423,0.060451414
962424,0.060451414
962425,0.060451414
962426,0.060451414
962442,0.033165175
962443,0.060451414
962444,0.060451414
962445,0.060451414
962452,0.033746652
962453,0.06243289
962454,0.06243289
962460,0.033746652
962461,0.06243289
962462,0.06243289
962526,0.045097873
962527,0.08484969
962528,0.08484969
962531,0.03559305
962532,0.08484969
962533,0.08484969
962534,0.08484969
962541,0.02617799
962552,0.02617799
962553,0.07398006
962554,0.31638423
962555,0.31638423
962556,0.07398006
962557,0.07398006
962558,0.07398006
962559,0.07398006
962571,0.10762526
962572,0.27740887
962573,0.27740887
962574,0.27740887
962575,0.27740887
962576,0.27740887
962577,0.27740887
962578,0.27740887
962579,0.27740887
962589,0.14058284
962590,0.27740887
962591,0.27740887
962592,0.27740887
962593,0.07435442
962594,0.07435442
962595,0.07435442
962612,0.14058284
962613,0.07435442
962614,0.07435442
962615,0.07435442
962616,0.07435442
962617,0.07435442
962642,0.022911698
962643,0.051479947
962644,0.051479947
962645,0.051479947
962646,0.051479947
962647,0.051479947
962664,0.022911698
962665,0.051479947
962666,0.051479947
962667,0.051479947
962668,0.051479947
962693,0.022911698
962694,0.051479947
962695,0.051479947
962696,0.051479947
962697,0.051479947
962698,0.051479947
962721,0.02535214
962722,0.050887637
962752,0.013942227
962753,0.031970534
962765,0.016736055
962766,0.031970534
962767,0.031970534
962768,0.031970534
962769,0.031970534
962770,0.031970534
962786,0.016736055
962787,0.031970534
962788,0.031970534
962789,0.031970534
962790,0.031970534
962809,0.03846957
962810,0.066245064
962811,0.066245064
962812,0.066245064
962813,0.066245064
962814,0.066245064
962815,0.066245064
962843,0.03846957
962844,0.066245064
962845,0.066245064
962846,0.066245064
962847,0.066245064
962848,0.066245064
962862,0.03846957
962863,0.066245064
962864,0.066245064
962865,0.066245064
962872,0.03433187
962873,0.06708417
962910,0.027902385
962911,0.06708417
962912,0.06708417
962913,0.06708417
962914,0.06708417
